{"initial_step": 2, "final_step": 25, "quantum_tts": [1017.9822840402034, 782.8141150118423, 569.748062815281, 640.968180839663, 423.8363890255663, 330.10898509154777, 263.3569501074933, 156.7039655600434, 190.91212352653062, 409.8133207445651, 502.86128893808575, 379.15518001293117, 396.9594015447463, 658.2845325683677, 2221.3612585022483, 2308.5965297572875, 2364.7419519941654, 3227.189770095332, 9679.914721535819, 11208.307299224829, 37576.81534835122, 3248.7548071274737, 1825.6631377919257], "classical_tts": [470.01880213284363, 375.04265840470475, 290.10135410012754, 223.30702020261458, 170.69052461428828, 142.7785414473987, 119.14355993452378, 100.10070753366968, 92.5543568702048, 81.4548289247449, 78.72603387595775, 71.58230338393321, 70.73895964492165, 70.69288307108256, 65.59132260841655, 67.40684426995023, 69.22216884474508, 66.12138601419554, 70.52701797027521, 73.45742235023512, 71.11433190730239, 76.90248696899198, 73.86675076817595, 77.7099080863099, 83.20771134844712, 83.6303038384942, 82.16031811444763, 84.6799112274587, 91.94328819378507, 95.07510893809815, 95.75546772738151, 98.81711081719735, 104.05552211149734, 101.84419846088305, 105.19324675070584, 107.21472864994243, 115.15632944405053, 118.77048668015371, 116.0693942976276, 120.05448059763543, 124.36540911122523, 126.52779150509083, 134.9453159121393, 134.5617288233151, 136.11447356532975, 137.91196254925137, 138.0287417779926, 144.48543814293083], "initialization_stats": {"phis_precision": [0.5177184031747273], "psis_precision": [26.496205382366433], "phi_angles_psi4": [1.5708577495949352], "psi_angles_psi4": [-1.534278440995215], "phis_initial_rotation": [-1.5544703006744385], "psis_initial_rotation": [2.4397170543670654]}, "final_stats": {"q": {"step": 9, "value": 156.7039655600434}, "c": {"step": 16, "value": 65.59132260841655}}}