{"initial_step": 2, "final_step": 25, "quantum_tts": [101.21271298317156, 183.6488246366821, 234.43787684638036, 230.29587930910995, 419.6019486631385, 772.0822451972675, 662.461515241518, 539.9713426156139, 342.73951483767434, 252.2263499277583, 329.21884818585715, 501.11600677206445, 587.3332327434798, 772.2624446850832, 869.6003203865924, 892.7945220625186, 1259.7557736292795, 2225.6158998481283, 3080.2695502364295, 5392.837137131298, 9517.80565323498, 7730.629377501759, 9831.327066449889], "classical_tts": [71.06171303463118, 71.47291385303512, 66.13674885293139, 65.25163033914299, 56.47684031876332, 53.29047293057081, 50.106908775363046, 47.00930736388472, 46.21833155196424, 42.27031000506678, 40.60532471625811, 39.409445233930576, 37.04531253288933, 36.5684216629172, 35.84065943398626, 34.330295421607396, 33.0412033938531, 32.349814063220585, 31.311425191209203, 31.45777391151339, 30.297563120068723, 30.19798533422954, 29.078262431529396, 28.68019953136048, 29.66151457576904, 28.45557440868363, 27.32858606438721, 27.683092286304646, 27.197054491227796, 27.945561267378253, 26.51786611904934, 26.44333423226002, 26.864722726661874, 27.25863796176463, 26.000738691822676, 26.672123287490525, 25.70679565616343, 25.609392816614438, 25.202888902101517, 25.730174991870427, 24.481669629145507, 25.54988857973789, 25.262355522294833, 25.791993380943385, 26.18155729868095, 24.91971810994363, 25.506128090584383, 24.826832070059297], "initialization_stats": {"phis_precision": [99.4747686069209, 68.63598514956007], "psis_precision": [74.03576484478505, 94.71659448884351], "phi_angles_psi4": [-1.5178665728531433, -2.51274581566028], "psi_angles_psi4": [1.524092687483897, 2.576093076193505], "phis_initial_rotation": [-1.5343672037124634, -1.5274162292480469], "psis_initial_rotation": [2.339783191680908, 2.4101099967956543]}, "final_stats": {"q": {"step": 2, "value": 101.21271298317156}, "c": {"step": 42, "value": 24.481669629145507}}}