{"initial_step": 2, "final_step": 25, "quantum_tts": [720.5774253494528, 679.6734583927133, 442.81712750414476, 431.26972499708074, 413.45310743587993, 440.08396689211736, 525.5768938316721, 705.8250945795508, 1143.4973241006012, 1935.5849283864168, 3058.835149236781, 4025.614062035427, 3194.31629599796, 2017.4143773840408, 1759.5315209428481, 1779.6029146824885, 2351.275781837112, 3430.0318310786197, 4195.745161614681, 4533.114461667687, 4565.254485636109, 5252.390799827972, 7016.324581395223], "classical_tts": [436.28100084712645, 325.4746327155774, 288.9270284018619, 248.62840467518114, 199.59963685482393, 171.90548691637414, 135.34056356122863, 122.61522566392748, 112.47454510318727, 96.72809872281462, 87.03938532356395, 80.86704167326883, 75.67416537934027, 69.2416956163105, 65.05691857898125, 62.4646643071589, 60.162809534834125, 56.7950366616212, 55.28520944927271, 51.49289644676922, 51.10576742957652, 48.27712591933184, 46.362255889658755, 47.00685205767322, 44.903968844819644, 44.76520003714534, 43.27035753389718, 40.895123232593846, 40.49542793915131, 40.38355058016697, 40.104243009344934, 39.13903149621042, 38.263750872329, 37.635941016563365, 38.22999811339802, 38.21971195322876, 36.37920494281516, 36.014787311295436, 35.6260896759528, 34.80488778306752, 35.43049575886764, 34.48298578862893, 35.28491569069007, 34.09371890346159, 33.72399679939739, 34.17038449477735, 33.17840965568394, 33.00132883741165], "initialization_stats": {"phis_precision": [4.276432978568801, 99.17140400395316], "psis_precision": [64.62684398339232, 60.515946262458286], "phi_angles_psi4": [1.5133512835752028, -1.5018371599342764], "psi_angles_psi4": [-2.6203515870598526, -2.5702790243001186], "phis_initial_rotation": [-1.4938932657241821, -1.5278682708740234], "psis_initial_rotation": [2.551553249359131, 2.472478151321411]}, "final_stats": {"q": {"step": 6, "value": 413.45310743587993}, "c": {"step": 49, "value": 33.00132883741165}}}