{"initial_step": 2, "final_step": 25, "quantum_tts": [779.5100868782438, 814.5245174536783, 851.7124868334627, 808.5486031650576, 786.1257402680092, 743.8217025189574, 679.1957193502091, 663.266543421523, 566.0603054006608, 597.6073351307249, 618.2324614935231, 600.5667963582376, 527.9224668617301, 442.8118242718527, 406.6746195006653, 418.53377439232696, 488.2905398891218, 556.755207004007, 584.4469134500164, 692.8677538657877, 953.5124261052633, 1268.134974879545, 1700.289924391897], "classical_tts": [476.1529433942283, 477.07728509062906, 371.30805145755846, 336.6025582726615, 272.84175957367665, 261.0537785712079, 214.95865703943954, 210.22198693573029, 186.53532180634926, 180.57132160192032, 167.43834832445714, 150.9522487592326, 144.5651359848829, 130.6041254966836, 121.60272666228128, 120.55720149374353, 112.96236314248782, 107.88196828390987, 103.68712863601978, 103.67332869148866, 99.77609539802084, 102.00323973072611, 100.45275663403905, 100.20377232775822, 101.52345728472717, 100.47876535061667, 102.27102044811328, 101.36682826010116, 103.90684635493997, 106.86179180909686, 105.88104670622053, 106.74785827581046, 108.38416417504678, 109.7230220211771, 113.42022487909756, 113.39672210566867, 118.03548142526232, 118.85416856805637, 125.08684349212281, 127.35407206409882, 128.26762843293997, 126.52779150508901, 134.5651785062259, 134.1379446871999, 139.2527784988858, 140.09963111774212, 143.23095853567588, 146.62555995755196], "initialization_stats": {"phis_precision": [28.14390400773653], "psis_precision": [82.71654701448476], "phi_angles_psi4": [2.5582163491776195], "psi_angles_psi4": [-3.13370422391806], "phis_initial_rotation": [-1.467543125152588], "psis_initial_rotation": [2.6065053939819336]}, "final_stats": {"q": {"step": 16, "value": 406.6746195006653}, "c": {"step": 22, "value": 99.77609539802084}}}