{"initial_step": 2, "final_step": 25, "quantum_tts": [37.570845047525225, 46.485907199551406, 53.12875033490985, 51.18713207797641, 52.441779916093864, 61.313286809990714, 83.33518423993607, 132.00160773167713, 194.64658454877144, 276.8614485114659, 552.8695991300713, 1013.8102255434725, 1331.3103295101694, 1356.3713185876231, 1112.9113218359844, 1698.404009445975, 1728.5068936382543, 1961.3257182651716, 1990.0449906995805, 1773.7527403534534, 2250.931842002007, 2445.2135095819967, 5392.055783597173], "classical_tts": [39.47031309137956, 40.76461521758896, 45.192903715700375, 42.10241296820328, 42.34643591898672, 42.45910035506951, 38.795475118878024, 39.46585144444918, 37.70736641872289, 35.544448010351985, 36.25027219837477, 35.11536920777091, 33.24828023152726, 32.81022367501683, 31.85938722810823, 31.23829812283551, 30.65814652859667, 30.610873051651446, 29.58689719060707, 29.927623775514412, 28.801814305736, 28.06290204257974, 28.720256110637045, 27.975499557220957, 27.48525394330625, 26.97068029100421, 27.420467980035625, 26.633790374772985, 25.993670308076197, 26.27933047295125, 25.562944507910753, 25.40681832676622, 25.245259811020777, 25.061132074359175, 24.673670301787254, 25.655388671931192, 24.471260287227814, 24.766458903987445, 24.521097142041754, 24.285558280961556, 24.40092250777302, 24.25601419488084, 23.172913062605474, 23.427509705068445, 23.123989274088117, 23.56356308704766, 23.934623823135293, 22.656578134708344], "initialization_stats": {"phis_precision": [98.62187378934233, 98.27844464714623], "psis_precision": [95.22597982169867, 97.45180264603367], "phi_angles_psi4": [-1.5124112700065735, -1.502009793914674], "psi_angles_psi4": [2.581346472417863, 2.5715472059688316], "phis_initial_rotation": [-1.5557063817977905, -1.5560940504074097], "psis_initial_rotation": [2.431366205215454, 2.4914932250976562]}, "final_stats": {"q": {"step": 2, "value": 37.570845047525225}, "c": {"step": 49, "value": 22.656578134708344}}}