{"initial_step": 2, "final_step": 25, "quantum_tts": [118.35846368289523, 130.32800689420404, 132.8831572761279, 149.02840496637316, 168.22588340021764, 217.48519384516618, 338.62448862000645, 334.50865219842797, 260.56625419952354, 293.48024451294265, 365.0384721835216, 270.9100643160989, 178.4566055418231, 133.81893927508298, 120.14770509553365, 154.79026490711294, 280.19528130589663, 373.2981384152209, 316.22822914904094, 508.5040946457477, 1071.747124327252, 2451.8136776491046, 3568.20259689486], "classical_tts": [83.75426236369229, 78.97643933492745, 76.81025422801773, 64.48779209656988, 57.75487694281105, 58.591025549421786, 51.74916700289583, 50.74949848039222, 47.64381290970285, 47.35506817913286, 47.80169205260784, 47.89213382310105, 46.70885057499365, 47.901837918757465, 48.181115509036495, 50.162655898688215, 50.13621136234315, 50.08652840825469, 53.67194701249673, 55.47277925551311, 56.854683600648045, 54.659324856233205, 63.440951958372096, 62.184301993446766, 63.105482914578005, 64.69102504267933, 66.40620280487576, 70.33900380429314, 69.66600647254134, 75.80659569374114, 73.9075026719973, 78.10499296177008, 79.70963599528567, 83.80172393140904, 84.74333789689649, 86.74283917134028, 89.87796127038621, 91.8677076539724, 97.54898453781718, 95.33970634750482, 96.80603593430322, 98.03911743303529, 103.29396659067434, 107.08768062766472, 109.46740686383505, 110.86298271662696, 111.61721718732272, 116.13187491331095], "initialization_stats": {"phis_precision": [38.87812056663584], "psis_precision": [27.628915482702144], "phi_angles_psi4": [2.5308350215445605], "psi_angles_psi4": [-2.601582346553618], "phis_initial_rotation": [-1.8321498116204467], "psis_initial_rotation": [-0.32797767203492834]}, "final_stats": {"q": {"step": 2, "value": 118.35846368289523}, "c": {"step": 14, "value": 46.70885057499365}}}