{"initial_step": 2, "final_step": 25, "quantum_tts": [124.51885013868487, 141.39127082261226, 134.85016154338228, 159.23698776634706, 203.55402301368733, 447.59976565106365, 935.1259683624775, 903.7985080959545, 1355.00422944163, 635.1488649964689, 700.6491844107217, 1869.110911429219, 2674.2906275233718, 2519.8439412004927, 1653.7580848550626, 1065.4540263117997, 780.5783234447033, 462.2473217511993, 611.8197520468774, 947.1963715663726, 754.2081190155848, 848.5701755585496, 1201.1118938480167], "classical_tts": [61.188123359847765, 80.22693080384249, 52.82570372050293, 58.01396324454507, 52.20949910581583, 52.35106348237052, 51.64556988650301, 42.27457764465743, 40.33045936618241, 48.391713432095706, 45.868775859853315, 52.429597176037134, 50.400043862705985, 51.29435773631477, 49.488659909985564, 52.21159291013474, 53.0021442763348, 61.76978258880958, 53.45117011325201, 58.08956000337994, 62.56398784839871, 64.0629367407659, 72.67917567689724, 81.27602972211787, 87.6280568968368, 84.10517376045372, 76.92014208172226, 83.04530920888445, 99.65784284662077, 77.90118943669425, 95.55425956260379, 86.9923914459077, 101.52640078526653, 98.84584067178866, 89.85110167278197, 98.88466470951623, 115.88823348567954, 96.67753894971293, 99.83455741420218, 120.72710640720705, 120.27251678528093, 122.28415806732475, 132.31210555732173, 130.66907170174363, 140.28575632476995, 134.59067354543342, 140.3555543395518, 167.56156860529492], "initialization_stats": {"phis_precision": [67.61749373073518], "psis_precision": [61.53382143408952], "phi_angles_psi4": [-2.5641235943374006], "psi_angles_psi4": [-2.6001305374449513], "phis_initial_rotation": [-1.5467971563339233], "psis_initial_rotation": [2.4746041297912598]}, "final_stats": {"q": {"step": 2, "value": 124.51885013868487}, "c": {"step": 10, "value": 40.33045936618241}}}