{"initial_step": 2, "final_step": 25, "quantum_tts": [348.12077242642164, 383.9523317338838, 398.2365677743237, 393.5261242611554, 380.31729444825044, 377.31601078790834, 359.64390400192974, 357.9317416230115, 342.66046753889736, 362.4396936139133, 361.5344869007988, 378.55496761500694, 406.54225799860114, 371.20928361989974, 370.4772568323527, 468.56644828350886, 527.4559652490925, 533.901203234051, 645.1789284331367, 798.5871629661015, 1050.453897782841, 1358.3447199602392, 1696.9555195561766], "classical_tts": [186.6180037714431, 167.61231312781112, 165.9140831630671, 161.6359406638749, 149.75780134112344, 139.31964927535685, 130.65452957392807, 117.35374379582817, 115.0549432828382, 107.95728352544239, 101.7789545142737, 99.6920036178387, 93.73717506995008, 88.37451044946903, 89.76615388063051, 87.48039132745075, 84.16329654018745, 81.69729862961353, 80.6609187323734, 79.6350083431783, 78.81985892132747, 78.7086345207924, 80.04340353282785, 80.43701855866459, 80.76111886991633, 80.25757345178802, 80.29318805225212, 81.44829967780196, 85.37374888912068, 84.98560571479652, 84.6750000751756, 87.44096948225747, 88.31833172010981, 89.0400650003585, 94.7383008907656, 91.81351150465493, 99.0471166723628, 98.0715957299583, 98.61751808805346, 103.80681072857854, 104.93353814763522, 106.73855061799641, 110.00534892193126, 109.44424169163592, 116.42643862986101, 114.23066315725704, 117.61793878145329, 121.3425723268278], "initialization_stats": {"phis_precision": [68.5886971133387], "psis_precision": [71.14268258095015], "phi_angles_psi4": [-2.5641579325261574], "psi_angles_psi4": [1.5391379706873562], "phis_initial_rotation": [-1.5773427486419678], "psis_initial_rotation": [2.4457173347473145]}, "final_stats": {"q": {"step": 10, "value": 342.66046753889736}, "c": {"step": 23, "value": 78.7086345207924}}}