{"initial_step": 2, "final_step": 25, "quantum_tts": [547.2280931104071, 496.1323493991899, 436.47396500356217, 478.79218303922175, 302.5702184683901, 290.53027947286597, 367.7315535320539, 310.871275076003, 503.11971058929936, 1141.0858269295074, 1235.3074965761052, 1448.7887405427653, 1646.9343934949381, 2686.3001294862543, 1977.6214384684154, 1955.087587546081, 1756.1899949889853, 713.0666160754711, 653.6711589413198, 830.0403878229419, 1017.7416552575274, 1011.6039918834905, 958.4378013586993], "classical_tts": [407.0415340771731, 314.1314078519258, 213.35791962028924, 171.30099157449777, 136.5135229454714, 122.53995472657749, 103.0080020467921, 90.70445368420569, 75.20227972850263, 68.45942976451819, 62.56875162758482, 57.46782061278311, 53.59478574324723, 52.35429281107259, 50.37319334738982, 49.63994796092407, 48.238415431096996, 47.90902877237232, 47.27204335411155, 45.74712993044579, 45.22566252032201, 44.63035445989513, 46.8931400986669, 46.89266860251223, 44.47414999751372, 47.95373684929881, 47.48623020268444, 50.78313638053092, 50.69622522888734, 49.90758615885103, 51.70589717504941, 52.12361804997054, 53.54497185600222, 56.88390701156342, 53.92761241975562, 55.090643746748746, 59.40371281634913, 58.95303879938186, 62.022062478196375, 60.676240126442565, 63.77497996399407, 66.47564413288544, 66.21100460851554, 65.93803018218341, 69.37739064346533, 72.11961135668479, 74.592525728379, 74.85186936029518], "initialization_stats": {"phis_precision": [27.76951216254272], "psis_precision": [27.18173932686767], "phi_angles_psi4": [2.5307920507564523], "psi_angles_psi4": [-1.5085147862884132], "phis_initial_rotation": [-1.4832055568695068], "psis_initial_rotation": [2.4870173931121826]}, "final_stats": {"q": {"step": 7, "value": 290.53027947286597}, "c": {"step": 26, "value": 44.47414999751372}}}