{"initial_step": 2, "final_step": 25, "quantum_tts": [168.84880291204928, 186.9565509444175, 191.38986809876565, 189.6564154072196, 185.43948289864025, 185.3714931300559, 182.610061449202, 186.82337956330986, 208.5127353040319, 218.69176736946693, 205.3020565589218, 198.4168782914704, 218.70870623659377, 233.89172888203117, 282.5664343577464, 394.19728622591833, 561.2002613720905, 696.7711599302412, 949.6891061942708, 1553.197564727039, 1723.3106307850662, 2080.9596146330987, 2179.3612160888265], "classical_tts": [106.037694274789, 102.17076661125043, 97.8020076070949, 85.1250877771701, 82.03076336657259, 76.32248610607411, 71.4534613074036, 69.5643238950766, 62.57216781310774, 60.7074166462724, 58.267174799746016, 55.85359754512183, 55.10783655043423, 53.68122976237568, 52.54199424057577, 52.97386732724897, 51.10001556726326, 50.79605217282847, 49.34235659616063, 50.831271920331446, 49.381514488375245, 49.073913441096344, 49.84567983943751, 50.850355767746045, 48.73448754558207, 47.39813115791436, 49.799960922064244, 49.42898983939209, 49.29153597136424, 50.07182053568924, 51.25442103896672, 52.43135313752998, 52.288630607093204, 52.94641123686251, 54.172640134221666, 55.67743569350561, 55.21280520118057, 55.10467617114117, 56.31868374794146, 59.434249599718285, 58.763937435395995, 61.47131928529363, 61.12638053961044, 62.09563276866235, 63.19825600810353, 62.80384873227936, 64.27046755808433, 68.09949359727196], "initialization_stats": {"phis_precision": [98.85281965935934], "psis_precision": [71.90116603243943], "phi_angles_psi4": [-1.4946228033161004], "psi_angles_psi4": [1.5243986496296744], "phis_initial_rotation": [-1.5306625366210938], "psis_initial_rotation": [2.40714955329895]}, "final_stats": {"q": {"step": 2, "value": 168.84880291204928}, "c": {"step": 27, "value": 47.39813115791436}}}