{"initial_step": 2, "final_step": 25, "quantum_tts": [148.11702077649016, 166.5033741024676, 180.1855794966716, 205.34872020006188, 202.63942090670167, 201.0479399497674, 230.82206024373522, 192.02584883200163, 235.88395370199885, 468.63940461488113, 480.550619207459, 407.8827744544279, 401.53689980001735, 520.4177683684836, 1118.1174480899701, 1586.403647657815, 808.5355145425638, 474.00438607697856, 542.44224484624, 1001.659895433936, 1407.616026057737, 1156.0163746220974, 1228.5862325683233], "classical_tts": [87.09790521131919, 96.2557936588043, 87.18748389525052, 75.0308302374103, 75.85872471221168, 70.93784954970502, 62.79102759966436, 64.23455782687621, 56.59667500919411, 55.293200447291476, 56.41306547149817, 53.00291458240612, 53.59478574324723, 52.46958739302508, 55.07403392075987, 53.826743067813425, 55.204901964056994, 58.27184096206016, 57.67220789231536, 59.844635093943836, 61.57493632047594, 60.881031584585024, 64.1414041359085, 66.0843249566376, 66.00870129845374, 70.6411274359424, 75.91985407863531, 76.81571245310325, 78.06138849310257, 83.42055042709048, 82.86759626707531, 87.17151025866346, 88.2881179143302, 91.00930820484348, 93.16229442557427, 98.88466470952561, 100.58605218322744, 100.99488295049804, 103.37215200117826, 103.10090833150316, 104.54085438620332, 110.97317238764971, 117.9161266093482, 116.85192076896644, 122.76895807738535, 119.32342157797409, 124.64204882023087, 126.45780109290315], "initialization_stats": {"phis_precision": [72.13000248667643], "psis_precision": [86.88197243283466], "phi_angles_psi4": [-1.5708471341949184], "psi_angles_psi4": [2.535740409371408], "phis_initial_rotation": [-0.6952853397606873], "psis_initial_rotation": [2.1236254190254584]}, "final_stats": {"q": {"step": 2, "value": 148.11702077649016}, "c": {"step": 15, "value": 52.46958739302508}}}