{"initial_step": 2, "final_step": 25, "quantum_tts": [188.88225367569942, 240.22782587337502, 323.1068922295507, 367.31058932553077, 386.9715886992657, 503.42655832788716, 655.1279876291253, 801.3149530154994, 806.7308181248372, 820.0127652043016, 1419.1302846329752, 1433.7247841678843, 1138.3351355752516, 1421.2781717433568, 1468.0511467160256, 1110.4200808441792, 1294.2865415420015, 1608.102861824281, 1575.414712883668, 1771.7856127197322, 2403.8454611832585, 2342.346969976681, 2151.8738927267405], "classical_tts": [169.84290434351286, 180.11887092938974, 180.02404208869152, 191.40939652993436, 182.58332779368718, 184.854936941368, 186.86398838731577, 192.62188274741072, 195.23476353368113, 207.56521386562505, 209.6140183233216, 218.0913705283048, 217.716384506651, 229.6660653757649, 234.5201766055152, 236.99258676983573, 252.96440368003516, 260.2211421421817, 256.66160467420303, 274.52080966575545, 282.56328748155147, 286.7721752382734, 310.06037804764037, 306.9538449334184, 316.1786260084771, 330.44707297335947, 339.1467180098044, 344.6690820690542, 362.21896862524034, 364.1567234750457, 384.5360507544595, 389.7662413470182, 414.1250221710236, 399.03546503645816, 419.6336876331576, 405.1954138927642, 459.17487046026923, 448.71427880306896, 465.90041891080375, 477.1802255081349, 454.93946088426367, 496.2503151014475, 509.7396495948662, 497.9136299893944, 555.4024185587018, 527.4444416957381, 522.2085963864597, 581.4610326541073], "initialization_stats": {"phis_precision": [98.70954021352543, 1.1091625576366226], "psis_precision": [85.41211072406287, 99.40071444660373], "phi_angles_psi4": [-1.570742789294871, 1.5707483436948781], "psi_angles_psi4": [2.0690073463376337, 2.6572763029666415], "phis_initial_rotation": [-1.611283779144287, -1.5359989404678345], "psis_initial_rotation": [2.527299404144287, 2.638449192047119]}, "final_stats": {"q": {"step": 2, "value": 188.88225367569942}, "c": {"step": 2, "value": 169.84290434351286}}}