{"initial_step": 2, "final_step": 25, "quantum_tts": [2344.325709677215, 2562.023640773339, 2626.550369261474, 2564.7345133298204, 2438.2423290878155, 2298.3847513719147, 2187.952373839172, 2096.239968596534, 2035.9650103187068, 1962.398650225508, 1898.954919963714, 1853.2784968848046, 1762.8910209779683, 1770.0285007453822, 1728.6277490638408, 1736.3487287352086, 1854.2817493451262, 1754.5464700619186, 1790.8792323670928, 1888.4187009797067, 1923.7435008747852, 2177.9320970065132, 2119.3555704686787], "classical_tts": [1989.1214717168143, 1838.6120340250543, 1469.0444772275375, 1456.1947412143245, 1340.9350716799725, 1294.3966025628715, 1193.7492046010682, 1204.159025779294, 937.9595960943775, 1010.6540377472548, 924.7491041281861, 944.7491517228208, 814.3376606308245, 836.7391995661592, 705.5735468280842, 719.6876223300777, 709.4103164627563, 652.241101744366, 660.8545899955741, 612.7937182567308, 627.4411397695596, 584.4850281997204, 589.8220403900017, 566.0978065927183, 547.2501632852446, 547.3236954901274, 518.4363604958286, 510.1530775970969, 495.00406765825556, 510.1903776936185, 490.90263532385336, 503.3197940871507, 489.6807692062381, 478.09282674697624, 469.0188224758066, 467.21830010229445, 451.9892912686868, 447.51888749483214, 446.38334618433106, 446.8683497814396, 435.06656635416533, 443.55530018370206, 439.9621502456281, 435.47254623706914, 419.3873867314269, 424.577442147956, 437.48224636044745, 427.4295313808614], "initialization_stats": {"phis_precision": [99.16595644972213], "psis_precision": [28.01335624305008], "phi_angles_psi4": [1.5708134759948975], "psi_angles_psi4": [-2.6404247826789864], "phis_initial_rotation": [1.5446112250916286], "psis_initial_rotation": [1.3812334126664059]}, "final_stats": {"q": {"step": 16, "value": 1728.6277490638408}, "c": {"step": 46, "value": 419.3873867314269}}}