{"initial_step": 2, "final_step": 25, "quantum_tts": [64.16809339976474, 72.50571810390193, 70.5523669139901, 78.72392444675052, 119.64317336267658, 242.68522762897442, 586.2634527095217, 703.4843007427038, 802.8251248101474, 390.19469793425765, 410.43498091018785, 691.3524419068118, 735.0768872936621, 731.343883947847, 780.0231760043669, 856.2996318506035, 754.2260131527411, 426.5282322172131, 515.9119462997378, 656.7937683576619, 445.6170440142425, 512.2214554748479, 708.8715944617019], "classical_tts": [34.34054955862494, 34.385256132774984, 30.691712981749628, 31.79957782995516, 30.848465156142716, 30.401270782915667, 28.80002506440552, 28.214491376873724, 29.22034631964051, 28.060570116385634, 28.653969219373703, 30.497935680060294, 30.539629401881353, 32.124912628954064, 32.98150690289044, 33.607105647257875, 35.29124448477076, 35.66320559903656, 36.20208431666579, 38.763985395647325, 40.24279871012332, 41.31214466057608, 43.07803740356687, 45.47514224774843, 45.852895763084675, 47.5492139621813, 50.6118699605475, 52.38267210190774, 53.696299958773224, 54.90287126615525, 56.59398683290701, 57.46097836861065, 60.89862756081081, 60.85703783649332, 63.98340729369291, 65.39061335489193, 65.37246356147816, 68.24621428808368, 66.15139067016368, 72.35759081439124, 75.01628967851478, 76.04816980671879, 78.14683042107954, 80.77132013168787, 80.9525229514223, 79.70902926879174, 84.89098024936051, 89.9454981277317], "initialization_stats": {"phis_precision": [68.5886971133387], "psis_precision": [71.14268258095015], "phi_angles_psi4": [-2.5641579325261574], "psi_angles_psi4": [1.5391379706873562], "phis_initial_rotation": [-1.5773427486419678], "psis_initial_rotation": [2.4457173347473145]}, "final_stats": {"q": {"step": 2, "value": 64.16809339976474}, "c": {"step": 11, "value": 28.060570116385634}}}