{"initial_step": 2, "final_step": 25, "quantum_tts": [443.13105740495746, 495.6866919780985, 530.3018966808944, 546.6144524788708, 555.5622423764028, 543.3917877213788, 468.2909021843646, 442.7800927847949, 506.61576240931447, 434.4633659498363, 331.6441474384211, 324.88425628163594, 357.37266020870055, 399.8517326373198, 430.24119392373507, 457.67209392762095, 551.318401960055, 640.7907245942944, 858.848459137367, 1154.8523342013189, 1201.497568682561, 1400.2639734218362, 1715.6813303869137], "classical_tts": [355.3755631157407, 293.6403346034384, 257.58348210153287, 257.35320067122444, 254.31595643917535, 211.1322409051987, 186.3423814083314, 187.75656224295682, 168.11380411301582, 159.30261640045987, 147.21946760842843, 139.49434742791618, 128.1701682080873, 117.53166794081302, 115.36548243349448, 115.00077123803419, 102.53563215043275, 99.1544706276646, 98.14858112480904, 95.20187057967932, 94.74793526400049, 92.22310921616825, 90.32732243919479, 90.33436083709819, 90.68095705709518, 87.27668006805533, 87.00429798284112, 87.8515595408018, 87.66103895892, 87.42793841873352, 89.19267785028406, 88.8941476161737, 91.80861701004032, 91.19638611288252, 91.02311178493159, 91.56361928818023, 94.8428295434934, 95.6622272494678, 97.64863645865083, 101.0829560402548, 99.91452861321588, 103.51814259877138, 105.45826643666601, 106.25369665630079, 109.91493456693311, 109.96240723740569, 111.50349257362149, 114.64165860921018], "initialization_stats": {"phis_precision": [66.12811528918753], "psis_precision": [1.1994437974407357], "phi_angles_psi4": [-2.526347046736313], "psi_angles_psi4": [2.568298115398991], "phis_initial_rotation": [-1.4622304050290242], "psis_initial_rotation": [-0.5356128999664653]}, "final_stats": {"q": {"step": 13, "value": 324.88425628163594}, "c": {"step": 28, "value": 87.00429798284112}}}