{"initial_step": 2, "final_step": 25, "quantum_tts": [710.8538245034852, 1069.0573554776388, 1219.828294260695, 789.3075121739614, 745.6147740329433, 1163.4698671692993, 2124.8141689583113, 1888.5202162617702, 1601.5924724173112, 1975.0873861298553, 1863.7785096288758, 1353.0170486294487, 1202.421335642389, 1244.658056901156, 1431.8385083324335, 1541.0441879334167, 2410.9881070403017, 3596.685203889762, 3796.128778885307, 5958.176323991524, 11675.217915716317, 8522.273289437166, 7476.670548229114], "classical_tts": [555.896682510324, 498.9203544369242, 416.4219851998722, 308.55382784280744, 275.70484885992107, 238.87094978085963, 231.06769933259898, 215.3388573448742, 214.85811717322025, 205.18885398698418, 199.64557297520068, 200.98417778267228, 209.48931490832578, 195.754891017429, 207.2278803722736, 198.46633880384297, 200.4991804791585, 207.31258409452087, 212.91441939900818, 218.83883169794237, 217.08376663968022, 224.8197117025403, 239.4065727464966, 240.48568020884358, 254.65697644937558, 254.81073418544938, 254.06448367050524, 252.50130929358826, 279.28155106919155, 275.6706632248913, 288.3439363176853, 281.933745199726, 289.77308859352377, 300.1135880583872, 295.9994584160333, 322.95202656282197, 329.0389683763267, 337.69788859675634, 339.26318171424566, 364.14112290073064, 344.31549108458285, 358.84242871183966, 375.000467591619, 372.1957515916907, 390.86078437990005, 393.86808979126386, 422.87293327299153, 416.85589288602705], "initialization_stats": {"phis_precision": [3.6454896325488706, 98.89006128160601], "psis_precision": [70.45643258440369, 68.03087713348464], "phi_angles_psi4": [1.5709780337958965, -1.5708685744949595], "psi_angles_psi4": [-2.6403339054427915, -2.6403960229037677], "phis_initial_rotation": [-1.4560881853103638, -1.535998821258545], "psis_initial_rotation": [2.7147128582000732, 2.6384496688842773]}, "final_stats": {"q": {"step": 2, "value": 710.8538245034852}, "c": {"step": 15, "value": 195.754891017429}}}