{"initial_step": 2, "final_step": 25, "quantum_tts": [152.71131119838384, 149.71424730976986, 191.35732985780172, 281.9439112530667, 583.3322373653564, 2122.5442821266347, 6827.81297481921, 1472.5541308077952, 1622.744844283845, 2322.4862311517422, 2010.9521437991868, 3459.1924615032667, 11909.785960450896, 21394.90357754514, 4026.552772196867, 3434.7806557098534, 2857.2952932167536, 3265.428955612762, 4977.539212921227, 6949.419805730145, 6262.927798199261, 83330.7467989228, 15803.883511803977], "classical_tts": [97.25049019817621, 86.79776931409175, 93.30141919031527, 86.40371742252816, 86.89233621843107, 80.23226430980829, 77.00650259041474, 76.15016117970403, 75.28575716756608, 80.39413805607582, 73.6000971986388, 74.46703844685595, 73.83987902165025, 74.56129039682995, 76.23010065552457, 83.63990592739859, 78.74144238648525, 86.13502576256313, 86.1688693450042, 90.6943683683828, 93.28996349264877, 98.22962349681175, 99.70505293793951, 102.08759594440693, 105.67639360866991, 110.34056132674779, 117.24105656961694, 116.14657868853227, 119.4121493950937, 125.8030387875371, 130.87598854859272, 134.44115254662879, 133.0664527616066, 139.4216018201062, 139.60832665272204, 150.73704982500803, 151.95712627401898, 158.0226355006808, 150.71580519520208, 162.694605032022, 168.0823783726836, 165.48978925858876, 176.35863929684686, 172.92399547526597, 183.8061327379553, 180.06189249395405, 188.4348310774704, 196.55128736203923], "initialization_stats": {"phis_precision": [76.46781544730074], "psis_precision": [29.59286512084317], "phi_angles_psi4": [-2.5412670292063786], "psi_angles_psi4": [2.581330407918674], "phis_initial_rotation": [-1.8019816480695858], "psis_initial_rotation": [-1.4899495222942645]}, "final_stats": {"q": {"step": 3, "value": 149.71424730976986}, "c": {"step": 12, "value": 73.6000971986388}}}