{"initial_step": 2, "final_step": 25, "quantum_tts": [580.086139251112, 638.0844770261289, 666.5165763558706, 664.7334592900377, 643.666424373837, 627.7447692229509, 572.1478310311883, 563.0902347211227, 597.8434255561173, 558.881071811998, 475.44704960318666, 517.4181916763289, 559.658217324319, 456.6352124994593, 415.6562335717602, 470.4162919186798, 638.6650106254255, 722.368736124723, 724.6168809567457, 899.917729407189, 1238.005043452765, 1664.5140842880278, 2248.9735119576785], "classical_tts": [332.6135696246161, 321.60459478902413, 266.2606443101048, 258.8658226010025, 257.44214943902693, 212.6349778195938, 200.57098566594667, 176.97706334647, 158.6126937229953, 154.86769058799112, 149.13444564164357, 138.39437260935532, 127.27459379472825, 123.33310767334721, 111.79419738418449, 109.96697988115976, 105.59970634945894, 97.98619926638241, 96.49798479907514, 91.09429261406643, 92.22693579248154, 86.92341852858735, 86.11263489889262, 85.39730782905126, 83.26710603715041, 82.37065086688757, 80.96616739666304, 81.42011417608428, 82.07423930433389, 82.8493136755438, 82.05009831518932, 83.32405099941596, 84.13954204859806, 81.4152145685669, 84.31243684841637, 83.84481893224776, 85.96470244608884, 87.98738774090381, 87.07810063938871, 90.94066557441468, 93.31724214969553, 92.91054236052831, 93.81656140294133, 97.59677106882761, 99.79955450242082, 98.6869319065021, 101.99707484164009, 104.26408855485677], "initialization_stats": {"phis_precision": [38.547054720273536], "psis_precision": [19.96273183534517], "phi_angles_psi4": [-2.5412670292063786], "psi_angles_psi4": [2.581330407918674], "phis_initial_rotation": [1.8113170636507654], "psis_initial_rotation": [-1.187409962466154]}, "final_stats": {"q": {"step": 16, "value": 415.6562335717602}, "c": {"step": 28, "value": 80.96616739666304}}}