{"initial_step": 2, "final_step": 25, "quantum_tts": [1178.463764258258, 1335.5130587297172, 1504.4434215902793, 1704.4129772544843, 2086.691504998915, 2219.7548982689887, 2073.603247672159, 2200.064448567953, 1595.4994781143782, 1778.9329537381207, 1785.4926027330841, 1803.9241930267915, 1760.2070483501684, 1500.541925876334, 1448.7286083954843, 1609.5787619893395, 2420.676707670861, 3395.153569090461, 4412.362598366581, 4909.551470472582, 7371.961594556327, 10852.813607690674, 22298.399894244933], "classical_tts": [896.2652354471629, 549.1593037690775, 461.7258674858861, 545.7406852733702, 410.12547979157733, 343.2260123016723, 340.74336679930417, 288.7673809764129, 272.15650430766823, 252.3431853866733, 217.3559070462262, 195.82386654207866, 174.69919758353674, 177.8591524363663, 151.69290681639794, 152.02936022829246, 135.8157308665377, 136.62834957451759, 129.43779916464786, 123.95865044571687, 116.08552279280295, 115.36407340407459, 114.68156605230467, 111.32306629502762, 111.39613338263436, 109.14584037406239, 105.14406131232782, 108.2867968671091, 106.65120916589485, 108.95583240894041, 107.88899992864772, 107.63109230596359, 109.70759831771984, 112.01038066137373, 113.4605220397813, 116.6536384148611, 115.23736806422974, 117.93768023831775, 120.15713216260639, 120.72710640721597, 120.02213934476207, 131.78537974442577, 127.4098393474828, 130.89691470295693, 132.2315638966093, 132.64390172716406, 139.23476875020614, 143.32962581037108], "initialization_stats": {"phis_precision": [29.34891928195058], "psis_precision": [57.62881505304564], "phi_angles_psi4": [2.5308350215445605], "psi_angles_psi4": [-2.601582346553618], "phis_initial_rotation": [-1.5327811241149902], "psis_initial_rotation": [2.350472927093506]}, "final_stats": {"q": {"step": 2, "value": 1178.463764258258}, "c": {"step": 28, "value": 105.14406131232782}}}