{"initial_step": 2, "final_step": 25, "quantum_tts": [142.78059629379496, 160.88330793266795, 169.3776402042852, 172.76250365083558, 173.82977421142488, 177.30973797236237, 176.39023752986367, 189.67542881157996, 219.89523001825305, 232.53763298269706, 215.1298042157705, 207.843565268377, 219.5332945847971, 232.58345814276987, 272.4806096171897, 355.00980091582346, 480.299526375559, 580.3582751528417, 789.434440327297, 1029.8082515427263, 1180.6922453304023, 1588.3944225008647, 1842.2439168481055], "classical_tts": [87.534205262555, 83.25196259858615, 85.16882305230855, 79.86263654816892, 74.8710846786586, 72.0805055659002, 66.56261763725011, 65.06826705734905, 63.12895228583068, 59.43156879447496, 58.09481903627743, 54.49773478646637, 54.93910797121252, 52.25847324877317, 51.90497226891552, 50.92364198537834, 52.50498526293322, 50.46584250428673, 50.86266875642292, 50.98715864521918, 50.04037857983609, 49.22464538117085, 49.08450999613561, 49.49025254469336, 50.2778415023518, 51.4053099887162, 52.62939020576102, 52.272490282086125, 54.056009955186276, 53.55839083374628, 54.65932820864754, 55.28754324910645, 56.63586822132086, 56.718476545220575, 57.13481157029913, 58.95960531339269, 60.75326638211273, 60.5389496176985, 63.34318833703985, 65.57359702827262, 65.41392225349988, 66.10506606370767, 69.98555211754122, 70.1643392666184, 69.09006068098155, 72.1465539181061, 74.73104782374952, 75.5259471288957], "initialization_stats": {"phis_precision": [97.45229254839906], "psis_precision": [93.17376321075525], "phi_angles_psi4": [-1.4946345856773127], "psi_angles_psi4": [2.5811839587457355], "phis_initial_rotation": [-1.5746731758117676], "psis_initial_rotation": [2.3667314052581787]}, "final_stats": {"q": {"step": 2, "value": 142.78059629379496}, "c": {"step": 24, "value": 49.08450999613561}}}