{"initial_step": 2, "final_step": 25, "quantum_tts": [5300.988719881427, 5779.470040314957, 5855.616112908274, 5717.02928199758, 5463.808423579588, 5229.752534284207, 5037.227626838628, 4859.353115628174, 4731.220648675034, 4553.223849705848, 4423.5819803856775, 4372.575186977606, 4441.414409847536, 4170.876276928514, 3770.2987654784015, 3850.483316138516, 4652.384262880545, 3553.2332805338165, 3405.1187278353204, 3841.1910240427846, 4327.286257731638, 4188.994607518038, 3140.454559380315], "classical_tts": [3506.398004971727, 3807.7204043899915, 3002.8505562974274, 3606.1386593516354, 3342.3021665371925, 2889.568633118224, 2719.7690027191557, 2848.007295930733, 2477.750424483146, 2601.8634695245655, 2337.733539109447, 1947.854286914923, 1832.5051170793304, 1776.8968163595614, 1725.4835433364533, 1602.8953755781465, 1479.50691779753, 1496.426380052497, 1336.3017321718235, 1284.7551117793757, 1196.9815337353855, 1153.4726847364095, 1050.41046315066, 984.1758866647236, 979.1137374883197, 947.6271635426402, 885.1288343725233, 868.5491758544896, 821.7532340466242, 826.3960589355382, 781.8459134597948, 772.9770617567573, 743.0477411106488, 694.0720328326478, 676.5631701784439, 676.979545444741, 646.950667106531, 650.5347111882055, 643.0856924364895, 649.9884727561821, 621.3968311714867, 607.0306847725859, 645.8323524255558, 606.1681462877756, 627.2493360019972, 597.4228227155928, 606.8697976977397, 606.7478490520874], "initialization_stats": {"phis_precision": [8.149850358258492], "psis_precision": [66.71384268416692], "phi_angles_psi4": [1.9959093756563866], "psi_angles_psi4": [-2.640326184228101], "phis_initial_rotation": [-1.4017183780670166], "psis_initial_rotation": [2.5971436500549316]}, "final_stats": {"q": {"step": 24, "value": 3140.454559380315}, "c": {"step": 47, "value": 597.4228227155928}}}