{"initial_step": 2, "final_step": 25, "quantum_tts": [152.60040369346913, 166.21955804644438, 167.95467182728152, 175.8970284087879, 184.55708356745924, 245.31986740602989, 327.71878522413357, 246.04736191433972, 411.8548296692378, 1793.8475516416047, 2549.6609302184056, 1736.4354805262453, 1569.6172584812148, 2313.4319896900415, 2811.3472168779813, 2183.1901175235976, 1505.405275447833, 780.214216900027, 1116.7161125075054, 1486.0487141460346, 1022.282029163463, 951.9172343659734, 1191.7278601948115], "classical_tts": [84.56652111542819, 80.99556949925436, 66.41073679154468, 60.03631784093949, 59.24473718313317, 50.938197093849666, 44.73919686386023, 43.53428797162405, 39.377842244893785, 37.91870031935543, 36.54476513235499, 35.88581073270934, 34.870711208920575, 33.23705286878709, 34.03381329972698, 33.30766463579804, 32.99505657208918, 34.12742385004111, 32.74212431246005, 33.316389546234184, 34.188240958840375, 34.74100689442914, 36.08784409923681, 36.800720077168876, 37.42899482763325, 39.89668827469524, 38.85244666685027, 39.63610848453482, 40.970073932154165, 43.56141413942543, 42.93393896944659, 45.75412791467976, 46.35843876507816, 47.68368791802047, 51.02519728311707, 48.67939467779136, 52.47799434162263, 51.85985850706637, 54.32096588885425, 56.26153957100083, 55.84907839222532, 56.387382813008365, 59.51314489948811, 60.32692794413967, 63.57646391763296, 63.673332341226676, 66.65694401184024, 67.13214188764445], "initialization_stats": {"phis_precision": [53.110673822599665], "psis_precision": [50.833874940994924], "phi_angles_psi4": [-2.564113370113935], "psi_angles_psi4": [1.5004190792674215], "phis_initial_rotation": [2.2460003105586868], "psis_initial_rotation": [3.0450184521758956]}, "final_stats": {"q": {"step": 2, "value": 152.60040369346913}, "c": {"step": 20, "value": 32.74212431246005}}}