{"initial_step": 2, "final_step": 25, "quantum_tts": [607.5156123999084, 678.5123355528488, 717.5573130203684, 722.5380248438491, 708.8974093285664, 705.4908814074124, 648.3302888548408, 622.3432167265931, 622.3945030906802, 614.9152491670827, 560.6121364463904, 560.4483563542543, 586.5415616847164, 491.482482852837, 461.6375322488511, 601.4389555418823, 886.4491840260756, 923.8591842264574, 941.0515171459474, 1260.4471112045871, 1774.5287976679065, 2477.09450469574, 3417.3807827528103], "classical_tts": [332.61356962461605, 380.299848561679, 349.6184707602045, 293.2428961598586, 247.10623532431794, 211.13224090519867, 198.49693773352834, 175.5019798567415, 165.5126210034382, 154.45053561645724, 150.2315938151892, 131.83274156018484, 122.1227232516705, 122.60836457218785, 109.41984284607884, 107.26627313468092, 100.43296509058425, 95.46524625790221, 94.84959526189478, 91.24036193249012, 86.16775075760759, 85.5288479429171, 81.92178292113539, 82.12637994012901, 79.26402468297731, 79.94919157150102, 78.96717018466254, 76.31696460645007, 78.89449388529775, 78.4612955983846, 79.54167805229318, 79.01305399246313, 79.79094374115205, 79.55560687771876, 80.12229737468213, 82.26396717383906, 84.9192611691207, 84.95895558510115, 84.96859018790003, 85.44441597700138, 86.22183749090563, 90.53485599710908, 90.51322377175937, 92.50703697336992, 94.82183234579371, 96.51935677837743, 99.07993962703603, 100.90229430550123], "initialization_stats": {"phis_precision": [14.21790103485543], "psis_precision": [78.1750423459577], "phi_angles_psi4": [1.9959093756563866], "psi_angles_psi4": [-2.640326184228101], "phis_initial_rotation": [-1.5923518123390918], "psis_initial_rotation": [2.9572078566430093]}, "final_stats": {"q": {"step": 16, "value": 461.6375322488511}, "c": {"step": 29, "value": 76.31696460645007}}}