{"initial_step": 2, "final_step": 25, "quantum_tts": [2210.875205440578, 2372.823530002762, 2419.849574183401, 2371.9317298802653, 2263.04260752319, 2149.149582410787, 2059.788409301569, 1997.0600665365037, 1957.0228679424006, 1914.2149904387309, 1878.8373251598819, 1890.068245670289, 1902.1056496121762, 1884.5875668679391, 1812.4438068224274, 1906.1973629015995, 2087.5873963303775, 1943.7704107860354, 1948.0574659199083, 2166.8999533064944, 2294.8183808334934, 2440.4683991006264, 2182.999310486798], "classical_tts": [1672.303698461152, 1470.1978771917297, 1651.1820760675566, 1264.6265784299992, 1181.509798313305, 1214.1483839103194, 1239.6265604338246, 1009.8252458474919, 1044.071161040179, 966.1572036874403, 801.7810393030941, 806.4460972977179, 754.7373645863202, 711.6416144324719, 645.2123416525753, 652.9533712864127, 644.8624999343423, 616.5400010078368, 581.1222608815746, 552.8350753445089, 556.5502842634914, 498.70387394985573, 501.6356808213951, 470.37794343084187, 457.3786212939489, 452.0144131257598, 426.23823537522, 423.4901748084871, 432.6665976816514, 420.1326813216764, 398.0150184260478, 384.66421366374414, 382.9873125488893, 373.26962868222995, 373.4386679615058, 345.11715768160315, 348.5586087625214, 353.4266946902617, 347.742245354114, 337.8085943228137, 331.07070427355336, 326.98996598444523, 322.8043564040801, 319.71787737504644, 327.4337426665401, 330.4847215887531, 318.3602526498273, 315.46003553484775], "initialization_stats": {"phis_precision": [82.506901945736], "psis_precision": [40.98860419342638], "phi_angles_psi4": [-2.564113370113935], "psi_angles_psi4": [1.5004190792674215], "phis_initial_rotation": [-2.0145514867559187], "psis_initial_rotation": [-2.9288685524720526]}, "final_stats": {"q": {"step": 16, "value": 1812.4438068224274}, "c": {"step": 49, "value": 315.46003553484775}}}