{"initial_step": 2, "final_step": 25, "quantum_tts": [596.2889651709247, 646.2664619416828, 661.8471832004086, 642.4840820938332, 615.5042804749509, 615.7462523544738, 550.6166649513104, 487.3515749208925, 479.70673568164096, 489.4609743963134, 451.9765842985589, 457.2694354378201, 478.60120343308876, 406.5701734946322, 390.71665762138247, 474.92154250550084, 618.4543301849924, 657.6167755791317, 667.8611947655007, 816.4996833780563, 1189.217133996506, 1464.2883891362799, 1593.5420168675746], "classical_tts": [318.0515233937527, 362.50894286808267, 286.6062242396984, 275.006433606797, 240.28351248886253, 215.31487695465316, 203.29914024337447, 184.25749070507527, 166.54404456857011, 157.12792367446508, 143.74656748708168, 128.53756115032013, 124.18565194696922, 119.09178273453568, 113.95084265943443, 104.92712172603528, 103.54099875051415, 95.46524625790221, 91.11506503735795, 90.00962905650718, 86.73103347885997, 83.5718484753338, 83.52175075477672, 80.32216880903117, 80.02231333219106, 80.14526640927654, 78.66696232630854, 78.82094694413773, 78.54392069199268, 77.29270634024252, 78.06575192335744, 78.79841535326936, 79.16973117323933, 79.52857732264555, 81.41257249661886, 81.92899255600055, 82.52734141722955, 85.77218032722465, 85.92948603289527, 87.59891146790574, 86.63568349456204, 88.48636468762328, 89.83437794759907, 91.84461898140128, 92.98933049985763, 99.02425012412046, 95.64385680586197, 96.93419822444294], "initialization_stats": {"phis_precision": [28.207445203007975], "psis_precision": [15.231416682455833], "phi_angles_psi4": [-2.5639700672519443], "psi_angles_psi4": [1.5129570644342083], "phis_initial_rotation": [1.4637856126009137], "psis_initial_rotation": [-1.150126521621902]}, "final_stats": {"q": {"step": 16, "value": 390.71665762138247}, "c": {"step": 31, "value": 77.29270634024252}}}