{"initial_step": 2, "final_step": 25, "quantum_tts": [159.6696237551564, 167.0950946057237, 148.6925975700258, 156.31553084378237, 183.00067509884968, 241.55338601330538, 307.61262285554665, 239.49142899646642, 333.7532247612919, 784.3396424037662, 1515.738693953399, 2060.44008825771, 1846.8548248004327, 1627.0178444867825, 2023.7464206383172, 3873.606448635794, 2384.3652856172635, 685.0005934456065, 533.3179640964082, 713.2885066831556, 695.7274372429252, 808.1036452012312, 944.7126624195266], "classical_tts": [81.40607340813256, 80.99556949925436, 75.39100228396578, 75.1735997267205, 69.50995221747915, 70.84000672894776, 63.80946576102514, 63.96063087062701, 59.36474451627279, 56.90301164529162, 60.0088090663806, 60.108648930267705, 60.85128870135237, 59.98307616079696, 66.574528819659, 65.32684273510048, 64.80005639491242, 70.52197146798099, 71.94673914431002, 71.65548966087056, 77.92313673897803, 81.64541538854783, 83.52175075477331, 85.24212684694014, 87.12202008512571, 92.32984392537374, 93.82371393782769, 95.92014024572096, 101.91946008938667, 103.12847954561536, 110.71251491770484, 113.67310765728494, 113.43577996784171, 115.34967779119403, 115.45761941002974, 124.16085503976913, 126.41555557204464, 128.7176583518436, 130.3216410107836, 139.89881314741396, 133.6480378055894, 144.3995115305137, 143.25104568857324, 147.35024906404658, 154.69771920100285, 155.79322418130454, 161.19015240615482, 162.07196110483886], "initialization_stats": {"phis_precision": [80.29186537993999], "psis_precision": [12.524701960918216], "phi_angles_psi4": [1.5708134759948975], "psi_angles_psi4": [-2.6404247826789864], "phis_initial_rotation": [0.9516641666115051], "psis_initial_rotation": [0.8946429875990303]}, "final_stats": {"q": {"step": 4, "value": 148.6925975700258}, "c": {"step": 11, "value": 56.90301164529162}}}