{"initial_step": 2, "final_step": 25, "quantum_tts": [1319.185150836251, 1785.0265944863377, 2014.4012922307425, 1674.2046407841656, 2089.4065148215013, 3169.350959250254, 2488.8784024432466, 1640.4783665914135, 1362.425924650546, 1433.8196460806662, 1600.4483894051707, 2204.386796354247, 3283.134474197217, 3487.5532373729848, 3293.877493197913, 3431.797441500263, 3815.610609954653, 3759.3942075928685, 5748.036069221567, 12286.252196788666, 12291.986923421493, 14747.032046482776, 30904.622790007204], "classical_tts": [1114.1007221790642, 809.2183001042984, 517.9536849407767, 361.15878550232736, 321.9835747211988, 274.6357350396391, 241.72114979906698, 214.41874155910537, 203.71679721812126, 187.47354114081983, 179.22261065345424, 174.66054280259712, 179.0658795076582, 165.6036701367551, 170.94453577037729, 163.74750041715498, 158.8733138675201, 163.91604822611146, 162.90269821150903, 165.39315520346906, 166.55212192360213, 164.683314589041, 164.6430543831166, 173.4876937436526, 176.06525075804097, 169.0278018592393, 174.3456346206093, 184.89578046315106, 180.57491454788035, 188.03315871530782, 187.37923607250136, 190.89141768269803, 200.78998883516053, 213.42434121314258, 207.3718171661079, 214.1298811884778, 217.8753913831904, 220.72703253586826, 228.5978115130389, 228.24146939783287, 224.2946192640386, 238.50252788350105, 254.28405845294606, 252.0043306211268, 263.9894029826263, 265.1472463194337, 273.93580039613755, 267.98219497362516], "initialization_stats": {"phis_precision": [3.4593604254533394, 65.4070686945677], "psis_precision": [64.24299610651036, 59.786442803922924], "phi_angles_psi4": [1.5708750043949777, -2.564153317394988], "psi_angles_psi4": [-2.640328001158329, -2.6404028940591564], "phis_initial_rotation": [-1.4620386362075806, -1.477384328842163], "psis_initial_rotation": [2.5195178985595703, 2.3794362545013428]}, "final_stats": {"q": {"step": 2, "value": 1319.185150836251}, "c": {"step": 18, "value": 158.8733138675201}}}