{"initial_step": 2, "final_step": 25, "quantum_tts": [115.74263116073263, 131.70944161400084, 153.79699674355592, 185.10697287709291, 350.6905797328876, 996.6026840175764, 1308.1890728952756, 1977.8424805944123, 1612.5994254091156, 1710.4007089536753, 3761.4288059051923, 5515.970516602468, 3773.392495781636, 1786.3590955361763, 1306.2195504853983, 2069.99271181405, 3288.7971881639487, 3178.2590010829003, 2946.589787870391, 2026.5064055131274, 1701.1515550713648, 2142.2941733315533, 7338.070373814727], "classical_tts": [69.9101008370334, 80.73779532500362, 77.35549559184716, 75.46064896216566, 67.33333298243195, 69.8745768305124, 70.74232877214261, 74.17504227746197, 76.98890561429548, 76.61595542052157, 74.82936300833603, 76.95473594322146, 77.15869894240701, 84.7385255742499, 88.42228374376249, 84.35803454055763, 91.42418533849425, 91.67308555911708, 99.9286804958297, 105.55974630846555, 107.87153306249559, 111.16030098164111, 121.05720419753285, 119.40980714965512, 124.70933847087858, 127.5661858582466, 134.9831962671804, 133.8672781915276, 147.09754508522127, 142.86358488823612, 153.74711650117598, 148.99295104913068, 156.30216596734311, 160.76684706398547, 164.81696028415334, 168.5628703191046, 184.59089225978994, 188.33003586440245, 190.41551224448705, 182.4218807331779, 191.65580261453803, 198.32913796451444, 203.276711814015, 208.75758889035293, 214.6380021859406, 222.24522142131013, 215.83514342868276, 229.20638733922107], "initialization_stats": {"phis_precision": [71.51474435879605], "psis_precision": [2.9834671908553934], "phi_angles_psi4": [-2.5265435207424933], "psi_angles_psi4": [1.5130992354923083], "phis_initial_rotation": [2.8617510878567574], "psis_initial_rotation": [-1.5347650320073098]}, "final_stats": {"q": {"step": 2, "value": 115.74263116073263}, "c": {"step": 6, "value": 67.33333298243195}}}