{"initial_step": 2, "final_step": 25, "quantum_tts": [470.7798006417373, 539.32477508994, 575.468771321364, 587.9703120099471, 613.3011159575159, 635.3081566744868, 567.8157256337754, 488.4287199820184, 470.1805256864976, 444.53948285270593, 418.68963092818467, 459.3772327358998, 505.21586074201724, 494.411505303344, 528.7210341436751, 701.6076308768017, 739.8020020568143, 787.1190756273625, 1145.2209301789487, 1430.1966623689568, 1691.8675134395662, 2141.191059499911, 2810.047454643113], "classical_tts": [416.3450052100701, 306.9940811151964, 298.5922373064611, 252.9172920964852, 254.9352700863403, 218.06056587239647, 220.56076210432096, 183.1183550207685, 172.99283997506294, 164.9111928517889, 148.41106154441155, 139.2931935071601, 131.69334322343389, 122.24873265398848, 114.93183190430629, 109.80180402628912, 106.50220850519192, 104.28855610159832, 98.3998893263559, 96.73866519179994, 92.08169358120247, 89.2962966990001, 88.21833464384883, 87.28914161410273, 83.38605846280127, 84.37378168366536, 82.30389635772684, 82.27072196905152, 81.82015788584349, 82.56536752096592, 82.72600718881984, 82.53214306606928, 81.85155461298201, 84.31628945130156, 85.32137748732119, 82.34791674620108, 86.84554425885973, 87.92760148021254, 87.55348706831553, 87.21164658053665, 92.46434491627261, 91.15456787999098, 93.33807105667694, 94.58427256910217, 101.68462490993954, 96.81693772674576, 99.99832738324099, 103.27327504882693], "initialization_stats": {"phis_precision": [93.9423168014483], "psis_precision": [48.82749626844058], "phi_angles_psi4": [-2.5265337703537245], "psi_angles_psi4": [1.5241109530932357], "phis_initial_rotation": [-2.7168415006971673], "psis_initial_rotation": [3.131742570981869]}, "final_stats": {"q": {"step": 12, "value": 418.68963092818467}, "c": {"step": 30, "value": 81.82015788584349}}}