{"initial_step": 2, "final_step": 25, "quantum_tts": [364.7395432158976, 379.56317583031034, 288.4562822802066, 208.8138153023269, 208.72801505522705, 245.18770423365044, 309.6280060322339, 421.47373682786395, 402.87505193588413, 318.31445314413725, 340.649379363615, 488.7625496255219, 613.2536719300974, 611.8234429326952, 722.5401198054553, 721.7328984738754, 552.7458057102178, 532.3795752387583, 622.7812500530466, 890.9668703910205, 1571.3055429040573, 2877.331930835351, 3547.648482981389], "classical_tts": [270.58985763841486, 298.51117447770815, 242.62315363132637, 194.41151561036355, 161.7329715256938, 136.50153988857676, 118.91908609936085, 104.34497569688222, 96.00315036435846, 81.81365355423961, 77.93608382804615, 70.45869320631309, 66.42250300723565, 63.480965185254284, 58.98823566244167, 54.114906351953785, 52.2130382813273, 49.79562229251161, 45.87934428202285, 45.20526695842253, 43.50651046873947, 43.11127744416875, 40.64424187054939, 39.96925419875838, 39.08040830834155, 38.298796502951824, 37.62810050353856, 37.18464001904227, 35.62883320844093, 34.920518528157594, 34.83703498738797, 34.65518252628907, 33.09163301942521, 32.82891702533745, 32.717865992785484, 32.359002533814454, 30.77660543443645, 30.766651949052157, 31.076652119836595, 30.822006723652347, 30.01502243434357, 29.439750230538472, 29.333930458386636, 29.301948167468574, 28.751906079338116, 27.57515417526444, 28.653238985888876, 27.43839575519832], "initialization_stats": {"phis_precision": [26.3867834618964, 91.13455470552873], "psis_precision": [57.00005763994183, 5.029387709830924], "phi_angles_psi4": [-1.5178665728531433, -2.51274581566028], "psi_angles_psi4": [1.524092687483897, 2.576093076193505], "phis_initial_rotation": [0.794760829979066, -2.791261993739411], "psis_initial_rotation": [0.17320965725246396, -0.40749670258369175]}, "final_stats": {"q": {"step": 6, "value": 208.72801505522705}, "c": {"step": 49, "value": 27.43839575519832}}}