{"initial_step": 2, "final_step": 25, "quantum_tts": [426.1299192586084, 583.4285890085681, 701.359434057249, 799.3852854103466, 1425.1804781607475, 3196.669090188925, 3959.0305151518955, 3358.863540480781, 2029.4876537408245, 2489.3512169628148, 4531.542551321199, 5191.426760088423, 5684.98047292187, 9527.416996436863, 11224.104788343655, 7154.4218245124, 10728.357935811211, 27442.563054982373, 31596.150228604023, 42170.096127353325, 47621.414811942785, 52714.106312814176, 44713.95293453407], "classical_tts": [309.90664010845614, 308.74817115054475, 234.5943169278869, 202.09724578399872, 169.27274714578465, 150.59619347932238, 131.4593784805539, 123.04614504985888, 104.13548343207133, 100.5123670131389, 97.11437292654676, 91.79934721021048, 86.83269458087433, 86.52595269535237, 82.19075898648332, 82.37064417236427, 79.25031409555326, 81.27538830489902, 81.51120708946902, 78.82837342375393, 77.95184732022813, 81.52514364866829, 79.21086667806053, 81.9495027100938, 82.91154986154945, 83.3352211231987, 84.82219541870519, 87.82067060959159, 86.44814949357053, 90.17343012870366, 90.93904828702192, 94.27036955034873, 92.28362060626401, 96.11702990456618, 95.0310085352753, 100.66857323856281, 100.44817393408299, 103.33932756994065, 105.33695465409224, 108.89997593030293, 109.43566333545904, 111.20109534074143, 114.25521141853709, 117.77553897868214, 118.47221568703165, 120.18216010135245, 120.00583518756136, 125.98316603402293], "initialization_stats": {"phis_precision": [44.37568941997249, 91.41010776430556], "psis_precision": [75.07446847082005, 20.79680014972404], "phi_angles_psi4": [1.570820563794899, -1.4946869265041298], "psi_angles_psi4": [1.4862136775877832, 3.1278197744944416], "phis_initial_rotation": [-0.17666869099721527, -1.7645463499319864], "psis_initial_rotation": [0.703155010198858, 0.6395778665901299]}, "final_stats": {"q": {"step": 2, "value": 426.1299192586084}, "c": {"step": 22, "value": 77.95184732022813}}}