{"initial_step": 2, "final_step": 25, "quantum_tts": [2249.8914295498435, 2429.7255090008853, 2474.790137461443, 2393.9265515143693, 2246.9077558862255, 2097.824965271258, 1987.0081434447463, 1898.419490107635, 1844.2885585345664, 1756.1376799628338, 1656.1305275190296, 1650.677804276084, 1608.2273508777585, 1541.3481879990222, 1496.894823629748, 1548.1199638438204, 1733.113733455679, 1673.6798519031865, 1586.669041239529, 1773.23571565573, 1916.5995732512588, 1998.4487267727247, 1904.1971681852651], "classical_tts": [1565.4137960644873, 1090.8403430556314, 1111.7933650206483, 1230.5218591611701, 1175.1544794359284, 1062.0016058360463, 1058.6284993597226, 915.7787670588198, 818.1934690744054, 762.1317484702447, 727.8694608939791, 682.0673939379899, 644.1560026879155, 606.9967018531527, 593.4986027231872, 555.315781673561, 568.486729209182, 526.4007444106214, 491.1585340468005, 464.13882019108576, 436.0102526014142, 433.49826313282676, 412.74643645679566, 409.33989650959825, 400.0193945012997, 378.08698677301874, 381.30261558133486, 366.6505027757177, 355.71830487274815, 345.818331773584, 343.7429009278985, 344.9846084484372, 338.5818058656728, 322.3813135668028, 328.844625359064, 310.0663685590903, 318.54190705662853, 303.32957580663907, 306.3140884570188, 298.5950584762171, 306.79262162599105, 283.1753300618173, 289.46714814530435, 291.23504812044007, 290.6082949061366, 278.0890999857522, 275.5954373187578, 274.90884625939907], "initialization_stats": {"phis_precision": [19.558199309661383], "psis_precision": [97.55802641952815], "phi_angles_psi4": [1.5708577495949352], "psi_angles_psi4": [-1.534278440995215], "phis_initial_rotation": [-0.9562959513080864], "psis_initial_rotation": [-1.457561578388508]}, "final_stats": {"q": {"step": 16, "value": 1496.894823629748}, "c": {"step": 49, "value": 274.90884625939907}}}