{"initial_step": 2, "final_step": 25, "quantum_tts": [445.29716494419705, 531.761136135698, 781.0621547464068, 1768.5386703027095, 2240.0379274423863, 1153.5561252669304, 885.9802524593231, 1065.3954198250444, 1763.8333021025433, 2383.2420602578786, 1690.76616486498, 1754.7948480730265, 2943.1376882987925, 3257.7764872867656, 3170.233811968507, 2262.337485271415, 1574.90126013908, 1509.8340034111966, 1638.7245398814794, 2192.1528172549747, 4665.064550227889, 10859.533373351309, 6992.321823975243], "classical_tts": [373.62494485677064, 339.77691773351205, 351.3298922499783, 282.92990172184005, 260.6440183001026, 245.6811164740174, 231.06769933259898, 218.77789076764893, 190.01453033928797, 182.81880129821877, 171.10045846546745, 157.83743450191406, 153.54243245167316, 147.11536283031649, 142.99664055750986, 140.19134660548553, 128.0578575235738, 127.21473759493226, 123.08413832154596, 121.07981144489145, 121.91333145861795, 118.97902434925186, 115.94436635856687, 117.23407607935906, 113.37272723045152, 112.65406629285307, 110.13117154270577, 112.80597665203848, 114.97673427576682, 110.81825482553141, 116.83764461040109, 115.30617469401473, 115.50872143464285, 117.91811836279362, 118.21948704129548, 119.21707737824502, 123.23017128688996, 121.09881780101271, 122.11660982850249, 127.76050355395338, 128.58450171062896, 129.89680871084292, 130.7443355425686, 134.56172882331413, 138.71545967184417, 133.98448743118792, 139.91569108636875, 146.16370837321767], "initialization_stats": {"phis_precision": [15.50174775357136, 67.17968677206794], "psis_precision": [85.11153681288263, 76.50351632985834], "phi_angles_psi4": [-1.5707040711947657, -1.9921571567494418], "psi_angles_psi4": [-2.640311092556928, 3.119238383100443], "phis_initial_rotation": [2.057890350999246, -0.9610766074955688], "psis_initial_rotation": [-2.1725762268380278, -2.4257831192460477]}, "final_stats": {"q": {"step": 2, "value": 445.29716494419705}, "c": {"step": 28, "value": 110.13117154270577}}}