{"initial_step": 2, "final_step": 25, "quantum_tts": [601.2090960586437, 653.1975451308482, 670.4044559276911, 658.3694309658307, 625.2171495293152, 598.9077804663834, 545.512060549933, 520.9913091599129, 520.4297609977754, 504.3352804140889, 440.0551612320455, 438.82356638637935, 459.8256174098673, 388.662320392093, 344.0736156724057, 366.6948636036167, 474.16576238124014, 511.28095630531715, 490.07538743051646, 552.6185971006289, 673.6730059403028, 820.7339962545499, 935.2902084759824], "classical_tts": [509.3795216186532, 723.6727622172255, 697.1249081573728, 743.0368321407929, 765.967174880192, 759.4408096696807, 676.1685198442253, 753.582244686725, 792.8278866434995, 726.7786051239525, 713.2274222492501, 791.2312524024546, 789.6770278071936, 868.2257674260745, 788.917850082474, 795.7664619246245, 880.1256496521183, 835.7604266000144, 933.7033584855069, 959.931072037498, 960.4707704308208, 1014.261973565371, 945.8804219503418, 1019.9606740568546, 1020.075587290088, 1035.8968520985632, 1048.7313559937472, 1076.8698609040548, 1048.6515125555009, 1227.329273545829, 1132.3261412433333, 1172.5182650714146, 1259.8347884588204, 1230.9097159790217, 1322.6154327349864, 1370.996681558128, 1322.928557698081, 1253.6712819794009, 1381.396340760181, 1436.0675047537327, 1436.071543320753, 1527.8268302445704, 1449.6974974566424, 1494.1054425827274, 1473.165101352769, 1629.6717193424788, 1654.3599650925948, 1804.057150597391], "initialization_stats": {"phis_precision": [77.89354649670638], "psis_precision": [66.736766489244], "phi_angles_psi4": [-2.5641235943374006], "psi_angles_psi4": [-2.6001305374449513], "phis_initial_rotation": [3.02456699361347], "psis_initial_rotation": [-1.5551352371246223]}, "final_stats": {"q": {"step": 16, "value": 344.0736156724057}, "c": {"step": 2, "value": 509.3795216186532}}}