{"initial_step": 2, "final_step": 25, "quantum_tts": [137.35638582167093, 150.11433675509352, 140.7214529267552, 140.94431660673106, 136.75548322717515, 148.35972145253226, 156.6783640297572, 112.7806798999358, 134.03956119283185, 257.25394777726365, 410.0632802412333, 427.3168737532792, 448.6535942318515, 517.7138618421259, 493.71541335859956, 615.3492620594994, 834.4464388262804, 646.5580933125333, 525.5729973364224, 610.9010319826698, 790.8780605328399, 767.4466350684966, 933.2600409623323], "classical_tts": [82.95704158153355, 83.6627029998379, 75.91740634854176, 70.0788985488005, 61.74012573786486, 61.822515236891874, 54.68149157384875, 49.69229827529206, 44.92904359523465, 43.3488776150826, 43.104151858268736, 41.19092187209786, 38.38059612926468, 38.133980144429046, 37.004011190970424, 36.68207938522202, 36.10120110838442, 37.457642480937444, 35.74719363039697, 35.99838566813342, 36.14712637901079, 36.088107498538726, 35.65315005438731, 36.46408934598357, 37.0820995218367, 36.90258376146346, 36.7476301584409, 38.1541201528635, 37.69412392098922, 40.04935490758929, 38.94163076893528, 41.71113164627057, 40.32506275369225, 42.55507994825711, 42.81207915965212, 43.568184366241, 43.77574032592681, 45.71577915955132, 45.39912513423013, 48.36550226523792, 47.31167026398237, 49.764333188670854, 51.529973858505, 52.89258452956177, 53.334097208843865, 54.2936147757819, 54.17260863058776, 55.24907767896682], "initialization_stats": {"phis_precision": [73.65910217836522], "psis_precision": [8.082447746768029], "phi_angles_psi4": [-2.526347046736313], "psi_angles_psi4": [2.568298115398991], "phis_initial_rotation": [2.9293145495892015], "psis_initial_rotation": [-0.8272121228335001]}, "final_stats": {"q": {"step": 9, "value": 112.7806798999358}, "c": {"step": 24, "value": 35.65315005438731}}}