{"initial_step": 2, "final_step": 25, "quantum_tts": [1443.2180992561532, 1841.1801925004256, 2138.831128346642, 2567.0704123997866, 2943.176860998098, 3270.1956908576776, 3258.6926219173038, 3246.715841230128, 3350.1071619832937, 3488.1320305204645, 3779.4704951929816, 4580.336661237469, 4850.653239026394, 5187.824088108746, 5031.159399650971, 5606.466740236455, 6279.51683728587, 6358.474409042639, 8098.844717428825, 9211.180464714147, 8443.420453739584, 10281.83932450497, 10068.236489064078], "classical_tts": [907.3587137822183, 1080.1118963973684, 991.1001697932585, 1167.5258437055934, 979.8981954999754, 916.2525585396652, 830.4447604531176, 942.3942235557774, 765.673284556311, 774.1695942747468, 703.7829507836607, 698.6933946492939, 631.708469694785, 673.3585122053227, 578.0048857018735, 584.7493959839529, 570.5910002842231, 526.8312493874603, 521.6259417473568, 489.1487511968886, 494.7981932491978, 461.1191131365394, 451.30232856962505, 432.7142046545081, 421.3991107979128, 387.7966048941629, 385.1772221616828, 368.47020915740467, 360.64502042171, 357.898719336424, 341.5204458030392, 326.95204253345236, 327.8215251150894, 327.8426309130984, 324.0798638445036, 322.1568428918304, 318.0655672683198, 313.2412897062867, 312.52566589463527, 307.6467569747314, 313.06826361048735, 304.77644737507904, 307.5151260946015, 301.4525926722263, 300.0358056681604, 297.14592373826144, 308.3283750863105, 306.152734918282], "initialization_stats": {"phis_precision": [65.41866338483099], "psis_precision": [67.41841761542439], "phi_angles_psi4": [-2.526485730943371], "psi_angles_psi4": [-2.6403019589286636], "phis_initial_rotation": [-1.440081000328064], "psis_initial_rotation": [2.619302749633789]}, "final_stats": {"q": {"step": 2, "value": 1443.2180992561532}, "c": {"step": 47, "value": 297.14592373826144}}}