{"initial_step": 2, "final_step": 25, "quantum_tts": [536.7941209100569, 707.7844413536595, 814.0922180871416, 1000.3669630068954, 1148.4688066770427, 1216.63255782019, 1104.4165844265083, 1199.5349090266948, 1609.7283757243026, 2406.6250887573287, 3630.9442950166263, 3693.9603400716323, 5251.702123398391, 6674.969513224243, 12150.616262461032, 8776.153786993991, 7078.602828101737, 13029.31162344214, 33949.369663824065, 47593.68476922248, 56350.8234614186, 96983.16154511982, 90145.41801710802], "classical_tts": [389.62225651824116, 453.24844205426166, 458.7927737085034, 370.1459565711213, 426.4827325350994, 394.8385139035968, 343.2561992520359, 349.15871031612375, 356.04124782299544, 353.5995923531643, 322.4379855591593, 316.01250888660405, 294.2979891313064, 283.0434734531251, 259.7175864938284, 260.7920250157832, 263.5897621174226, 267.98108691774115, 245.9585329545891, 254.76516294626725, 244.5090138848337, 248.05055635988882, 252.0562142371918, 251.61077185995637, 241.1073032931776, 250.70417216679292, 236.76883158344347, 253.59375545097527, 250.65440461484727, 255.03903999056888, 271.57457682555645, 268.47440878099644, 264.4411686519366, 273.45995765780003, 279.83765483716144, 282.78457847845124, 298.76936560165984, 296.40664623931065, 293.29861126983735, 304.60650815889414, 323.90096774777015, 319.11436804534264, 319.66297316247, 334.324216271957, 341.00337558224237, 338.339182472427, 348.91215468484745, 351.6008304786902], "initialization_stats": {"phis_precision": [80.81897971227896], "psis_precision": [89.80172362192232], "phi_angles_psi4": [-2.526485730943371], "psi_angles_psi4": [-2.6403019589286636], "phis_initial_rotation": [-1.9238962067007583], "psis_initial_rotation": [-2.319913657442192]}, "final_stats": {"q": {"step": 2, "value": 536.7941209100569}, "c": {"step": 28, "value": 236.76883158344347}}}