{"initial_step": 2, "final_step": 25, "quantum_tts": [39.031716737453635, 44.5126404424993, 52.06395469138344, 60.87832242128198, 73.27797632380873, 95.94422576100355, 142.71974277963676, 156.40055480290675, 257.7509057549635, 631.1910675068762, 602.088334742644, 573.8665014121012, 666.0358429157529, 824.971755959014, 938.343057606392, 1313.8946778884795, 2481.511477033904, 3160.3916519881714, 6194.83669068219, 102170.6147684873, 86276.54624441458, 16831.461144505305, 10479.533535933067], "classical_tts": [23.241285193217482, 24.011768338953253, 22.513846969078518, 23.544652842111866, 21.79324940869198, 21.408096580535883, 20.632058261276814, 19.35390070983569, 20.500932294842443, 19.413012169714722, 19.24856666084084, 18.815972165715998, 17.755704274941227, 17.77450475444788, 17.580584399622033, 17.05534553111086, 17.706091944027364, 16.539837289630142, 16.585664434502526, 16.51402701719105, 16.509736033503874, 16.063715389674734, 16.86479232580077, 15.390900687131712, 16.316696336342403, 15.63405899684343, 14.36746606522932, 15.443734806622473, 15.763836815442906, 14.281132298509245, 15.260549952815056, 14.474695556315902, 14.015019875498137, 16.003023980048113, 13.83519216320017, 15.60120901312689, 14.83988174044874, 14.988124843466851, 14.508723989185173, 15.756746630311305, 14.000000000166734, 14.81180404089987, 14.66666666684134, 14.400282307462984, 13.93504453501454, 16.6435973368882, 14.540916036536913, 3.744978900934441], "initialization_stats": {"phis_precision": [97.45229254839906], "psis_precision": [93.17376321075525], "phi_angles_psi4": [-1.4946345856773127], "psi_angles_psi4": [2.5811839587457355], "phis_initial_rotation": [-1.5746731758117676], "psis_initial_rotation": [2.3667314052581787]}, "final_stats": {"q": {"step": 2, "value": 39.031716737453635}, "c": {"step": 49, "value": 3.744978900934441}}}