{"initial_step": 2, "final_step": 25, "quantum_tts": [425.1807925909403, 451.3475794304974, 382.9760494529691, 404.1358237941554, 266.69281408506924, 290.8577909985765, 472.74911055903993, 483.0427254637611, 1167.6624522393738, 1298.3563652999119, 2462.514599717993, 2427.2201187044166, 1689.5769887954832, 2969.5853760909667, 1431.0156116168596, 1606.30324199412, 1454.2393748353043, 824.977559880266, 987.5659132434935, 1227.3429595208088, 1426.9145817750668, 1782.7501387117654, 2621.0427304225536], "classical_tts": [207.01479545440563, 145.87573529726433, 138.1396340760181, 111.62343176041985, 94.13587162104035, 84.71930442769005, 78.35599275365009, 71.20883959751117, 70.31589821037068, 63.422758375892265, 61.64306923985953, 59.56618624307274, 60.174011818230376, 59.112105838748995, 56.9646464962026, 59.465532378761765, 61.06291311269631, 64.97285313267041, 66.10418775755885, 67.63956721655698, 69.85671136597416, 71.13994862061026, 72.06898118489826, 74.02702923287217, 78.34932758370202, 82.05222478338924, 85.93490163291678, 85.15405972349757, 90.27616792460361, 88.09720302805509, 95.28678944247405, 99.30378471706398, 98.45305767760244, 100.4362659364517, 104.6810461902456, 110.17535029286061, 112.99466120753239, 113.95935064659798, 114.38621830888113, 118.06365109807768, 122.63987143287123, 128.58120754227886, 127.58742765648218, 134.09095881716107, 137.84172570161135, 136.47658599961102, 145.97334476973842, 148.5955535565069], "initialization_stats": {"phis_precision": [32.37970527085845], "psis_precision": [58.71821685110648], "phi_angles_psi4": [2.5801230429979163], "psi_angles_psi4": [-2.6017795753816184], "phis_initial_rotation": [-1.5787080526351929], "psis_initial_rotation": [2.38450026512146]}, "final_stats": {"q": {"step": 6, "value": 266.69281408506924}, "c": {"step": 16, "value": 56.9646464962026}}}