{"initial_step": 2, "final_step": 25, "quantum_tts": [53.21906754830122, 63.931752420466154, 70.81051992957742, 90.48785388002509, 164.8991303007785, 374.60633092991117, 1586.0192794388859, 1735.8803284571695, 551.4957966820512, 341.0389354068089, 510.11986033891424, 1164.433451650068, 1432.3787523157653, 1791.974972168527, 2306.9908165596676, 1060.850790504446, 667.5184036176032, 525.7140292763473, 955.4494724430378, 4432.535870200983, 6274.827401132469, 7287.193235672045, 2173.1606420784437], "classical_tts": [32.66363239348184, 34.073945327931455, 33.72245015776036, 33.0362028221409, 29.74792825588039, 28.651457806114873, 29.60463598240021, 29.385543286853036, 30.092055974867872, 30.65998301103631, 30.969257410506895, 29.821573783318534, 31.360577004742183, 30.89902267875397, 33.36694585579899, 33.86223075430535, 35.87876949768141, 36.9704539969166, 37.331954920475226, 38.521144642112, 40.72334402732391, 43.865603964243824, 42.957039967018574, 45.92263171537373, 46.471351719516065, 47.8186298124578, 50.43456578951063, 51.143614504979055, 54.99176095348197, 55.995270177901375, 58.904251554250706, 58.19790616083824, 61.45727066637911, 62.38166433272386, 62.77368250624209, 65.20610459091783, 67.72866413267161, 70.10026986747201, 69.00934767874449, 69.7825479134422, 72.09950059073051, 74.55516667651061, 77.8716803856999, 77.5802878536281, 79.02241580377951, 81.72230795186246, 83.99534066225684, 86.5983798483704], "initialization_stats": {"phis_precision": [68.28270975278933], "psis_precision": [70.32322016229769], "phi_angles_psi4": [-2.5265337703537245], "psi_angles_psi4": [1.5241109530932357], "phis_initial_rotation": [-1.530105710029602], "psis_initial_rotation": [2.456434488296509]}, "final_stats": {"q": {"step": 2, "value": 53.21906754830122}, "c": {"step": 7, "value": 28.651457806114873}}}