{"initial_step": 2, "final_step": 25, "quantum_tts": [1859.8726789113284, 2005.048541354874, 2085.8834436129537, 2011.702085005667, 1928.838513131846, 1983.1338616217608, 1591.6727804982577, 1423.094995336999, 1555.713328540238, 1340.999086063802, 1021.2546088975132, 1102.759982160935, 1093.837730663408, 866.4686059115193, 713.2029929295031, 728.559118247651, 844.3557692059752, 834.2494755529127, 952.534302834365, 1183.245885407004, 1415.5109539210391, 1751.3727012352008, 2224.322356945416], "classical_tts": [1021.0668365132741, 933.1866448316525, 805.0863016441583, 691.9806334973272, 556.9620771863376, 501.56089241947234, 444.15813905388734, 384.274113732739, 362.7693706612873, 304.75832571140444, 321.9263486887519, 294.17069255742615, 248.579397795537, 248.0128081984927, 235.1769259696507, 212.8280912381847, 209.49375754015682, 198.55727400095603, 196.15381710708868, 196.89759120185064, 189.6815087831601, 191.71004186008227, 188.69644143262727, 185.6335951308253, 178.08491565913286, 181.99034594997215, 189.51084135561538, 184.3461288330952, 187.80866873248812, 194.45067195023483, 199.44728538370748, 193.32588978276286, 191.5438842862885, 197.90566030849433, 206.60040233422933, 210.18311559766445, 216.56443331344897, 210.9013483649411, 223.59351194239514, 224.02729424994823, 235.7443791103446, 236.87979470714632, 241.83910738447307, 249.1410156093899, 246.86636747256168, 267.85600962452895, 261.9205202549648, 270.7932439652862], "initialization_stats": {"phis_precision": [3.6561311085829273], "psis_precision": [67.12967637818517], "phi_angles_psi4": [1.5708134759948975], "psi_angles_psi4": [-2.6404247826789864], "phis_initial_rotation": [-1.4559184312820435], "psis_initial_rotation": [2.6101088523864746]}, "final_stats": {"q": {"step": 16, "value": 713.2029929295031}, "c": {"step": 26, "value": 178.08491565913286}}}