{"initial_step": 2, "final_step": 25, "quantum_tts": [469.0860814264606, 511.2913245231864, 529.1320007731198, 513.8749192833528, 490.7041908569672, 495.26061524991434, 451.09589567935933, 405.28362682267004, 376.3321064058062, 397.9079894806586, 386.82558943960373, 395.9499875600075, 422.3299550469116, 375.72258887353735, 370.53414028139696, 496.1914366178782, 592.8811058628283, 560.7371096017417, 624.0543816064117, 776.5082274056487, 1098.4020127086746, 1434.3670905125541, 1569.7132343263734], "classical_tts": [243.29922764417663, 174.7880253363801, 205.88256053697955, 186.06626822872352, 144.3849552418767, 138.31260460531888, 125.76255413800203, 115.88400230264111, 110.89347607343956, 92.29240322365364, 99.48816421517205, 88.7651464836783, 86.45263276230084, 79.11415609462264, 71.53648601257743, 77.8942435486303, 66.2626563842199, 63.80443532743222, 59.721412226628274, 58.492246589395855, 56.621901188794176, 58.19335707589073, 55.770693889401144, 58.29221671600347, 53.81527105304295, 53.81815424651639, 54.85968292954378, 52.64041901433552, 53.507667862692514, 56.27079273946211, 49.21282880668508, 53.633398039467046, 56.26931987196703, 52.42962318586599, 55.15804440966219, 56.267147483530046, 61.087686866231635, 59.30861491507221, 62.90116608502365, 58.88570063372311, 60.79006391999643, 59.14728368516695, 64.91775239120764, 65.38358510667503, 64.03130908971116, 67.76484427346675, 71.63175440964281, 72.29476970839033], "initialization_stats": {"phis_precision": [67.61749752528472], "psis_precision": [61.53382143408952], "phi_angles_psi4": [-2.5641235943374006], "psi_angles_psi4": [-2.6001305374449513], "phis_initial_rotation": [-1.546797275543213], "psis_initial_rotation": [2.4746041297912598]}, "final_stats": {"q": {"step": 16, "value": 370.53414028139696}, "c": {"step": 32, "value": 49.21282880668508}}}