{"initial_step": 2, "final_step": 25, "quantum_tts": [467.8840451850022, 646.5560767182235, 720.7595217858499, 553.9551067156107, 657.770389642118, 1207.5467654934364, 2966.45374486437, 5312.070034126242, 1992.2539025245371, 1675.921616371588, 3350.649585087913, 3929.813275274307, 2498.2709498570002, 2041.885141747945, 1662.6455210277422, 1515.1331522424184, 2401.852800867187, 3239.1234275067636, 2892.1048966563308, 3771.706118963071, 4333.536101947526, 3948.2434842750868, 5974.95702818196], "classical_tts": [318.0515233937527, 260.9425691658367, 268.2674530111445, 218.83551315638752, 171.84125491729486, 160.36121946791852, 141.42441610168032, 130.82065700267168, 123.37645998551122, 108.76255174257857, 105.58704855136308, 104.65681361245964, 102.65451394444308, 97.12705075505778, 97.37724819159546, 96.61530268093512, 92.82903088394123, 96.67101438286386, 96.78376709285756, 95.55325845510401, 98.9244407381507, 100.53322031066162, 101.89194341145102, 99.97179360133252, 104.09119468978274, 105.10647148358716, 110.9376577802003, 109.59909292734928, 114.10888026666176, 113.99123375126591, 117.93238904349454, 116.92777098034219, 120.38231702890434, 121.98110949791402, 123.60069104390668, 129.1405889339843, 134.39639122803624, 134.78307123101524, 142.93846637335741, 140.3577925889134, 141.1435148563764, 145.60803010937897, 148.9402140601658, 149.54069293317346, 158.8588222407095, 154.39759428744253, 162.42129886503244, 162.89194898736477], "initialization_stats": {"phis_precision": [97.03653592553502, 23.748233336254476], "psis_precision": [26.484468827666575, 67.84463690553966], "phi_angles_psi4": [1.5708750043949777, -2.564153317394988], "psi_angles_psi4": [-2.640328001158329, -2.6404028940591564], "phis_initial_rotation": [1.477775034739813, -0.16863341765432782], "psis_initial_rotation": [1.3332987794637159, -1.6302123693484671]}, "final_stats": {"q": {"step": 2, "value": 467.8840451850022}, "c": {"step": 18, "value": 92.82903088394123}}}