{"initial_step": 2, "final_step": 25, "quantum_tts": [120.20962612195164, 149.1682063086855, 153.12179207298658, 205.1815653785923, 311.657183680224, 547.0762826838325, 1024.9939724388137, 2273.7323256299514, 846.4577893718033, 1023.5632913002884, 2218.9574455147103, 1816.6510257800505, 2018.6214030440542, 2517.1004500265367, 1442.5109797650261, 714.8918151060332, 528.8966864957804, 782.2673521912949, 903.0959534633298, 698.6285457357055, 656.2910718470962, 595.2038271197277, 632.8170352315174], "classical_tts": [63.93121505914402, 68.44381874835142, 59.1251614746769, 54.080780649327444, 48.75636345171149, 48.961593933693486, 45.86850344909037, 44.39348310023371, 42.40452886029489, 44.67449636037366, 41.82209468499739, 42.96772204241325, 44.10786523075946, 44.261166969430775, 45.97760095700999, 47.05736195567814, 48.371193389454255, 50.50048641740369, 51.863163339130026, 50.72762526713021, 53.68847396463987, 55.445552183170165, 55.01781163809126, 57.85807320865732, 60.954427525806686, 61.01794224964215, 63.40702328517841, 65.1823738933687, 67.5676897081424, 69.20562522477327, 71.87650157359695, 75.75237995737405, 75.59391578137601, 81.05636810239216, 78.63743731648273, 85.33948239051011, 84.60229447783355, 88.01729579782544, 85.90022106345147, 90.47796676409254, 95.95457005253313, 93.6089581873566, 96.57131109165034, 102.25102798627161, 99.66375436275857, 103.57763911420356, 104.2805512910507, 112.02310226356047], "initialization_stats": {"phis_precision": [67.33479032647647], "psis_precision": [69.3933317137779], "phi_angles_psi4": [-2.5265435207424933], "psi_angles_psi4": [1.5130992354923083], "phis_initial_rotation": [-1.500335693359375], "psis_initial_rotation": [2.4746360778808594]}, "final_stats": {"q": {"step": 2, "value": 120.20962612195164}, "c": {"step": 12, "value": 41.82209468499739}}}