{"initial_step": 2, "final_step": 25, "quantum_tts": [333.1006090614601, 338.9094445976839, 323.63442499054275, 264.05027230471, 273.196919072715, 354.5285894337604, 490.1410913191444, 621.9496700238526, 518.9522246048738, 481.65897116246043, 653.0770959058935, 1007.5601391823134, 1004.8095958355973, 852.5318735301643, 1173.1539247295445, 1933.3900029680242, 2032.9296208510768, 2429.2064847504057, 3829.220064743294, 6054.75022213414, 6692.09423292918, 3446.457903684388, 2672.3306906837224], "classical_tts": [287.780734336269, 285.86227625954433, 233.8200112563033, 206.90009307427633, 184.55560881827415, 160.58202706424663, 149.0574727221042, 134.9273396060091, 128.22390907242126, 119.49835236396355, 115.05132823564554, 106.76256128105486, 113.83150749911422, 101.68112359672935, 99.67484034597705, 101.30472202906213, 99.79275290368504, 103.72372383371719, 98.27411220688512, 100.0520071103806, 101.7223289589192, 100.53322031066162, 101.32871880487542, 105.30075314640071, 103.57033278065477, 105.18677516719255, 105.2232501259548, 108.69453797610701, 110.52030882254542, 113.48205155451777, 113.92929299240984, 115.68749038175659, 115.84501633284538, 118.04636192654036, 118.77354069412925, 124.61114906363349, 127.47042831473046, 131.72822666708115, 133.06900586531546, 134.92961686323963, 136.5437299331732, 136.10158093955923, 145.1676608483802, 145.77380522892622, 149.4943162120459, 147.81370912002197, 156.77914356812312, 154.43237722081344], "initialization_stats": {"phis_precision": [98.46536845831795, 14.060939168778274], "psis_precision": [44.4242997885572, 11.307721721651943], "phi_angles_psi4": [1.5709780337958965, -1.5708685744949595], "psi_angles_psi4": [-2.6403339054427915, -2.6403960229037677], "phis_initial_rotation": [1.6191899055690513, 1.1289866471427654], "psis_initial_rotation": [-0.8943717904190165, 0.14595407579023068]}, "final_stats": {"q": {"step": 5, "value": 264.05027230471}, "c": {"step": 20, "value": 98.27411220688512}}}