{"initial_step": 2, "final_step": 25, "quantum_tts": [571.4272782470287, 660.9018717989313, 622.4098580640838, 437.58439542048535, 378.03509219053416, 417.71438602772423, 488.452354827351, 533.9343237691721, 537.367024522922, 583.0551829423775, 675.6552031721556, 878.8205438426962, 991.3995491908621, 794.7515848664705, 1121.778971577727, 1397.7316320811665, 954.9271442154045, 966.059580874856, 1455.2230480909009, 2136.435623064546, 2340.9006798025953, 3442.150793921395, 6545.9303775255075], "classical_tts": [531.6268657752776, 399.9087501181309, 308.9154482542825, 234.04895938959544, 202.33955945272353, 161.91909655035315, 137.21593090483645, 123.91635669108261, 109.83448166808977, 95.83536539329992, 89.25125842280684, 83.71439690655183, 74.56513750301764, 71.79654889298175, 68.19802953367474, 64.80868808067856, 60.0976348498662, 59.33207236170718, 55.62995087504197, 54.624274868237066, 52.1231208913776, 50.87690382522886, 48.58273852740437, 47.072196416816766, 46.24282085620251, 45.49591920096636, 45.02843465696477, 44.0020369751771, 41.99077179770691, 41.137902339873904, 40.37853479816603, 40.19375569442734, 39.63780336006237, 39.64978121561157, 37.74772018647554, 37.820941693433525, 37.669490739533536, 37.443993286255896, 36.26273932163706, 35.42928391874504, 36.24448446081334, 34.90494486560108, 34.462512715039566, 33.97634761563864, 33.84787144094804, 33.16004129725706, 32.50757928911463, 32.964457030430935], "initialization_stats": {"phis_precision": [8.822632344762438, 95.63726993152096], "psis_precision": [60.632059351408564, 55.55277562000194], "phi_angles_psi4": [1.5708534688949276, -1.4656292156051838], "psi_angles_psi4": [-2.6402479591396975, -2.640173861951892], "phis_initial_rotation": [-1.2935680150985718, -1.328570008277893], "psis_initial_rotation": [2.4061570167541504, 2.2466607093811035]}, "final_stats": {"q": {"step": 6, "value": 378.03509219053416}, "c": {"step": 48, "value": 32.50757928911463}}}