{"initial_step": 2, "final_step": 25, "quantum_tts": [39.72752623104822, 52.09763979032813, 66.46988974627588, 74.68238786029227, 81.82404717005997, 98.06748351090155, 137.73463315877717, 245.1573146766898, 319.6750171829036, 354.5408337799839, 631.8602632510443, 1059.5463969145478, 1208.0265194793983, 1013.8970285266713, 1232.2248403895296, 4145.792798920343, 3460.252878097799, 6024.999470900408, 5993.881375539258, 3253.1801021485103, 3582.6023327471426, 5285.257858290692, 16109.687049047097], "classical_tts": [41.04819947323921, 44.552678098570425, 44.4232092462485, 47.31087927837856, 47.01266717632521, 45.46271556636026, 46.71271890952434, 42.593174177389436, 42.556134371152524, 44.62244824110897, 42.42534419709168, 42.067237682980036, 41.96654855104591, 40.797535359478566, 40.001945062520456, 39.949742773055874, 41.249340281994705, 40.955756718033705, 41.495510032822594, 41.67198703560136, 41.78434103083134, 40.461954478470524, 40.775359844259846, 41.62901915066577, 42.25661663714904, 43.10355437315622, 43.30257742123084, 43.952457081887715, 43.80731517354424, 44.83425586996463, 45.03727677061096, 45.71788200194048, 47.62701898057825, 47.1684381266803, 48.86922895110317, 48.37946516711265, 49.33846101767564, 52.050306784766654, 51.59043834189891, 53.34414919127348, 54.87187451719937, 54.62767485153178, 56.60740047451077, 56.90294575560342, 58.21679347588178, 59.70931902376729, 60.05357784769808, 61.72458347119512], "initialization_stats": {"phis_precision": [97.52187451767647, 98.99069171353682], "psis_precision": [97.2639046195319, 82.93252808560037], "phi_angles_psi4": [-1.515288113221693, -1.5018352317513564], "psi_angles_psi4": [2.568302552522683, 3.023572617354488], "phis_initial_rotation": [-1.593140721321106, -1.533543586730957], "psis_initial_rotation": [2.4823455810546875, 2.487382173538208]}, "final_stats": {"q": {"step": 2, "value": 39.72752623104822}, "c": {"step": 17, "value": 39.949742773055874}}}