{"initial_step": 2, "final_step": 25, "quantum_tts": [490.05650664015303, 521.3634615895894, 570.2175743980227, 685.7960333461266, 737.2962138001888, 763.2767923734325, 855.3121701174776, 901.4521423688834, 1027.9354139917816, 1072.4769673705464, 1160.1841389830602, 1574.127578106019, 1479.17802853723, 2101.1473804099796, 3626.7942444536866, 3314.6333268822314, 3512.743706265029, 8528.271800746088, 14407.15488716483, 9063.648195631977, 13108.896690886413, 15743.24792681307, 16054.154774079629], "classical_tts": [304.7029605887723, 317.82455428807884, 283.1930044061946, 286.5967555091442, 269.3434048821291, 245.6811164740174, 208.65037669893647, 198.78428381938645, 189.3529327430196, 171.90399729059757, 159.84032427297421, 156.3412912191463, 141.87569909941683, 131.90195280383813, 122.83591923684718, 116.44013716174072, 108.44883109154418, 107.33546572738865, 106.8069615543041, 99.67546042289051, 96.04638730615882, 92.18747054153755, 93.03674695957079, 89.50180140709135, 85.19687410946858, 84.3438829355945, 83.81542143693159, 83.47940014883444, 82.18745754801898, 83.82309676786502, 82.38728637439844, 80.45052765841785, 84.28298267410965, 84.51728725907643, 86.22537430105356, 85.28150784687581, 84.31513480391774, 85.04573638474965, 86.75268539451343, 87.09280494259752, 89.76605355440351, 89.67366698744486, 89.65001248372596, 93.10998506834811, 94.2397704209525, 95.01083768463714, 98.26986882640091, 100.0085851130814], "initialization_stats": {"phis_precision": [97.848351268009], "psis_precision": [52.48520412296962], "phi_angles_psi4": [-2.5265435207424933], "psi_angles_psi4": [1.5130992354923083], "phis_initial_rotation": [-2.458947482247206], "psis_initial_rotation": [3.005820572133281]}, "final_stats": {"q": {"step": 2, "value": 490.05650664015303}, "c": {"step": 33, "value": 80.45052765841785}}}