{"initial_step": 2, "final_step": 25, "quantum_tts": [77.75808319538544, 112.37749112903813, 125.36619848916168, 99.01697553699648, 98.97418615777005, 118.10540101551979, 145.71514240066654, 209.82764770729506, 292.2106808735272, 387.59020529701894, 626.8558449957256, 964.5254364892144, 1127.4792355124832, 912.4687800508149, 1160.4757040802383, 2275.490660817405, 3996.463072672849, 8187.198275449387, 3025.8834389905733, 1796.0869554780174, 1997.4911242991095, 3234.9285216753897, 6758.695046341339], "classical_tts": [66.53321228494131, 80.73779532500362, 70.1749379734581, 72.61100625168008, 62.74666543768895, 61.70729367121185, 59.53359597246772, 54.09471333448561, 52.25558757316108, 50.54752916574958, 49.405327503291964, 46.730755057149054, 44.980414533057456, 43.04411397276393, 42.10591150700694, 41.14912488788736, 39.99310377844094, 38.36915370650239, 38.42218047315726, 37.7728274612995, 36.84511343265499, 35.13455092420863, 35.57191187429646, 35.22679299948738, 33.58978153538253, 33.53458572615705, 33.29828379082336, 33.4848964730001, 32.83568412074732, 32.288626368724685, 31.878326812590267, 30.455558354738507, 30.630675146772468, 29.999310408869782, 30.62399633667301, 30.011904166989144, 28.98742582045686, 29.395168699356514, 29.24412989285145, 29.271854752285765, 28.537916460516197, 28.601526394515673, 28.40576123142112, 27.664588917893873, 27.709976379947026, 27.8831463622839, 28.02497019760343, 27.889050165986227], "initialization_stats": {"phis_precision": [99.9736427869361, 97.93878440301674], "psis_precision": [66.52160848914554, 99.71745729171018], "phi_angles_psi4": [-1.511393197974324, -1.5018626103009003], "psi_angles_psi4": [-2.6204803873824294, 2.492508155721956], "phis_initial_rotation": [-1.510565161705017, -1.5666176080703735], "psis_initial_rotation": [2.610950231552124, 2.5013844966888428]}, "final_stats": {"q": {"step": 2, "value": 77.75808319538544}, "c": {"step": 45, "value": 27.664588917893873}}}