{"initial_step": 2, "final_step": 25, "quantum_tts": [348.6134965115336, 413.7683588989544, 414.318086935554, 305.2256459821722, 276.91152403220826, 293.9106457032107, 331.7779665702593, 390.12625908277704, 454.741676712737, 637.8906969826099, 972.3509593555088, 1207.2462668073847, 1139.0254002469335, 1052.3621574268698, 1336.9511983351072, 1454.3096603124293, 1614.2204558158257, 2071.192776799385, 2333.60795207218, 2416.6548097749837, 2439.168062518959, 3076.4988639178714, 4511.709747434379], "classical_tts": [329.5962104595224, 301.84809933615395, 279.8588483011733, 242.45513448140463, 208.88345647864438, 190.50955301536771, 171.8864937385762, 151.14422464063608, 147.53617656207206, 143.06977149287601, 131.80137800170772, 124.39192411683408, 122.65180924473685, 125.10290139335717, 119.59350752544404, 116.92659525259481, 119.23318776604769, 117.67202898246036, 113.35024009718776, 119.62490417550487, 117.54009761230571, 116.26430180616117, 117.17868280901865, 119.20949648009214, 119.87049224407018, 123.35910017764371, 126.67665034169431, 123.31489050063738, 131.55283814816391, 131.6626163146991, 135.37246520643112, 137.25604030307886, 138.1384920194144, 146.26306349395833, 144.51674585874144, 146.48349034212507, 151.43039059391597, 151.30002484617245, 154.06106280367413, 159.48431181839922, 161.7026363499864, 169.3247216530504, 169.9836653609873, 170.32450380117086, 176.03038867903828, 174.57988739910556, 182.16049152207626, 186.80151270313232], "initialization_stats": {"phis_precision": [54.365798914368945, 5.443147392253634], "psis_precision": [92.7348353052386, 16.4548491609821], "phi_angles_psi4": [-1.385694098666425, -1.3856865179633286], "psi_angles_psi4": [2.5631574542466224, 2.630315795292456], "phis_initial_rotation": [-2.819334807497004, 1.5849046170273597], "psis_initial_rotation": [2.334915573924799, 0.0056674741033582166]}, "final_stats": {"q": {"step": 6, "value": 276.91152403220826}, "c": {"step": 20, "value": 113.35024009718776}}}