{"initial_step": 2, "final_step": 25, "quantum_tts": [101.01272387558112, 108.89816285860087, 120.60610382477613, 172.5948815983077, 244.45418926786215, 353.6046694425647, 678.1897279050314, 1905.1517960961469, 727.4070428052987, 763.8431126052944, 1977.4139267032026, 2194.9751630685832, 2573.778706526978, 2483.1886437014714, 1605.3507901378005, 688.6524155394777, 451.92619971270216, 548.8684033602735, 593.1938322458429, 479.8387725464203, 427.2637680243376, 371.98507233562947, 420.5519310117571], "classical_tts": [59.899943162377475, 54.89023341443537, 50.65589693820707, 46.57706711665023, 45.575562261580835, 44.51940896193723, 44.78023059704037, 40.63444119521746, 38.958064876736344, 38.19683180628361, 37.486170193597104, 37.53914126652842, 37.544555116930056, 39.08416547695229, 38.41372109166893, 39.61177722075023, 39.53333292709465, 40.6638374887996, 41.11423865483819, 41.57181213755037, 42.74886600672645, 44.90829025197897, 46.92547389212259, 47.680004308960676, 47.22793794398743, 49.80464558800283, 53.51264572571975, 52.89909239611507, 55.842235987259556, 53.90194779803694, 59.89755868417296, 58.32135785706578, 60.42877355515442, 61.89967309849204, 62.02006854236914, 64.33458285572151, 66.21413696217867, 69.55996822150853, 71.59506661169763, 71.6444383059656, 74.91073500777841, 77.39870832486733, 77.4328480404909, 79.97925911711614, 79.92678334054047, 82.24543773179315, 86.15607480713373, 85.13939964535832], "initialization_stats": {"phis_precision": [65.41866717938053], "psis_precision": [67.41842520452346], "phi_angles_psi4": [-2.526485730943371], "psi_angles_psi4": [-2.6403019589286636], "phis_initial_rotation": [-1.4400811195373535], "psis_initial_rotation": [2.619302988052368]}, "final_stats": {"q": {"step": 2, "value": 101.01272387558112}, "c": {"step": 12, "value": 37.486170193597104}}}