{"initial_step": 2, "final_step": 25, "quantum_tts": [145.30659583886904, 158.41733636352086, 165.62280150499444, 169.85954449982418, 148.7332680773911, 145.44412994797776, 141.50596050283778, 103.93854401993326, 115.95708205756242, 235.30539156564217, 487.46057949642085, 483.1573344989716, 670.8661371124916, 1378.4149946479824, 1949.684210901375, 1132.6553558958294, 693.5520092432192, 668.7181582771435, 840.4023114267135, 1677.3622932973421, 3298.301652971877, 2101.376666225109, 3211.443649701938], "classical_tts": [81.40607340813256, 82.0426173207181, 64.92939662345668, 62.49438295866074, 57.908580564214795, 53.171489305177644, 45.74079226764602, 44.736774238097965, 38.66207604414243, 39.68819592687254, 36.51903940572986, 35.32136716371807, 35.47043067848966, 36.555978594742264, 36.405371414829915, 34.99494810632341, 37.82080043653545, 37.27753953616399, 37.488067342763586, 39.49947249636293, 41.008031347303806, 40.90711075741989, 41.700930438542855, 44.4016081937952, 44.79227172504438, 46.58130968315253, 47.92942550690929, 49.42898983940525, 51.27971502827902, 52.46122421014687, 55.128949815439235, 54.1814187369465, 56.63586822133665, 56.100579417517054, 59.064179898742715, 62.61500954114304, 63.572937877189865, 66.61605625430684, 66.00808890909087, 69.33450909175579, 70.11328896182916, 72.0931522164063, 73.29347652172979, 75.44632208693682, 76.95671427238773, 80.16630449532242, 81.2884837411207, 81.5634809370171], "initialization_stats": {"phis_precision": [93.16212288929803], "psis_precision": [23.060522109790515], "phi_angles_psi4": [1.9959093756563866], "psi_angles_psi4": [-2.640326184228101], "phis_initial_rotation": [2.210727620627698], "psis_initial_rotation": [1.2257341378423208]}, "final_stats": {"q": {"step": 9, "value": 103.93854401993326}, "c": {"step": 17, "value": 34.99494810632341}}}