{"initial_step": 2, "final_step": 25, "quantum_tts": [227.68105945684198, 223.54774805376843, 212.21591198440376, 238.85236066266566, 196.32462754919504, 192.96500761907598, 256.2277763637817, 260.0206997310124, 581.4958118100501, 1576.9395531964483, 2073.5936104275142, 1727.1536106814574, 1407.4364723144704, 3050.757198298143, 3862.7113876701155, 2785.0293090372516, 1551.6358529368329, 885.591663833013, 1087.9553371318773, 1582.1289024036691, 1681.581324456862, 2664.4090647904513, 3592.801635733506], "classical_tts": [110.69176072787192, 107.47708332239038, 78.09390541347246, 74.46472495907736, 62.43725491001801, 54.32037821787345, 50.32917336880934, 44.4694198218466, 43.36087094065172, 38.477697421551724, 35.6325889404073, 34.246245632254166, 31.91971265261614, 31.08974426234933, 29.144877569788708, 28.25676156675579, 27.414309462688916, 25.740283286878867, 24.808356254709235, 24.169525710157206, 24.05604542174987, 22.574222679334294, 22.23013125376538, 21.14872706994612, 21.436334910037125, 20.89088281675217, 20.715575321455404, 20.785042224876193, 19.463303923130074, 20.45259399237847, 19.013870571014774, 19.108294329475303, 18.714942272421176, 17.86984033748731, 18.65321571712893, 17.869379982060508, 17.240440765075117, 15.879918786204318, 16.48825867705663, 17.647263473291613, 17.515033674013857, 16.52536841715576, 15.581240060065548, 14.400282307462984, 14.720288580962162, 17.414050517346627, 16.000000000190553, 14.843851787298098], "initialization_stats": {"phis_precision": [28.14390400773653], "psis_precision": [82.71654701448476], "phi_angles_psi4": [2.5582163491776195], "psi_angles_psi4": [-3.13370422391806], "phis_initial_rotation": [-1.467543125152588], "psis_initial_rotation": [2.6065053939819336]}, "final_stats": {"q": {"step": 7, "value": 192.96500761907598}, "c": {"step": 45, "value": 14.400282307462984}}}