{"initial_step": 2, "final_step": 25, "quantum_tts": [488.86286876113104, 547.8681799788757, 620.5979056610063, 697.1923168782223, 849.5851100801208, 998.9630692119276, 932.6764358424947, 910.0280450072058, 900.9050648433283, 852.2899144522988, 766.1346296757548, 868.4518590736388, 1028.0005973959037, 1030.083540435212, 983.6394177038786, 950.62939351622, 1310.2775944120194, 1929.9390203950572, 2178.662787992559, 2387.7682347384007, 2815.35945716886, 3717.480390807229, 4402.57616535208], "classical_tts": [326.6327318333251, 341.9222567755482, 307.5867752466029, 255.11640018591066, 216.75183213820256, 232.8662429972946, 188.9784734841515, 183.80023569470612, 167.2383311675065, 154.17357680736433, 144.54356588601766, 139.39370568994676, 128.49856712803515, 123.18757070890945, 113.7077882144547, 111.13474706859137, 107.21277610181603, 105.7704370380201, 98.02329533642845, 96.34109462357996, 93.28996349265289, 94.21397399829704, 93.14321646326115, 89.66747639861464, 90.01969019037702, 91.06433634333114, 89.32119030396657, 92.44531650224579, 91.91086874642303, 91.05854581303845, 93.57036955970786, 91.91638749762558, 94.8983550773511, 98.46996561882204, 98.15037937301778, 97.63728061861582, 100.03581676427916, 102.84443679437845, 104.68936798105078, 106.42866294753641, 104.64779284565321, 115.07799142745759, 111.21251499402466, 117.81588103798903, 118.06798772091574, 124.15336309566455, 119.43455353901666, 122.84055441526158], "initialization_stats": {"phis_precision": [21.545035518252153], "psis_precision": [11.79796478793953], "phi_angles_psi4": [2.5307920507564523], "psi_angles_psi4": [-1.5085147862884132], "phis_initial_rotation": [0.06605665022138041], "psis_initial_rotation": [1.2624338722503614]}, "final_stats": {"q": {"step": 2, "value": 488.86286876113104}, "c": {"step": 28, "value": 89.32119030396657}}}