{"initial_step": 2, "final_step": 25, "quantum_tts": [381.79542901547234, 443.77427935598564, 394.8251605115982, 311.7941233043233, 366.1841942196101, 465.939515404399, 535.6251627534208, 629.2084304917362, 440.9990323937775, 330.5666058806776, 386.04087012036985, 572.2471252269838, 716.3110931755629, 722.3318057928127, 867.8943479044582, 746.8195826437867, 600.8572418409851, 818.8978241923874, 1466.7995423844695, 3015.6100586768403, 3403.5977665090995, 2196.236499923818, 2101.4117892945605], "classical_tts": [362.45849437902797, 255.97679589768427, 222.77891047448747, 185.66721739725082, 134.8537585241777, 137.81420831925206, 103.78825953633522, 91.39508194505305, 84.8670552579864, 73.87776379061839, 67.29371649094423, 63.069338364531546, 55.76864072804487, 50.390156056331215, 49.175018002370855, 47.073611806045776, 43.971808873375736, 42.38752159530307, 39.61944087784789, 39.636843935474005, 37.39078317708351, 36.2483285616617, 35.47723853790104, 34.64848768369536, 33.92619711466789, 32.38217782558366, 31.362357383121186, 30.982566603056625, 30.617057138224904, 29.967744597120497, 29.154807713877513, 28.784411315416413, 28.64154877846681, 28.389639076881622, 27.854510422302184, 27.075847719023805, 27.961285103391862, 27.013969353476334, 27.029874057058215, 27.396348467850576, 25.893054218149018, 26.284931887141845, 24.546718665563553, 25.475984522032935, 25.270495706330912, 25.083975153869538, 25.39342936434965, 24.89089235124105], "initialization_stats": {"phis_precision": [34.179478757084716, 60.7126629653941], "psis_precision": [52.86578604725043, 84.87806198490237], "phi_angles_psi4": [-1.5706998662947471, -2.5417641924632437], "psi_angles_psi4": [2.0233704221250455, 2.6041066333872416], "phis_initial_rotation": [0.4971127936271884, 2.5071730206461016], "psis_initial_rotation": [0.54260541925817, 2.129036939624532]}, "final_stats": {"q": {"step": 5, "value": 311.7941233043233}, "c": {"step": 44, "value": 24.546718665563553}}}