{"initial_step": 2, "final_step": 25, "quantum_tts": [578.5695375119752, 617.5547998456555, 630.3545493766549, 603.6908054700979, 551.9464113336238, 541.0196625518446, 533.1065467418687, 504.0003254955417, 464.60317000786654, 490.36729220171327, 473.075505336054, 471.71318902424315, 513.3579106995626, 460.63677808695115, 444.7859787739949, 498.32785916298815, 623.772021630248, 677.8240623140399, 811.501699844967, 1225.3254413716081, 1565.5355003054863, 1736.1815041193759, 1748.1094967377971], "classical_tts": [315.28975347005877, 323.528164375585, 296.11676525689705, 284.7517628613339, 267.28605056014385, 227.57666209908754, 208.97354356143927, 196.1718387643137, 166.7171125075865, 164.2873930989997, 154.9003460472498, 140.7122459215028, 139.55862950587954, 127.60894680184502, 121.80679526987613, 118.09560086285909, 113.46406905984931, 111.20403686466332, 104.0978818243613, 98.51759959255804, 97.72642398346906, 97.29895936712236, 94.43435216552449, 91.99709860752185, 90.15142657490733, 89.85399726667747, 87.31290781849486, 85.9314606529481, 87.7834557511467, 86.58482576070351, 87.45540712885865, 89.53857573277865, 88.65144529552232, 90.01873798713159, 91.36547020598398, 91.06601279879217, 92.04300307090557, 93.22044007058953, 96.82147032444085, 98.9722928071834, 98.83363162946435, 100.50139341448093, 102.94353017969894, 103.40405209571587, 104.06253454000228, 107.30478476755886, 109.77421073216442, 107.58191464292517], "initialization_stats": {"phis_precision": [10.551608419531123], "psis_precision": [23.98686173276672], "phi_angles_psi4": [-1.4946345856773127], "psi_angles_psi4": [2.5811839587457355], "phis_initial_rotation": [1.315469512968929], "psis_initial_rotation": [-1.313978180867398]}, "final_stats": {"q": {"step": 16, "value": 444.7859787739949}, "c": {"step": 29, "value": 85.9314606529481}}}