{"initial_step": 2, "final_step": 25, "quantum_tts": [292.20966127228525, 257.7736834532608, 218.45953369509328, 260.1962934709244, 208.80557991895466, 222.24135985854113, 339.18868182763504, 351.771796450232, 624.0001368271164, 1271.3526538566628, 2357.869207328081, 2473.9461839284754, 1669.7736665620673, 3898.385648071082, 2333.0660732675487, 1796.317768361278, 1493.7425362691417, 821.6438932145905, 751.2858914525075, 1001.0757795491124, 1542.2570414940967, 2212.3281430053785, 2245.0253167175238], "classical_tts": [195.76022306895896, 153.51465882725682, 138.1396340760181, 121.01646978332934, 97.79120948164632, 89.68202444734493, 79.7477882890701, 78.50746494749785, 70.9160008786685, 65.05384370929164, 67.10879529579034, 63.90540685039607, 64.3067388255942, 63.7077175716258, 62.95623477701365, 62.3017393189943, 62.77912411644797, 66.36406964054527, 66.58254139352393, 67.39838244839956, 69.36162284126763, 74.18743263045101, 75.13197907669596, 75.17733270303019, 77.31213661568005, 79.55879707862788, 84.55424838405885, 90.97789112129463, 87.234205158538, 93.48215760493878, 93.57036955970946, 97.98961958612009, 101.1713196320956, 106.21438712785633, 109.24908390293794, 110.17535029286061, 114.83288057043754, 113.80047771262491, 113.752705178917, 119.80341991052609, 118.94432634078588, 123.13614813732248, 131.94114655181554, 129.13234191829505, 129.91167631150546, 136.76220936175724, 138.99255201543875, 147.2441595780613], "initialization_stats": {"phis_precision": [29.34891928195058], "psis_precision": [57.62881505304564], "phi_angles_psi4": [2.5308350215445605], "psi_angles_psi4": [-2.601582346553618], "phis_initial_rotation": [-1.5327811241149902], "psis_initial_rotation": [2.350472927093506]}, "final_stats": {"q": {"step": 6, "value": 208.80557991895466}, "c": {"step": 17, "value": 62.3017393189943}}}