{"initial_step": 2, "final_step": 25, "quantum_tts": [570.4443168078141, 615.2247611670164, 630.1263326390255, 606.0213547401623, 585.4390015987855, 562.2909086490936, 469.75545548434457, 442.9042584451895, 514.6838305514561, 525.1059530698354, 429.6246687184461, 385.0292500774912, 391.7117841837958, 382.04525653425867, 428.78005863933197, 563.2751495132989, 928.501298839145, 1243.5376552764872, 1431.4766516079546, 2105.7403944488256, 2610.9663967669276, 2858.745093579552, 3983.4328041534827], "classical_tts": [358.8823089755334, 308.74817115054475, 315.73210538426673, 270.78954602713856, 233.29381873243628, 207.1031481375255, 199.97419497200772, 177.18969641046695, 172.437735257408, 156.55720470274466, 155.1602304166965, 140.30417567871763, 137.86436951949858, 129.724666991352, 125.29560434433756, 120.30079488470152, 112.24404451251007, 106.06110727782712, 104.23536283550838, 99.88438728689813, 102.82353917285849, 100.01005198698077, 97.77538367027967, 95.37910019947785, 95.07213981345257, 94.03080755190594, 93.92557875822244, 94.72073257240773, 92.56198306211412, 94.57371025457462, 94.58903359763784, 92.52231297679518, 98.52164254318826, 97.62195987914058, 96.2451514853592, 97.87189987290948, 99.79615536582752, 101.68842254486383, 103.08977798219082, 105.48657102842199, 104.04335740062135, 107.10289871310385, 113.98192624847546, 115.18601154799553, 117.1440169541036, 117.70619066162911, 118.58309998671865, 123.05017963083559], "initialization_stats": {"phis_precision": [61.98043785075824], "psis_precision": [54.00100360849458], "phi_angles_psi4": [-1.4946228033161004], "psi_angles_psi4": [1.5243986496296744], "phis_initial_rotation": [-2.689042574723685], "psis_initial_rotation": [2.9694997409902424]}, "final_stats": {"q": {"step": 15, "value": 382.04525653425867}, "c": {"step": 33, "value": 92.52231297679518}}}