{"initial_step": 2, "final_step": 25, "quantum_tts": [38.52742174919247, 43.45540557315179, 47.44983494217764, 60.475712306335154, 99.05494669690924, 199.07331293312797, 576.3373037874821, 914.8410321912954, 433.46305529052336, 264.3908459946908, 305.3322791615969, 456.462445593623, 431.55330739184205, 516.305051264291, 797.6831723516561, 847.5791977078699, 713.2992366037628, 439.643153468543, 453.2140704151971, 534.4596994847933, 448.81412058468374, 577.5259093910319, 911.4122947934243], "classical_tts": [27.683655393672634, 26.998135137817314, 26.428962257712723, 28.246175191416633, 26.438088052778006, 27.480079532131096, 26.923441865291892, 27.975566911071564, 27.301583482805142, 27.850607756450128, 28.888783981055425, 29.0414521420538, 30.22935109701752, 30.458000336558186, 31.36999509757401, 34.613789079829616, 33.99802527643513, 36.011497513176685, 35.94885634229334, 39.22583584746941, 39.73857883593001, 41.10927267495652, 43.01750825255647, 44.46425082328249, 45.143946062449054, 46.780461947549966, 49.345160230964844, 53.531217927322494, 52.981988239785316, 54.67076033290865, 58.863135767968714, 59.77533880078288, 60.25855449127312, 61.594310941299575, 63.21986901059862, 66.17886074178985, 65.00068076559698, 66.94953626282118, 67.35301552399251, 73.74694885303086, 73.18404611609222, 75.08605906029605, 78.367442147911, 79.47298235967797, 79.47374123719248, 83.005114908997, 85.37136158070238, 88.01282992905338], "initialization_stats": {"phis_precision": [68.98349608349442], "psis_precision": [96.16333051642177], "phi_angles_psi4": [-2.526347046736313], "psi_angles_psi4": [2.568298115398991], "phis_initial_rotation": [-1.551934838294983], "psis_initial_rotation": [2.447765588760376]}, "final_stats": {"q": {"step": 2, "value": 38.52742174919247}, "c": {"step": 4, "value": 26.428962257712723}}}