{"initial_step": 2, "final_step": 25, "quantum_tts": [197.7018312961667, 227.04935092276406, 240.41849289596342, 250.89719196889305, 253.40447720275483, 255.89580450089625, 249.93986824552414, 258.8470319458604, 285.8260870137148, 292.8456629307926, 278.80908295726806, 286.7561967661811, 304.0851347720875, 308.7093715191077, 332.58388076754636, 384.0891554452138, 512.518731045755, 606.9686672564663, 708.0644488800793, 950.9192379005017, 1263.8636544012982, 1551.136911668343, 2076.4911385095184], "classical_tts": [117.68683313656504, 118.50383223362516, 106.80024018254653, 98.08513079346298, 94.69605533966578, 90.6621976628697, 83.84014195980053, 80.08350063566218, 76.77244952302948, 72.56897078788265, 69.8062901332102, 67.19010656807664, 66.7573180288516, 64.65245415345063, 63.14980132642219, 62.7687957585627, 64.29854819464859, 62.55085260873406, 62.72111646055655, 63.393405920254594, 62.99988974467497, 60.65184734027447, 63.63707424535967, 63.77402299178063, 63.66635510861987, 65.9577133100636, 66.29343337349641, 67.02420675586289, 67.77467673543258, 67.83087031587358, 69.4257770451623, 72.45312618809245, 72.5440459564033, 74.98367174006552, 77.28386880710661, 78.08834323457957, 80.06215967482079, 83.58170458694106, 85.25872010641685, 86.05922446489589, 88.55015400330147, 90.04184017232957, 90.66813390802496, 95.4593908534196, 97.48094356169227, 98.14937960309508, 99.01220970807091, 100.76434585430476], "initialization_stats": {"phis_precision": [70.72298253846454], "psis_precision": [93.77099303665794], "phi_angles_psi4": [-2.5412670292063786], "psi_angles_psi4": [2.581330407918674], "phis_initial_rotation": [-1.62150239944458], "psis_initial_rotation": [2.3856403827667236]}, "final_stats": {"q": {"step": 2, "value": 197.7018312961667}, "c": {"step": 23, "value": 60.65184734027447}}}