{"initial_step": 2, "final_step": 25, "quantum_tts": [87.24045650324454, 116.07549886852496, 152.93754351304364, 179.8479781861888, 260.435266645997, 393.4348306417775, 352.2350819013173, 274.52018285692935, 229.3518280948746, 220.1585403017834, 251.46591578084661, 340.61193019472177, 567.5076772601993, 1239.677149009344, 2207.4221841416834, 2019.1741514927367, 2647.1078605388234, 2714.6521446771503, 2752.5812514942713, 4473.832874388356, 3597.526417274884, 3406.986697199365, 3363.8320069324577], "classical_tts": [71.35537202923584, 73.89013309686878, 79.13113816871343, 72.61100625168008, 71.591066086511, 66.23523098972998, 63.69900061459465, 61.548661600919345, 61.63184613652476, 60.90113714896198, 60.29383974183297, 57.28252411435493, 58.390250844906255, 56.860663392964796, 59.142841513238594, 58.516161040809706, 56.71011243954878, 57.65923872655055, 58.68594151031883, 58.129682415835305, 58.79628712457947, 60.361562696846725, 60.31059827357072, 61.38460586195277, 63.21293686554541, 63.643967992456034, 64.88917708975396, 67.25233592456348, 64.24982525789821, 66.95921597340379, 67.51283047692209, 68.9840211547387, 71.39054648555471, 74.75408052022247, 75.95193428653735, 75.36169834615515, 79.92569168699606, 82.39360487048788, 82.65134279501672, 81.41554617912558, 82.80110443152996, 85.94621187284051, 89.52728516544255, 90.65643812238955, 90.84307555340865, 91.13823028572284, 92.82063046588024, 97.40188387632999], "initialization_stats": {"phis_precision": [99.48117327542893, 66.74839108120302], "psis_precision": [87.81224577229129, 95.50718603942168], "phi_angles_psi4": [-1.5706998662947471, -2.5417641924632437], "psi_angles_psi4": [2.0233704221250455, 2.6041066333872416], "phis_initial_rotation": [-1.5544004440307617, -1.4971340894699097], "psis_initial_rotation": [2.4062600135803223, 2.462960720062256]}, "final_stats": {"q": {"step": 2, "value": 87.24045650324454}, "c": {"step": 18, "value": 56.71011243954878}}}