{"initial_step": 2, "final_step": 25, "quantum_tts": [131.41843782489227, 192.0097017427162, 246.68367528180073, 248.24760397776083, 288.1123637606, 502.83433792466195, 825.4192055799662, 844.9581876782462, 668.2859963943222, 726.7192814246259, 1231.100724471974, 1028.0331682713288, 1238.0066928094284, 3867.2935730786253, 5102.50491103857, 5186.9579367512115, 3456.972401936412, 1988.7882379011523, 1147.493872154324, 1229.3698338988956, 1458.1915951491078, 1573.462807051359, 2249.5942779664847], "classical_tts": [90.71167427374536, 81.25492410659166, 80.588058113318, 73.63020161080571, 69.93894793885701, 69.11886004698869, 66.48339722197512, 66.79137935832348, 60.743544404212805, 58.95410385549813, 59.039933595810766, 58.55071398661541, 57.035640474327366, 57.46656143424065, 58.988235662439216, 57.253771191396886, 58.602700508961775, 61.59302690936025, 62.83250016690967, 62.88361597458013, 66.81032815078187, 64.59692733067277, 69.35128083033096, 71.88996967603781, 73.58117334691687, 77.05000728755441, 76.28662186350414, 78.19971456789112, 79.41004119728481, 83.93851908817543, 88.63975193120308, 87.4709674632557, 92.0616015805795, 94.1844924176828, 96.74238677890851, 97.07012402292196, 101.55722321518846, 105.60007240125296, 106.75561571946552, 108.97473384808164, 114.42993279525619, 117.15445500466706, 119.13854322192641, 118.70734305612523, 124.98329919469471, 128.1407730703349, 126.10149873067658, 132.22144956093027], "initialization_stats": {"phis_precision": [43.26313797450544], "psis_precision": [43.372470698304646], "phi_angles_psi4": [-3.1295640233875726], "psi_angles_psi4": [3.0824347419034557], "phis_initial_rotation": [-1.3471229341172581], "psis_initial_rotation": [1.3034284414519872]}, "final_stats": {"q": {"step": 2, "value": 131.41843782489227}, "c": {"step": 14, "value": 57.035640474327366}}}