{"initial_step": 2, "final_step": 25, "quantum_tts": [615.6462078723315, 665.1472724863353, 674.5145282137446, 641.8700685957185, 572.3204350959143, 561.3537937733511, 554.7464667408129, 523.7662377797391, 519.6743919848822, 540.1934588459611, 490.59291689840245, 510.13744687223755, 576.0858473180895, 485.43167133301887, 485.99749943452605, 635.9770324797786, 743.3589858226926, 704.3912066812785, 734.1164288346073, 929.9718265763242, 1364.740657328308, 1631.3684809623594, 1675.9555699640182], "classical_tts": [299.66989029460353, 323.528164375585, 277.67865551759627, 275.006433606797, 239.73144610307747, 233.317767914416, 221.28073869263542, 195.91416948704313, 184.211979854485, 179.10135657767717, 165.95464888153384, 141.63820306425032, 144.869552801232, 134.22784796350788, 130.70537908670926, 123.30579587504891, 116.31898303017674, 106.54838444399503, 105.39213456752131, 104.11774889558633, 103.98623438892172, 95.25127747743304, 95.41937382548782, 96.21499375499751, 93.94773527058211, 90.17902418721908, 92.44595063671096, 91.59383134079714, 89.80223725385527, 88.74173953695069, 89.53256906850199, 91.22059559129997, 88.28811791432412, 91.50913768964482, 95.52112505175575, 92.75715333397302, 94.10240302896851, 96.4144270197235, 100.38063928109993, 100.91098715541835, 100.42538416841393, 102.36302255975704, 105.70960858953103, 105.78526480325375, 109.57911184898492, 105.53273583320265, 113.02952586600995, 113.17086346648226], "initialization_stats": {"phis_precision": [17.138266298783233], "psis_precision": [48.26420399539407], "phi_angles_psi4": [1.5708577495949352], "psi_angles_psi4": [-1.534278440995215], "phis_initial_rotation": [-2.1091494189900875], "psis_initial_rotation": [3.1235788996274696]}, "final_stats": {"q": {"step": 15, "value": 485.43167133301887}, "c": {"step": 34, "value": 88.28811791432412}}}