{"initial_step": 2, "final_step": 25, "quantum_tts": [579.553859245875, 624.8199032132147, 636.0610880128187, 613.5559894578533, 578.9996874904498, 565.8384785296425, 499.4243798634835, 450.67100020243913, 456.6231827573164, 430.20156812667153, 372.2979876046456, 394.9685846283878, 425.3355566896872, 360.0898573854559, 334.23492172145177, 389.6994256430104, 534.5816609721528, 590.0153739623207, 598.9779936277243, 764.1685546301544, 1109.5869184343055, 1479.5351066687954, 1559.8342362962646], "classical_tts": [389.62225651824116, 317.82455428807884, 298.592237306461, 247.92737192967934, 239.18183811135668, 211.13224090519867, 200.2721661724174, 187.5193932817426, 163.3181619674101, 150.65434545073677, 147.21946760842843, 134.9002741564185, 124.34087123439583, 118.34125570980139, 109.07942021943163, 108.06497207457305, 99.6110229317, 96.46145015413305, 91.90459848318108, 89.08480350668896, 89.10637150729313, 85.08148078235328, 83.55233790236153, 82.74937340353318, 79.6841831012807, 80.22947862839436, 78.17861231172665, 76.47406838556347, 77.21168343926556, 78.0075405429945, 75.4811797219504, 79.3901344881833, 78.68697956376457, 79.6638158302296, 79.20125572491423, 80.35556927467087, 80.94059037958534, 83.43944244318395, 82.56661635586335, 83.59474251252112, 86.8432633431344, 87.79268753969909, 90.20410209729101, 91.3740010096582, 94.43344106146806, 95.46776851687687, 97.63268307407242, 96.83422496050599], "initialization_stats": {"phis_precision": [38.114204190590684], "psis_precision": [72.92824286432602], "phi_angles_psi4": [-2.564113370113935], "psi_angles_psi4": [1.5004190792674215], "phis_initial_rotation": [1.7748723223016682], "psis_initial_rotation": [2.3509034126394264]}, "final_stats": {"q": {"step": 16, "value": 334.23492172145177}, "c": {"step": 32, "value": 75.4811797219504}}}