{"initial_step": 2, "final_step": 25, "quantum_tts": [163.15232042723235, 198.15372257287828, 255.81834720888588, 494.13570909279537, 335.73578251526317, 495.0672071371937, 486.93315266559574, 785.2932367695125, 888.2228769166919, 1410.6950393598618, 1191.8355774025695, 1652.141364452106, 1395.9547062070474, 1459.9226320563791, 1188.368062561299, 906.471882526245, 1068.3807132799277, 963.7431067822569, 883.1156549432059, 945.1078022731127, 1436.0625996947342, 1797.87201792205, 2104.9277166775473], "classical_tts": [120.48728562466026, 138.2148978800718, 188.2439872957052, 209.38565590923074, 212.311151483125, 283.5948550648884, 311.0584249765817, 326.49243359515856, 338.55963923011495, 420.1732728926145, 406.2715670761379, 448.9538107470588, 493.3694974753367, 488.58982224025306, 573.2111110527487, 596.6541400083279, 602.295192088753, 766.1896557124333, 734.786351519437, 708.1884580845324, 844.0641017099404, 817.2096998982586, 859.8166665791231, 820.5435762256374, 975.9320109128665, 1064.1154746941343, 955.4837991234385, 1021.9796733417688, 1074.7708332239038, 1124.5850490499906, 1050.2957775688158, 1415.931821914648, 1281.772259365264, 1385.6943411001293, 1322.6154327349864, 1293.3368654851179, 1367.046050175861, 1572.7050827781525, 1427.1074405847166, 1433.1570671591846, 1468.1121175777014, 1467.3501200824235, 1673.3212376034921, 1711.3512657308443, 1804.749115974771, 1656.3118843814875, 1801.7206355314459, 1652.4397355305755], "initialization_stats": {"phis_precision": [90.16853416879196], "psis_precision": [13.668828788395937], "phi_angles_psi4": [-1.5018168587694598], "psi_angles_psi4": [2.581223687401196], "phis_initial_rotation": [-1.8106814670628821], "psis_initial_rotation": [-0.9897878872366106]}, "final_stats": {"q": {"step": 2, "value": 163.15232042723235}, "c": {"step": 2, "value": 120.48728562466026}}}