{"initial_step": 2, "final_step": 25, "quantum_tts": [152.13862911149158, 168.46892781066617, 148.93132048984182, 145.12001038083804, 160.11527174682567, 223.16363027432274, 304.8598520115723, 255.55134877924561, 224.30216799535597, 305.7147016019621, 492.82785940958183, 513.0280931858504, 371.52647449966713, 270.5493541376226, 216.68439018949718, 275.86678659682, 374.3190680130611, 389.29992334055, 434.99983502492864, 539.5479874672543, 791.8543954882821, 1437.1852917979527, 1957.018797269921], "classical_tts": [123.85219200382755, 146.68760827535306, 148.8530145829788, 158.64428208192297, 177.20930470995884, 177.08418135655955, 180.53698597113402, 186.3419895929036, 181.3323819922388, 212.22558974675582, 203.43894448180683, 219.00630415226965, 235.85294293321348, 241.03574815698536, 246.1657812315527, 260.0369732219958, 255.9520146116882, 269.1939757545954, 295.62580737338453, 300.7934600544121, 320.3761411132209, 336.18352390396143, 355.41741495367853, 358.08745244572873, 370.38069970690907, 378.4260521635227, 395.9901654289357, 381.6829081202838, 438.5002485703845, 446.47364251153954, 445.30850917056176, 474.4078170522538, 520.0739464439916, 495.8836395479389, 512.8348149787972, 518.5838492611236, 564.8656589719556, 521.2727747763072, 527.3567119206941, 544.2492998531014, 547.1886262217333, 569.8210911786277, 611.2093928125041, 601.4685862803544, 695.5653933085845, 636.9753555521731, 678.8402835924612, 678.2495571449796], "initialization_stats": {"phis_precision": [38.937631756085224], "psis_precision": [90.67338499194368], "phi_angles_psi4": [-2.5641235943374006], "psi_angles_psi4": [-2.6001305374449513], "phis_initial_rotation": [1.8007308379834122], "psis_initial_rotation": [-2.893134789366651]}, "final_stats": {"q": {"step": 5, "value": 145.12001038083804}, "c": {"step": 2, "value": 123.85219200382755}}}