{"initial_step": 2, "final_step": 25, "quantum_tts": [132.9604773022987, 151.26503226484763, 157.87487492410955, 159.71912753642988, 157.85417023513185, 155.95488369078836, 151.45766801840747, 151.97574510229785, 173.31264916166413, 179.92489843993613, 165.43854680507377, 163.1164700282773, 175.11420334785436, 193.13894245868698, 235.01942432791105, 302.6230038500493, 434.3798833088169, 550.1406599972386, 686.6806802589936, 979.8479013013028, 1250.0971430177167, 1577.3158555500243, 1894.7643535038078], "classical_tts": [76.0600562547042, 79.84782512660479, 71.33572154563234, 67.76333569704133, 63.058815546695044, 58.24229043259385, 59.11011801855222, 51.91557161721142, 52.46351643797401, 49.826881409822306, 47.838564747004426, 46.42068774588674, 47.5796948959393, 45.90684799036663, 45.35927619536112, 43.55933823043531, 42.314105921301504, 42.373114034556544, 41.66596974301708, 42.16145121108825, 41.610847531938056, 41.50116843345381, 42.11676857017977, 42.62642296585079, 43.4347201615301, 42.77238696520022, 43.98206783820691, 42.88466403514993, 44.39724887299128, 45.75495332050343, 45.07261975320538, 45.60920237567522, 46.358438765059425, 48.5078827571735, 49.400376208663914, 49.642366933401966, 51.52200684033724, 51.66959775426288, 53.08116430951471, 54.78633612815859, 54.89455150749646, 55.99269387217356, 57.5085777697582, 58.08769737197954, 60.122604032019936, 60.94788022741621, 61.934367108546994, 65.05098687328822], "initialization_stats": {"phis_precision": [97.94481852732996], "psis_precision": [96.0000754991755], "phi_angles_psi4": [-1.5018168587694598], "psi_angles_psi4": [2.581223687401196], "phis_initial_rotation": [-1.5663822889328003], "psis_initial_rotation": [2.4555623531341553]}, "final_stats": {"q": {"step": 2, "value": 132.9604773022987}, "c": {"step": 23, "value": 41.50116843345381}}}