{"initial_step": 2, "final_step": 25, "quantum_tts": [372.0367646192923, 423.8386480081948, 370.4674340740751, 270.47621353286337, 268.1724923987823, 305.81464346830876, 360.66215549510144, 457.73721957082927, 404.21906318950596, 348.9592263782647, 439.9255611727675, 628.648279759678, 704.3578129415721, 698.2030316358009, 915.5657552713443, 907.4012211577458, 683.7780991733251, 850.4482262189697, 1427.8860982910771, 2678.2079492168236, 4083.847057270637, 3746.005587194577, 4206.37719753973], "classical_tts": [369.827600732249, 251.19408156224165, 244.2940114085933, 200.69837817094523, 153.86819421155602, 130.57472526444448, 114.17082595253598, 100.8491128173876, 89.54149009198757, 79.18576611056803, 72.92738278582306, 63.310337985170186, 62.41680936463297, 59.1121058387515, 53.15084951820412, 51.77175060416961, 47.56440208118396, 45.69392801267916, 43.83635847754364, 42.19039454974679, 41.16525556345114, 40.1054082678667, 38.45489081099422, 38.61986801663463, 36.1487183330459, 34.91077927425488, 35.166184728685195, 33.63908966905725, 33.73021466851293, 32.45507910015099, 32.761792251852015, 31.50144984303632, 30.572748652952527, 29.999310408869782, 30.411603310479705, 30.52783883662232, 29.377757955370342, 28.592084242967353, 28.051105956736656, 28.693928191428654, 28.81674762741658, 26.804021099563613, 28.19306832789042, 27.42833909097888, 26.85726310603662, 26.269506975423276, 26.472755562381565, 26.32006822571836], "initialization_stats": {"phis_precision": [62.81525111734037, 53.197380240504145], "psis_precision": [55.294956055877854, 7.652554879016094], "phi_angles_psi4": [1.5708534688949276, -1.4656292156051838], "psi_angles_psi4": [-2.6402479591396975, -2.640173861951892], "phis_initial_rotation": [2.739046808048376, 0.004718448446702883], "psis_initial_rotation": [2.2384869717072586, 0.7418308935289981]}, "final_stats": {"q": {"step": 6, "value": 268.1724923987823}, "c": {"step": 47, "value": 26.269506975423276}}}