{"initial_step": 2, "final_step": 25, "quantum_tts": [138.22603813973475, 156.18526384587466, 161.61675546164867, 158.5691789983414, 154.8775086557416, 150.83351564806466, 139.7047130291758, 141.04909052907274, 159.07789089989586, 159.60328236477952, 149.4947204175774, 155.65525562958587, 179.79781822877374, 202.64472909735022, 222.71165921007153, 255.8611939623835, 370.7240008035968, 481.6033708830012, 543.6229647781498, 801.0281567179999, 1115.3436573953811, 1348.6710246250418, 1789.8933456343825], "classical_tts": [79.54489070808934, 79.09980730940697, 69.94700873161904, 69.2706065424403, 65.27607454830746, 58.555990182024026, 57.651682090538564, 54.172474364364106, 53.2370925629819, 50.63088094472474, 47.91243161611073, 46.85209671849409, 46.073527709398896, 44.916868553271236, 44.151913040239094, 42.98313612066214, 42.53038052901388, 41.277718219368126, 42.10923534749259, 40.52495717197241, 41.30858868958697, 40.50488596777399, 41.878802715263504, 42.61119813740697, 41.70522776514265, 41.63185075405242, 41.99130509913021, 41.89318954223748, 42.58744871001407, 43.57852242048752, 43.96400417955028, 44.850810776071086, 44.493530012963745, 45.91562136557753, 46.27640997251238, 48.0201338194706, 48.66341395583361, 49.5878964171444, 52.9511206539883, 50.72564855008294, 52.88427969672795, 53.93612597877123, 54.64895451670037, 55.842858285229575, 57.32980926493983, 57.596713567636044, 59.69404209786103, 59.89074861235646], "initialization_stats": {"phis_precision": [98.7075542794633], "psis_precision": [96.59165104651176], "phi_angles_psi4": [-1.5708471341949184], "psi_angles_psi4": [2.535740409371408], "phis_initial_rotation": [-1.5302437543869019], "psis_initial_rotation": [2.428663969039917]}, "final_stats": {"q": {"step": 2, "value": 138.22603813973475}, "c": {"step": 23, "value": 40.50488596777399}}}