{"initial_step": 2, "final_step": 25, "quantum_tts": [2256.588494952479, 2442.7901461921674, 2502.6637268266863, 2464.9934843732804, 2374.0841211304723, 2282.0388720070555, 2211.6953185331863, 2161.5944447513334, 2127.6998731177696, 2095.93135631007, 2074.4587349083517, 2079.2484857280965, 2101.4383337849818, 2139.10532879162, 2034.0554464342472, 2095.435932251172, 2365.0047488686105, 2159.4348232596412, 2112.026524555752, 2368.464729708139, 2545.901488346118, 2587.3605969628065, 2306.9224319178384], "classical_tts": [1599.49463555716, 1808.4141606254793, 1233.754192023234, 1444.6831942443316, 1374.6317296601655, 1243.8144709050925, 1043.3728866675324, 1022.5387371614229, 928.2701286438962, 923.2016076128759, 852.9654650701988, 785.8373443483886, 717.444079968792, 762.0365832001673, 689.9031015254467, 681.5880061005605, 652.9848671903171, 650.2969697330968, 581.6187865974772, 569.2400798476912, 563.7540787713564, 508.34251735214156, 498.4771738758145, 480.0640889251364, 489.19306116807553, 456.7744020191731, 428.9171648571337, 436.21434899144003, 419.53270339490126, 418.12658042764735, 399.47517067669094, 382.01163549201175, 383.4187225524641, 385.981041994463, 371.0888292397388, 362.39646648566344, 356.2908793176472, 353.31464093782097, 337.63054192699724, 327.30720931647136, 342.39691993642333, 317.9781243580419, 325.5513809636629, 317.00899214032836, 313.60333313085374, 314.85048567988076, 312.0579611751618, 320.5722383810689], "initialization_stats": {"phis_precision": [39.66241822726588], "psis_precision": [71.22944293177946], "phi_angles_psi4": [2.5582163491776195], "psi_angles_psi4": [-3.13370422391806], "phis_initial_rotation": [0.6626553128516699], "psis_initial_rotation": [-2.2298505166659846]}, "final_stats": {"q": {"step": 16, "value": 2034.0554464342472}, "c": {"step": 48, "value": 312.0579611751618}}}