{"initial_step": 2, "final_step": 25, "quantum_tts": [135.32792160499125, 175.87045111343303, 289.0812896264951, 406.03348243720905, 579.770713637903, 1499.3552573484324, 7484.461806239851, 3163.7111918358273, 2134.7149427648537, 913.3647475928055, 814.7739070599532, 1429.39551450323, 1239.7646133609294, 1455.4008994652147, 2322.054399615516, 1980.516206108823, 3100.0784222944867, 5281.651468352077, 4841.851109508753, 5531.836394708464, 6159.735960404871, 11502.915204015957, 17031.17512952737], "classical_tts": [83.75426236369229, 93.45452823102706, 96.53414245903961, 97.38507847450266, 90.7259208663371, 89.68202444734493, 87.41738130713124, 84.05635995594338, 74.29427028265258, 80.21961961180993, 71.50921554992243, 75.09428609276607, 71.60399724194752, 74.1791048675724, 72.89205202988308, 70.1828236581873, 73.33153775270661, 69.32070908041707, 72.9691674530706, 68.66476690029806, 75.8927833275964, 75.09638839973553, 80.42032623242373, 77.49025719437765, 79.34783507077171, 80.0611623826023, 84.55424838405885, 84.15031086578, 84.8425230264971, 87.30690231713557, 95.55425956261209, 95.29166629195676, 94.04976381500477, 100.29676222125865, 99.58210286294621, 101.29468517365984, 106.4303179902287, 104.3013938328581, 111.56795414759344, 109.72552670990754, 113.02139090121936, 114.68351482525482, 122.04813048680606, 116.93191372988986, 121.84561285664654, 130.45968217281802, 124.13145526409224, 130.23809655014637], "initialization_stats": {"phis_precision": [73.56395390870554], "psis_precision": [37.78296748680291], "phi_angles_psi4": [-1.4946228033161004], "psi_angles_psi4": [1.5243986496296744], "phis_initial_rotation": [-2.325135685219819], "psis_initial_rotation": [-2.804180934833739]}, "final_stats": {"q": {"step": 2, "value": 135.32792160499125}, "c": {"step": 21, "value": 68.66476690029806}}}