{"initial_step": 2, "final_step": 25, "quantum_tts": [119.30543732082103, 136.63270155900744, 145.57105911054856, 160.12397143130448, 186.83153285551316, 284.2736240828377, 591.4251949550693, 608.0603744356924, 911.0656650124566, 1467.0124161416754, 1584.7020016588049, 1803.4298885677188, 1917.7409315230748, 2680.173839226046, 2479.0876568528915, 2309.9570531942413, 2304.8653092723994, 1373.9918668698685, 1546.664912591026, 1732.6882128063419, 1913.7321135713723, 2716.495205803299, 3086.095375656611], "classical_tts": [82.56394049171925, 89.84991474356622, 74.5287363610521, 62.18984662906516, 60.1386415716334, 55.89788002181165, 51.49081188133341, 47.72192033809991, 46.93266715006774, 42.495916340245024, 40.00725273191626, 37.48693513000499, 36.180253200412395, 35.261754934421894, 32.20024927183027, 31.90918395703271, 31.01003427118457, 29.15473650589385, 28.36947889108611, 28.381116311772825, 27.101111367694244, 25.664020859961276, 25.78185769968915, 25.00000000000775, 23.732264445744423, 24.21694908068217, 22.882134063106754, 22.841452576622437, 21.91278319278361, 21.29220385590526, 21.40682980628212, 21.357078746285335, 20.327134553257608, 20.600716852393372, 18.65321571712893, 20.445735808400066, 19.68950547919165, 18.9505114718019, 18.28917026291213, 18.144504788222168, 17.896805844873505, 18.508105593939984, 18.137084544762295, 18.54929101168871, 18.23313945875157, 17.047750687292577, 16.534106836353345, 14.843851787298098], "initialization_stats": {"phis_precision": [96.90101004804377], "psis_precision": [97.36155919133155], "phi_angles_psi4": [-2.526485730943371], "psi_angles_psi4": [-2.6403019589286636], "phis_initial_rotation": [-2.4291280902772274], "psis_initial_rotation": [-2.7231910215431068]}, "final_stats": {"q": {"step": 2, "value": 119.30543732082103}, "c": {"step": 49, "value": 14.843851787298098}}}