{"initial_step": 2, "final_step": 25, "quantum_tts": [64.43872485013357, 74.55491622708047, 71.27632077081711, 77.54913647006572, 113.99100167030106, 212.14154750321637, 489.72123951339364, 641.105790682768, 733.7841209970708, 385.6033289021578, 476.712877398977, 1068.1574519103176, 1126.02708604629, 1011.3159949746528, 909.3993640158982, 678.1633403231542, 496.9633212846139, 327.33679408905607, 440.15944280408155, 746.2435292464254, 749.1930414319261, 1036.1913430354255, 2090.4705456951615], "classical_tts": [37.26436818052605, 34.91562625669151, 33.32100043213278, 30.875940272250965, 31.478109862782876, 29.264129830570116, 28.80002506440552, 29.1130522570384, 30.219179097483565, 29.01735052483061, 30.13473786877858, 31.147530576104863, 31.574483459544865, 30.877895387932423, 32.80149167174791, 34.54272645409956, 34.639786315277334, 36.236803274810114, 36.22747806108053, 40.02347387844843, 40.1303459556735, 41.167163301726134, 42.29585162654129, 44.214052213208596, 46.602300606936176, 47.381364641464124, 50.96783834827817, 50.99921210106024, 54.18897113990455, 53.520308619238165, 54.97211534175966, 60.61787386429333, 58.57450917890419, 59.7409661256231, 63.713193042845376, 65.25219781669742, 66.68488356946803, 67.42784367284061, 69.79800452545689, 72.20436194257161, 72.97662826745, 77.94370228765325, 77.98165875341226, 79.81024982440175, 82.33432660345227, 81.14369371303852, 83.87641557771582, 87.39585750907482], "initialization_stats": {"phis_precision": [66.92036242310245], "psis_precision": [71.60912621833799], "phi_angles_psi4": [-2.5639700672519443], "psi_angles_psi4": [1.5129570644342083], "phis_initial_rotation": [-1.524742603302002], "psis_initial_rotation": [2.4048826694488525]}, "final_stats": {"q": {"step": 2, "value": 64.43872485013357}, "c": {"step": 8, "value": 28.80002506440552}}}