{"initial_step": 2, "final_step": 25, "quantum_tts": [275.5302790539095, 359.9730700606292, 399.43827661712373, 448.3430444928775, 465.08997979393064, 461.9229800542453, 410.2496793929798, 417.60309371371886, 403.0148799064645, 429.1888959200556, 472.49254838308934, 519.8801237240928, 530.760355177353, 522.663091721098, 578.9570841039788, 688.1532891582259, 769.5377645139114, 876.6082147080842, 1180.8760053733986, 1162.1577919237368, 1630.3513612186603, 2405.3649448406904, 2826.0600735022995], "classical_tts": [204.6627207434643, 169.75794103310403, 173.33163923193337, 158.0587204236628, 151.78644116276533, 130.42528863184117, 130.12303576985798, 119.26487954901819, 105.62290328650968, 104.15216874927637, 99.54730615158641, 96.21201057666275, 91.47655742883241, 83.92444923967686, 80.5306731357769, 83.42629395608768, 80.77357754518823, 74.87533406241857, 77.56018147373771, 74.32640572944143, 74.28129611975014, 74.34680153945455, 74.76015445374375, 76.24225887216421, 76.05245451162546, 75.51698091133733, 77.1592845667582, 76.52651724161781, 76.97455352035222, 79.70363565417777, 78.4386577798667, 82.36350986671795, 81.76808170689955, 84.05859670788249, 84.2837895711564, 87.15654315888716, 89.84741649565139, 90.38135380358587, 93.71232669621642, 93.76547166705711, 93.92196386010278, 98.33939711423064, 97.39594703116325, 102.1815583573134, 104.09790491592436, 107.08623415303315, 104.28055129103527, 110.77390500844393], "initialization_stats": {"phis_precision": [68.28270975278933], "psis_precision": [70.32322016229769], "phi_angles_psi4": [-2.5265337703537245], "psi_angles_psi4": [1.5241109530932357], "phis_initial_rotation": [-1.530105710029602], "psis_initial_rotation": [2.456434488296509]}, "final_stats": {"q": {"step": 2, "value": 275.5302790539095}, "c": {"step": 22, "value": 74.28129611975014}}}