{"initial_step": 2, "final_step": 25, "quantum_tts": [5873.0641641808315, 6383.220877234433, 6472.2936886564385, 6291.858697439274, 6011.84161803107, 5717.980332969689, 5482.841131289438, 5210.434031296554, 5054.6681897607305, 5025.994261824163, 4899.762038188804, 4832.774388385316, 4796.8215405561195, 4424.597867827873, 4211.477121791744, 4359.492244967852, 4506.215063678607, 4604.381825576789, 4994.165944050152, 5033.456457775982, 5235.03361306101, 5382.996591818167, 4903.554437419686], "classical_tts": [9208.037594954125, 3680.681190801217, 4088.877710696853, 4487.0900375627225, 4327.366391221962, 3524.668103280383, 3378.4926911722055, 3593.6746410428636, 2601.3326068719934, 2504.426089948332, 2749.263459320331, 2161.9882025600045, 2089.0611080518693, 1963.398339727854, 1907.8657336845613, 1774.9209737683045, 1747.580172369408, 1736.7920703084726, 1607.0129147921991, 1477.9601345245167, 1414.1472643980844, 1383.253660862913, 1340.898505022489, 1229.236270784581, 1199.4392142626366, 1168.5390692860503, 1141.0189724458412, 1164.0505933914824, 1132.2070202867028, 1086.9106695989333, 1132.3261412433353, 1093.5645413909447, 1038.3386414557256, 1034.617594352465, 995.7633241168841, 1005.3624427445274, 1052.8014888212429, 1030.7121745536188, 1010.389676633022, 1003.934630545013, 1035.9827016549966, 1021.5341723422879, 1031.3595251239146, 1008.6758410557579, 1019.3994867482863, 1073.021519036269, 1058.0705249632979, 1064.546045283675], "initialization_stats": {"phis_precision": [3.6561349031324575], "psis_precision": [67.12966878908608], "phi_angles_psi4": [1.5708134759948975], "psi_angles_psi4": [-2.6404247826789864], "phis_initial_rotation": [-1.455918312072754], "psis_initial_rotation": [2.6101086139678955]}, "final_stats": {"q": {"step": 16, "value": 4211.477121791744}, "c": {"step": 36, "value": 995.7633241168841}}}