{"initial_step": 2, "final_step": 25, "quantum_tts": [297.2213821878549, 229.99656783358978, 214.90416289240386, 245.8223693733807, 242.08506042165686, 242.7776812137401, 205.53526411471015, 166.2595670810972, 292.59666716761865, 1277.134936828832, 1787.4359756246115, 976.0932594701695, 1044.826063109854, 2192.6590518485777, 6698.253726704055, 4858.266349682027, 2343.8242159482224, 2132.5972640306677, 2013.4430961505905, 2733.095205978252, 3469.1273197976616, 1976.9954181711855, 2323.263821649514], "classical_tts": [189.5701834162391, 160.9917873605994, 124.15384528080571, 101.23142928468098, 92.85236726532528, 84.71930442769005, 75.59832805047324, 69.91973292394086, 64.49237384395606, 63.839278668249406, 61.69693031228543, 61.31829768441528, 61.14498235609686, 61.01458539996342, 61.344196715245495, 63.62173023100798, 63.28792408338533, 65.4481528935883, 68.84254240094984, 70.11390732484111, 69.06670831200253, 72.9800459863488, 74.39064690660254, 75.70747466344113, 79.51578729913328, 83.10009461419794, 88.59277267939656, 90.46326768150955, 89.83373710654304, 92.43852164089456, 96.49771107606584, 97.3745673327477, 98.38453032755645, 104.29296796890304, 109.55711821718958, 110.25256613855466, 115.96991279574326, 117.77198882065339, 123.02435977899478, 123.72459736683066, 125.15156156268365, 123.56480257196435, 133.05789565348698, 137.23606596989538, 140.6817775292358, 140.24698023285043, 143.1306141536432, 146.11250194851075], "initialization_stats": {"phis_precision": [3.6561311085829273], "psis_precision": [67.12967637818517], "phi_angles_psi4": [1.5708134759948975], "psi_angles_psi4": [-2.6404247826789864], "phis_initial_rotation": [-1.4559184312820435], "psis_initial_rotation": [2.6101088523864746]}, "final_stats": {"q": {"step": 9, "value": 166.2595670810972}, "c": {"step": 15, "value": 61.01458539996342}}}