{"initial_step": 2, "final_step": 10, "quantum_tts": [1238.1906924394093, 1860.5597384326463, 2464.0402626486293, 2972.894550583227, 3798.4427613169487, 4365.130893277319, 4784.922064687739, 5626.201967410304], "classical_tts": [627.4614613643135, 578.2449533693638, 537.1663974785534, 510.2073431850199, 470.4842889540731, 384.7095540804456, 347.0937970155685, 329.9531690053959], "initialization_stats": {"phis_precision": [98.6692401138743, 68.27985177381312, 69.29288864001202], "psis_precision": [84.54068684115697, 89.83600894719206, 76.4923033104548], "phi_angles_psi4": [-1.5708764784949825, -2.5625475142359893, -2.5307221416786176], "psi_angles_psi4": [2.5812911860139165, 2.604221159834326, 3.023425797416132], "phis_initial_rotation": [-1.529069423675537, -1.566029667854309, -1.5660297870635986], "psis_initial_rotation": [2.0956225395202637, 2.284909963607788, 2.284909725189209]}, "final_stats": {"q": {"step": 2, "value": 1238.1906924394093}, "c": {"step": 9, "value": 329.9531690053959}}}