{"initial_step": 2, "final_step": 25, "quantum_tts": [3577.3370122315464, 3452.594367714248, 3357.735902164779, 3217.1074685522617, 3070.3154339058096, 2931.2440779800204, 2898.091961157124, 2918.6375683261226, 2927.92815784472, 3007.9556465202118, 3175.4072294389516, 3496.7001359032993, 3556.53497684857, 3807.028221963769, 4202.720033906458, 4486.058486029784, 5474.60622360756, 5475.359179441508, 5893.067306047822, 6799.848485089057, 6899.8901870987065, 5795.841112576506, 4598.973153369798], "classical_tts": [2945.005733838882, 2508.455547691728, 2626.9179593178424, 2517.620073771702, 2160.2237927947367, 1634.5361811878308, 1810.1005312166335, 1561.0479221704104, 1444.6367868279658, 1269.7461355861867, 1294.11265750234, 1093.6170030078001, 1095.395652940231, 922.4534969328831, 903.9295994540355, 861.1561924729031, 783.8811469018726, 700.2773283027017, 673.1456807670195, 639.0416472779153, 608.0258871761208, 627.4731682227888, 567.7379620489347, 555.1328041414937, 518.1013843704262, 478.87758300324776, 477.20537744938747, 457.4708312832496, 447.63306356313365, 435.6609174489711, 431.989699217608, 424.5531103566651, 408.0858376804559, 393.5134717591606, 395.6950759194459, 388.5866636156859, 390.0666437638471, 385.7433517096539, 376.3894467028996, 379.2284798446903, 368.8678042045037, 363.93826894332335, 375.7975517803696, 359.86375902766815, 369.2496137956257, 366.0704619676851, 353.01582456707484, 359.97713525245865], "initialization_stats": {"phis_precision": [29.34891548740104], "psis_precision": [57.62881505304564], "phi_angles_psi4": [2.5308350215445605], "psi_angles_psi4": [-2.6015823465536183], "phis_initial_rotation": [-1.5327810049057007], "psis_initial_rotation": [2.350472927093506]}, "final_stats": {"q": {"step": 8, "value": 2898.091961157124}, "c": {"step": 48, "value": 353.01582456707484}}}