{"initial_step": 2, "final_step": 25, "quantum_tts": [64.67928324236132, 74.79534729000929, 71.91926593504523, 78.74988253559314, 115.09366038843719, 220.90710886869178, 531.1554495967081, 687.7675977377185, 723.7806456140673, 384.35365605563203, 455.3344638543232, 952.6088955226546, 1107.7246819585748, 1122.4475672869303, 1091.26400656809, 790.232883242002, 545.9703114399787, 360.02511846526215, 511.4755217102888, 926.4162901174498, 924.5852055648818, 1382.3820243474202, 3448.039437945063], "classical_tts": [34.63572336324077, 33.61637093912786, 32.850018855707134, 30.666707166099503, 29.294670702253285, 29.683170202206426, 29.252966096445746, 28.67970440185366, 29.179609669903822, 29.92849474660121, 29.929956858392067, 29.100745298272532, 30.979083113691814, 32.234535095981485, 33.25316731021286, 33.815723672793425, 34.639786315277334, 35.73761797289979, 37.021221843021735, 38.44045066111289, 40.299112522807086, 42.10144596217127, 43.22962781958054, 45.69848147272452, 46.73351324498134, 49.25087912741748, 48.85860316781982, 52.19912887025936, 52.49708791391052, 54.47785599547695, 56.23520618887943, 57.624184860227196, 58.90872985987774, 61.94338212498856, 65.57597453202459, 65.66805907355528, 67.72866413267161, 69.7070275792741, 69.55090038456379, 70.58369538429722, 76.98846533487476, 75.08605906029605, 78.64382598687334, 78.57843390030982, 81.69895907658315, 82.42032076902558, 83.99534066225684, 87.211367166481], "initialization_stats": {"phis_precision": [67.21732344679319], "psis_precision": [74.14279914831393], "phi_angles_psi4": [-2.564113370113935], "psi_angles_psi4": [1.5004190792674215], "phis_initial_rotation": [-1.5342152118682861], "psis_initial_rotation": [2.312747001647949]}, "final_stats": {"q": {"step": 2, "value": 64.67928324236132}, "c": {"step": 9, "value": 28.67970440185366}}}