{"initial_step": 2, "final_step": 25, "quantum_tts": [174.441374441185, 291.78383639392143, 331.71102505177225, 241.77274988296375, 317.8056847238052, 559.3783213768203, 724.2678037145745, 901.3605370227499, 592.0782190781377, 475.6675061535796, 759.19559981201, 1466.2381745368273, 1495.4872609374129, 1218.6126328601158, 1542.6496980492664, 1257.2484112288694, 996.8379029502721, 1120.766379174252, 1244.1955624509276, 1446.751318989565, 2264.819803917632, 3700.197804272322, 3365.347848096467], "classical_tts": [120.07924728625983, 113.34411203588586, 101.95752039288257, 91.89768785861065, 81.81513078286525, 71.23282053346517, 64.32933376906261, 57.154191568402666, 51.95750634343138, 47.98464289389966, 46.53610888424263, 44.261490482793114, 41.542262079118785, 39.70502059864, 38.47909727383508, 36.29675365848651, 34.85584280624209, 33.662021034485484, 32.70650438239171, 31.517292549594064, 30.89027441451163, 30.509203608954756, 30.33536847000093, 29.025801182594975, 29.34349634155173, 27.48245489176989, 27.93917866400642, 27.168836312708006, 27.821222045267618, 26.114353298013857, 26.479439638949536, 25.512263487558453, 25.559712892784873, 25.635938045074962, 24.93597171090123, 24.35372742244944, 24.863550780142152, 24.540297822959854, 24.34543347477824, 23.70074100632422, 23.734833375163305, 24.033804254110656, 24.59272993443881, 23.964416079157157, 23.891556660090817, 23.996642738813204, 23.323706426718196, 22.573402665248302], "initialization_stats": {"phis_precision": [89.90148662358723, 76.94781002732414], "psis_precision": [66.04625013601935, 70.1634567693003], "phi_angles_psi4": [-1.5707040711947657, -1.9921571567494418], "psi_angles_psi4": [-2.640311092556928, 3.119238383100443], "phis_initial_rotation": [-1.2534499168395996, -1.267951250076294], "psis_initial_rotation": [2.576185703277588, 2.1818957328796387]}, "final_stats": {"q": {"step": 2, "value": 174.441374441185}, "c": {"step": 49, "value": 22.573402665248302}}}