{"initial_step": 2, "final_step": 25, "quantum_tts": [383.99112999975773, 444.61247383850196, 386.03016497978575, 257.546149717691, 235.13488598745687, 257.2872248699049, 289.99710666899614, 371.62899869608316, 461.1057327307122, 580.6452197728552, 955.6477959190227, 1618.7082114049645, 1522.2847096535202, 1176.2114736124247, 1880.637042241363, 1661.4991015295682, 1027.6415855219902, 1334.106422932501, 2182.2758900029257, 2993.070927012285, 5274.19627820593, 13887.883872907403, 20091.891483206513], "classical_tts": [335.68629227939437, 317.82455428807884, 207.70293693513662, 190.5681031740329, 151.10442773548752, 127.50253320084943, 117.58846298482533, 98.20069772898357, 83.45172760740456, 78.93079867888964, 71.95401602125071, 66.43154809171034, 61.56463576567761, 56.475848865331756, 52.712312708334764, 49.22652883880018, 49.125925018037556, 47.01915585068715, 45.29073091797873, 43.62987370647175, 41.5243126943061, 40.07697763499269, 38.7511409114046, 38.67740353570831, 37.03882620309292, 36.799305864466646, 35.8723039947319, 34.6573201811558, 34.49599273053846, 34.01282249744451, 33.41612868909378, 32.91038967114692, 32.38093828320019, 31.650650718370013, 31.46363330155852, 30.616852082535402, 30.823036712042903, 30.595408851032882, 30.17505635386091, 29.385749352367924, 29.721225360172443, 30.398590478877537, 29.097548528359095, 28.76072907178037, 28.319257264259345, 29.416576330957632, 28.476404795523983, 28.325275836826503], "initialization_stats": {"phis_precision": [41.15619752015473, 32.08371453458031], "psis_precision": [39.38973806640287, 84.52428186640707], "phi_angles_psi4": [1.570709090494786, -2.5489826969983502], "psi_angles_psi4": [-2.6203661852996016, -2.6204219107225417], "phis_initial_rotation": [-0.2779234853049215, -0.4153296622256524], "psis_initial_rotation": [1.7586915856525662, -3.10660593469776]}, "final_stats": {"q": {"step": 6, "value": 235.13488598745687}, "c": {"step": 46, "value": 28.319257264259345}}}