{"initial_step": 2, "final_step": 25, "quantum_tts": [2838.2330696737063, 3105.1550184596354, 3164.7915340003606, 3119.4249492750027, 2993.8104097311075, 2901.49006464048, 2809.7528257609924, 2757.4678597781767, 2693.714804385042, 2647.7383092799164, 2610.819296539641, 2640.7882482243986, 2576.446532634295, 2559.291252967827, 2571.2225271771727, 2393.9512165449455, 2562.631383663485, 2664.4074230988135, 2715.483906787433, 2387.2191164256697, 2129.567864992999, 2132.6316682752818, 2167.9827376705707], "classical_tts": [2945.005733838882, 2122.007411227468, 2297.976846538772, 1873.8989432152057, 1655.0989423402834, 1699.8059006578287, 1494.4997794270826, 1310.6160546861352, 1272.1234754214122, 1207.9390436230674, 1227.9763244607857, 1147.438267668967, 1021.5819681965359, 1000.3484059846892, 914.1482889480167, 881.4387737619105, 863.3035982736365, 846.4058267737888, 737.9198218445656, 700.6324946090692, 690.3600271397319, 655.411136448579, 632.304618284829, 610.8171198904647, 587.941567797371, 584.6696158825043, 563.7707636551388, 523.5227220424857, 520.0942994680588, 511.24093491040867, 505.0456284782451, 473.9736282039769, 485.00522899444655, 479.5656469649091, 472.2052192228347, 476.2129757607081, 478.07546762979007, 463.7020537369961, 462.68962214185905, 456.35323009990634, 468.7025134935476, 468.495594751001, 473.67301473436316, 486.02075131969406, 477.0039357902127, 471.5702566458153, 463.576952634133, 482.85139016792994], "initialization_stats": {"phis_precision": [28.14390400773653], "psis_precision": [82.71654701448476], "phi_angles_psi4": [2.5582163491776195], "psi_angles_psi4": [-3.13370422391806], "phis_initial_rotation": [-1.467543125152588], "psis_initial_rotation": [2.6065053939819336]}, "final_stats": {"q": {"step": 22, "value": 2129.567864992999}, "c": {"step": 41, "value": 456.35323009990634}}}