{"initial_step": 2, "final_step": 25, "quantum_tts": [736.5156814186178, 870.4900206812354, 937.205235994651, 988.0462498042416, 1026.1199098393017, 1083.382804327199, 1035.7734136054466, 922.9178342896485, 918.143420945376, 884.8118357116111, 1008.620010551854, 1225.6530082326829, 1158.1702647061359, 1137.232477725137, 1214.1949114965298, 1548.924218045524, 1656.9790291366855, 1636.017467688711, 2134.6507296498835, 2473.6381425544155, 2972.5834128379283, 3733.3783031674234, 4692.931057657142], "classical_tts": [431.12109781465085, 415.18838009839624, 383.1801863722316, 352.5912136358186, 347.2903069704298, 364.5542999352858, 325.6242936325302, 309.57320963856165, 295.861640196465, 293.23731123518235, 281.0825679115373, 287.515450147866, 299.24683488387427, 287.70031000678324, 309.42198236738864, 303.17681656893745, 313.06583479892174, 324.1612131547719, 331.3673966015742, 331.4361936888302, 337.4955617851312, 335.24910385647604, 381.42984786614386, 371.97257929838617, 387.58229343677505, 397.2317562283076, 381.80394365337116, 401.76951794615377, 415.9930487225257, 447.2942227239712, 436.3473641752813, 471.3837710233952, 476.1095388993335, 509.217755985439, 529.6423416377435, 525.6464610938358, 548.2961439842227, 548.5825419631034, 566.7241594833703, 563.5119662483637, 587.0830409005939, 605.3918813894198, 594.2440697823943, 594.7967844172458, 642.9957114625552, 685.7096572933784, 693.2215036180677, 710.931041603136], "initialization_stats": {"phis_precision": [9.091878278156551], "psis_precision": [15.328994196911893], "phi_angles_psi4": [-1.8615956323184706], "psi_angles_psi4": [2.7170430047414986], "phis_initial_rotation": [1.5656268013312147], "psis_initial_rotation": [0.05702490671109528]}, "final_stats": {"q": {"step": 2, "value": 736.5156814186178}, "c": {"step": 12, "value": 281.0825679115373}}}