{"initial_step": 2, "final_step": 25, "quantum_tts": [309.75496584473115, 285.37724770969265, 273.78033554408705, 262.5209966783995, 225.11929356620382, 212.16151931046087, 349.31313334908253, 417.8048872795109, 987.8033129225797, 1253.522902643013, 3242.587391650206, 2481.8668279802155, 1755.6345434376333, 2374.328500976511, 2867.2839423416417, 1745.9099837798044, 1025.1117034942336, 808.6695304682424, 850.0459835200932, 1356.8291936248777, 1611.9666482059092, 1704.2782021380626, 2193.5078414255345], "classical_tts": [155.1277382919914, 131.9621726210549, 115.33797999070748, 107.56870962808742, 102.80246542373196, 87.63509639219097, 79.20734900111941, 81.71545899221812, 87.5542728673409, 81.27641227550441, 80.84296700547506, 79.42526204232396, 88.24983149098907, 79.96245317223631, 89.80738251822193, 91.68400016120577, 92.7073077829189, 95.01394768843595, 94.9687550353307, 105.28703910198102, 107.59653165325699, 111.82078752386036, 116.78152832404072, 115.40282602717895, 127.37606412512855, 131.93808065289198, 134.528726938529, 133.64657941157571, 140.68089129522437, 154.0933334867819, 150.56023074999365, 148.0246479065535, 160.90754689235266, 167.31421576439, 169.09831057863823, 173.7954858724893, 176.13841945059406, 178.99280540142405, 186.6417410312527, 188.63736102668713, 197.11720203028452, 190.8561307786444, 203.276711814015, 204.8409022959109, 221.94536503786242, 227.53804122540924, 230.03897201402907, 228.4465228993298], "initialization_stats": {"phis_precision": [8.149850358258492], "psis_precision": [66.71385027326599], "phi_angles_psi4": [1.9959093756563866], "psi_angles_psi4": [-2.640326184228101], "phis_initial_rotation": [-1.4017183780670166], "psis_initial_rotation": [2.5971438884735107]}, "final_stats": {"q": {"step": 7, "value": 212.16151931046087}, "c": {"step": 8, "value": 79.20734900111941}}}