{"initial_step": 2, "final_step": 25, "quantum_tts": [397.3987594119849, 455.9912562766312, 446.158679769791, 527.6993182737781, 1017.698989552292, 1399.1176117840198, 1078.782280816201, 864.4412702975551, 686.0795666390895, 839.7072727170356, 1475.584376832403, 2023.4550301340148, 2478.049697550651, 3701.0126393272126, 4034.799265681007, 4023.663353574819, 8247.66046828224, 10556.13002081978, 4061.3242552343713, 3143.4601700102266, 2907.458789452684, 2498.832771050833, 3064.4864808410503], "classical_tts": [307.2829365612335, 290.4794664650051, 221.38352145574385, 200.69837817094523, 177.516984117879, 153.79111743203052, 139.140371021743, 124.57644927152958, 114.44338823488515, 103.27120577566842, 93.38518731695783, 86.11285783103445, 82.5218878000616, 79.07911638313041, 72.20953027931976, 68.08592543810802, 65.62337616403435, 65.49593691525291, 62.34427485847996, 58.49224658939809, 55.549367332943966, 54.88277436022334, 53.106999623464276, 51.4631589798785, 48.41345593151609, 47.75117639025351, 47.33343472837105, 46.995309137468475, 46.05099186262091, 43.646979904654636, 44.490730256056494, 43.43460554297289, 42.283279819318224, 40.878070477060405, 41.39519127664615, 40.773381010375616, 38.740576104893435, 39.29607303595868, 37.82963911636037, 37.05324896205682, 36.342297327517514, 36.78072196048907, 36.488461755867455, 35.64049997855827, 34.70131480694005, 34.897859150528724, 35.2872532375649, 35.423513578963], "initialization_stats": {"phis_precision": [37.63614984696143, 18.899488785747486], "psis_precision": [20.048783481490993, 4.859268696853891], "phi_angles_psi4": [-1.5089041861744306, 1.5707790854948958], "psi_angles_psi4": [2.0690155554647496, 2.4956133910884564], "phis_initial_rotation": [2.815062986101549, -2.1645585193539674], "psis_initial_rotation": [-0.4427259891363984, -0.7986376908998869]}, "final_stats": {"q": {"step": 2, "value": 397.3987594119849}, "c": {"step": 46, "value": 34.70131480694005}}}