{"initial_step": 2, "final_step": 25, "quantum_tts": [612.7167814286506, 668.4613196144005, 685.8000356137399, 648.1342145515076, 616.4547870324487, 580.7188288799357, 492.94748509725133, 468.67834772585246, 504.5957322489887, 456.8822177463285, 379.0307533052478, 378.0875908159701, 426.7188655638266, 402.2166471011574, 401.67083276383505, 496.76248031552194, 641.3299509872086, 672.2272337830923, 777.4665134618151, 1175.5387052253807, 1536.9977529273328, 1651.1765361933205, 2132.0928915807544], "classical_tts": [393.8365994377683, 301.84809933615395, 301.108792693385, 265.0942356869725, 254.9352700863403, 213.3940884636234, 213.2634990801326, 182.6664140317168, 161.66661078033772, 170.89556292102338, 148.53118305936758, 138.39437260935532, 136.0240221967778, 127.22369314284217, 118.15550719722224, 115.71673538897272, 109.9202897901882, 104.00553438827369, 96.4165687622762, 96.73866519179994, 91.79220216454695, 86.33583755934953, 88.1854084336361, 85.02550033704124, 82.41115847370075, 83.21755382332147, 82.16031811444635, 82.38493083927402, 81.79198281084815, 82.53703377893588, 80.90943269771697, 80.69734380300707, 80.52653681907272, 82.47340445480009, 80.17679584616515, 84.84795172053309, 85.29534320719358, 85.684696924132, 86.39898835277907, 90.17075367733872, 90.07241627451712, 90.84423101105074, 94.10473699736988, 95.68747562907642, 99.56201794913825, 98.21642926849205, 99.45318816204221, 102.43081929036958], "initialization_stats": {"phis_precision": [52.12812427784361], "psis_precision": [9.722846266257601], "phi_angles_psi4": [1.5708134759948975], "psi_angles_psi4": [-2.6404247826789864], "phis_initial_rotation": [3.0747528068177985], "psis_initial_rotation": [0.19571564689022836]}, "final_stats": {"q": {"step": 13, "value": 378.0875908159701}, "c": {"step": 36, "value": 80.17679584616515}}}