{"initial_step": 2, "final_step": 25, "quantum_tts": [580.2841424796061, 630.2868126028869, 648.2182099429899, 633.262571286537, 604.4590561670701, 594.2320032120085, 535.8214920393553, 493.14556309776094, 497.45494410476726, 486.98553984872143, 422.64225121988744, 429.171216166356, 446.1137717601699, 381.67179554427713, 362.7125112225881, 421.12975297829934, 572.637020156002, 624.9618188650347, 618.2084445902011, 762.9019923069301, 1051.009050076797, 1400.967609821676, 1587.670008515942], "classical_tts": [381.45696405967, 281.3878788283132, 318.542475413498, 270.78954602713856, 251.8677022006426, 211.88104624969677, 198.49693773352834, 193.6236773305574, 170.2501755543402, 157.55847907612358, 136.09020991905433, 135.09025838564054, 126.15047213898731, 122.46429397376708, 117.89718908573325, 104.8250925280073, 102.72592514855158, 97.26155847740225, 91.33960711937746, 88.0001125557184, 85.67501761347634, 84.32202985090157, 82.64119363036754, 81.50946584412763, 79.12458537908142, 78.64772088243379, 78.53094990044687, 77.34469604493485, 74.97808242076066, 78.19403433126674, 79.35219031154374, 77.94586630984543, 74.8520887417445, 80.26157595185562, 79.33606400235746, 82.93788896138472, 82.89327980509445, 84.09571250969451, 83.44585711460341, 83.22334982295921, 86.60606508484867, 85.73984108939331, 91.22775332611299, 92.34893972834894, 92.83006087503685, 96.25551555162369, 98.33715174360262, 95.93831785540839], "initialization_stats": {"phis_precision": [88.61280345380072], "psis_precision": [59.633042442423076], "phi_angles_psi4": [2.5582163491776195], "psi_angles_psi4": [-3.13370422391806], "phis_initial_rotation": [2.915955679322847], "psis_initial_rotation": [1.88131571015498]}, "final_stats": {"q": {"step": 16, "value": 362.7125112225881}, "c": {"step": 34, "value": 74.8520887417445}}}