{"initial_step": 2, "final_step": 25, "quantum_tts": [155.04974524609344, 168.0160879873777, 170.46726700007574, 192.33845827129824, 195.79633450519634, 227.24884837280004, 313.4834465610878, 256.24715939096944, 241.94652062511634, 338.24873498707825, 524.9001555082903, 602.4762195376704, 539.1711942171493, 599.7830815034783, 677.6813223461149, 715.7653136097829, 544.0841488728655, 436.9189276583756, 577.584290636376, 722.5435409555743, 745.9747592959757, 927.0028201091877, 1089.2310890133656], "classical_tts": [88.41969786469464, 85.34526230714414, 74.3585006305335, 70.33109512347332, 66.24146805469931, 60.68686327534965, 54.45493430068991, 54.302478536954055, 57.175990334557525, 48.942455806462355, 48.62234938482486, 49.50333871054647, 49.00755496097715, 48.7306834315919, 50.12352496419872, 50.72763114805229, 52.085927820471056, 51.51704383907396, 54.49044418821724, 54.71783166773321, 58.11434017244231, 56.39698182265732, 59.90073444852732, 60.59582503420988, 64.80404984996613, 67.94205144067824, 64.93328985820693, 68.73110964257178, 70.33203176054617, 72.2823487278509, 75.78968171207671, 78.26445330574644, 83.99636249059999, 84.7187865338942, 89.36250749414444, 89.0131810928207, 89.51212540643465, 90.87407715348581, 93.58502743610067, 97.96765907053766, 96.2157620087398, 103.37740931790846, 100.3872970791889, 104.00307944876526, 113.02461376546995, 112.07552016946057, 110.26018432847582, 116.13187491331095], "initialization_stats": {"phis_precision": [88.95939983148664], "psis_precision": [15.056465676277142], "phi_angles_psi4": [1.5708577495949352], "psi_angles_psi4": [-1.534278440995215], "phis_initial_rotation": [1.2240070657886974], "psis_initial_rotation": [1.1343013930183865]}, "final_stats": {"q": {"step": 2, "value": 155.04974524609344}, "c": {"step": 12, "value": 48.62234938482486}}}