{"initial_step": 2, "final_step": 25, "quantum_tts": [383.3907909302922, 477.65183077742904, 419.65863251355324, 297.93082731242845, 283.06905535042944, 296.0479521437858, 317.3128602912631, 406.42543562246954, 486.67327733975833, 545.3079034656545, 747.5516436280031, 1128.6773547982216, 1336.745773202707, 1231.1401189874366, 1636.4011897402015, 2507.444981187183, 2036.8922440230613, 1940.6768082763517, 1936.5017696613604, 1977.0353999054928, 2827.1219377482626, 4530.564765402809, 8611.17034017582], "classical_tts": [348.5624540786864, 277.04975063962166, 224.90459177982268, 170.62210698632833, 149.75780134112344, 126.22701067931558, 113.75645093853029, 104.18499149781695, 85.43446824234121, 75.46139992559512, 70.56610905885407, 66.05723624565917, 60.4629122455912, 56.6891859969048, 52.54199424057577, 50.62110689131388, 49.68804562990314, 46.2097909364685, 43.25836856569205, 42.30633779044845, 41.466700865778805, 40.1054082678667, 38.44081577922504, 38.61986801663463, 36.894721326483506, 36.68138403850173, 35.51140854986613, 34.271459965469475, 34.926673992975275, 33.400925576296046, 33.34738539749284, 32.82070391763469, 32.26814989896374, 31.72989690643243, 31.939934302865026, 30.12467921822518, 30.261836152251917, 29.292888702936335, 28.77962061573982, 29.414139261192474, 28.693281458731153, 27.931545498956684, 28.440967088850478, 28.08883577614455, 28.595872521611955, 28.97556067269057, 27.271562238703098, 26.86537922644999], "initialization_stats": {"phis_precision": [58.79586542843253, 44.59739643075006], "psis_precision": [34.31528494257504, 45.69656871837202], "phi_angles_psi4": [-1.5124112700065735, -1.502009793914674], "psi_angles_psi4": [2.581346472417863, 2.5715472059688316], "phis_initial_rotation": [-2.80687733468219, 3.0406513896358796], "psis_initial_rotation": [-1.638292651986272, 0.8655545981780248]}, "final_stats": {"q": {"step": 6, "value": 283.06905535042944}, "c": {"step": 49, "value": 26.86537922644999}}}