{"initial_step": 2, "final_step": 25, "quantum_tts": [603.3906750039024, 658.3726273818055, 678.5915329141739, 670.2677818372421, 645.8938972407539, 631.1895843913744, 582.8576582429802, 555.326031700285, 545.2789455827469, 550.2947983845864, 496.8894099194297, 486.32304764967733, 503.91224411436394, 430.720156683576, 397.8893609488751, 447.08787269003415, 594.3059963404845, 652.1633768729961, 640.7420149470538, 751.7778450439479, 1005.2689098771544, 1262.720259620225, 1437.125241155329], "classical_tts": [385.49663557957587, 279.92700565716467, 272.37159402368485, 264.2997046820528, 230.19930046634738, 229.31388965478286, 195.88968400877587, 175.71128718031306, 170.0702145868807, 150.2577455490424, 138.48846002831098, 138.49373002238005, 131.95149151290286, 120.3376159221172, 112.74420001533653, 107.31921888591218, 102.63070825250055, 97.47382268259844, 91.45218863838828, 89.29698967287534, 86.13477766050872, 84.32202985090157, 83.64418936999817, 84.349393287392, 81.22003541946137, 79.6144250991649, 76.73473769824903, 77.02681224338501, 79.95684014220105, 79.43173442020556, 80.11306602374697, 79.68772798712921, 78.36679099442642, 79.6638158302296, 80.23133013034136, 79.67450525422994, 83.34577019469342, 84.00984096447488, 86.57566778185935, 89.98690351720674, 87.97787130436772, 88.48636468762327, 90.7301634222224, 92.57034249384482, 94.20752585903595, 96.6845799380157, 96.17079484573696, 98.41048177641152], "initialization_stats": {"phis_precision": [58.219496721757146], "psis_precision": [71.69929954673198], "phi_angles_psi4": [2.5801230429979163], "psi_angles_psi4": [-2.6017795753816184], "phis_initial_rotation": [1.2675498213757956], "psis_initial_rotation": [2.7923130054436465]}, "final_stats": {"q": {"step": 16, "value": 397.8893609488751}, "c": {"step": 28, "value": 76.73473769824903}}}