{"initial_step": 2, "final_step": 25, "quantum_tts": [37.50068617051927, 50.82581171201494, 61.05717684468876, 62.123193765826485, 73.16122944642213, 100.03903359209235, 155.2423817521934, 225.10374044448307, 252.3056876487875, 354.84922225520745, 665.8905083657593, 788.3589398669907, 671.4209109170262, 696.4302235993531, 1109.2980473080174, 1368.1444034716242, 1240.5576465788095, 2206.3206458337036, 3054.4793876894505, 2269.280847761598, 2034.4357154868424, 2479.8220118168983, 4065.724710772727], "classical_tts": [40.89524336840729, 45.84462125958587, 46.987964319360735, 48.25715047018147, 48.47225180654958, 49.29943807045518, 51.03107590311288, 50.51665266650242, 50.85739222375061, 51.84144758546294, 51.39313821630677, 50.722938788023136, 52.492965710557996, 54.91067010702472, 52.42884560582682, 54.01863387038848, 55.341424263844715, 54.92220859697328, 55.457266852100545, 56.64685368141398, 58.735751445046965, 61.19513503743678, 60.9935417364382, 61.86731032985151, 62.74157184174818, 65.2212324863037, 65.7101889633017, 66.61552803177929, 69.0532516040022, 71.04053048565756, 74.33566171574766, 73.94649123482844, 75.33731983590694, 78.34816041841552, 78.21041346827644, 81.78980699277746, 82.19090027481491, 85.27756142270032, 87.58328011139022, 89.46792579299327, 90.50295232761712, 92.3427376431962, 96.40718455303248, 96.76950354916369, 96.19238134441729, 98.04888210965902, 102.48495150631484, 104.40634112934626], "initialization_stats": {"phis_precision": [98.89230799390411, 99.89121789206543], "psis_precision": [99.57178840115078, 97.79224713176714], "phi_angles_psi4": [-1.385694098666425, -1.3856865179633286], "psi_angles_psi4": [2.5631574542466224, 2.630315795292456], "phis_initial_rotation": [-1.3508949279785156, -1.3891040086746216], "psis_initial_rotation": [2.5497047901153564, 2.560957193374634]}, "final_stats": {"q": {"step": 2, "value": 37.50068617051927}, "c": {"step": 2, "value": 40.89524336840729}}}