{"initial_step": 2, "final_step": 25, "quantum_tts": [179.4541674330987, 229.14656218680636, 263.3080614879995, 277.7332952199847, 286.529567648849, 353.34503943657876, 522.7984282128722, 689.3849298509456, 856.8108063735757, 1260.8600794434421, 2674.2012273766413, 3313.692239981561, 2554.658331201627, 2643.6969116623036, 3601.7605105075445, 2862.3873156608483, 4409.8311233629975, 9375.47415829476, 13297.268026403599, 12542.64354245825, 24126.282511204554, 16104.445650834954, 8774.63630244283], "classical_tts": [148.67471450248217, 151.7503752578911, 137.58809317269407, 136.51720200682226, 139.17385589637055, 139.15085054902377, 149.39940974073141, 142.8936770615161, 133.77499248246494, 139.5337933591609, 145.11775917054769, 139.59511897292504, 142.07186439635433, 153.27851588564147, 150.8017045861747, 154.94162891931967, 170.20763765107776, 159.89308447519528, 164.25009427854593, 171.651710401063, 173.76643246954063, 176.87505721220165, 180.58559721042107, 178.6204085932033, 191.37362921540532, 195.09950058094023, 197.93189106221615, 197.19470269446677, 209.06261582625078, 210.7943373630507, 215.13812522872132, 225.79580044834734, 231.67356538018453, 249.40068648319365, 245.81117487789584, 246.34341138139231, 258.2592918882983, 252.65706004658577, 258.61617860141416, 272.6965087095919, 267.116453771638, 285.27039580723846, 297.4954908363474, 289.7806046765255, 293.5745294858919, 306.1724653167713, 309.2538788651945, 328.5853397140528], "initialization_stats": {"phis_precision": [99.77340364525122, 2.720491909376588], "psis_precision": [84.60258480069798, 95.62872620138198], "phi_angles_psi4": [-1.5089041861744306, 1.5707790854948958], "psi_angles_psi4": [2.0690155554647496, 2.4956133910884564], "phis_initial_rotation": [-1.5160229206085205, -1.485346794128418], "psis_initial_rotation": [2.5527396202087402, 2.6329410076141357]}, "final_stats": {"q": {"step": 2, "value": 179.4541674330987}, "c": {"step": 10, "value": 133.77499248246494}}}