{"initial_step": 2, "final_step": 25, "quantum_tts": [993.3982922948288, 1074.0961297704946, 1088.8162842292822, 1068.6464502287342, 1012.716293879573, 965.6859599539262, 923.6715253616289, 896.0479691182194, 875.2348041595812, 849.4570757567343, 832.8735251771955, 847.4524261651952, 844.9597749384201, 829.4144967884755, 819.1051769170448, 824.4794336190714, 901.4817387344932, 956.1928538363491, 946.3073273838602, 924.9638597171961, 924.8328077357596, 994.0418042602556, 1074.434421571865], "classical_tts": [741.9649620395568, 624.5175078151051, 531.2558722180636, 494.7831900428284, 483.18830462515336, 448.3343114097464, 429.31143296159837, 396.8851200907974, 376.5822067262768, 345.81392411821525, 305.6410978291731, 292.9750963376443, 280.6811993005022, 268.24756186741587, 259.45409118778366, 251.75400225887284, 231.38113728766342, 231.14581008049248, 221.29494666196211, 206.03086763356, 206.07251085966186, 198.36402668508998, 192.5960650515096, 182.07015760744946, 173.94954121707397, 171.59006982872762, 166.9740609142707, 162.365556599089, 161.2883610497549, 159.8372511376916, 156.2382437453322, 151.83007107023883, 148.5247860385688, 150.40504555490358, 148.68064806302027, 144.8076103581898, 143.23398952906732, 140.08849353934087, 143.65391481431053, 142.2138629585966, 141.93834334066787, 139.36979255565998, 138.23150036716928, 141.8760467207416, 138.2292110324368, 139.0005401157989, 141.43786147308796, 139.83149470701747], "initialization_stats": {"phis_precision": [67.21732344679319], "psis_precision": [74.142806737413], "phi_angles_psi4": [-2.564113370113935], "psi_angles_psi4": [1.5004190792674215], "phis_initial_rotation": [-1.5342152118682861], "psis_initial_rotation": [2.31274676322937]}, "final_stats": {"q": {"step": 16, "value": 819.1051769170448}, "c": {"step": 46, "value": 138.2292110324368}}}