{"initial_step": 2, "final_step": 25, "quantum_tts": [890.3265538562533, 945.824802113004, 911.4725139095391, 851.9327485345407, 770.184015486316, 711.7483351512479, 602.7847778394646, 553.4854370098074, 624.9623789704361, 524.0678214218642, 398.3419360630893, 362.51838975661633, 370.21653667390547, 337.3632356665501, 333.46588695173244, 431.4516408651181, 532.7900094743443, 527.9233899401308, 550.7036030995132, 724.6266109604844, 1029.7866534374632, 1303.4986406555151, 1526.1479806731447], "classical_tts": [679.9422506797889, 435.1246205740848, 402.46413244820525, 384.4834690582536, 294.19372483000484, 264.46959475040035, 250.58060945344553, 225.30618694396958, 207.82972179966652, 188.07094267229755, 172.03906914018322, 168.7978821275087, 147.55633938194046, 136.71320198763502, 131.63305289835813, 127.49025992344315, 120.33410362681104, 118.24810595690143, 113.82299613738539, 117.44039176763908, 105.87945506912263, 106.47796061638675, 106.87014364322651, 109.62736512346993, 106.33674069573618, 104.86607778990596, 107.39309147843817, 105.84469407175197, 109.94424585705332, 106.43392839891965, 110.91503797390686, 111.62414478439486, 111.05189336075388, 115.76568650346073, 119.7621052787839, 121.32884286646802, 124.0722938778279, 128.8567565434922, 128.9755024179575, 128.12314996408443, 136.98502657122637, 134.23027405081967, 132.5911697570337, 143.96198252733484, 146.95135539671764, 144.19699054098902, 151.49585677431216, 154.98223011293445], "initialization_stats": {"phis_precision": [32.37970527085845], "psis_precision": [58.71821685110648], "phi_angles_psi4": [2.5801230429979163], "psi_angles_psi4": [-2.6017795753816184], "phis_initial_rotation": [-1.5787080526351929], "psis_initial_rotation": [2.38450026512146]}, "final_stats": {"q": {"step": 16, "value": 333.46588695173244}, "c": {"step": 27, "value": 104.86607778990596}}}