{"initial_step": 2, "final_step": 25, "quantum_tts": [155.24704174365644, 241.35509734969477, 316.66887534975587, 656.7513851062249, 875.4304420273671, 845.0337141904271, 985.2241607806586, 1814.1143362862847, 1889.3260365016952, 966.1373181016525, 1344.3480782593779, 3436.9948431926146, 1687.9079942583053, 1758.2441749147144, 1883.933363892944, 3976.678657952381, 5162.962884440153, 2253.315860715314, 2037.5425973804686, 3059.5948931670227, 2326.5945277726687, 3188.95587091075, 3072.862300792813], "classical_tts": [112.095815491036, 157.16629403903485, 208.3167428201633, 209.38565590923074, 254.9352700863403, 309.46894252643125, 368.57306101352475, 440.06282482605917, 424.89211681056713, 481.43812894405255, 527.8486904842196, 701.8994234453946, 638.2881937462574, 691.0744894003589, 737.1461220270495, 783.2177546537401, 795.7772807822518, 844.2556716167755, 983.3890166276648, 1021.1301470808502, 962.8762578881051, 1032.4830520481614, 1123.4350050700582, 1128.0508387406871, 1330.4603765028924, 1212.0453219695808, 1354.010844430551, 1329.0873994043588, 1299.9872942395002, 1532.8271798968394, 1489.9580658166976, 1444.3143868321577, 1558.2403993016621, 1587.4542997905437, 1599.6423251686272, 1644.076834201089, 1723.5218112011619, 1657.079255561212, 1852.6059845399234, 1961.056351755816, 1997.9979531710342, 1970.715799116808, 1906.648031551267, 2062.376999075729, 2188.2834725206562, 2036.6467609752171, 2090.3497250716605, 2112.82824842168], "initialization_stats": {"phis_precision": [24.083044329340474], "psis_precision": [56.15170116797995], "phi_angles_psi4": [-2.5641579325261574], "psi_angles_psi4": [1.5391379706873562], "phis_initial_rotation": [1.3340258724749692], "psis_initial_rotation": [2.9166729055181975]}, "final_stats": {"q": {"step": 2, "value": 155.24704174365644}, "c": {"step": 2, "value": 112.095815491036}}}