{"initial_step": 2, "final_step": 25, "quantum_tts": [4254.37630170529, 4218.514752692681, 4872.471053190485, 5706.762981903857, 6017.185368334391, 5917.827389381828, 7044.889222576072, 7003.17720241216, 6333.496367916057, 7198.583346427563, 7211.072934071197, 11053.686993021529, 6241.525108326765, 8522.601842397673, 16682.55920143893, 7724.351099201398, 5832.619234442925, 12249.194056886563, 15809.34470228243, 11000.111317510735, 12801.02733357, 12729.709456181725, 17076.43119692231], "classical_tts": [2629.2225632959758, 2299.1294858203923, 1597.188729352384, 1610.0858650710202, 1571.9976189313197, 1363.6778978138439, 1160.3323215308928, 786.6415592104603, 861.4538316040462, 671.8085313736316, 593.3524567342604, 508.88833614012736, 471.2019765369112, 412.8796030913121, 341.99638272442775, 316.38499057291796, 284.9354110898627, 264.63780426370533, 228.36616098425398, 219.14804655058072, 191.7888704329063, 185.70198796243182, 172.21265166303195, 161.23093460989904, 155.52855829367962, 149.48460936563393, 140.62496407064702, 137.76236177410254, 131.07760919374974, 131.50613850987418, 127.47117880695971, 128.16965063210728, 124.97597407878585, 126.46810517193745, 124.50607824376793, 119.51583901297285, 122.48293386313651, 125.12374589657662, 125.88826924176722, 129.67900887000638, 127.50211753085163, 126.92637448807177, 131.1571014719288, 127.44034965083807, 131.95608397558414, 132.41437771834927, 137.7890443312569, 140.95334001447821], "initialization_stats": {"phis_precision": [27.76951216254272], "psis_precision": [27.18173932686767], "phi_angles_psi4": [2.5307920507564523], "psi_angles_psi4": [-1.5085147862884132], "phis_initial_rotation": [-1.4832055568695068], "psis_initial_rotation": [2.4870173931121826]}, "final_stats": {"q": {"step": 3, "value": 4218.514752692681}, "c": {"step": 37, "value": 119.51583901297285}}}