{"initial_step": 2, "final_step": 25, "quantum_tts": [425.2274028241472, 557.7656435792758, 570.1051782286237, 485.7250309369709, 562.2278013851152, 706.2419360863465, 841.3079157482919, 1073.377965779267, 829.4045648849624, 618.9724595318116, 741.2377130283517, 1234.934818516863, 1448.4091610488542, 1561.7636995637529, 2540.605783325896, 2583.3184035779027, 1843.0152576018468, 2118.254576056767, 2512.8444474475787, 2509.022337493388, 4237.98706776756, 7728.6976875665805, 9630.656371437479], "classical_tts": [332.6135696246161, 290.4794664650051, 255.7301659350522, 199.7762050858979, 168.71194378929434, 151.18562497530752, 133.51241248179625, 115.11377968349454, 109.6731660369094, 96.78812783874949, 90.89724412614508, 85.80689195777717, 78.98003081855472, 74.21083866435328, 71.82796261303145, 68.8282001016329, 67.95008091671846, 63.20777778602484, 63.68727896485602, 62.42255712916846, 61.85256402770929, 59.418664843169445, 59.49387012290093, 60.59582503420386, 57.33725734691143, 59.078499952535054, 56.952398459875575, 58.523299247305836, 58.69728252168268, 58.755601205696884, 59.48214597999371, 59.775338800768864, 59.22322144721549, 62.55758885317962, 62.39611152711064, 61.54437084246823, 63.32171904897153, 63.47721066164812, 63.88053267949718, 65.18986316725439, 65.80265029566849, 66.99623431403731, 67.28943758899784, 70.32046356947127, 71.53758860325254, 73.25559562026615, 72.58490121609907, 74.46003750917592], "initialization_stats": {"phis_precision": [45.62637581386711, 13.40699744374606], "psis_precision": [38.66386963316435, 30.308489270383852], "phi_angles_psi4": [-1.511393197974324, -1.5018626103009003], "psi_angles_psi4": [-2.6204803873824294, 2.492508155721956], "phis_initial_rotation": [0.19680458494775, 1.2185367965291949], "psis_initial_rotation": [-0.6935490217816627, 0.3030847744645926]}, "final_stats": {"q": {"step": 2, "value": 425.2274028241472}, "c": {"step": 28, "value": 56.952398459875575}}}