{"initial_step": 2, "final_step": 25, "quantum_tts": [37.857012662437384, 43.733354459326094, 51.04155162321805, 55.826615938402355, 60.48104250574299, 75.33748982245773, 104.78263829127393, 101.50079883747532, 149.77542610752118, 368.66300147453256, 466.34240151103495, 404.81123303477835, 447.3027684018011, 600.0495874608544, 944.1231538205899, 970.7275229584174, 795.3874868057723, 681.2466792175202, 725.7579486572329, 771.0487595975319, 823.4679130851314, 1047.0310160304573, 1710.6985868809775], "classical_tts": [22.715963551954303, 24.842515428912563, 23.700851717655862, 22.355151878931427, 22.005257557486992, 20.93182448362679, 20.70273209457206, 20.091955710418045, 19.700983877144633, 19.785766765447303, 19.403858357717628, 19.88840993971682, 19.333997915334656, 19.556615296530452, 20.10353275786092, 20.361619359587536, 20.008237727561898, 22.31221229414529, 21.655764866360872, 21.8616579935519, 22.94996048891785, 23.52272444083712, 24.052098330364576, 23.961245944308974, 25.51868650707355, 25.008897660486053, 27.02149302906002, 27.53887724474934, 28.322338610511466, 29.300790132256434, 30.776122049842133, 31.117962378381108, 32.8118129638586, 33.77686628632503, 34.781478711995625, 34.4368612985218, 34.42810361449744, 36.47226718920316, 38.426119641014246, 39.657273437137576, 38.99666468273505, 39.44314967221995, 43.37757404876542, 42.4835079157672, 43.98725365605827, 43.32339902012135, 46.42802743860009, 45.93322801092611], "initialization_stats": {"phis_precision": [97.94481852732996], "psis_precision": [96.0000754991755], "phi_angles_psi4": [-1.5018168587694598], "psi_angles_psi4": [2.581223687401196], "phis_initial_rotation": [-1.5663822889328003], "psis_initial_rotation": [2.4555623531341553]}, "final_stats": {"q": {"step": 2, "value": 37.857012662437384}, "c": {"step": 14, "value": 19.333997915334656}}}