{"initial_step": 2, "final_step": 25, "quantum_tts": [1551.7134829333163, 1655.4869880537237, 1703.0016611141407, 1630.817835124109, 1502.0070665305363, 1445.5701588133816, 1181.5929064882948, 1040.249174352686, 1314.6189695073563, 1112.724175101146, 802.6834314941865, 669.5721684653743, 563.944548334739, 508.990446746947, 537.8032040461761, 665.9093992718151, 903.4755542960924, 923.5702954677055, 1053.531426612101, 1226.7643900631585, 1531.3351475094496, 1967.3912558536067, 2136.672789192562], "classical_tts": [798.594364676192, 764.0692824279798, 732.2124050254366, 562.7634390713389, 488.6833942455821, 518.2043391995699, 417.86821281165953, 360.4252687332938, 319.06101110105817, 292.314796877947, 261.21889264939085, 237.3229242547191, 228.87905954373838, 212.13758862264842, 200.80076307353644, 194.9981011714946, 179.8001850756173, 184.35750310481524, 166.50572216917107, 171.75271276841482, 158.9699634363217, 165.9272568662046, 163.53428144483615, 160.10802565155367, 162.8474535199299, 169.4435447137317, 164.88778941444454, 161.88274268720983, 164.66614121304997, 171.47421348558717, 168.47817102808045, 178.5352124966574, 177.98266068582245, 180.9757118970394, 183.0071448995815, 189.15674304998987, 197.87298710663867, 202.18990084023858, 198.14977377729207, 200.43558619556927, 211.94170844606026, 214.10949310720218, 217.87148179172132, 214.57709366416586, 227.7747309640723, 232.8259841883182, 243.05911333486665, 237.92429709896297], "initialization_stats": {"phis_precision": [8.149850358258492], "psis_precision": [66.71384268416692], "phi_angles_psi4": [1.9959093756563866], "psi_angles_psi4": [-2.640326184228101], "phis_initial_rotation": [-1.4017183780670166], "psis_initial_rotation": [2.5971436500549316]}, "final_stats": {"q": {"step": 15, "value": 508.990446746947}, "c": {"step": 22, "value": 158.9699634363217}}}