{"initial_step": 2, "final_step": 25, "quantum_tts": [424.2279182497765, 734.7828693499882, 905.0957692056297, 749.7131913141532, 968.5604395397604, 2230.1204338731054, 6711.6043570942, 4906.276660935565, 3805.1566592210465, 3797.6930825087807, 4568.944465484552, 3543.015246967934, 2153.9931405106036, 1768.5804601553468, 1932.5772117102651, 1904.0248659126787, 2937.3626842815997, 5384.125787326579, 6489.783084397908, 10055.546482843914, 20769.542574932882, 29358.305566093968, 14705.857506533714], "classical_tts": [257.1367496109196, 227.75059709986948, 230.02245142008795, 206.4098512292981, 198.06590621689918, 169.17856792851472, 164.39770028267418, 160.50537347767278, 157.04801418943654, 156.41512004047917, 149.0134378165217, 153.78389831293686, 152.64497221214822, 151.38222223177186, 151.29567791206912, 159.8090958728811, 169.87382279029958, 170.12883117477637, 168.20747289481076, 173.69135074278898, 175.88247453070733, 177.17433922747216, 177.62217337230047, 187.3819639741206, 194.12503535407674, 201.9255305748715, 196.8845149890494, 202.20029860434164, 210.94769463112436, 218.32608288344437, 222.1808736959396, 226.0308544904379, 235.81945714952204, 240.85690669714992, 232.4050644892816, 254.8862312617095, 255.08304526943954, 263.0103611200957, 265.7740057524107, 275.50408825230755, 284.70714607084216, 293.1509418397225, 292.50059608792276, 307.2639685973698, 303.47024147660017, 325.47318565518384, 304.0688161640332, 319.20108086216584], "initialization_stats": {"phis_precision": [1.00861144924419, 99.9221081780385], "psis_precision": [71.88359437681588, 78.83687900554283], "phi_angles_psi4": [1.570820563794899, -1.4946869265041298], "psi_angles_psi4": [1.4862136775877832, 3.1278197744944416], "phis_initial_rotation": [-1.5390856266021729, -1.4971339702606201], "psis_initial_rotation": [2.369516611099243, 2.462960720062256]}, "final_stats": {"q": {"step": 2, "value": 424.2279182497765}, "c": {"step": 12, "value": 149.0134378165217}}}