{"initial_step": 2, "final_step": 25, "quantum_tts": [129.75686076994094, 153.18687573620196, 173.54344838467043, 192.60846567549564, 208.43036534515244, 266.71841483447656, 347.4445703036325, 280.31944180935, 235.31143271633795, 330.17404570889425, 701.2753070407971, 1119.6944942218313, 2893.579268915014, 2848.8001106570277, 3675.093940866371, 7629.96535818158, 3268.626845396053, 3737.1542143108895, 2447.781662403675, 1795.3536495059811, 2241.159374493003, 3853.232908626521, 24213.478860525745], "classical_tts": [79.54489070808934, 77.05143475490814, 79.61122815734677, 74.46472495907736, 70.48194647903853, 63.39534729126302, 61.039896273690616, 55.84827315697231, 54.56677505311495, 50.98743720938249, 49.42465037951578, 48.98263668844068, 45.67805777689818, 42.95447028046133, 42.091484676545434, 44.26507560623933, 42.922539639367876, 42.560783077864386, 42.45533648038551, 39.747009077266185, 42.22057628536906, 42.99152727251955, 42.32574993515508, 43.376826429640346, 44.31564606291505, 46.118808176058586, 46.40641692693367, 45.166755841716615, 48.50964589429407, 47.67492790648282, 49.28630744688719, 51.20624024302202, 52.09370860913269, 55.69077205169934, 56.23554415604128, 60.79289436469997, 59.711997711028744, 58.95303879938186, 59.01613853747013, 64.28343804524515, 64.20679514263787, 65.78474056983256, 66.71155695827315, 71.54984981774004, 72.38975852300165, 73.90887014991283, 72.61222112486433, 73.29045853205251], "initialization_stats": {"phis_precision": [69.56312053186832], "psis_precision": [53.16017747907284], "phi_angles_psi4": [-1.5397375218596674], "psi_angles_psi4": [0.3374117187594318], "phis_initial_rotation": [-2.495940291212472], "psis_initial_rotation": [-1.1341047045125134]}, "final_stats": {"q": {"step": 2, "value": 129.75686076994094}, "c": {"step": 21, "value": 39.747009077266185}}}