{"initial_step": 2, "final_step": 25, "quantum_tts": [5011.993640000058, 5171.825814977675, 5293.844476001277, 4668.601159239886, 4325.786266186514, 4228.2809958007, 2870.248635104859, 2388.5441976263664, 3160.271483616761, 2711.9977022608177, 1614.5976150885615, 1497.7547386030217, 1790.2695929695676, 1468.970796157132, 1171.3698914925149, 1342.8188793252052, 2020.5234345789463, 2278.3956944542174, 2199.0213215410295, 2896.6562706688696, 4186.672873287421, 4511.012377158269, 4999.167537330997], "classical_tts": [2831.6476744680003, 2759.646793035992, 2372.253881342708, 1800.1864939956138, 1507.1102452636178, 1094.0131735766465, 1142.0574467161402, 959.1105666696253, 900.3528909765921, 703.2579563213936, 710.8430832742162, 571.8360813579045, 511.0939324571825, 439.2153911893287, 409.69120168045754, 366.20959602903673, 342.0261546107183, 334.4202308845466, 292.3334990469278, 274.7533283338097, 264.99653745769905, 260.4466237901487, 244.3960933781675, 230.34630983314952, 226.5199545659816, 228.0378682400398, 223.72090699773292, 215.69054118844988, 215.61302660112275, 212.33201482435072, 214.80677496373858, 207.60784014634987, 222.71898989573384, 226.85733964993366, 218.7821483574692, 224.3186949372314, 232.95406131103562, 224.23432950269006, 232.9061291241122, 240.41928117732007, 242.0466626375369, 244.49298585217136, 248.91048644085413, 248.57454147498282, 248.42042258415384, 260.2139496364739, 264.6643508447804, 270.7932439652862], "initialization_stats": {"phis_precision": [0.5177184031747273], "psis_precision": [26.496205382366433], "phi_angles_psi4": [1.5708577495949352], "psi_angles_psi4": [-1.534278440995215], "phis_initial_rotation": [-1.5544703006744385], "psis_initial_rotation": [2.4397170543670654]}, "final_stats": {"q": {"step": 16, "value": 1171.3698914925149}, "c": {"step": 33, "value": 207.60784014634987}}}