{"initial_step": 2, "final_step": 25, "quantum_tts": [470.44575222647575, 757.4627898542487, 819.5751781352634, 831.2120934087108, 1109.1102338169974, 1243.2943302955205, 1202.129033954557, 1692.1681441327523, 2358.7937115465547, 1857.4159798417968, 1890.6318707274045, 2627.7933121714923, 3165.319882863462, 3218.8236813481985, 3556.83706786288, 5999.32879805931, 10801.02757717258, 11903.766575464595, 10711.380495285935, 8698.7295198955, 6495.958815851844, 6269.746063444101, 7249.419436892643], "classical_tts": [366.10620251271826, 314.1314078519258, 239.34782170400368, 201.16257228079883, 183.5643700795433, 159.04839167850707, 143.1443952880688, 129.0293018551374, 112.8125646646121, 105.11576784251662, 96.49400065359393, 87.94176624084967, 82.59999970425201, 75.72620382225551, 74.04102273491667, 71.71777833831527, 66.26265638422642, 63.27624875848804, 62.38846047000732, 58.049469921736346, 54.647648837457425, 54.78955592449246, 52.49635788002692, 51.9758274133076, 48.599117786315816, 48.25871140102428, 47.33343472837105, 46.143782557108246, 44.414154818537455, 43.35630297769994, 41.53092654656917, 41.569617439784466, 40.70513379577105, 40.59890132472426, 39.74810290790128, 39.9248976854787, 39.1299205851098, 38.341912933779035, 37.962529292898516, 38.36547062808387, 37.26325668667586, 35.86502994560481, 35.50136221396679, 36.665503966856825, 35.62117619151888, 34.61525478057486, 34.16906516814279, 32.92752645530618], "initialization_stats": {"phis_precision": [95.527792466935, 45.244943878706025], "psis_precision": [37.566154641560445, 19.018461951617248], "phi_angles_psi4": [-1.5120086824887173, -2.5155601078301735], "psi_angles_psi4": [2.0708819006822323, 2.4912138269513813], "phis_initial_rotation": [-1.3715101391766586, -0.7953792872546335], "psis_initial_rotation": [-2.2508863073630048, -1.2478614301361894]}, "final_stats": {"q": {"step": 2, "value": 470.44575222647575}, "c": {"step": 49, "value": 32.92752645530618}}}