{"initial_step": 2, "final_step": 25, "quantum_tts": [355.4825690548437, 398.1308107689417, 368.42227298549017, 370.81519666264046, 438.5554317865682, 516.8918202112876, 710.1061162059425, 1395.2094133394467, 1352.1121665751098, 1006.5407031293241, 1144.2700488808034, 1758.4158374360911, 3229.1210619284298, 3149.005112950637, 2490.5332436317294, 2160.0207374004976, 2275.0173095437312, 3149.948419704332, 3414.4297046976953, 3323.985833000138, 5040.9760407504, 5769.279029711768, 4139.343577412017], "classical_tts": [285.51436167903506, 310.52219318160843, 253.90285838087328, 211.41630278857048, 186.23076792120855, 159.48372672339877, 134.49104329041265, 125.91615953609751, 107.6919294487623, 100.96315988631332, 93.59774194039072, 85.45940863195433, 79.9721091230806, 76.58509407408746, 71.24676242881766, 70.12790543802566, 63.59118681738934, 62.30400039088899, 59.7423488322325, 58.39126932751966, 56.31316120124226, 52.17291436470607, 51.08553550988083, 50.55500686063027, 48.90410880501022, 47.97064406169799, 48.13488423160288, 46.53439080090792, 46.49926150566314, 43.818295550266974, 44.913655584176794, 43.25620616598168, 41.792756637226304, 41.6228547385292, 41.56745769062081, 39.964409012272185, 40.23181556159592, 39.16926503499209, 39.17209711433661, 38.04525805388576, 38.478628994016745, 37.00712571240838, 36.725365195538544, 35.892176219220495, 36.31764098603134, 35.45569121578657, 37.04747196697046, 34.536467624393545], "initialization_stats": {"phis_precision": [66.17153110529304, 3.6047403846887094], "psis_precision": [99.3122102834814, 9.828393086586507], "phi_angles_psi4": [1.5133512835752028, -1.5018371599342764], "psi_angles_psi4": [-2.6203515870598526, -2.5702790243001186], "phis_initial_rotation": [0.4505985899571803, 1.7530017527618815], "psis_initial_rotation": [-2.641959138266147, 0.8800817044638034]}, "final_stats": {"q": {"step": 2, "value": 355.4825690548437}, "c": {"step": 49, "value": 34.536467624393545}}}