{"initial_step": 2, "final_step": 25, "quantum_tts": [333.26158298754405, 365.7356661881773, 380.12018925011915, 370.09693852328337, 355.1493359202408, 359.9954810213065, 334.41671521445784, 309.91658037124716, 288.41877970497944, 304.8427809196512, 303.4922909319006, 315.8676143636642, 337.9622016970025, 313.44995896542326, 322.98901151821, 428.08750503058377, 490.7968277956787, 475.10635466778353, 592.8480021975965, 766.19613288812, 1046.731538817598, 1401.993578526934, 1630.4325887769724], "classical_tts": [180.97800540203934, 175.94573769591517, 159.82096406871833, 132.87036221724864, 126.77320145788342, 119.93620966102063, 111.03014954229901, 94.65545128876244, 90.22142721907178, 85.16744027490046, 77.5459886867845, 76.15868385381567, 67.777288875657, 67.06545563679731, 65.97691252884087, 59.77192830097747, 57.770042098629595, 55.47994183867887, 56.600902574549664, 53.29652428682399, 51.875676459642385, 51.485933989244494, 52.94470274278882, 50.93750709302611, 49.98338514747398, 50.3981391426305, 49.24061858032174, 50.801118619210776, 49.63146947539899, 50.29128243261846, 50.04269905777061, 50.675011699213336, 50.39354182191999, 51.30477288634703, 52.22639014627711, 53.0995847454914, 53.7547857957577, 53.64521078420837, 55.23999404379148, 56.19422473189418, 57.47291443578336, 59.59539881595601, 61.029672697209946, 62.36727783065164, 62.3687451225135, 62.5232685711139, 62.78847107628648, 66.14253230061381], "initialization_stats": {"phis_precision": [67.21732344679319], "psis_precision": [74.14279914831393], "phi_angles_psi4": [-2.564113370113935], "psi_angles_psi4": [1.5004190792674215], "phis_initial_rotation": [-1.5342152118682861], "psis_initial_rotation": [2.312747001647949]}, "final_stats": {"q": {"step": 10, "value": 288.41877970497944}, "c": {"step": 28, "value": 49.24061858032174}}}