{"initial_step": 2, "final_step": 25, "quantum_tts": [387.59525878107814, 426.16011329178036, 484.7098143906133, 730.0332308046675, 1972.9796985511316, 1498.274834350807, 717.3031272332807, 518.4625029358168, 537.9190921048333, 910.1759367162426, 863.2597287646485, 519.2925081150582, 495.77861881897076, 577.1629642802611, 704.1977190016805, 926.8393163760117, 1454.4296516936852, 3253.3803838550075, 6291.4317664003265, 7915.92536879906, 5992.356970644834, 4906.547968951469, 4060.459022479294], "classical_tts": [297.21473285631714, 287.3851397791737, 231.52687131361986, 194.84786241000617, 166.2318140244024, 156.69381680900517, 138.54289345296309, 120.501432972353, 107.30334417532013, 98.55759086726184, 89.49739423630328, 80.39480303987263, 76.18686897205518, 69.90361431723802, 65.77085962869215, 61.041615301595776, 57.523212421012886, 55.34469247282377, 53.3045600948007, 49.872420347290884, 49.61704543642115, 47.834099412661004, 44.53397800968871, 43.856113153013055, 41.84268644562474, 42.85110867772435, 40.79275546427916, 39.54102129960951, 38.064034225676345, 36.68449090120614, 36.93183722745087, 35.62631302511479, 35.193995739362634, 34.809837488400426, 34.365218010585075, 34.787123594419775, 33.05765199938437, 32.38879892513218, 33.12332289544788, 31.408122635753788, 31.518586973011427, 30.759545998551094, 30.66752061644862, 30.103354415031216, 29.98942293425986, 29.691517123310998, 29.4671575863666, 28.5149215377665], "initialization_stats": {"phis_precision": [71.40048279006915, 68.6217201137446], "psis_precision": [10.437038269268516, 2.9329947269100876], "phi_angles_psi4": [1.5707569039948863, -1.5708759537949808], "psi_angles_psi4": [2.5812542080635814, -2.640232400643676], "phis_initial_rotation": [2.469237235624223, -2.556653689524424], "psis_initial_rotation": [-0.23244921800651674, 0.5935029998169004]}, "final_stats": {"q": {"step": 2, "value": 387.59525878107814}, "c": {"step": 49, "value": 28.5149215377665}}}