{"initial_step": 2, "final_step": 25, "quantum_tts": [533.6139282794902, 773.206197793422, 808.2808045655706, 842.4922125429919, 913.0292754670504, 986.5839792641425, 973.8033557126348, 997.9244158876008, 1146.1279869739874, 1148.936097250036, 989.7058560727999, 1093.94831670978, 1579.2620390077693, 1803.094909737694, 1957.7149369425492, 2042.7285264393395, 2406.408274732445, 3127.0004939803102, 3279.767584770548, 5187.890549127395, 6397.4049636479995, 5687.9978253678255, 6496.154068042639], "classical_tts": [329.5962104595224, 377.65312575132515, 373.2360075428862, 386.1443103178532, 348.42950448360637, 370.01958655487385, 353.67879145877856, 329.25535053177066, 300.0264724499635, 337.1383440814148, 350.769082721874, 324.9580668295126, 312.54560892917556, 280.76779090097307, 318.4449126293871, 316.02362767976734, 332.71238887007814, 317.7528292182624, 319.7707915960847, 321.84339470798096, 327.33586978257983, 322.36293332448906, 331.02846348863926, 343.90823407291435, 346.02325400699846, 371.4208927987475, 354.8838838883718, 369.38623317666435, 371.327957648419, 362.188776354244, 389.7647267491987, 380.84326507785516, 405.3642223842634, 421.9193866200112, 417.37990278752886, 436.67035344693306, 445.34892095708017, 446.6685397372338, 449.56129686423003, 482.7499286222665, 474.8825702291512, 509.0669523249142, 522.1282742200148, 522.1256692009251, 524.8441196707556, 544.077177821933, 548.9112023474615, 562.9101097188544], "initialization_stats": {"phis_precision": [65.41866717938053], "psis_precision": [67.41842520452346], "phi_angles_psi4": [-2.526485730943371], "psi_angles_psi4": [-2.6403019589286636], "phis_initial_rotation": [-1.4400811195373535], "psis_initial_rotation": [2.619302988052368]}, "final_stats": {"q": {"step": 2, "value": 533.6139282794902}, "c": {"step": 15, "value": 280.76779090097307}}}