{"initial_step": 2, "final_step": 25, "quantum_tts": [45.555841695147144, 50.17504405697541, 58.778600580386126, 71.20198025004287, 82.62675331811008, 111.40855502975728, 172.81321831148747, 166.24078022443842, 274.2124299270049, 824.7362974786372, 675.2345404834925, 600.1114325083236, 643.4784149652834, 727.128960318191, 784.247404674124, 1033.5534484081695, 1446.7234400947793, 1051.8640235634934, 1551.8360063955756, 3246.342271849694, 2374.942669434469, 5525.158165723392, 7338.6162250440575], "classical_tts": [27.488388597480533, 29.70275587541978, 27.948549346044494, 25.068342643328812, 24.67371206388546, 23.60927238530713, 23.133190684761374, 21.770013600707347, 20.76903326643579, 20.262477417421728, 19.759492504460923, 19.238807844969593, 19.34935858362742, 18.510078327105777, 18.05753621019592, 17.734060377800155, 17.706091944027364, 17.235546927807256, 16.77673789335687, 16.82757632963899, 15.706848891493753, 15.627906633166218, 15.02123046690383, 14.714797751709552, 15.20498612006658, 14.056505823094787, 14.911192227083767, 14.500000000025594, 14.577316516770694, 13.209547171216158, 14.161564712758766, 13.761812172439457, 14.336246120170657, 13.873040892528367, 13.596103298833658, 13.70893338599628, 13.456525506420245, 14.729111907069797, 11.104756749718076, 14.122882922718482, 13.440263486965453, 13.76026976046463, 3.3628381967574574, 12.492851343432836, 16.28947824461398, 14.237980285775727, 3.6685507600990443, 13.603327018404643], "initialization_stats": {"phis_precision": [98.85281965935934], "psis_precision": [71.90116603243943], "phi_angles_psi4": [-1.4946228033161004], "psi_angles_psi4": [1.5243986496296744], "phis_initial_rotation": [-1.5306625366210938], "psis_initial_rotation": [2.40714955329895]}, "final_stats": {"q": {"step": 2, "value": 45.555841695147144}, "c": {"step": 44, "value": 3.3628381967574574}}}