{"initial_step": 2, "final_step": 25, "quantum_tts": [50.01852096284506, 55.99772152228923, 58.49023703880687, 70.47477995953015, 110.47826881772151, 223.67563462943548, 541.264092181937, 593.5550872101892, 689.3959903867076, 434.41135204418725, 445.07503933582734, 545.2301642943074, 492.82000270728037, 548.7487725023846, 740.1916086519469, 1318.290706351093, 2872.5891666917314, 1480.1635797221224, 1609.057293769311, 1442.5683325856244, 709.3785880414008, 797.181435022252, 960.0577689661382], "classical_tts": [28.594763908925405, 27.307845177657242, 27.540879678712873, 25.5728561578384, 24.77040834994846, 23.937366943615412, 24.902408788015464, 25.050784770600192, 24.789112551210938, 24.208616631236566, 24.702316310345935, 24.41810278545474, 26.150557231646275, 25.78654512407972, 26.709824366411105, 28.460988659288823, 28.89398215253494, 30.18774877616285, 30.941922828576587, 32.65846436236481, 31.891548565714043, 35.02939542454695, 36.579829376578644, 37.279929828113545, 38.624245892252915, 40.353968909277114, 40.3393420533363, 42.103668288214436, 43.15389017570128, 46.01699601042133, 45.78164985835716, 45.935504346973914, 48.56746685536384, 51.521008108036426, 53.35786781146325, 52.97615187188238, 53.69173575651689, 54.07306026280335, 57.76140237446681, 58.43012260935947, 59.15781342610463, 61.5668792024579, 62.51034370110176, 65.33327837826378, 67.86855931809065, 68.0794521753149, 70.11859724520264, 70.1031513456094], "initialization_stats": {"phis_precision": [70.72298253846454], "psis_precision": [93.77099303665794], "phi_angles_psi4": [-2.5412670292063786], "psi_angles_psi4": [2.581330407918674], "phis_initial_rotation": [-1.62150239944458], "psis_initial_rotation": [2.3856403827667236]}, "final_stats": {"q": {"step": 2, "value": 50.01852096284506}, "c": {"step": 7, "value": 23.937366943615412}}}