{"initial_step": 2, "final_step": 25, "quantum_tts": [1399.1189271747483, 2023.1253810600797, 2385.8943683116177, 1983.9235844361865, 2587.7083077631487, 3757.3317785657787, 2507.0336131861986, 1618.8248436346848, 1390.000836290339, 1568.8095712990355, 1967.6200310747406, 3040.719970578797, 4897.7644454919555, 5350.154900709422, 4629.695533767031, 4386.066385820818, 4749.352551917861, 4855.56622218341, 8552.88663357053, 19775.511761097452, 14149.975668799685, 15540.32501139524, 25244.500919483748], "classical_tts": [1021.0668365132741, 654.4215012706896, 529.3142496798612, 391.2127331929396, 326.95321867816364, 295.2670818904862, 249.21207528273882, 228.71153277379628, 212.10238943698639, 193.4010740797936, 191.47853729170552, 181.0679713383247, 172.58772124913062, 173.50860830318967, 180.36462225751436, 179.17555496378483, 174.3051779235674, 173.94522828240417, 168.9169394370665, 171.04783312208448, 182.50339461124173, 181.04118481009723, 193.2125789768486, 180.6476857230928, 190.956178549613, 190.2558375258804, 192.4845228104786, 200.29864491125323, 203.78340005622897, 207.13597406795157, 217.14415227736, 215.62331393939067, 216.4517608255301, 233.02755130672247, 230.90049528557083, 231.2899527703032, 239.18135195573657, 244.39118737159424, 252.5158091433227, 254.79299212289018, 272.36550946055786, 278.2912682039929, 267.0142805544882, 278.5610670542199, 287.8319719402956, 285.63224924447366, 294.257761656045, 308.4180591008182], "initialization_stats": {"phis_precision": [2.7622894820200306, 66.54557542542865], "psis_precision": [66.38155167892445, 61.33625584533491], "phi_angles_psi4": [1.570709090494786, -2.5489826969983502], "psi_angles_psi4": [-2.6203661852996016, -2.6204219107225417], "phis_initial_rotation": [-1.4841036796569824, -1.4979809522628784], "psis_initial_rotation": [2.6066644191741943, 2.448106050491333]}, "final_stats": {"q": {"step": 10, "value": 1390.000836290339}, "c": {"step": 20, "value": 168.9169394370665}}}