{"initial_step": 2, "final_step": 25, "quantum_tts": [1388.383447712137, 1497.8470053431697, 1527.0391432926083, 1488.9534841453979, 1404.047814331761, 1322.6162913615487, 1250.6614842104009, 1196.4527694521462, 1150.2297531297836, 1106.314813615396, 1056.2355166991522, 1055.2944050303508, 1059.2663030470412, 1016.7572940018517, 948.0559066802952, 923.4039671672105, 1010.9739192941613, 1086.2182539188052, 1040.4360862067138, 985.5233804410989, 971.9216392477628, 1045.298235535349, 1102.9636551442272], "classical_tts": [1035.4805388095745, 925.3156440174255, 805.0863016441583, 736.9979348490945, 648.9970214411682, 620.9049397146333, 559.7176966023466, 536.7206230663276, 476.3593806481239, 428.66529730201364, 409.8992163651884, 391.75654963155154, 379.4933865651274, 360.44419873042165, 337.6299832636708, 316.2042122740372, 295.17766501542263, 295.9067064253515, 276.836553936746, 260.1400918426091, 251.77545411675783, 239.00584175921952, 232.02004653250987, 226.05360179289247, 215.94250571063196, 217.30094165701342, 211.151550516238, 200.193872531223, 204.0473568013127, 197.25518954201465, 190.82749818773794, 195.16153112786657, 190.75307699631773, 192.0234498897188, 183.92425147301847, 187.84598187907255, 186.88007884902967, 184.30074499796046, 189.18438231357229, 189.96552013587777, 190.59856913261225, 186.07908444938454, 191.40029328722207, 188.60883208368398, 192.19362905789922, 187.62082509286608, 196.62046747466206, 192.1764344182166], "initialization_stats": {"phis_precision": [67.61749373073518], "psis_precision": [61.53382143408952], "phi_angles_psi4": [-2.5641235943374006], "psi_angles_psi4": [-2.6001305374449513], "phis_initial_rotation": [-1.5467971563339233], "psis_initial_rotation": [2.4746041297912598]}, "final_stats": {"q": {"step": 17, "value": 923.4039671672105}, "c": {"step": 36, "value": 183.92425147301847}}}