{"initial_step": 2, "final_step": 25, "quantum_tts": [580.0064813155923, 628.66365558666, 646.5426430418597, 630.896465743354, 608.3819964831423, 606.2373302806077, 544.9702474199051, 495.03958988413325, 491.9336777860432, 473.3564435126975, 421.8829271003457, 433.7168806974658, 446.32159096121137, 387.6564517497248, 374.4867594063479, 453.7792526426979, 657.5974152142506, 710.8981831789192, 699.3088043222476, 896.4697414852212, 1259.0457892035315, 1708.0371944361634, 2160.891519397457], "classical_tts": [369.827600732249, 298.51117447770815, 290.10135410012754, 305.3675142607416, 239.73144610307747, 228.4420896734481, 195.88968400877587, 180.43791383602817, 165.00135588607583, 153.62238566733893, 145.00259067166397, 132.19794304024066, 129.15979878279697, 120.75786186053035, 114.50091200759493, 106.21625497165671, 98.48698301328032, 98.63257733356058, 94.61195391200488, 92.83263329757689, 87.26595626241823, 85.72157081917709, 81.92178292113539, 83.07816274065193, 79.51578729913349, 78.2922851528397, 77.37258265425, 78.03857943179015, 78.57082572125995, 75.7034551888468, 76.87971533784075, 78.98619102851794, 78.26035181786916, 78.82897132615575, 79.49812328234678, 80.84931590577317, 81.29996956002539, 83.0422961283258, 81.97567360966536, 84.39958072700074, 87.55832492438213, 88.81982400965231, 89.95747184473498, 92.82394660131648, 92.8618960228041, 93.71564026049967, 96.13778920863187, 98.47803601849104], "initialization_stats": {"phis_precision": [64.25528445792108], "psis_precision": [75.62608357840173], "phi_angles_psi4": [-1.5018168587694598], "psi_angles_psi4": [2.581223687401196], "phis_initial_rotation": [-2.62477021628598], "psis_initial_rotation": [-2.9362324520853424]}, "final_stats": {"q": {"step": 16, "value": 374.4867594063479}, "c": {"step": 31, "value": 75.7034551888468}}}