{"initial_step": 2, "final_step": 25, "quantum_tts": [428.93921850934316, 555.3183841634299, 704.2515716012518, 913.8262516618881, 2003.2257186608101, 3079.4737306220873, 1960.9667394326905, 1420.7305627208118, 1133.1131887326958, 1745.4542829255663, 2559.1721163126413, 1605.1622592738033, 1355.8257801056602, 1248.2854818296198, 1444.2017856571454, 2138.385608869271, 3351.0719586550767, 3696.728761107099, 3845.3423577677904, 3754.2744990649758, 3495.407065868371, 4429.5867072093915, 6599.39776716381], "classical_tts": [348.5624540786864, 314.1314078519258, 258.52006757955314, 239.15321362875804, 211.44407034657286, 176.55296705641385, 164.80895666021672, 154.69735135023524, 134.70403250838817, 129.92208044900605, 116.51412253892312, 113.53966528622904, 108.39492398623695, 101.83898806641567, 95.93868802833428, 92.80543711437853, 88.7490599741499, 86.84390648793627, 83.80963100544611, 81.53140133386964, 79.37639185374832, 76.51467837255639, 74.57511255672097, 75.41532646449468, 71.67263008381178, 70.39967714644419, 68.91482049638327, 67.04698463355602, 66.09090403214118, 62.903415999768484, 63.325741589832106, 62.092160366941435, 60.8344042099972, 59.78364022820824, 59.34285768844694, 57.285157823014735, 57.311757488060756, 55.51498215112245, 54.648628475970604, 54.741811738725914, 52.65930742351073, 51.434229682402034, 52.11513415622029, 52.03110057469719, 51.034204029569814, 50.564800017652686, 48.65015885267816, 47.368370492222724], "initialization_stats": {"phis_precision": [16.578783820496156, 27.077263509611647], "psis_precision": [61.327486081546766, 71.43333162743019], "phi_angles_psi4": [-1.515288113221693, -1.5018352317513564], "psi_angles_psi4": [2.568302552522683, 3.023572617354488], "phis_initial_rotation": [1.1054666858088593, 2.490414743049546], "psis_initial_rotation": [-2.4999498984362862, 2.126124262386476]}, "final_stats": {"q": {"step": 2, "value": 428.93921850934316}, "c": {"step": 49, "value": 47.368370492222724}}}