{"initial_step": 2, "final_step": 25, "quantum_tts": [2088.7740229088336, 2427.6609255053254, 2719.727822722717, 2984.7424606794075, 3288.440444277927, 3426.8411755221896, 3660.540718610648, 3798.3787126079733, 4282.333734216843, 4365.090082442295, 4599.89244337297, 4589.20061567687, 4743.857656875252, 6283.652374561182, 6072.415336794922, 5406.8933504686065, 6098.273153329554, 7963.081893514718, 8315.272135092398, 7792.920016063307, 6722.606376421251, 7147.423194043547, 7875.333590515671], "classical_tts": [1148.988423269386, 1238.3865570506675, 1347.3661515027318, 1230.5218591611701, 1011.7316798598993, 936.5681311616731, 923.4517349717722, 862.1554193375212, 715.0793615162526, 675.295626434796, 747.022451727788, 647.3489755355631, 645.0028567736683, 584.5435872300186, 597.9820071875733, 554.2610496827573, 512.5006689364657, 517.5133966042915, 498.45195757865014, 477.7973303091697, 453.50820466279964, 451.7325483591003, 435.92848107463703, 419.4064817852257, 406.91850740845, 398.90780698630994, 426.23823537522, 401.0570681303931, 391.1791459861121, 388.5743503708276, 370.43552532558715, 377.23323362562707, 365.62306037091514, 360.40252782951484, 369.27927269671204, 369.0851329841961, 347.66823666303804, 364.7173890891318, 355.8153452304876, 353.4973572777194, 351.33594109215574, 343.3726915625901, 346.43882443858604, 346.0598945456167, 342.0357131967541, 351.30592835599225, 351.6708536166416, 348.0444285883479], "initialization_stats": {"phis_precision": [69.23278290727062], "psis_precision": [91.35496958255347], "phi_angles_psi4": [2.5308350215445605], "psi_angles_psi4": [-2.6015823465536183], "phis_initial_rotation": [-2.7857696537358163], "psis_initial_rotation": [-2.8731739870487214]}, "final_stats": {"q": {"step": 2, "value": 2088.7740229088336}, "c": {"step": 46, "value": 342.0357131967541}}}