{"initial_step": 2, "final_step": 25, "quantum_tts": [40.790498262236355, 43.72759017868662, 48.406120917290934, 56.021427726168795, 63.61160692926172, 76.84635145215424, 104.61388097923694, 91.21085084035123, 123.29983601496566, 296.93489041087065, 376.56342081294906, 323.9571976455, 438.2457413824515, 701.3654786047576, 1208.4914977155368, 1366.8185620243698, 882.8186419715613, 588.5463324850446, 733.5873078207737, 1180.0405022874006, 1328.7095721656353, 1120.3793184053366, 1049.9584613477773], "classical_tts": [21.758691516101553, 23.7090283344357, 23.768472629205082, 22.57468955289859, 20.89573501153381, 21.123711745556456, 20.421631565667624, 20.942455997308173, 19.55228078838441, 19.827496313899434, 20.10456118149879, 19.370865284176663, 19.54942344932387, 19.524243220147905, 19.522018812239004, 20.48838810432378, 20.23812880111932, 20.349713584338993, 21.335199093158344, 22.37949284265387, 22.57118332407193, 22.674640980036468, 23.947867426308317, 24.29098526966715, 25.376544202664185, 26.026757334231217, 26.68212259835202, 28.177542912813895, 29.05045447136153, 30.018802953740245, 31.30268894553904, 31.556073274998326, 32.324564847507595, 33.93060730401458, 35.25488740292906, 35.50341168273944, 36.37920494284332, 36.254763429476185, 37.31829628971399, 38.068172666479455, 39.79091474089909, 39.68451543196507, 40.9519431658097, 41.530306847405306, 44.99761535921237, 43.428765834238625, 46.74389130942881, 45.056964195683925], "initialization_stats": {"phis_precision": [98.7075542794633], "psis_precision": [96.59164345741267], "phi_angles_psi4": [-1.5708471341949184], "psi_angles_psi4": [2.535740409371408], "phis_initial_rotation": [-1.5302437543869019], "psis_initial_rotation": [2.428663730621338]}, "final_stats": {"q": {"step": 2, "value": 40.790498262236355}, "c": {"step": 13, "value": 19.370865284176663}}}