{"initial_step": 2, "final_step": 25, "quantum_tts": [150.70280464717655, 161.22461512455416, 158.50159129886893, 177.15080084716178, 189.32303579138127, 240.27998451852713, 350.42956027350465, 305.4761280261618, 650.7450616113133, 2092.811815175114, 2083.5896914045043, 1584.775990716258, 1405.3788241507166, 1986.8356556423287, 1947.1209628461277, 1533.6612726302067, 1545.4333976211403, 933.6194080470533, 1324.9901577202845, 2133.3456886755594, 1508.3321639386595, 1567.9309865909693, 1849.6423775389019], "classical_tts": [79.91048203435916, 73.67378010701749, 65.06151788492858, 59.37919827406772, 53.59009598054965, 47.84630512711766, 42.68468652705273, 40.33752781105963, 37.509083203542055, 33.49936803799207, 31.245935722051293, 29.94341744473577, 28.040188519189492, 26.43490726658831, 25.702331607524226, 23.776037116812375, 24.09164561506674, 22.635716463632416, 21.399368052514557, 20.840208928607982, 19.857291112972106, 19.2932485773604, 19.87399373728955, 19.438769358165906, 18.046883162295984, 17.979749453627466, 17.8040462220556, 17.803074375136426, 17.82550366032635, 17.32669609022481, 16.65956245700123, 17.01643028442217, 16.318333821518934, 15.879353336253397, 16.06904579518115, 14.870685489535377, 15.846935228869679, 16.263959840155724, 15.372435736889079, 14.122882922718482, 11.65999458720398, 14.81180404089987, 14.66666666684134, 14.400282307462984, 13.93504453501454, 15.66666666685325, 14.540916036536913, 14.843851787298098], "initialization_stats": {"phis_precision": [21.306500647769923], "psis_precision": [14.86838732662521], "phi_angles_psi4": [2.5801230429979163], "psi_angles_psi4": [-2.6017795753816184], "phis_initial_rotation": [0.10789384849552475], "psis_initial_rotation": [0.07270891424764114]}, "final_stats": {"q": {"step": 2, "value": 150.70280464717655}, "c": {"step": 42, "value": 11.65999458720398}}}