{"initial_step": 2, "final_step": 25, "quantum_tts": [209.48322131051233, 410.52784582605426, 510.05047469644575, 772.1785183198455, 1051.2209592160725, 663.4339406975844, 588.8430311490762, 613.428206087637, 698.8092796124156, 1198.7906092331614, 1391.2398842258453, 891.523636719855, 811.5087087324107, 1046.190282791713, 1492.8463060158674, 2009.2175275919576, 2609.975922447943, 2956.3180214634795, 3197.2643853251952, 3194.0330909113427, 3476.7646252084005, 6905.063158350565, 17913.508803475142], "classical_tts": [137.76580924615507, 133.98421212156876, 124.37954568358577, 116.95364637540457, 112.56578889044582, 112.4833491399273, 104.31443892962504, 99.95222080405912, 93.76075771516696, 88.81399424290217, 88.42289181429993, 86.7302267442028, 83.86617723074589, 83.12272599451224, 80.7048027983591, 76.472761191389, 79.18644016161915, 75.30808517629946, 75.69977946718706, 76.38989256458498, 77.04013156277443, 74.55997994291194, 73.58057753718721, 75.60107707584471, 74.17055093508836, 73.89227422076469, 74.24325328625295, 72.52824693684877, 74.21548701192185, 74.35069237215792, 75.89280320556406, 73.22103811919172, 73.84025284699486, 74.57595794953305, 76.60218750969068, 75.33589387961577, 74.91528496186045, 76.62252846285419, 78.18217450925528, 76.58377474980446, 73.31388506083933, 75.9944966016124, 76.58746619052634, 77.773701364461, 75.85441797236345, 78.20616879476857, 77.33273191996155, 76.31624262908319], "initialization_stats": {"phis_precision": [92.48860521439569, 60.62256059306663], "psis_precision": [77.09458313992022, 78.05271919527263], "phi_angles_psi4": [-1.5120086824887173, -2.5155601078301735], "psi_angles_psi4": [2.0708819006822323, 2.4912138269513813], "phis_initial_rotation": [-1.276031255722046, -1.278481364250183], "psis_initial_rotation": [1.3512870073318481, 1.8017196655273438]}, "final_stats": {"q": {"step": 2, "value": 209.48322131051233}, "c": {"step": 29, "value": 72.52824693684877}}}