{"initial_step": 2, "final_step": 25, "quantum_tts": [131.41843782489227, 192.0097017427168, 228.2763692607634, 248.8943355674636, 339.0198589784967, 775.5987814169797, 1304.9099896019832, 1067.0058879188775, 1017.8632918444146, 896.1736220714323, 566.6578008675388, 400.84637045752424, 495.84985498971156, 625.6126671993443, 828.5846527960601, 1345.1260490515294, 1294.116537727688, 2690.7333376839374, 7270.260706997238, 8901.506380878665, 11881.36927535459, 6271.241052277372, 6008.742539699024], "classical_tts": [88.86901806492374, 86.50348499303061, 81.79048673681459, 80.18377816598259, 74.3859779578047, 69.30643037597949, 61.591124491436375, 63.824400790801654, 59.4211815730127, 60.3502271082018, 57.55815621732857, 59.71340033805175, 57.43722850785045, 61.01458539996342, 56.79681070507675, 59.947965274733924, 58.05972988470079, 61.24146693156664, 61.94837321369941, 62.707482837964186, 60.81373039420252, 65.00086773626063, 63.61524906418596, 68.9635633395528, 70.01374035791346, 72.15907965289706, 72.26160062451609, 77.23856961639196, 76.16388611360048, 81.05095052511932, 81.79820553175972, 87.77158898585049, 86.85124150320199, 89.40568978270792, 91.70923621241703, 93.48771006369644, 93.30460091017693, 98.07159572996642, 101.69061371847746, 106.7569470503419, 104.04335740063067, 104.0830805987843, 112.9345969504495, 113.39136173300787, 114.26326575105743, 120.46991252185293, 120.45676713733002, 119.25375315844266], "initialization_stats": {"phis_precision": [41.12489301387859], "psis_precision": [38.837797790203176], "phi_angles_psi4": [-2.5265337703537245], "psi_angles_psi4": [1.5241109530932357], "phis_initial_rotation": [1.9070355009567406], "psis_initial_rotation": [-0.3973562983034755]}, "final_stats": {"q": {"step": 2, "value": 131.41843782489227}, "c": {"step": 16, "value": 56.79681070507675}}}