{"initial_step": 2, "final_step": 25, "quantum_tts": [524.0163723075964, 576.0715271527021, 590.619332460719, 586.7097813911938, 567.8688924136507, 550.0274449030003, 534.9009500870071, 525.83396835926, 524.2259147002285, 533.5719057667928, 538.7263380742116, 539.0282912863717, 550.7245049924322, 570.2893581710881, 591.1477936033693, 619.4704135037439, 665.158172171961, 725.3600928853905, 800.0817054161665, 872.4874238137846, 963.5933343188078, 1111.8210271354883, 1212.17851385974], "classical_tts": [338.81591629874043, 399.9087501181309, 370.351431645843, 370.1459565711213, 340.6055617570169, 332.999658861839, 307.2721747230177, 291.7693689125806, 285.20051807707256, 277.2324318559883, 262.7716781848966, 253.0506293333108, 246.01298318364277, 234.41454175991865, 228.65386555584482, 226.34317841484247, 221.7196313382047, 218.1881284458074, 212.45701819080062, 208.34309818735093, 207.7594035822267, 213.56281332727565, 208.51708564673368, 200.91237516997919, 202.67980639283533, 210.23605978043392, 203.69757608350767, 192.78448378521242, 200.19787142703996, 206.3958311573726, 193.86541416596802, 196.36979846426797, 202.7059406921497, 201.65851177758265, 202.9512626710499, 202.4454650828287, 202.5264092593147, 212.2348492792696, 206.01623951757722, 204.32628459985136, 205.89273452649306, 206.90259376308276, 206.89098902976585, 207.51094772080583, 214.68253723505376, 212.33206048102352, 218.22858307036284, 216.78460598692763], "initialization_stats": {"phis_precision": [98.7075542794633], "psis_precision": [96.59164345741267], "phi_angles_psi4": [-1.5708471341949184], "psi_angles_psi4": [2.535740409371408], "phis_initial_rotation": [-1.5302437543869019], "psis_initial_rotation": [2.428663730621338]}, "final_stats": {"q": {"step": 2, "value": 524.0163723075964}, "c": {"step": 29, "value": 192.78448378521242}}}