{"initial_step": 2, "final_step": 25, "quantum_tts": [2212.42050165229, 2383.598223927328, 2441.6195327084934, 2386.564518779812, 2258.915086564524, 2125.303067854885, 2014.7932658020054, 1924.7184502311604, 1858.0544137387644, 1780.93325988821, 1726.2337516859095, 1706.9744331671955, 1651.0610598799246, 1644.4492915193412, 1574.9651740850327, 1555.4493489953973, 1688.6058735365239, 1650.8231944474967, 1574.9540821232608, 1593.3441142456547, 1594.7190846001736, 1717.8973094410042, 1726.394326627002], "classical_tts": [1532.7529905469282, 1531.600254769911, 1385.629784171291, 1090.702502117816, 1016.4477488962214, 957.7967399974257, 1024.9055504844064, 839.781016971494, 808.9527587807729, 768.1042870298771, 669.3913596529273, 690.2824659374179, 652.7233769876225, 610.5455505609941, 566.1630706216677, 543.4153280027306, 533.4770760387962, 496.69677946277557, 467.15997096830745, 454.4459443637852, 447.345976305644, 429.2771392697734, 421.73654260053047, 409.75908532064074, 382.3409100356896, 367.8456769918005, 355.3236159450713, 340.7949304519065, 325.54857896746523, 320.3329240868297, 322.83763512612535, 310.6226217532096, 295.2176944902052, 291.2982107028287, 280.15556195087885, 277.1719560324141, 268.0517614660535, 261.19193645566145, 262.02234105379, 252.81345844987993, 249.62827829249753, 240.8593676663384, 243.16128029532953, 238.2389296881344, 238.53272866260423, 232.0307832618655, 238.95465957586194, 232.23574567306292], "initialization_stats": {"phis_precision": [0.27578971937252117], "psis_precision": [56.686076554432454], "phi_angles_psi4": [-2.5641235943374006], "psi_angles_psi4": [-2.6001305374449513], "phis_initial_rotation": [0.5861332488155555], "psis_initial_rotation": [2.322307732787178]}, "final_stats": {"q": {"step": 17, "value": 1555.4493489953973}, "c": {"step": 47, "value": 232.0307832618655}}}