{"initial_step": 2, "final_step": 25, "quantum_tts": [163.76036855134902, 186.69181852676775, 176.5626381327909, 178.85004937002645, 181.45947033571568, 240.6861966567815, 511.2859457040284, 581.5448569314076, 852.2137479725634, 650.0286026941715, 1165.9506426135272, 1582.109918562147, 1447.6673223830403, 2000.0445585833997, 1564.064318681523, 720.669053743639, 435.4123716778449, 335.4085117363285, 500.0982809742028, 849.0408657334793, 955.9401970479381, 1124.2055750456216, 1825.34239299425], "classical_tts": [87.534205262555, 88.91284600646425, 68.82780367028144, 65.03171431494184, 59.164637936873206, 56.5509604409709, 52.484022583971836, 51.31535412624767, 48.7416033739654, 45.80596948476228, 43.91216541264693, 47.96378596270018, 47.15016451056214, 45.36064624550693, 46.71995102204618, 49.05549721431523, 51.58119199950444, 51.340116954822975, 51.68607600058913, 51.70371892023723, 55.96804085737255, 55.10716948080091, 59.941585174752305, 60.47226000196485, 63.92699608181494, 65.0439947195821, 66.81381226462679, 70.24334444885596, 70.81172546477188, 73.42125415857431, 74.20947412366507, 81.3040566998843, 80.800741091823, 84.08718865077198, 88.0334659669252, 87.39385010498788, 88.72468736742695, 93.0620956543016, 95.18904944681309, 94.50113031681981, 99.74484069459255, 102.11971785398761, 99.36908305486173, 106.14540898400453, 111.57221293094774, 112.61030285207143, 113.68452256811507, 112.17546416810183], "initialization_stats": {"phis_precision": [89.28713880018036], "psis_precision": [64.9281536803614], "phi_angles_psi4": [2.5582163491776195], "psi_angles_psi4": [-3.13370422391806], "phis_initial_rotation": [2.221661888734814], "psis_initial_rotation": [-2.0318896764619914]}, "final_stats": {"q": {"step": 2, "value": 163.76036855134902}, "c": {"step": 12, "value": 43.91216541264693}}}