{"initial_step": 2, "final_step": 25, "quantum_tts": [2165.2888798486706, 2761.0715609528283, 2996.228492013948, 3594.2630123701983, 4273.680946428635, 4625.309443343663, 4683.491668024888, 4621.467190816427, 4608.243847995036, 4703.222806327302, 5056.558811946547, 5723.17130970619, 6516.109790728401, 7160.39039299538, 6343.928366076469, 6195.364150204385, 7871.453754855473, 7800.784535388764, 9105.384762927863, 11007.009813586455, 11153.634371257493, 15329.455697381734, 14929.718572180727], "classical_tts": [1886.9970674633335, 1312.3060025402906, 1335.0754071257375, 1542.1927400290426, 1194.4276723392798, 1457.2075182352453, 1255.706591309023, 1310.6160546861352, 1136.154152401581, 1119.2851597385575, 1171.3750489426184, 1054.0197208949228, 1038.561428944644, 1087.8800778754785, 1065.0425772404192, 997.0258469435194, 892.5385389468456, 930.3157276256957, 879.7478174736993, 880.4771184500399, 831.1901549298296, 790.3425169822167, 823.0633399425369, 812.7737932110351, 749.0618465246527, 777.2135418308943, 721.3466270141215, 715.3213892379739, 726.0988187000031, 712.1294001485952, 664.2178520343878, 719.2967421358488, 669.7856196310242, 630.0837210967808, 614.8519028304516, 609.5632480834827, 607.2601294614565, 629.2260746773306, 610.9669688587878, 594.586225714202, 598.3072841419716, 587.371187146285, 593.7278082861897, 596.5796966769017, 609.3152826692847, 599.4052623197265, 578.6323016503263, 595.4000661613056], "initialization_stats": {"phis_precision": [2.541386067428686], "psis_precision": [26.780750747052508], "phi_angles_psi4": [-2.526485730943371], "psi_angles_psi4": [-2.6403019589286636], "phis_initial_rotation": [0.5352669246527282], "psis_initial_rotation": [-0.3400514033844657]}, "final_stats": {"q": {"step": 2, "value": 2165.2888798486706}, "c": {"step": 48, "value": 578.6323016503263}}}