{"initial_step": 2, "final_step": 25, "quantum_tts": [377.68706948193125, 441.52644550817365, 409.52065807477857, 322.47141550020433, 297.3761138787528, 301.2059230867078, 339.91644530896934, 505.8252464934108, 710.212072421383, 705.7192965902559, 869.2994470005272, 1599.4991178256141, 2180.449232178372, 2001.2186204993861, 2727.3663833956025, 3391.178586598654, 3359.992625120168, 4982.798122193989, 5809.498393432791, 4102.409734453078, 5030.3921314829995, 5324.626404377728, 3541.6043026727425], "classical_tts": [315.28975347005877, 306.9940811151964, 233.05070044850672, 198.40827658144892, 162.77039724946965, 130.12737610343362, 108.61072128397083, 102.76477244291429, 92.79345376432362, 81.14303234071963, 76.69898409786668, 72.60135697247475, 65.7604541139179, 62.19351702718198, 58.46235502442353, 55.327157470296754, 53.59881906139116, 50.362072175810866, 48.19712732135885, 47.29738279569345, 44.763642582721275, 43.85041654669538, 42.73082273045807, 41.240139734227434, 39.59844700164867, 39.4719729191138, 38.269346122983734, 37.778160220156195, 36.50777884585875, 36.27223529003334, 35.110010319942724, 35.344239383303545, 34.88273786445119, 33.37198300991818, 34.682548292199115, 33.793688183426426, 31.875801997345583, 32.48214969051192, 32.445301802150425, 31.196303804371887, 32.71036555411756, 30.699750106055806, 30.950010026892706, 30.273480946314123, 30.134036918043694, 29.73045185170101, 29.7982303042099, 28.841003593277264], "initialization_stats": {"phis_precision": [94.20688416606606, 7.0660871532594705], "psis_precision": [16.384285993927094, 5.329594450895126], "phi_angles_psi4": [-1.5303269645197095, -2.5640913320220897], "psi_angles_psi4": [2.580510591179819, 2.580680158780095], "phis_initial_rotation": [-1.7123230659725253, 0.799488996470755], "psis_initial_rotation": [-1.0758095875383291, -0.7283466425451488]}, "final_stats": {"q": {"step": 6, "value": 297.3761138787528}, "c": {"step": 49, "value": 28.841003593277264}}}