{"initial_step": 2, "final_step": 25, "quantum_tts": [611.1858827505476, 664.8620192073779, 680.1289499588312, 644.3537638711838, 619.3390440027779, 593.100728356126, 502.410804684182, 468.75944623136934, 515.6027770682534, 470.5618454678235, 381.4471567369368, 390.5466239036935, 438.8821742705059, 409.8170332696505, 425.6415511757234, 509.777094928866, 623.8996895660882, 669.1029605410073, 761.6205476734583, 1109.4591070929814, 1441.6020417098568, 1460.715781141616, 1751.0557143901528], "classical_tts": [342.0040370481872, 272.8417595736767, 308.9154482542825, 279.3538552130185, 241.95462811971575, 219.66000863536595, 210.60383822647316, 187.282789747963, 176.58746255614972, 162.59419405536406, 147.9323324992548, 143.8417153302695, 136.93874063134518, 125.62735090875142, 122.35383050908803, 109.63703553473134, 107.93102403187609, 106.8424607487736, 103.68712863601978, 100.0520071103806, 93.5121253268653, 91.33799210003721, 88.61477048267676, 86.05317800119074, 84.37579347711849, 83.54164147982048, 83.55139247914425, 85.51178992132527, 83.93678350172061, 83.4779211959693, 82.30284615966316, 83.18203657356632, 80.60869739176037, 82.0540370539612, 85.14754225614601, 84.33057997927928, 86.81603957132863, 87.03554852633417, 89.81509432612992, 93.41565106966722, 93.31724214969553, 92.18558740813705, 95.7207338451407, 96.30908878924731, 97.11592666267657, 99.60009450868559, 99.99832738324099, 103.48486666125991], "initialization_stats": {"phis_precision": [52.1712891796125], "psis_precision": [53.28691062474282], "phi_angles_psi4": [-1.5708471341949184], "psi_angles_psi4": [2.535740409371408], "phis_initial_rotation": [-3.0734303996349186], "psis_initial_rotation": [-2.2799099137302647]}, "final_stats": {"q": {"step": 12, "value": 381.4471567369368}, "c": {"step": 34, "value": 80.60869739176037}}}