{"initial_step": 2, "final_step": 25, "quantum_tts": [329.2293223827102, 426.2245049757365, 472.9479143442718, 375.26683143152934, 380.0827998671668, 548.3829288828044, 911.3279374276741, 1048.1291934986332, 990.880078180119, 1283.65756809215, 1562.7838214508886, 1313.763438779453, 1134.030241542704, 1146.912591039624, 1607.352495310309, 1676.5306976841614, 2223.2699445110525, 5987.7855500864625, 7604.788299332315, 6437.340456062208, 9709.077219848994, 7412.161760225178, 7219.57973719666], "classical_tts": [278.9228458605005, 284.3552751243586, 247.7043840076551, 207.88739966183454, 203.53616959585946, 198.80600784733534, 196.4634136187133, 176.55323542823336, 178.14305188061323, 191.1120077214093, 193.60802297762922, 193.24351491146138, 188.4221612558521, 190.43057868624427, 198.04157741249008, 211.96204256741947, 216.9871131188629, 228.31828013546033, 228.713000978109, 233.04895934794115, 246.52005355361413, 248.05055635988876, 262.44432950036605, 261.44443932370393, 270.75225692338546, 283.362066550822, 297.4398254671091, 286.9320217659273, 305.70697718090514, 324.42063027783286, 313.21327846184926, 337.9170627152899, 343.3693526119018, 365.5049094136579, 362.8178147368402, 365.8376740432188, 374.45618013021743, 386.66022500974077, 387.3448398301498, 431.51481563364877, 428.28673780175194, 436.3635835030883, 428.0763217420293, 444.0349772175277, 460.43235308587504, 470.4417520660028, 470.13595652192413, 477.36014467523137], "initialization_stats": {"phis_precision": [0.06386099476578533, 98.88983018574055], "psis_precision": [98.52887705020686, 68.0256536969878], "phi_angles_psi4": [1.5707569039948863, -1.5708759537949808], "psi_angles_psi4": [2.5812542080635814, -2.640232400643676], "phis_initial_rotation": [-1.572842001914978, -1.5359989404678345], "psis_initial_rotation": [2.5350375175476074, 2.638449192047119]}, "final_stats": {"q": {"step": 2, "value": 329.2293223827102}, "c": {"step": 9, "value": 176.55323542823336}}}