{"initial_step": 2, "final_step": 25, "quantum_tts": [235.2606652414834, 292.8554006326578, 334.0057639145315, 364.70663646241604, 388.4440440065298, 433.06760947243777, 432.4917325899471, 472.3199375209723, 494.26901049368007, 565.5187424669808, 663.0840008500161, 848.7272204138839, 877.1927356585733, 948.2276245172748, 1171.3136027838873, 1907.9887094015658, 2113.6073679292813, 2528.270405133481, 5694.886319769068, 5090.504111487757, 13337.82237335531, 32222.771273144026, 58489.06056402775], "classical_tts": [179.17209066701466, 195.31008781979392, 162.8121468162651, 165.05492184741598, 170.1206886951444, 144.02770022122962, 142.2014060379602, 132.90697853247133, 129.30019201391374, 119.5855209668001, 118.65005644644934, 112.70417465422742, 110.51520768672785, 111.13573153894144, 104.3339872566872, 105.59426969014278, 102.77358649417721, 103.34984673750537, 103.41469251259394, 100.81160495781158, 103.2948485899929, 106.61009598325917, 108.18181324666298, 106.09537713491133, 106.62750726328593, 111.03170428748935, 113.10051746506392, 114.94391947961498, 115.457992505997, 118.71918575300745, 122.54883690633027, 124.95180474083642, 126.14993810924044, 133.0263647597893, 129.55210953449932, 138.36678051760674, 139.10703093779597, 142.1310747076618, 141.62625532812274, 146.7829543076298, 149.3116928322528, 149.64313676897495, 157.5814295373821, 162.4812646177952, 164.80515956277563, 166.22711546625536, 174.28120923323334, 174.7119992105006], "initialization_stats": {"phis_precision": [68.98349608349442], "psis_precision": [96.16333051642177], "phi_angles_psi4": [-2.526347046736313], "psi_angles_psi4": [2.568298115398991], "phis_initial_rotation": [-1.551934838294983], "psis_initial_rotation": [2.447765588760376]}, "final_stats": {"q": {"step": 2, "value": 235.2606652414834}, "c": {"step": 21, "value": 100.81160495781158}}}