{"initial_step": 2, "final_step": 25, "quantum_tts": [329.32140850226256, 360.3322928225731, 370.7038379085599, 362.48006134255456, 343.94049271935427, 336.8606377001555, 316.90465719452754, 304.7915909187762, 289.92652003051614, 302.1207507170035, 295.55015447935614, 312.84857709784654, 345.5527720207414, 320.9774432684189, 334.4968472465399, 436.39107824804506, 505.71964805412404, 516.6499470822552, 611.7596097027739, 795.9061775211067, 1110.6898712834377, 1374.0351627622467, 1708.803149167858], "classical_tts": [161.42585138951486, 178.30685556231248, 151.12548271451448, 134.13597862031327, 120.5863341929883, 112.37021374682048, 107.11238486431378, 96.36425351193442, 88.98166737295797, 80.08914908357032, 79.00563902825766, 74.1909459406206, 72.83648230847967, 68.70196548315988, 62.691448495809, 62.55802705311486, 58.897787372234106, 57.09467412210511, 56.13237253914814, 54.085141944079666, 53.39694708156075, 51.154449926243636, 52.122531421408134, 52.43932938814891, 52.46916484241213, 50.03094005289632, 50.16944972954595, 51.48771040967705, 50.225274104613476, 50.346234769358745, 50.283787546113786, 51.03518053216492, 51.085856255355324, 52.62810597803586, 53.88682466825649, 53.84260295988864, 56.55811099554902, 55.21254061807981, 56.27451133225007, 58.225559013919984, 59.1810122391388, 58.653281402611114, 61.00550388621574, 60.44925839040775, 63.87957134465524, 63.92973261728019, 66.10377408014995, 67.6421168645697], "initialization_stats": {"phis_precision": [66.92036242310245], "psis_precision": [71.60912621833799], "phi_angles_psi4": [-2.5639700672519443], "psi_angles_psi4": [1.5129570644342083], "phis_initial_rotation": [-1.524742603302002], "psis_initial_rotation": [2.4048826694488525]}, "final_stats": {"q": {"step": 10, "value": 289.92652003051614}, "c": {"step": 27, "value": 50.03094005289632}}}