{"initial_step": 2, "final_step": 25, "quantum_tts": [430.4233972239176, 450.466626767786, 492.3618174870909, 483.7185702423251, 506.97344898044355, 552.2755423580833, 482.41609663858, 487.36305212841563, 597.4312970968946, 621.0792212589852, 544.6664008942251, 585.0060477573919, 683.1916991404137, 742.6695333551147, 758.6753663360043, 753.8919895539592, 960.385848375045, 1383.6042695515698, 1879.705508005601, 2271.2442681836765, 1895.111371288985, 2105.9515563424143, 2467.3632974436014], "classical_tts": [385.49663557957587, 325.47463271557746, 299.84531592047693, 289.4085891420248, 231.22191697494145, 225.01792240655914, 207.04876915769597, 192.37296528249064, 164.662142032759, 155.2869193604211, 151.96769081462577, 138.49373002238005, 133.78370452683936, 124.50813583836697, 117.19170497822367, 112.95395244477454, 107.57093211468322, 104.05262035011621, 100.48973290305496, 93.35991021038907, 93.1422826222969, 89.8092122134125, 86.88205112734713, 83.9835934272187, 84.10437318700218, 85.7637618348314, 84.37619893629417, 82.95881555954085, 81.93297044145898, 81.13426018531435, 81.8541080831781, 82.58843688173398, 81.13105774989536, 82.47340445480009, 83.34394003980215, 86.41918904951196, 82.69604654381699, 85.9766395932566, 86.31077502403878, 87.15220719085121, 90.13380480293246, 89.82690786785152, 92.64031776448371, 91.56199619192988, 94.53040735822668, 96.71765442600682, 100.23766427550137, 99.56432919121033], "initialization_stats": {"phis_precision": [49.24732264829858], "psis_precision": [10.455096852554435], "phi_angles_psi4": [2.5308350215445605], "psi_angles_psi4": [-2.601582346553618], "phis_initial_rotation": [0.9363926383633778], "psis_initial_rotation": [0.868466861681723]}, "final_stats": {"q": {"step": 2, "value": 430.4233972239176}, "c": {"step": 34, "value": 81.13105774989536}}}