{"initial_step": 2, "final_step": 25, "quantum_tts": [263.0378721328332, 337.90616200762855, 365.8748168875839, 401.3890628110417, 408.3325290468596, 403.960089781281, 356.061693580782, 338.8207969112926, 318.66035282049506, 336.1005850702541, 364.50421163997913, 390.62756136518954, 402.18545255945554, 403.73575507235165, 437.7016053603678, 491.08420033034065, 519.0791007130915, 604.5898150421763, 864.7345501795403, 921.1335290963281, 1159.5020492323315, 1619.890181960338, 2168.1446783154556], "classical_tts": [178.28241135117636, 172.51683856506597, 169.54397095945023, 158.35097960026818, 148.65298589626266, 128.51141478447624, 125.39080594456254, 114.06981982126239, 107.76994820336682, 101.0926077367647, 99.84392645587516, 93.23179052710223, 93.54527861133296, 85.92350590022285, 83.09549884265455, 84.57531959815711, 80.21763865597461, 79.33748063688518, 80.69218402360715, 76.50364327741114, 76.50556961715093, 76.12942353125052, 74.89268171206922, 76.94453205018371, 76.26509337066815, 76.19968822624318, 78.53094990044687, 79.14732364017162, 82.32923513034328, 82.25430212790077, 83.3795530174926, 85.07814807800403, 86.37802427609833, 87.68343752202912, 88.18342900970141, 91.56361928818023, 93.01915642176179, 92.74624099510224, 96.88737165358481, 99.64802530739443, 99.94850191914303, 101.87700901496531, 106.50361735688494, 108.14887378743262, 110.25182400196901, 110.14941034122175, 115.31957300676112, 113.36329730539495], "initialization_stats": {"phis_precision": [67.33479032647647], "psis_precision": [69.3933317137779], "phi_angles_psi4": [-2.5265435207424933], "psi_angles_psi4": [1.5130992354923083], "phis_initial_rotation": [-1.500335693359375], "psis_initial_rotation": [2.4746360778808594]}, "final_stats": {"q": {"step": 2, "value": 263.0378721328332}, "c": {"step": 24, "value": 74.89268171206922}}}