{"initial_step": 2, "final_step": 25, "quantum_tts": [2378.516458872627, 2616.6444045509866, 2729.0344633960303, 2747.4428862640398, 2705.735439873377, 2653.654286713049, 2607.710922754849, 2571.0914513379053, 2543.1997620904513, 2507.822760376655, 2481.461899061889, 2505.6811968434195, 2490.798622131652, 2520.8725736321294, 2409.803399953478, 2443.712521084475, 2546.6789596630006, 2619.5537458007843, 2623.968834492391, 2598.9655557346628, 2749.771717930975, 2766.6338747313985, 2722.595398601587], "classical_tts": [1711.248079264382, 1490.1121627907987, 1530.4469394382875, 1479.7748425555578, 1383.320802691033, 1256.088081414367, 1107.1690135957235, 1003.5851336410495, 1000.5682331339943, 887.8421826423317, 909.071367957796, 871.8692222862196, 797.3049360117349, 758.7518762894556, 733.2895996713705, 712.7671911262229, 664.8365147114183, 664.1459579518197, 606.4496227724763, 615.4306831557204, 590.6669499678127, 571.5233234780582, 506.1216459707523, 498.1744080484868, 484.71416243629983, 492.62452821190504, 462.24181515452347, 453.64737440378013, 430.2942854781269, 452.2765824701241, 422.06522441077345, 402.26618755835153, 413.62934435456555, 397.52936215923256, 387.971813532136, 368.4566710891145, 366.02382446188926, 368.5418492460899, 351.30267067095593, 352.41968176366686, 356.01127418770994, 343.3726915625901, 343.97411642384486, 339.350706186811, 327.95900307605905, 335.53688307068876, 333.0089601471074, 332.4160163221113], "initialization_stats": {"phis_precision": [44.5369514350213], "psis_precision": [42.79880885949737], "phi_angles_psi4": [1.9959093756563866], "psi_angles_psi4": [-2.640326184228101], "phis_initial_rotation": [-2.5448528723488897], "psis_initial_rotation": [-0.8432977655922147]}, "final_stats": {"q": {"step": 2, "value": 2378.516458872627}, "c": {"step": 46, "value": 327.95900307605905}}}