{"initial_step": 2, "final_step": 25, "quantum_tts": [35.9979516733829, 44.33633797987748, 50.956840241374984, 52.31535355174302, 57.6252913063327, 71.4038608831629, 103.07016884320599, 162.98520652308923, 211.41662495157607, 311.85533782815986, 703.5263584339932, 1166.638696025012, 1035.1785331404772, 1046.5938675669472, 1695.7852901594217, 1816.8613241840198, 1027.5999511368707, 1383.1770357657815, 1867.7471170331362, 1533.7427296579483, 1433.8160736659797, 1757.232717399657, 3109.09607023607], "classical_tts": [39.75738587114965, 45.36296043316917, 45.77735529395406, 46.187870621819314, 46.19334336858017, 45.830744973224945, 46.36338623182253, 46.19196082245202, 44.61962882697889, 44.936047218716695, 45.81666363759189, 43.54526021559854, 44.62877348384279, 45.95543437321152, 44.688942328105036, 46.58894788822263, 46.058667251301344, 45.368784597336905, 45.785903742076684, 48.271623538811085, 48.170804061264626, 47.10376292951797, 48.25069126071161, 48.29401655172787, 50.20843213858305, 51.45875212942292, 53.05117698300154, 52.52984318855446, 52.608715384471196, 56.01491774447153, 55.46321024632057, 56.046069430056335, 58.22078038164898, 59.63436757453747, 60.77009129288491, 60.81491699032505, 60.86462498377298, 63.500294357285306, 66.17529263386531, 65.1659212600303, 66.65728016534898, 68.04382418684987, 69.95985315510227, 71.02530073212169, 74.62577393227255, 76.8323950122213, 74.37116713217196, 76.68461657508075], "initialization_stats": {"phis_precision": [98.18123954858787, 95.51470906917754], "psis_precision": [99.8455473077077, 98.79184241801981], "phi_angles_psi4": [-1.4944116283524846, -1.3860101521822206], "psi_angles_psi4": [2.5683378968403323, 2.5431541339339163], "phis_initial_rotation": [-1.5515496730804443, -1.5269197225570679], "psis_initial_rotation": [2.563485622406006, 2.5811095237731934]}, "final_stats": {"q": {"step": 2, "value": 35.9979516733829}, "c": {"step": 2, "value": 39.75738587114965}}}