{"initial_step": 2, "final_step": 50, "quantum_tts": [5084.75177616066, 4102.606990491389, 3315.9799345049955, 4958.501882086467, 3166.987373513098, 3620.450622894451, 4355.656194275025, 1062.5960335952213, 3791.132862393752, 2158.7602020726154, 4728.173942784912, 621.5693995742989, 1752.7895287785661, 4855.539934572489, 774.859609436078, 2523.331106930883, 2535.2634853270074, 1571.5870043253453, 820.6487099477381, 2923.554057643935, 2648.8612726992296, 441.9668361463866, 3016.9315317800306, 3202.075578799903, 1823.184477168269, 1825.3095552607654, 3492.577441544371, 3700.561504121476], "classical_tts": [348.5624540786864, 285.86227625954433, 239.34782170400368, 204.47126336615247, 181.9348868317398, 148.09147664004325, 128.55239901705977, 120.29371725607392, 107.53619422673546, 99.81104715626991, 93.22631056526035, 89.27465353245336, 90.51566251049496, 82.55747130319133, 81.37182755800097, 82.58013601096252, 79.3142641583376, 80.37740121631848, 78.87666346997322, 83.3955580043818, 80.41568981592975, 82.89217111733569, 81.5355680715126, 81.9495027100938, 81.79832391264571, 83.3352211231987, 84.46516564023405, 88.5345421256643, 86.08822794552786, 86.52497080582012, 89.7186065229529, 95.19225306093328, 95.68966425115246, 96.05077431873381, 97.77935412141477, 102.70230298710794, 103.81752213279285, 104.98451537292809, 104.68936798105078, 108.56428318504638, 109.66067208237199, 116.19079100301443, 114.29431163778918, 116.7719887247645, 123.65776215613924, 121.04769863674973, 123.36990870840961, 123.72359087792066], "initialization_stats": 3, "final_stats": {"q": {"step": 2, "value": 441.9668361463866}, "c": {"step": 20, "value": 78.87666346997322}}}