{"initial_step": 2, "final_step": 50, "quantum_tts": [406.68074765231233, 441.7126694169011, 436.1140100948918, 381.38108107703897, 309.85307792143294, 278.25479938027485, 325.6291955183095, 321.09867469977087, 506.2819624732715, 245.18058531720797, 424.0066005972411, 428.50491019200683, 148.05237195626023, 99.84677586110054, 402.3410289176086, 106.80990184453366, 279.41981759313404, 68.87303959015344, 422.1693245155651, 111.09898092935933, 142.88364029901385, 79.50833001985613, 275.80338260335236, 151.5567445902194, 273.7817677113339, 502.95666124808787, 175.59913842281745, 244.10801722984073, 176.44895343381376, 221.89075062463155, 315.0753495309088, 248.06054066480297, 498.9226992891869, 177.79151806654966, 233.25651259950587], "classical_tts": [22.681701653174834, 23.492925814561815, 24.41492922351585, 23.349589777231202, 22.104061764508174, 22.370138163726732, 21.132487335433566, 20.828906355116636, 20.58526359195495, 19.522936481327246, 20.249436079418388, 19.784378191467844, 20.013917906847215, 20.157910984046882, 20.29223345707569, 19.927390915701856, 20.506180909933555, 21.48374698118031, 21.50625200947811, 22.1771274035182, 22.190845079230204, 22.196226416727875, 25.345288461163655, 25.51421428187154, 25.262624680453836, 26.676931950030067, 27.389852827346658, 27.34608815069855, 28.984565593329688, 29.54092144817545, 30.458495733340474, 31.774186642417952, 32.51231791969524, 33.00389949222239, 35.49074240353534, 35.25851914782231, 35.95921137661474, 36.862284359935515, 38.86557643146744, 37.516328673352966, 39.324595014441016, 40.26089489573723, 42.17179286198379, 41.88266914685083, 43.47859180915471, 44.162933566469924, 43.81341128445124, 45.49610879652423], "initialization_stats": 2, "final_stats": {"q": {"step": 5, "value": 68.87303959015344}, "c": {"step": 11, "value": 19.522936481327246}}}