{"initial_step": 2, "final_step": 50, "quantum_tts": [6447.735027026645, 4749.15509867005, 617.3650754452158, 466.1593179632728, 827.0825978717212, 786.4428765391208, 6660.667262322287, 775.3384965625728, 687.00756038971, 707.408893303292, 5011.419316691822, 638.6221196933035, 3269.38941825199, 11508.945049488355, 747.5351326310283, 746.1135827328983, 1268.3306381849206, 9363.435188925014, 1813.3173540936211, 7911.2810299241555, 565.2715099165393, 5776.094509757236, 703.4486382845138, 487.9034487209273, 744.8522444259576, 435.8432966309977, 982.157687570758, 627.4810250877534, 14106.437300471507, 455.21953689392654, 8662.357712663515, 10167.771380446664, 13836.059106439126, 6897.391308540404, 726.1315733423842, 2452.4190049925805, 5744.297020221735, 8334.667026009693], "classical_tts": [834.9989685589334, 1080.1118963973684, 883.1304754361221, 731.0556579497322, 647.05632875117, 597.27919042793, 573.2124484793969, 519.2375815476702, 444.3450903246187, 373.1496442590758, 371.11440777529344, 342.76583167409683, 333.5402646474972, 277.8919151540292, 257.8834919724639, 248.2528610946177, 236.30314813032373, 210.5415960356582, 200.59946741974727, 185.69861302688506, 167.4843434960797, 166.1958708652454, 153.39796819573337, 145.42977111085457, 139.28378435066654, 135.4273905178267, 130.48674672551098, 124.34851854674645, 118.26959110753631, 116.80474902628649, 112.84322875244494, 110.69800353647645, 109.51168025538085, 109.80090307742611, 111.03514856436671, 111.92893545994252, 112.04993162104691, 110.10435442558476, 114.82420360938076, 119.01257741706848, 116.66156208868911, 120.30938968579954, 123.74796222725274, 125.34052840585306, 126.67425314408526, 131.36458973256384, 131.49993207683036, 135.49552548948648], "initialization_stats": 2, "final_stats": {"q": {"step": 15, "value": 435.8432966309977}, "c": {"step": 34, "value": 109.51168025538085}}}