{"initial_step": 2, "final_step": 50, "quantum_tts": [396.1458433978808, 420.2048440066429, 548.6144113719754, 1036.3718607411815, 796.439989342854, 1208.0539818590732, 926.2040634741484, 1049.3030721698792, 1548.3532455339625, 1211.3961636685099, 1540.1714570497302, 1938.3516533215668, 2276.8640680157955, 2858.126728604212, 3332.1645797359524, 3404.450974107232, 2670.8383475601104, 3116.9053091004735, 3489.207126066257, 3284.0018688959676, 1965.5099480576168, 2062.2709655694516, 2970.34655430852, 2635.0397497022063, 2677.3076829538345, 3755.301846177951, 2893.6684473871555, 2930.7700126714185, 3456.413540398334, 2832.7125884552765, 5358.472186825608, 4136.916391098997, 3094.6475697171627, 5907.521202019955, 5780.177664467101, 5283.010864761312, 5861.643281791279, 5543.317561675635, 4892.9859428092595, 4298.903372616919, 3929.1340067843303, 4881.972434846191, 3829.9393041393832, 5150.482276936709, 5992.987133666797, 4004.5438025456924, 3446.398580693117, 3229.0469043183216], "classical_tts": [174.80923538010228, 184.49069938657664, 143.30277776318718, 128.8118976810891, 95.45264849871411, 97.93479075029605, 82.20527567127091, 72.96356512077168, 67.85754758667113, 66.24253153187186, 66.7413648946835, 65.29016188994017, 60.511259958945345, 61.20485669314335, 58.988235662439216, 60.08045153763274, 64.36986894148613, 62.080685401331415, 65.44198596914683, 67.39838244839956, 70.05600686134017, 72.82441709174758, 72.37328330704938, 76.72759074367569, 77.58343587349174, 82.51589842011524, 82.2177128364804, 87.38963461259073, 88.5842483167006, 90.64629551096854, 95.02023717441948, 95.75725029554276, 100.67675975670615, 103.71038354666265, 104.38971353712178, 108.94885212358665, 107.31834130080887, 113.4835354278411, 112.57607558959495, 116.11231857076717, 121.44925109499721, 122.96518468204722, 132.21924533540198, 129.94318130721376, 130.36271324480902, 135.1531429909511, 139.76944097592855, 139.34706384417333], "initialization_stats": 2, "final_stats": {"q": {"step": 2, "value": 396.1458433978808}, "c": {"step": 16, "value": 58.988235662439216}}}