{"initial_step": 2, "final_step": 50, "quantum_tts": [83.39563998663635, 96.68931456291496, 100.36837261487138, 103.8905142427885, 110.15299599507512, 106.59947890515896, 136.72867364434535, 225.57770742264114, 461.75836036188866, 1208.191193965569, 4202.696304578561, 8624.281120444113, 2977.037609597404, 2121.3156316558816, 1643.6338177002606, 2001.2033062070623, 2332.4157113603787, 1308.9523424005254, 1839.977406132375, 2403.6123576703803, 1948.70740163465, 1896.986321381803, 2451.0575030302703, 1624.9707154972882, 1499.1005628738787, 1414.0419430160593, 1529.0137928224624, 1465.384070626256, 2063.8066815406255, 3009.729142157575, 3620.222279993246, 9478.48181123308, 6527.300038391113, 6154.381408494461, 5373.043494049264, 16706.212205033175, 14321.94947787451, 16636.027148313526, 7768.301037234425, 6136.957770297752, 4220.55418739399, 8927.487688920095, 13326.51619858361, 13384.490743494282, 10160.040135653977, 12585.711062237666, 4421.900090035067, 4370.556136058431], "classical_tts": [106.67895981014465, 142.71413951221672, 180.48813419850998, 208.3844961390619, 253.69956334628455, 277.13886822002587, 279.6404033481336, 322.43124996717114, 345.34908519004523, 366.6422067226537, 351.97753955960303, 354.37321034586245, 321.16405412849326, 370.5385031127531, 344.2198708098798, 374.4845671072524, 347.27823776741866, 342.23549179803854, 351.63831650871566, 322.4668721949217, 322.7657360180109, 309.01480649689506, 288.17432563650965, 286.98032476980694, 309.74120291804934, 295.03366191156795, 287.3173385435372, 272.97139487400824, 272.3848633073937, 267.769461390559, 275.73179765759824, 275.2263830653689, 260.0018898317959, 263.7928709968623, 276.84791563647235, 267.21440488967437, 267.20041319940856, 276.8673049590094, 287.3295797607488, 270.8968631415554, 276.66000729092116, 273.2053641116191, 292.799353583444, 273.08278693071213, 277.014222769646, 277.69409814923506, 282.53123186987864, 265.69461957420356], "initialization_stats": 2, "final_stats": {"q": {"step": 2, "value": 83.39563998663635}, "c": {"step": 2, "value": 106.67895981014465}}}