{"initial_step": 2, "final_step": 50, "quantum_tts": [856.2638912487013, 746.4784971821599, 831.6707910875247, 619.9705352306947, 1060.331096084757, 389.19243326075775, 896.7294914003738, 265.56210097197913, 331.48354214940673, 464.404584841236, 696.665056930064, 378.8523123543504, 7293.490712148876, 735.6144582091697, 258.8218582883446, 269.0791019941947, 1705.8635731272627, 1305.4389574574661, 2648.8441880974533, 689.3109637560596, 522.8054474585998, 10028.516157384547, 296.5186615379833, 561.6625772287023, 988.1618840214667, 564.6340009956905, 1352.1462502537668, 338.22750641871716, 2202.5398540870056, 592.6090501603792, 6142.370401648439, 3458.495518462835, 1572.687887286379, 1072.1674109446649, 282.99182748804003, 3929.68153438157, 941.8050671505393, 803.7650933845343], "classical_tts": [260.8432216668831, 281.3878788283132, 252.1010157038419, 227.96006919509196, 227.68074279555097, 198.14332715501416, 194.7517531138643, 164.85639416727213, 157.51440375384354, 145.2706852313869, 128.57833246814778, 123.98214163734094, 119.39069776476893, 116.99717742548843, 111.26568234925693, 105.90451786760062, 104.07392584011323, 100.38910679817957, 100.14389752766357, 98.88754193687438, 94.59687209744723, 99.5704922673095, 96.4190583960316, 97.09822017583885, 94.71879643869951, 96.0923762472205, 103.65501700953153, 97.9517582909065, 98.3747374592984, 100.35008977948088, 100.06947479369825, 102.54077976549132, 104.64456358824985, 105.3221959120371, 106.22680072663248, 111.06736161222518, 111.5811817066503, 110.48659816064203, 114.62487111000691, 115.43044015549933, 113.76228821038289, 120.6846009591685, 120.66631877106332, 118.87024126180648, 121.59515792020572, 124.15336309566455, 127.1868647014654, 129.4808723321119], "initialization_stats": 2, "final_stats": {"q": {"step": 2, "value": 258.8218582883446}, "c": {"step": 22, "value": 94.59687209744723}}}