{"initial_step": 2, "final_step": 50, "quantum_tts": [1396.9726636216058, 2840.7307640191266, 3484.4568062308786, 3053.7375117182205, 4319.800653405132, 5355.46079407069, 7088.61686154079, 12049.086661766512, 10430.439366253888, 7512.319534967428, 6943.666091054685, 12515.503491318954, 12529.667343749057, 7059.671580961461, 9088.811309181254, 24317.849427000223, 25005.986943637326, 14949.662840470095, 14796.626563005195, 19450.41140903236, 24307.712447190886, 14204.151820251818, 14026.330094638568, 17145.510798054933, 16661.515419411287, 18106.22238412172, 18003.329519456864, 17831.740298922774, 18649.301606796274, 23165.497917414275, 19901.58365812222, 14959.370746808778, 17746.84871398517, 32612.763785526553, 23286.868465837862, 17340.335214630377, 26597.7152454304, 29920.2900476888, 27158.65343662791, 21096.16002842772, 18443.261476155356, 21470.153466259166, 20582.15074686957, 16493.48644520628, 14823.360056888481, 20248.30735672816, 26484.160451029882, 23136.414370889117], "classical_tts": [816.3921720939361, 631.7357156539272, 594.4294657126343, 403.56462847378714, 351.89147539183034, 264.46959475040035, 246.96290420641643, 215.6472349439315, 208.61840249217423, 191.31801015489663, 182.8492980832554, 174.0576254045099, 165.74272866392556, 163.0711649547274, 163.72460455072894, 159.6009543805785, 160.9722637711332, 164.31791152237918, 159.43151911952484, 167.59669590484583, 166.55212192360213, 165.48118521841835, 165.59105499155356, 168.77021950365807, 165.1121089753855, 172.83057398681396, 174.85867399819958, 181.3702648732877, 184.26809050825665, 187.58152108031072, 186.23747225956438, 193.14385350178367, 199.0904383270327, 206.59775074286145, 212.2995314145681, 218.61024747919643, 213.68492149754724, 221.33958019827895, 232.25162822281564, 237.61235443809048, 234.02220176711526, 248.6210450624927, 255.59655737573198, 250.85276980916652, 264.3583509260719, 265.6364932003701, 268.31221433087416, 278.3506125482583], "initialization_stats": 3, "final_stats": {"q": {"step": 2, "value": 1396.9726636216058}, "c": {"step": 20, "value": 159.43151911952484}}}