{"initial_step": 2, "final_step": 50, "quantum_tts": [3387.503734160493, 2857.3912825588945, 2368.584643871967, 3368.6493946107944, 2345.0195329936732, 2500.8141118890026, 2954.1020650563423, 825.0584366742331, 2571.191671923334, 1536.9164653448893, 3251.3304695228276, 557.8803472101029, 1196.9387925691613, 3100.5907213589053, 721.5487767694606, 1630.1659959701942, 1620.397396448615, 1094.3561848971335, 742.7656461071618, 1969.0320590977728, 1730.8360676075454, 438.30468588203473, 2023.0814834777666, 2309.575568266008, 1380.151905478363, 1403.8891917551891, 2399.309051114317, 2525.2706917831133], "classical_tts": [326.6327318333251, 301.84809933615395, 259.4633662064417, 230.35816313345296, 168.9918992271509, 155.6452944000009, 132.00108470886067, 119.46935850434241, 114.7921299079271, 102.66893679678445, 102.64600756467695, 92.4862304336922, 89.21571715056517, 86.93134918466724, 84.16456652773648, 82.75533424096542, 79.99037199706518, 80.88875358542327, 80.16301786220657, 79.21532880130721, 77.77979769466809, 78.7086345207924, 79.75503623102585, 80.23616958142999, 80.99016732488906, 84.67350722175134, 85.57204280604563, 85.60150837567632, 88.5223339388604, 88.31142640865347, 89.53256906850199, 92.42632878098478, 93.27430451431144, 95.62140196441446, 95.9152788089789, 99.56646341297363, 98.50630618523938, 103.51672606321273, 108.23327111781026, 106.2104312769885, 109.77337034788151, 114.05554332112952, 116.94849486134905, 116.7719887247645, 121.13749785220608, 123.26306043268156, 119.55672414486011, 125.21072593153077], "initialization_stats": 3, "final_stats": {"q": {"step": 2, "value": 438.30468588203473}, "c": {"step": 22, "value": 77.77979769466809}}}