{"initial_step": 2, "final_step": 50, "quantum_tts": [370.53321969580617, 383.54429538385705, 383.86505940524364, 394.3283389319249, 386.5322772101901, 398.68360344759026, 373.15393886972953, 392.08511863802767, 377.20675959630364, 392.5864615711029, 384.87109716582484, 399.0608948482918, 383.81346913546383, 357.55727538252614, 371.75376094961746, 419.7386503146963, 450.9028287514261, 467.6333613167624, 525.8443700967716, 550.3574533629748, 574.325721474756, 607.1495171828076, 661.0301364352856, 714.6478401340964, 765.9389114617305, 810.5488977060835, 855.150151621384, 942.6666628145273, 1036.567575254075, 1087.6149021620176, 1167.990781388226, 1189.9277937003244, 1156.6294631037556, 1223.7688023701592, 1305.7912990932011, 1545.585071731764, 1689.9000125456637, 1867.835095128723, 1984.3501342538266, 2206.5942353893847, 2416.7888397247602, 2722.7757219631294, 2925.7494580189823, 3033.7195281880868, 3119.7626505151297, 3144.024448721551, 3197.180570445079, 3212.5623569533745], "classical_tts": [373.62494485677064, 337.6580634428034, 324.31376027536083, 261.94382339839143, 220.43590545583106, 198.80600784733537, 170.11853600150476, 144.33080069876968, 134.12200587348534, 125.41114615431542, 105.00020243631883, 101.5708414157543, 93.3540315961504, 86.08350097259556, 81.44253621473901, 77.0366710449949, 72.00749055721406, 67.04997576128785, 64.95097113230928, 63.06035853678565, 60.39559144449382, 57.42444122393064, 57.6793993532974, 56.690421468290786, 53.411955739623195, 54.71180411742294, 52.867468687543465, 52.73269549132775, 52.757805621773294, 52.781275576833586, 53.57362571158771, 51.18721907210762, 51.1051493262928, 54.06781522328849, 53.074015228226486, 53.07900473862019, 53.98620592365852, 54.695498508528516, 55.50349523833578, 56.104511711121845, 57.08285007863593, 59.10017859049643, 59.60907708537932, 59.813895274985825, 62.09298950669868, 61.37886639026824, 65.42098820349625, 62.987335795919634], "initialization_stats": 2, "final_stats": {"q": {"step": 15, "value": 357.55727538252614}, "c": {"step": 34, "value": 51.1051493262928}}}