{"initial_step": 2, "final_step": 50, "quantum_tts": [873.3628671570901, 750.7043197073288, 884.8388672050772, 1848.110108712529, 1131.1925658817404, 1063.0471293390888, 731.1535836882919, 955.5065749973851, 1383.13440327182, 1684.7898794096336, 2301.979305185002, 4307.021423174749, 4088.2215279362176, 1913.3198273081207, 1721.2252715961229, 2542.2686177628275, 2315.190968395803, 1719.1708039637126, 4536.7820808881615, 6626.110855290088, 6960.813439060403, 3123.1091169998203, 4507.673633393522, 3151.1127671876197, 2248.092455163456, 2673.0576229324156, 2490.6236687190644, 3843.1020978990878, 4316.460616830517, 3944.3278761666065, 9419.332013506239, 5266.6471592992775, 4688.964724496774, 3588.3870886265113, 3887.46269633223, 6697.203108515277, 8432.151660674881, 8322.95954386614, 8625.277713855055, 4496.449214974283, 4484.07636376736, 5459.104636445017, 4759.956955128003, 5237.285560776607, 5923.624569325358, 6058.989421833354, 3497.3036061525786, 3311.6138195663384], "classical_tts": [458.21057655338853, 428.27154251855256, 290.10135410012754, 263.509819308565, 173.00696998606122, 147.5246229129899, 118.69539135776641, 101.3029914251052, 90.56478184466145, 78.42497899644577, 75.9420634760643, 71.5173368664049, 68.70400678736307, 68.95683792676903, 69.60010664991022, 65.9764449948072, 68.02702319628293, 69.26911928425564, 70.63087722365344, 69.20980667471642, 70.96189208130097, 74.66686471770562, 75.88267736982309, 80.12168754596405, 79.57186984996855, 82.98284287900042, 87.46773045172657, 83.16080191126325, 88.09040661051472, 90.77289996406581, 97.04199415935145, 99.23407916799985, 101.59760058254645, 105.1743996986152, 106.0042885526789, 111.81096266068919, 117.20376792905297, 118.02063420114833, 120.36822389947149, 125.12543222698615, 128.17727203740046, 127.50481416488516, 131.47924781270717, 135.50938736916515, 136.97475982355644, 143.94292625783322, 145.8706218371364, 151.23799389024848], "initialization_stats": 2, "final_stats": {"q": {"step": 8, "value": 731.1535836882919}, "c": {"step": 17, "value": 65.9764449948072}}}