{"initial_step": 2, "final_step": 50, "quantum_tts": [146.6956976118686, 196.61373527209906, 328.12476302550084, 609.8798282768997, 715.9888437404323, 549.5040109226458, 501.95167350192224, 647.336457291721, 1127.6702933857803, 1583.7723018640315, 1149.7334629274878, 857.2106996657124, 902.0435728883951, 1343.5932844926383, 2071.156895785036, 1806.731216639675, 1276.81257156115, 1191.0000089871548, 1611.241494313454, 2703.5216441970565, 2946.672620392295, 1945.4520316911153, 1529.929752065052, 1734.72270483134, 2639.5679320861295, 3540.175854186979, 2669.825926011834, 1936.5244209237128, 1949.0175344246695, 2791.097147021204, 4484.032864213231, 3986.3966557705758, 2568.7472539291866, 2181.4155497170996, 2671.686637316813, 4198.601546288599, 4772.698421200401, 3257.7207058107247, 2529.085613113185, 2801.3670759389893, 4361.3093331554455, 6256.902556522708, 4596.444219372931, 3113.041043015023, 2922.4013059988524, 3930.643028003174, 5991.729272887015, 5636.676102473391], "classical_tts": [84.97842336211343, 66.6159364969764, 56.0631188390404, 48.38583847078121, 42.50431196125246, 37.786138331725404, 32.33950825898007, 29.53363659667449, 26.127569016772775, 26.21261093714961, 24.316357385525684, 22.748738096027893, 21.30625343696537, 21.543549012340975, 20.343752376273684, 19.836982021445223, 19.41331138250243, 18.419472536465058, 18.681443638774383, 17.839267869834313, 17.952104912728505, 17.91281923203832, 17.101289961151927, 16.05923145567698, 16.659540375604646, 16.48077809879384, 16.68871260239406, 15.708067105492377, 16.31647879320408, 15.583557989126968, 15.05925768530513, 16.318244175902652, 15.777979987685764, 14.427226342424552, 15.179554715474813, 15.065563976655378, 15.062158683316513, 15.458531280245895, 15.10678144314851, 14.122882922718482, 15.561491951671453, 11.937613505946933, 15.581240060065548, 16.32231448783332, 13.93504453501454, 15.66666666685325, 16.000000000190553, 3.744978900934441], "initialization_stats": 4, "final_stats": {"q": {"step": 2, "value": 146.6956976118686}, "c": {"step": 49, "value": 3.744978900934441}}}