{"initial_step": 2, "final_step": 50, "quantum_tts": [1669.6906482289323, 1618.0737204196448, 737.8613672305119, 604.6982538114441, 745.772429854991, 509.29277746334236, 1431.1755378604184, 480.9063583292269, 469.02142018076114, 545.0847558467785, 1574.315284473478, 507.6397549580677, 1016.744810674352, 1471.2579848063835, 459.1696802797369, 482.5069169497604, 918.5728484539005, 1269.8903076881588, 936.6815570029898, 1529.202597486137, 575.9688994196124, 1058.8029996939704, 470.06369717530566, 660.8574202313907, 799.5890288940957, 604.5969774301027, 858.5967141511926, 471.21035880265487, 1163.402479266536, 642.7562345008141, 1092.9495822677131, 1127.2939724933963, 1236.695112851053, 1330.122694009269, 495.217527409095, 1010.6568624198677, 1359.7541874135543, 1513.7467590393146], "classical_tts": [482.44850814481697, 468.8627886757056, 356.5648227023528, 320.816922944706, 284.6566457729888, 258.271937645598, 220.56076210432096, 201.7351682111431, 177.75175754745024, 166.96908514485216, 151.34348893590573, 144.69736564142778, 132.64424945113723, 128.07392155174915, 125.15279665226892, 118.7187208310978, 115.39271090305076, 108.9376956915952, 103.50538073455064, 101.45132056374601, 100.02143390726886, 96.41906923759434, 93.64234853173502, 93.38575483606928, 92.02316899835606, 90.6694607284657, 87.87189587891172, 89.76164043498137, 83.79176686519695, 84.3439397404175, 87.63641176089767, 86.78394327382752, 88.49985663779191, 89.65035549450424, 89.94303269797304, 89.80395645535216, 93.01915642176179, 92.87244972393046, 95.25379458864663, 95.53428623826882, 97.7646765620828, 100.56972234271491, 102.69894373252014, 101.52390893181209, 102.62242070441795, 108.6992828734626, 107.9614305429431, 111.18876950962728], "initialization_stats": 2, "final_stats": {"q": {"step": 2, "value": 459.1696802797369}, "c": {"step": 30, "value": 83.79176686519695}}}