{"initial_step": 2, "final_step": 50, "quantum_tts": [4647.310112559093, 9306.786729428351, 13784.237626472104, 5244.763430648134, 9679.2500076654, 6605.428522229648, 4839.24306907283, 1597.1729027742927, 16748.60341098615, 2104.5357689566554, 7215.703683789881, 799.3931216808352, 1488.4159041285739, 6280.85148669841, 627.8591675134604, 1752.648043349316, 1721.5886315596038, 1468.9431254927015, 706.4710023819611, 3444.7218862930813, 1547.324496372035, 434.86633996583095, 3699.291298434785, 6587.96325299442, 3117.088182270206, 4200.322049690371, 17183.107302559118, 4188.834469880652], "classical_tts": [355.3755631157407, 272.8417595736767, 262.3342706718369, 212.96460424956507, 203.93808323648756, 162.1440003141691, 139.140371021743, 123.47984635788184, 113.32302754175616, 100.76953090231393, 89.05517247777004, 82.10815858904708, 78.76223080272837, 72.7723134975364, 69.01771068180571, 62.7687957585627, 59.30135179687661, 57.76078061169554, 54.54677192389566, 51.9331475850993, 49.95542853024211, 48.39258614451439, 47.08741836146112, 45.18916960762105, 42.781252770325096, 42.630886945225186, 41.37434339596577, 40.17632054715982, 38.99994460738728, 37.691642239866184, 37.20407153699125, 36.769599416600016, 36.12430748231568, 34.8669199512706, 34.484354357833055, 33.58487872027394, 33.14568575714617, 32.830420974551885, 31.630536856318905, 31.30239524772699, 31.296838062070833, 30.938092161920306, 29.76576339134713, 31.525436012168047, 30.134036918043694, 29.61339445996928, 29.96142482788752, 29.339668078832975], "initialization_stats": 3, "final_stats": {"q": {"step": 2, "value": 434.86633996583095}, "c": {"step": 49, "value": 29.339668078832975}}}