{"initial_step": 2, "final_step": 50, "quantum_tts": [23.58615248760681, 31.741504886537566, 61.80183784523448, 143.10836362398487, 149.879889838404, 93.68486432471718, 82.21855503629159, 117.51503182538356, 254.1200296957175, 368.2309774219688, 205.34967107986864, 139.80733715515515, 156.22665188852022, 278.35428283031695, 503.5214654993472, 353.8154537083269, 213.92286561489206, 201.05855089218903, 311.668784824416, 659.0821201432964, 646.7576784136879, 338.26906332239713, 254.0148870773434, 314.65340184242103, 592.9345836930103, 859.7165678838387, 501.00838944885857, 323.9387011368967, 338.43125075858336, 582.2184477417193, 1164.297566254822, 823.7519696304934, 438.2727394858657, 368.68175240740254, 519.0020236451002, 1039.800342554539, 1121.5921815516515, 591.7504008355249, 427.98103405578456, 517.8515688591863, 1014.319171583346, 1676.6839711646314, 908.4335877013891, 534.2161689670905, 519.8668137308879, 835.8173197829323, 1634.3149514038214, 1277.7335941659205], "classical_tts": [24.39927067592349, 24.011768338953253, 22.82798336634362, 22.501155287097966, 21.34598427396392, 20.902494279321395, 19.61634150353298, 18.64110093884124, 17.215535459584686, 18.0997607874504, 17.596942084565733, 16.80889372464871, 16.45547074253033, 16.369858349306853, 16.173441812928388, 15.99271646483875, 16.165110077592235, 15.573222253713976, 14.956154146081706, 15.536681491091553, 14.750545337612476, 13.792594424346264, 14.64958053226119, 14.328885211674876, 14.692992089429366, 15.20282949031977, 14.577117149876075, 14.09140596621167, 14.020906148821545, 13.597441280175543, 14.631336210329703, 14.604113610032478, 14.336246120170657, 14.066864652263195, 15.01288600629759, 13.420569689996285, 13.089501245446398, 13.000000000154824, 13.333333333492128, 13.666666666829432, 14.467343481809177, 13.026237282730984, 3.3628381967574574, 3.439266337592854, 12.770470262175788, 13.04808918091874, 3.6685507600990443, 14.843851787298098], "initialization_stats": 4, "final_stats": {"q": {"step": 2, "value": 23.58615248760681}, "c": {"step": 44, "value": 3.3628381967574574}}}