{"initial_step": 2, "final_step": 50, "quantum_tts": [840.1337335385684, 820.495805418257, 405.4370176977888, 425.29677259338797, 403.4225233330254, 259.7372298674678, 749.3352299096313, 125.32272393082297, 195.83202638407744, 250.3686831635814, 831.3623992802502, 193.19303432552314, 594.2552087855945, 750.6557938109786, 100.90784674599279, 148.1287940560055, 556.8130481777104, 676.998936237043, 614.5231688249528, 767.425529088163, 299.6750429148452, 522.5439699310451, 153.12229445394348, 360.417904520419, 385.70679212710803, 349.82833242289126, 490.41916656530907, 173.22639761344976, 571.2249332338583, 349.80074573645163, 514.0534012653379, 566.8121023856281, 658.8582399106407, 630.3051800957824, 163.2146011841233, 639.0958885422838, 701.1284743344652, 722.1857438647079], "classical_tts": [81.02710144711098, 79.47213260119213, 69.42051604794156, 61.887992941401194, 55.247631687012415, 49.960211643125945, 46.955343166830296, 45.55384972506535, 41.87180591772034, 38.477697421551724, 37.19532345330127, 37.53914126652842, 37.31319206636264, 35.91502454203245, 36.90355995265302, 35.890668549255814, 36.87643190385742, 37.924103521657344, 38.48865146141926, 38.1456421855283, 39.85022586718859, 41.3993091039988, 43.04776520796403, 43.31524254402775, 44.53765506432372, 46.58130968315253, 48.37532075307368, 48.76088187815536, 50.044872684383705, 53.36815992471253, 51.592816631354836, 55.24780151509007, 57.16793047783732, 59.82633419965886, 59.57927986444334, 63.6521355730182, 62.66234528153545, 65.7163277347471, 66.96703213950312, 69.23519588574878, 68.4595422690758, 70.70239483721288, 73.24067675977047, 76.97449038031222, 74.92501581058907, 77.16747517080259, 80.41824472599517, 81.152611817028], "initialization_stats": 2, "final_stats": {"q": {"step": 2, "value": 100.90784674599279}, "c": {"step": 17, "value": 35.890668549255814}}}