{"initial_step": 2, "final_step": 50, "quantum_tts": [445.0036092368884, 726.1090000181547, 738.4375127904891, 490.9704175907091, 558.3274388396084, 683.7730495854494, 739.1246978480219, 891.4657574520089, 944.1231593660524, 902.9403521233169, 869.917733689497, 895.101611425023, 804.4852153746981, 569.5969010898181, 520.8548144888631, 639.0329216686789, 690.1474890839893, 668.2528733778894, 686.5730373733923, 758.9528351770757, 879.5913939347392, 900.609115196817, 934.2691758063955, 1008.2656511447877, 1016.0295280431653, 1069.456974286089, 1151.340478977597, 1203.9024072944967, 1232.331851706582, 1209.1437431774877, 1197.0911869276204, 1271.8979740373863, 1304.1826190467564, 1352.3012549488058, 1404.4546557355561, 1495.537217270573, 1639.0667737842216, 1603.4799287627875, 1655.9112831266486, 1758.7235551938809, 1758.971530809354, 1845.6702368793874, 1929.5419215009513, 1976.4366525818004, 2140.786881373025, 2199.4855217082045, 2107.061417538105, 2079.2950085496573], "classical_tts": [362.45849437902797, 319.70352222320844, 292.47841416798764, 255.8577647120947, 226.6882240717717, 220.87449858972278, 181.52179343383247, 177.18969641046695, 166.7171125075865, 151.72137909895966, 141.29266203578533, 140.91707729107685, 131.00926274708624, 127.30058288697958, 119.06719194493544, 117.10989003916383, 116.08627291912731, 117.38570230739462, 114.72461011406466, 109.35086129577398, 108.88913683851139, 112.77478456534158, 111.1074371649253, 109.89255863194762, 113.19091740158348, 112.43283418987592, 115.2340361877247, 113.97700308757315, 116.65130863361767, 118.1805488530021, 118.32994717054363, 121.61777620110374, 123.54099339831953, 125.58092589421842, 125.28262613216508, 132.31584171306022, 130.6577914370168, 129.8359557173768, 137.38416876826213, 133.6755239843693, 143.36312011198694, 143.72226722210374, 146.27032153967448, 144.52828067798092, 152.588443631183, 156.5819693224294, 157.96638071793907, 160.16029147480089], "initialization_stats": 3, "final_stats": {"q": {"step": 2, "value": 445.0036092368884}, "c": {"step": 22, "value": 108.88913683851139}}}