{"initial_step": 2, "final_step": 50, "quantum_tts": [127.97117553716927, 146.57997327018916, 166.46688041715672, 206.86124178249207, 233.76489841049442, 316.4347127952126, 309.9573564056107, 311.4453247827062, 340.71023814049704, 299.7703137501398, 434.41930144949947, 555.4439392617431, 570.0605491404128, 637.3942530246231, 558.2923572662464, 699.9381348341708, 730.6135878535999, 800.7791806144357, 739.4138461760379, 767.5886935699277, 744.6218274316834, 834.3146348049327, 998.3713292998009, 982.0335128582842, 804.7936407513783, 941.1734014211194, 898.3823785872789, 958.0131288349352, 1124.3700694793472, 1025.9064044622548, 1144.350543749113, 1017.0160028344947, 1146.9981980125572, 1528.3884354732368, 1630.4559691315699, 1412.2479816297878, 1597.5232902916666, 1235.6468902132099, 1409.923270262939, 1719.9978178305735, 1455.8100043546192, 1631.188620575715, 1437.0976983476655, 1688.7652266226792, 2258.1351525992022, 1811.227053928892, 2484.7896643207496, 2370.959998352979], "classical_tts": [106.037694274789, 79.97381215504973, 78.2805841443637, 68.23907738718518, 64.05810791603056, 55.384653020286464, 54.45493430068991, 53.07488285363926, 50.35340791549694, 46.9793851506491, 48.84965886444844, 47.74927034496099, 46.84405982668826, 47.799507336422764, 48.623540612378804, 47.74555498354074, 50.101569541200384, 52.92155643802888, 53.451170113257085, 53.97433505993317, 55.36019006277486, 58.113981931486975, 58.5293907226903, 61.67794574520642, 62.76291738992752, 65.39897586617624, 69.36223826708711, 71.59516892432657, 72.66552874019582, 74.22438405353373, 74.66476432981578, 76.3207730813765, 76.5246802131923, 86.46684374032353, 83.42894197255073, 86.3311337563495, 92.29387591649439, 90.81233869872632, 92.88800863005513, 96.44766529378893, 98.1307990254715, 101.49680649950636, 104.28168359562616, 107.74507362609734, 107.25767875745618, 111.77111094282755, 110.86125400799597, 117.00370764577596], "initialization_stats": 2, "final_stats": {"q": {"step": 2, "value": 127.97117553716927}, "c": {"step": 14, "value": 46.84405982668826}}}