{"initial_step": 2, "final_step": 50, "quantum_tts": [4681.662662897428, 3690.8117406323795, 2916.6122776785987, 4549.615550438247, 2752.480214503671, 3054.3879383018766, 3570.665386874598, 958.4064599822875, 3267.147407948649, 1792.2857989641882, 3949.100303904674, 594.4299215457135, 1465.0129424128054, 3907.180636768806, 752.7419478774184, 2005.6293421452265, 2027.9862032777644, 1343.7152933109924, 797.6871806890229, 2331.39906826671, 2116.8491143088127, 441.22163381731684, 2413.7260581260834, 2740.2998642205293, 1563.1554427123242, 1586.6539035245241, 3000.1843314196744, 3055.5817923291083], "classical_tts": [335.68629227939437, 296.86991402569697, 240.15849457251966, 210.90505849320442, 175.384541360937, 163.96483128173008, 137.21593090483645, 118.95935688344917, 111.05802311562124, 102.46954765663605, 97.56986357066934, 89.78904771883767, 86.0752702684831, 84.77760421288409, 84.12734564865085, 81.64376405831544, 81.03717917976067, 79.52509900194758, 81.35278053328804, 81.68708654113131, 79.02427840682924, 83.47871853527539, 80.65343706078652, 82.74937340353318, 82.67559012101744, 83.0707622537634, 83.37594076216403, 86.86974221035128, 88.3369071272312, 88.1583465136581, 91.3819570287464, 92.97179712139418, 95.95516295156548, 96.91625960068248, 99.34180434053796, 101.8901601376338, 104.96941241705821, 104.2655807758058, 105.22871169135692, 108.52705630294932, 113.60584774878917, 110.51887655128361, 117.75422378623567, 116.57242457230446, 121.80382991493008, 122.25432946700676, 122.86507898452857, 127.76237704354686], "initialization_stats": 3, "final_stats": {"q": {"step": 2, "value": 441.22163381731684}, "c": {"step": 22, "value": 79.02427840682924}}}