{"initial_step": 2, "final_step": 50, "quantum_tts": [2298.7675197686876, 2251.303389933058, 1042.0608287693108, 923.2785987504766, 1395.774048273123, 1090.0592311643877, 1771.499788933719, 1237.8145724580336, 1046.3636706652396, 1055.4465428310925, 2229.075645992045, 925.1884550788355, 1486.1234691230038, 2009.3568898935912, 1264.3655347038605, 1204.150417993589, 1643.5377364790593, 1695.9733742839671, 1619.685867846531, 2150.8579726530897, 971.472832616274, 1477.2190922775771, 1068.001969946275, 941.9419746450758, 1261.98323752395, 916.3622685665255, 1606.1938654887044, 933.4681079833992, 1477.0716907261865, 883.6243765667099, 1482.7410036169083, 1529.9478845322772, 1515.8927726743111, 1688.0111771512252, 1128.9191033577713, 1544.5029446421304, 1752.8884405779934, 1915.2833968290686], "classical_tts": [1362.1909874349417, 1124.3393659291232, 1412.36526644105, 1190.3823584855709, 1045.6873622360592, 875.0995362776443, 800.4545865071955, 802.2708510802938, 562.2614794495566, 562.8870823666084, 445.601321753402, 434.99097206409937, 391.7139099877379, 331.7485963244607, 295.073514400279, 265.93121947806355, 266.8136284747624, 236.513578610644, 218.8639727058161, 229.8071713411069, 205.7380143579644, 194.95855491231086, 194.2287458530935, 189.6863087029623, 183.11219854740497, 178.6678380019744, 181.30382807610786, 180.3957083480612, 174.67959684308414, 179.65812164831232, 170.7387461082194, 175.3698479695446, 174.04699938061455, 177.46114229362965, 182.68980940555684, 186.87210677542404, 187.51922753920704, 193.36153366323174, 193.24061059761146, 199.7557924306792, 204.3676745670809, 207.29562283889382, 208.84382183843724, 213.67969882950396, 213.132046981756, 221.41202275274577, 223.13608125221901, 239.54496886787547], "initialization_stats": 2, "final_stats": {"q": {"step": 14, "value": 883.6243765667099}, "c": {"step": 32, "value": 170.7387461082194}}}