{"initial_step": 2, "final_step": 50, "quantum_tts": [25738.784433172885, 20975.4956966958, 3194.3287220709135, 2806.156291764507, 4945.230534427096, 2337.167570837693, 9702.84016832719, 1299.1763536289445, 1683.704731083274, 1765.6304235442426, 13620.52076099381, 1754.9767643296686, 10461.394582128602, 14264.986052048906, 988.5445165597398, 1503.086265510533, 8068.433402014438, 9186.167479278127, 9636.000133867796, 13945.099862714931, 1659.5296826997624, 11527.945862601287, 1652.7866868638953, 2233.604438269596, 4630.502083349191, 2589.268064903037, 4643.890608140265, 1542.9819481625102, 10430.814477838743, 2578.0073450003206, 9799.410391820886, 10291.632119406397, 9727.177477013305, 9000.463506023805, 1613.306622553583, 8240.297966603663, 10372.182053629218, 9387.276316977177], "classical_tts": [942.3458340439586, 1723.482634904079, 1884.6916680879172, 1555.3110747194207, 1747.4336894571895, 2177.435504607189, 2670.150814251475, 2260.6653678954267, 2582.9320456164464, 2618.8411886682557, 2469.8460209998757, 2161.9882025600045, 2642.5040861022303, 2745.7965188453873, 2417.3250242893955, 2907.034314909591, 2590.0266090264217, 2460.2800034686893, 3152.8975347005876, 2758.732772581298, 3021.630691003631, 2638.058448823894, 3783.4770416407055, 3459.903167486636, 3184.3195746919255, 4113.489967948426, 3500.3981451105774, 3223.812754991659, 3123.1648889990415, 3771.138028484738, 3892.787642306826, 3691.217270992163, 4108.4346858382705, 4014.4367699494046, 4379.386097595179, 4298.440999367069, 3781.1415433843035, 4444.989338082127, 4617.258674858861, 4954.288885863796, 4023.391956908432, 4582.417151865988, 4402.500225789575, 4578.893835294099, 4314.614142034136, 5289.976327270586, 4343.472129648944, 4282.826266812505], "initialization_stats": 2, "final_stats": {"q": {"step": 2, "value": 988.5445165597398}, "c": {"step": 2, "value": 942.3458340439586}}}