{"initial_step": 2, "final_step": 50, "quantum_tts": [54.93639779068456, 79.11145201533574, 116.42951784834463, 164.24708066829527, 192.69520268297774, 196.5724227204662, 209.5317952728501, 255.13724082080213, 332.1640609600061, 382.7335791430326, 365.9616274089499, 346.56247214146737, 374.24823507104094, 454.41641807493386, 532.4118003612757, 527.4712609158877, 489.4481182683624, 502.4981710868259, 594.0225290446213, 721.7562354640814, 748.4566478805812, 672.8309934524982, 633.6443155766506, 688.9058903146312, 818.6810536665046, 897.9301877084843, 839.961295695632, 773.8124719217083, 809.0642989687333, 962.09175459486, 1121.37264185419, 1087.3114939443306, 955.8196061414578, 919.0230153238738, 1024.6364348039485, 1203.5240284663303, 1245.9584810718254, 1124.219245353246, 1053.4021730326037, 1141.8514706464302, 1369.3945398793019, 1515.782844007761, 1390.8255517448565, 1228.8511387947972, 1226.341738615825, 1399.1172990111631, 1600.131452651176, 1570.1373327550348], "classical_tts": [22.78476711793296, 23.201220580257534, 23.836405183307477, 21.645759188544584, 21.728578253341922, 20.368839692176607, 19.81778236202489, 18.871716210284426, 18.369052686149494, 17.387343635368534, 17.62389012867078, 17.18799228109558, 16.321448442387354, 16.7374049086704, 15.825987188912919, 15.746342971417144, 15.311998168351634, 16.20734881844642, 15.191765477274057, 14.576328708008296, 15.270439598865833, 15.524952018866987, 14.34856556700537, 14.127877009066697, 14.63976173141904, 14.624752132699799, 13.923453140980962, 14.578167151118777, 14.917985508193889, 15.241966708824046, 14.631336210329703, 14.341403659355388, 14.634316051022312, 13.450881269777943, 14.26941348945775, 14.219503056622397, 13.456525506420245, 14.729111907069797, 13.333333333492128, 13.666666666829432, 13.440263486965453, 14.81180404089987, 14.080276033963807, 12.492851343432836, 13.93504453501454, 14.237980285775727, 13.325708099661693, 15.680307401459695], "initialization_stats": 4, "final_stats": {"q": {"step": 2, "value": 54.93639779068456}, "c": {"step": 45, "value": 12.492851343432836}}}