{"initial_step": 2, "final_step": 50, "quantum_tts": [8076.751446589355, 5666.281450657669, 588.9948236949461, 571.0880280191568, 822.163226711476, 290.0518043182849, 869.955179386756, 165.8441817048319, 251.10116458387603, 215.43117101068665, 1898.9151366069184, 266.6454259603711, 724.8363615003148, 1740.7525443618947, 124.26785794267393, 191.38016335560866, 638.4185632249662, 588.6126075880879, 597.6998853130264, 2123.087830775532, 225.24897906423337, 675.0413415578435, 207.12162528507594, 282.3258396781414, 641.8013376898624, 449.4018696042853, 718.5475333292839, 260.6888124684424, 436.080998776515, 373.5147474649145, 599.9880510892152, 463.4604863792234, 554.54380534781, 683.1322327070483, 235.87160360994818, 611.2903252888251, 733.7448537126375, 1241.5724252623327], "classical_tts": [93.1223791135436, 87.6922706804685, 88.5843118657553, 75.0308302374103, 64.70884078953341, 61.745659338095976, 55.77939271843584, 47.97747190334179, 48.08647349260568, 44.74402929330651, 41.97566991442007, 40.986413497112686, 38.56633525299756, 36.28335600117891, 36.183365554057524, 35.16286214565399, 33.36558629473968, 34.12742385004111, 34.824835374915544, 32.97436858369798, 32.63240020509331, 32.72685239500504, 33.22301512592591, 34.19639669449362, 34.26339955486866, 34.53310145044363, 33.86494313082859, 35.53839773323962, 37.27669162586086, 36.371159081560656, 37.64654756090008, 37.594665001544854, 38.48076567818957, 39.31467722729145, 40.246405701949385, 41.20682658026396, 41.02423924106652, 42.852674474078704, 43.65295559815161, 43.824862515934726, 47.44571111338278, 44.67191327001652, 46.89036595603668, 48.00419795960627, 48.430552650291624, 48.726362257481775, 51.10176688839258, 50.799824481204396], "initialization_stats": 2, "final_stats": {"q": {"step": 2, "value": 124.26785794267393}, "c": {"step": 22, "value": 32.63240020509331}}}