{"initial_step": 2, "final_step": 50, "quantum_tts": [2813.2216796016883, 2459.4951113076104, 773.7454479046072, 860.0175649342682, 1310.9689513412065, 782.29165501903, 2191.6086946563855, 202.45447458284457, 294.20052946577607, 785.8905596832286, 2578.395139513793, 357.8465560968267, 1878.7261699757896, 2554.3202210180098, 235.55860710243624, 239.3184587522135, 1341.1365367561743, 2175.0823833995105, 1968.867083905864, 2478.5626887754047, 905.972911234101, 1743.86450066716, 287.707270134066, 1050.1611555654733, 1164.1019634188149, 871.5784836387578, 1197.5224371660743, 202.12347236203425, 1520.9613691543145, 1052.616014505591, 1981.1007007602939, 1933.52635908714, 1468.67232401241, 2353.5016118047415, 357.41918305969887, 1684.8715495755848, 2520.9609926155977, 1815.9078396704776], "classical_tts": [189.5701834162391, 161.97679002586028, 128.34105821173907, 104.83940730041672, 91.24903646120212, 82.3567026054054, 76.4983244190916, 71.78564898115329, 69.28593214567587, 69.82052982182279, 61.1615832320513, 61.62645167672589, 65.05441318722492, 63.556418494545156, 62.332903802778155, 60.302140993539865, 65.42837477986768, 67.74546908161992, 64.83476516774763, 70.21531418907963, 71.31824168452239, 74.66686471770562, 74.33804785643929, 80.52329430542498, 80.53288517780923, 81.30563242149908, 85.69278291535075, 85.57158947423284, 90.1494854559559, 91.21771015483291, 92.33975946224044, 101.28041978165191, 99.48791651796793, 101.70233996420997, 108.55992496057407, 111.4188296146469, 116.2153814371948, 117.3590183019847, 114.94400239252498, 121.06513936615748, 129.63256619164156, 127.77287337114785, 132.0337659503023, 135.69990620071758, 136.87884420812935, 138.87907101689436, 142.33095534684855, 141.5921983619257], "initialization_stats": 2, "final_stats": {"q": {"step": 8, "value": 202.12347236203425}, "c": {"step": 17, "value": 60.302140993539865}}}