{"initial_step": 2, "final_step": 50, "quantum_tts": [149.7334002845952, 206.93110284751637, 352.99164543919153, 633.4021686649952, 708.1168119691567, 563.5446302317309, 538.909513847714, 716.6680288920992, 1217.6939038612118, 1562.6150494423462, 1146.4106035957484, 903.0668324937794, 992.3055931746071, 1477.3521077844475, 2116.5123307680315, 1787.8995775036844, 1329.1800121864746, 1304.2781917097407, 1791.6246343339603, 2852.4644374716063, 2882.3035186987413, 1982.1000628936217, 1649.4946245529366, 1921.055824452665, 2880.5346076579017, 3591.307978724456, 2711.7561851414416, 2071.907682850412, 2164.477765662755, 3149.140431115967, 4782.9309481908795, 4045.204629334986, 2718.2198988842097, 2414.8021284243437, 3059.979833827339, 4717.161500821942, 4983.361924523227, 3434.641988563709, 2788.285742576194, 3221.32761840664, 5025.909864851431, 6665.727407271795, 4776.713582169368, 3384.1991737291896, 3326.797390702721, 4554.971935853432, 6681.622757204681, 5956.506515223455], "classical_tts": [74.74775089844667, 87.39214299881864, 66.96509824084922, 71.09778183658005, 59.32502822322175, 54.56764018268191, 52.00966019586044, 47.46849365677516, 45.26015092189586, 41.41562250124156, 38.26686916686815, 36.36002784620079, 35.47043067848966, 33.94496899432755, 30.833515792527383, 30.171810925687563, 29.467911881214047, 28.203965296709846, 26.46472741598704, 26.408385553058793, 25.85859688111909, 25.026850734470575, 25.371003639991237, 24.864169634589597, 24.02442365298307, 23.81555832515802, 22.60894259707406, 22.40136528096559, 22.70961042961828, 21.562110414302527, 20.555816263266536, 21.144801245959744, 20.511863673965664, 20.600716852393372, 21.588408664194155, 20.602712677188947, 20.147857195345807, 19.811118402090877, 19.667053817837477, 20.158730163283415, 18.903176918484615, 17.9320582852999, 18.552789096691438, 18.974443394343517, 19.396097691995593, 18.62951205568095, 19.025884652610333, 18.505807267856923], "initialization_stats": 4, "final_stats": {"q": {"step": 2, "value": 149.7334002845952}, "c": {"step": 43, "value": 17.9320582852999}}}