{"initial_step": 2, "final_step": 50, "quantum_tts": [149.80428513407793, 207.04008677701881, 353.2672018022642, 634.2376500091275, 709.1472159347676, 564.1577598742465, 539.3928629230762, 717.4018788227346, 1219.6391690242783, 1565.5366269582817, 1147.6490934497606, 903.5983405593546, 992.8642528926973, 1478.8073066175332, 2119.834952465748, 1790.289236080471, 1330.6988499227018, 1306.1705335176414, 1795.7620298629265, 2862.1523815494243, 2889.3838273048077, 1983.5058354281568, 1648.659972333502, 1916.6636227544277, 2862.5587564890297, 3551.029578530619, 2681.709837755993, 2050.076067770471, 2136.3289502928465, 3082.064873919236, 4612.392971996292, 3907.1007722297204, 2647.1873941785934, 2353.3355934394913, 2957.5476396820177, 4474.813824437117, 4713.47175629333, 3305.599024657145, 2705.300836314587, 3116.4924817642545, 4787.188712596091, 6261.492263067745, 4563.375363290566, 3272.1680455331775, 3214.9120181899043, 4343.337604666478, 6230.239070197673, 5589.473195016903], "classical_tts": [75.07169314714358, 66.0855118424563, 55.564490255682195, 48.065245236941095, 40.13191947884558, 34.264388935351484, 31.79421072565002, 29.53363659667449, 28.007978418481237, 24.943785446051155, 23.673745489675547, 23.235675859758032, 22.505989898088323, 20.534244763507097, 20.03498921336691, 19.674271260637312, 19.317156996282392, 18.294228672907305, 17.892926281687977, 18.305197888956958, 18.11191271023337, 17.290394015730044, 17.101289961151927, 16.68606398944734, 16.8681967333794, 16.092687152308557, 16.427751423604054, 16.208844729565143, 16.045644668831162, 15.665975520287162, 16.73759299023456, 15.63463619564041, 15.302571791154213, 15.35194983245626, 15.179554715474813, 15.251639276277384, 16.02286331077897, 15.23040494414476, 14.820468525401385, 15.190980238536419, 15.234160188644431, 13.76026976046463, 15.581240060065548, 13.632108784253356, 3.5156944784282507, 3.5921226192636477, 13.325708099661693, 3.744978900934441], "initialization_stats": 4, "final_stats": {"q": {"step": 2, "value": 149.80428513407793}, "c": {"step": 46, "value": 3.5156944784282507}}}