{"initial_step": 2, "final_step": 50, "quantum_tts": [7554.542086414704, 6615.429925323242, 351.0515041842892, 317.9995268351346, 466.13019612836956, 339.23125133729394, 11277.88111855969, 424.1375706412734, 358.15683175059, 345.7170476299188, 10124.649965039787, 347.75497894867897, 598.3675342091386, 11583.581924418693, 442.7415165356426, 392.61654545848575, 562.4276010337587, 3277.8173878883936, 593.6296293672779, 12029.412361336681, 346.92229081134826, 639.6628262264165, 363.01243746814527, 334.84061353953643, 417.87140523020105, 328.24408084063833, 506.2496159210189, 342.5933191213777, 1305.5040262114098, 333.58715101457204, 717.1342238884935, 938.499035739107, 1940.0482940733195, 4723.677839978939, 375.84628432579854, 574.5748698282279, 8277.38407264305, 12418.149158838803], "classical_tts": [470.01880213284375, 460.9244048418502, 483.34525715744354, 432.80565335701885, 378.1515235557629, 321.6556570032413, 350.13682105022, 277.8332672322185, 262.43601384339405, 233.61244288749964, 222.8209682536924, 207.85101453745506, 195.51939994024957, 176.34166145942152, 171.19083914210236, 173.3541557768996, 161.58085252314018, 150.41619617629053, 150.82253608302636, 142.87015142077075, 142.38157908111265, 135.4435413047223, 137.47760944035653, 129.09861451282518, 125.2358344286212, 130.21730599736995, 130.81199567650367, 129.34442712959057, 131.49990961112084, 131.45403946691997, 128.31041282249495, 126.04356925232898, 132.35629742377643, 135.0086353318882, 134.52601096367798, 135.64848280362426, 137.15552619036663, 139.77780411870327, 137.4342606486514, 148.8651995533868, 148.10673773758398, 147.95748661928084, 149.9715984745384, 151.0610936040703, 149.76245685624025, 155.84939072559257, 158.193843827929, 161.25734698289614], "initialization_stats": 2, "final_stats": {"q": {"step": 16, "value": 317.9995268351346}, "c": {"step": 26, "value": 125.2358344286212}}}