{"initial_step": 2, "final_step": 50, "quantum_tts": [9141.935205462412, 7386.679211050255, 3734.748648148301, 3458.1155035566635, 3692.5657264565693, 2120.411369576471, 6562.678809274834, 798.6990316267393, 1339.2746831915706, 2102.390261515657, 9023.557626705497, 1848.860719947104, 4768.076038639956, 6793.600979859697, 498.5115275744546, 826.5518278632073, 3986.7632623617155, 5096.64875181552, 4419.621098214373, 8372.06214651457, 1991.0361711327437, 3624.9314454592436, 1096.3279565176126, 1946.0608105036813, 3776.6598957919823, 3217.170376142452, 3382.3218150703333, 1443.7392712991611, 4487.4329961446065, 2828.557300086979, 4332.773113075368, 4745.980366633155, 5133.689779430653, 5096.650282828186, 913.8414238964747, 4470.507099255307, 5397.723330074136, 6599.6437407542935], "classical_tts": [402.54315082207916, 380.299848561679, 393.6618614991761, 424.6072608587821, 361.46185687398076, 346.1222664283186, 338.26608446171275, 387.1145730492686, 307.04008860909164, 313.9840637949243, 347.78253416813504, 330.86079945324445, 310.87437031922326, 336.2252803519052, 327.9767541842172, 317.8382279472848, 325.67019485886846, 336.6188608888833, 324.64698311728546, 294.59552590268856, 334.57980035774534, 336.18352390396694, 342.8245607442874, 355.1665277661053, 325.76787543941015, 365.60319136701935, 340.50005877835997, 364.84706740166547, 373.4424925431221, 365.5742450848186, 387.2882488123105, 385.2581870898128, 396.62647853472174, 407.3489729947494, 431.23970246124503, 422.15722669169475, 437.87686728170684, 471.63271730428, 469.51536600248056, 470.6477326225012, 501.13746260557707, 507.8772235733873, 514.8696713006518, 534.8313342450841, 540.3615896726485, 541.1711060170072, 554.8023922634558, 556.5411070229021], "initialization_stats": 2, "final_stats": {"q": {"step": 2, "value": 498.5115275744546}, "c": {"step": 21, "value": 294.59552590268856}}}