{"initial_step": 2, "final_step": 50, "quantum_tts": [459.4670719631206, 454.19988809133935, 209.6964453893623, 199.15238068210235, 224.63330191031633, 364.8198971605919, 386.4385228251148, 733.8537006892865, 512.1014022459319, 305.6826549870195, 447.57905055633427, 388.9271782896214, 268.9534765088866, 426.52904377336966, 702.5628429489121, 682.2766569772317, 245.58372857878265, 352.02165806968793, 249.13002151890282, 434.17437141168375, 256.89522176461486, 286.1317951130256, 571.4787879855014, 235.50414254850241, 222.02835919093715, 197.95892143153822, 238.13366150306814, 416.98026609621627, 323.4673019761289, 210.90907781890274, 297.78191170456256, 310.59050138023815, 338.4136826698579, 362.7419891829162, 641.9406785439344, 258.8753238680856, 373.4161631375238, 404.6163051909353], "classical_tts": [1021.0668365132741, 705.0282031992656, 553.5845067978618, 468.97979804718875, 345.03367713013193, 308.6884267372868, 267.68675203944576, 212.60078266967042, 215.9794642504393, 177.4740210628268, 169.71007089811874, 148.43800463976513, 140.51587404049906, 132.5592977243624, 132.10114550033214, 116.56143548384314, 111.75110010615329, 108.48323018829817, 104.6495082478068, 100.0520071103806, 99.24759886838297, 93.51932045728554, 98.84930075903583, 94.0555255083346, 97.23071063399394, 93.31135700608749, 95.40177815646089, 97.49152131041652, 96.00889770974891, 97.18324807589973, 99.71551496893923, 98.71320615012247, 100.43058869472482, 103.42058479981367, 104.4260765626546, 107.14009217856508, 107.69093702831717, 111.41043674132123, 109.50776775530294, 113.88390584848223, 115.22119969414942, 121.14506897636211, 121.33399893427094, 124.30588312546368, 126.9805610541969, 128.00845554042678, 133.5118821001007, 132.76834318155582], "initialization_stats": 2, "final_stats": {"q": {"step": 15, "value": 197.95892143153822}, "c": {"step": 27, "value": 93.31135700608749}}}