{"initial_step": 2, "final_step": 50, "quantum_tts": [390.0918207809076, 392.3750167299148, 452.47554810096005, 840.2398903106621, 819.6853583575117, 1349.4826731154735, 1006.6417252350931, 1035.4660812522711, 1303.2674275468576, 1023.8646736024639, 1507.9027630853425, 2374.297460063093, 2777.006975089936, 3145.4881314326985, 2850.1653320163023, 3433.883377774754, 2802.222931223004, 2899.9154451614922, 3276.05257754064, 2887.6126485850436, 1738.6523131166532, 2093.9212426137647, 2748.187137104454, 2361.5646356816383, 2333.7974360417393, 3289.9728398416405, 2705.0507202546655, 2477.4611144412816, 2968.939702095984, 2605.3944637458535, 4722.851168308218, 4199.257160553284, 3020.794300501321, 4876.310679044729, 4446.600357609965, 4081.734923434609, 4922.89651748707, 4353.704549093965, 3912.7134476494502, 3493.3607868458566, 3277.7548411774264, 3836.189265416102, 3460.3369571247363, 4073.7967909309805, 4688.064761405681, 3597.353169737105, 3188.729218104646, 3075.184022895702], "classical_tts": [227.9481711836988, 175.94573769591517, 152.1201125094084, 114.70144790303331, 95.83516385780194, 87.63509639219097, 79.10003763096233, 68.74688310031476, 64.49237384395606, 57.40521983706619, 56.36610352621275, 52.63332948948173, 49.22394095374414, 48.626073875810725, 48.11349292993932, 48.41204345052122, 46.67684700521703, 47.260069515019545, 45.506714268537394, 47.65232978984638, 49.58333107138808, 47.89950205731053, 47.772664201971445, 50.5896766969971, 52.289517891678486, 51.565768463821236, 52.88581709667687, 55.577449664949505, 59.062280517732795, 58.7148676556964, 59.192666168043836, 62.633079076146615, 62.32399574727957, 65.37639307911569, 68.09047777954947, 70.0304445647071, 71.97306357795043, 74.38080672197866, 74.7678735174253, 75.47107230388372, 74.96349915368238, 78.49149116647676, 79.81226991833202, 79.97925911711614, 84.91158705713224, 88.71103166512745, 88.29470365195307, 94.16689487877308], "initialization_stats": 2, "final_stats": {"q": {"step": 2, "value": 390.0918207809076}, "c": {"step": 20, "value": 45.506714268537394}}}