{"initial_step": 2, "final_step": 50, "quantum_tts": [203.13523923408192, 263.5363038256697, 303.9174798518889, 380.61155862559445, 507.9098882421772, 663.5004153463018, 737.2120822322396, 939.1102852490831, 1352.3393052437473, 1767.135774669565, 2613.14201130388, 2143.8017026651387, 1491.8304594235321, 1080.1236089159488, 887.4345248728965, 1000.6886130199315, 1336.9639384399452, 1547.094290309177, 1286.3572429723208, 1604.1235928147892, 3687.933573922259, 3900.609241141697, 2984.7758629516366, 3758.8352348298386, 9010.919225142226, 17362.14582572149, 28078.492285124576, 18673.79591617676, 7796.147474422035, 6145.209725404898, 9201.039176625814, 11623.933346936825, 10771.944963054151, 9385.546582949226, 15057.969526592111, 17095.23518385798, 11070.727342495835, 9101.370799815053, 8227.763904760612, 6736.81513927344, 5441.234288992921, 4417.933636669737, 3607.4557491274936, 4851.166553910045, 10193.371854796158, 9991.543336925506, 6349.607688227562, 4475.683807588902], "classical_tts": [211.88303619205257, 234.72763991576377, 387.30595528667345, 420.6219242337693, 382.2199431357789, 495.5877577108405, 472.3162174798904, 498.11292327542367, 511.7155294241894, 593.9148967614877, 549.9671997535278, 608.5272944129482, 583.4765891893733, 591.1752637189635, 651.2485872650605, 629.9173942294102, 669.8385656234046, 689.2618042564459, 661.4906722228353, 626.7481932397867, 670.667135171388, 585.369106724971, 637.7777386427936, 573.5072395151666, 603.0867088842724, 528.393942974455, 542.7720438401401, 490.60954290945295, 466.0788079664225, 474.18506881658067, 473.0012917974152, 430.6607602383321, 446.7297733474967, 392.190994289825, 405.820400079391, 379.6693402182455, 360.9810779259143, 371.94642491200347, 331.62721405057357, 312.8294684026644, 334.999695245382, 298.24225463026056, 297.03558632642114, 272.03422903451343, 277.54600141109853, 266.49614245263245, 270.9134537461798, 249.52614900893187], "initialization_stats": 2, "final_stats": {"q": {"step": 2, "value": 203.13523923408192}, "c": {"step": 2, "value": 211.88303619205257}}}