{"initial_step": 2, "final_step": 50, "quantum_tts": [570.5302441806522, 535.9757002128349, 511.1587583255598, 476.80059215636777, 440.6605154984769, 435.0311421235498, 454.0138645992312, 442.5332551269906, 624.9804997852569, 441.4040239993078, 597.1010965026529, 554.6826869996684, 123.92385571804996, 99.93942211009627, 503.5653160648975, 99.69378270162335, 444.1092872026474, 98.31358207029616, 593.6249506456256, 106.32771039493333, 142.7802169361268, 97.62554302469279, 441.9112715182594, 157.65236826420437, 407.0787228593372, 604.929208773593, 178.2959443828725, 337.12136085490175, 212.534613710104, 262.12458690139846, 432.1889622115227, 292.65020665491414, 632.5985971424163, 242.60719835528474, 372.5284614609067], "classical_tts": [133.1303221550524, 157.6347233604111, 149.17358775497593, 152.42434890258815, 146.9172630065819, 136.33910986430374, 134.06999929635944, 118.35257945520249, 115.5838317215533, 106.16573103439924, 94.51037440198232, 91.65326886726261, 84.38953655438824, 84.0014435403756, 74.90512611726456, 69.14986345329484, 67.11163014080351, 64.01269282551654, 61.03679620828604, 58.21002441625893, 57.38233975456264, 54.27054051360437, 52.729044261004304, 49.33727610569621, 50.12177926250456, 47.80176021581891, 46.28924576741505, 45.839360493230174, 46.430153107087996, 45.476166694601304, 45.40888778644124, 46.008124115337615, 46.33986664414318, 46.4649906237773, 46.70288663869994, 45.77680478909924, 47.522076089526855, 47.959573735910986, 49.44568964315019, 49.282121961306544, 51.873094086895335, 50.999344070819646, 52.53666905012565, 53.68277128816152, 56.592264738158136, 57.1453930733455, 56.72517511525982, 59.23753610635134], "initialization_stats": 2, "final_stats": {"q": {"step": 6, "value": 97.62554302469279}, "c": {"step": 32, "value": 45.40888778644124}}}