{"initial_step": 2, "final_step": 50, "quantum_tts": [390.6234664862498, 408.3807575018797, 420.6091518610422, 432.883068221806, 450.522689525236, 502.47835104401855, 534.1743299028361, 589.0643804729746, 625.2162280361345, 775.2602036444649, 866.0148669231108, 935.1454840265701, 950.4686188204669, 851.044852140016, 856.803931667038, 1059.3047886394597, 1196.3898133893615, 1342.0073828374009, 1715.1639161873604, 1863.6758477989524, 2362.4659520374644, 2901.358071521621, 3776.6698963343047, 4209.581502073683, 4345.140838961167, 3786.708729880191, 3011.44749862554, 2687.3721754372586, 2790.620073244169, 2832.650626572015, 3221.808431553457, 2827.7991007487826, 2428.213531324313, 2580.9514698021126, 2634.6804049268535, 2930.2157766467462, 3016.495802357996, 3348.6742439953073, 3616.4594047359747, 4283.074997503867, 4966.932338723957, 5809.765178214261, 6566.655213646966, 7314.830447419465, 7921.838060855978, 7974.086980715102, 8208.186355684127, 8541.231588569879], "classical_tts": [488.9119533244176, 424.9246887306467, 467.7048625378716, 394.6651317303334, 384.9803075336472, 347.0983207015511, 280.2082936104844, 259.51045497909183, 252.21852436630547, 230.64669606091678, 208.48582660517383, 188.2667284732707, 164.07591824734533, 150.24373205072817, 136.1986556295112, 129.6371612668443, 119.05132054514908, 105.28878625971552, 95.93026036221873, 88.80302958186103, 83.01878490342241, 80.89762243613656, 75.26533975266786, 70.43317963741983, 66.5064628175822, 63.42803152057465, 61.89498907561538, 59.02683285643683, 57.19619549568962, 59.26665290246839, 56.934299147976596, 55.38697588066593, 53.76249288844072, 52.72747890379578, 54.6847992440665, 55.237073398936055, 54.61928600670929, 54.93225532421906, 58.00697629637129, 58.29371649504735, 58.62514655555457, 59.029543784821335, 58.58015615326292, 62.02161632797803, 62.644869096004314, 63.26373341559071, 64.14010083296616, 64.73244779998494], "initialization_stats": 2, "final_stats": {"q": {"step": 2, "value": 390.6234664862498}, "c": {"step": 35, "value": 52.72747890379578}}}