{"initial_step": 2, "final_step": 50, "quantum_tts": [1240.1132968600548, 1025.0613880346775, 824.3322555404505, 1319.2218014275993, 773.6512175159115, 1009.0527766631072, 990.3733333328072, 288.9428762254047, 991.0769429505601, 402.8942767316271, 874.8740941037966, 158.32678057656156, 395.8454385193574, 937.370496229387, 166.53596444742348, 499.61880083230636, 486.3933296308927, 403.06821437625547, 164.37806377842645, 503.0146723077234, 548.4488737699072, 85.7509687084903, 579.8670498255144, 945.7260693067775, 435.22168959068244, 496.95894742456613, 957.0625548955383, 843.5959165445172], "classical_tts": [71.20824956459909, 70.56758680721879, 79.61122815734677, 70.45781923881538, 66.0950343175262, 64.62143573613554, 58.43668983352268, 54.748293136749815, 52.76614672400133, 50.485150241429594, 47.70968691274391, 47.46529312297544, 44.9322549656008, 43.22407474678526, 41.97626984774733, 40.9536263049179, 40.56817996749402, 39.09862625732191, 38.35580151830853, 37.36313381585964, 36.541209043756524, 35.17402419424887, 34.978652401519554, 35.697492614287654, 34.0806472822886, 33.289296269691754, 32.34513220683121, 32.62130160375165, 32.22732212459142, 31.771422075532623, 31.564775890286253, 31.51966196835625, 30.456710061486906, 29.587532461225166, 29.376171675342114, 29.39654305612967, 30.47333627832324, 29.598614161359237, 29.593679030610318, 28.752383605655073, 28.38136775991113, 27.965624356104094, 28.858285815676002, 28.126864642830764, 28.19926171334802, 27.707949308275218, 28.02497019760343, 26.811954254173575], "initialization_stats": 3, "final_stats": {"q": {"step": 2, "value": 85.7509687084903}, "c": {"step": 49, "value": 26.811954254173575}}}