{"initial_step": 2, "final_step": 50, "quantum_tts": [], "classical_tts": [131.16713533591846, 144.278033783129, 146.33571134745364, 142.9601490562757, 133.76837316464105, 131.9342539969401, 134.2100741712645, 122.9381554492165, 128.33080233710152, 126.1752419344965, 126.20726838501656, 129.85568922127916, 132.7312934643482, 135.76109674086482, 135.45973849916902, 144.27399393857687, 141.03800152897563, 150.67597747653295, 150.8225360830264, 159.69277408542533, 159.57220642653388, 167.82303228651352, 166.89852352388542, 173.9440625919899, 180.14342357876774, 182.08409616006625, 187.95592809327124, 201.7751126067083, 200.65959739423923, 202.35099780879378, 207.72514455415336, 220.72555713366316, 228.46680489215748, 230.78408437894868, 229.63984156400795, 240.90805964689113, 246.79759878881282, 257.944527847823, 254.01862919290073, 253.42936585824134, 254.0206123967826, 262.96856615332973, 281.64982427480794, 290.943200926591, 299.35660221914856, 286.3218174652065, 296.69779417550205, 322.7700085060928], "initialization_stats": 3, "final_stats": {"q": {"step": 0, "value": -1}, "c": {"step": 9, "value": 122.9381554492165}}}