{"initial_step": 2, "final_step": 50, "quantum_tts": [13.6795605241371, 19.590036085254816, 29.23986289537711, 41.87633216157132, 49.03201273023204, 49.21433139709374, 51.98087146804899, 64.08184446219938, 85.1849611764982, 98.76750945671635, 93.09660379656174, 86.66159061996434, 93.78681089118491, 116.12022689725646, 137.90420637305942, 135.63700963375663, 123.75038718055832, 126.77432593390046, 152.85934453975474, 189.80479623792453, 196.9609781461767, 173.79545975456165, 161.52508531614984, 177.46932656118713, 216.02955662511394, 239.48799763103239, 221.07544531705332, 200.2762302122117, 210.49453344526367, 257.2390633979459, 306.64522554896854, 295.3119165222664, 253.5464109654177, 241.79206408694597, 275.1530433836244, 332.802924976222, 346.3158054978609, 305.90419363438934, 282.4459581974963, 310.9992435291386, 386.7045626075071, 436.6429157550878, 393.57384270204324, 338.8099066498667, 338.36862368560577, 398.39819550656034, 470.33314228722463, 459.4290035424498], "classical_tts": [10.87402753399347, 12.015163312606788, 13.530199367804896, 14.072009448699369, 14.375783342817629, 14.708089058652675, 14.470681412672022, 14.905581762311266, 14.284549075107012, 14.080865094321318, 14.385688392556792, 14.187210569399273, 14.272843828128417, 14.094553265894657, 13.4594005025424, 13.58031426984301, 13.858264541889621, 13.18810692629322, 13.997038142182204, 13.036725758120133, 13.543992604675907, 14.039181343416974, 13.6599429384809, 13.86793719495089, 12.709228791788105, 12.791975069160335, 13.605495415652648, 13.647452277307774, 14.488686471940953, 12.28755050481084, 13.190606941645305, 12.682259482933489, 12.332415390807396, 13.450881269777943, 14.058835333056702, 12.745040686355702, 13.783287789725915, 13.433961804537093, 12.800250939967096, 11.382375668461028, 11.65999458720398, 15.22712096779133, 14.080276033963807, 15.500725159081261, 12.770470262175788, 3.5921226192636477, 15.360301127960517, 13.603327018404643], "initialization_stats": 4, "final_stats": {"q": {"step": 2, "value": 13.6795605241371}, "c": {"step": 47, "value": 3.5921226192636477}}}