{"initial_step": 2, "final_step": 50, "quantum_tts": [17689.106822508646, 23403.096505926635, 449.1886443034209, 396.86983111189244, 521.795603549606, 298.5737859311849, 12966.396470916938, 398.4290968471482, 313.2885031140215, 303.215121270383, 29631.843068073504, 290.7311910499981, 728.2028560550824, 40206.160756461, 435.27758344983243, 356.852431701428, 659.8926579816848, 2635.2502887328915, 716.7351990159099, 24458.771294941882, 309.47780717633213, 813.3896159981523, 316.7946555842013, 331.46293341254585, 503.69823858455743, 390.5154616810464, 577.6796319409967, 291.53169001649997, 1295.1814555690862, 375.11882773730224, 934.205246404324, 1085.9965038344506, 1753.2724543943048, 4311.854924467094, 327.56218758107303, 721.3478672110006, 9729.019518090665, 14990.747049768152], "classical_tts": [502.3700817545393, 468.8627886757056, 525.4729090631043, 476.4371270992405, 370.2645934113689, 349.0666487649154, 308.29588929992195, 279.853977788068, 266.15941708868263, 250.96066874395518, 235.1227164411804, 228.81384218416343, 205.97202174801134, 189.0240093997489, 183.10942117581624, 180.71789683303228, 162.91331608903778, 156.6844462061309, 156.7983628159121, 148.6859428164201, 142.81103688098042, 137.58295541363964, 137.2861139499993, 138.41167533854994, 134.73413869120398, 132.55703666187475, 137.93627852186006, 134.86722946228087, 127.3649292643138, 128.68463753537748, 134.73173876541333, 132.37127516219533, 133.6282105164651, 135.3172661545042, 135.95142978614726, 134.69187345670042, 140.2542644189156, 143.73009914675896, 145.07254023102715, 145.43457533736677, 146.48462293838452, 151.52160580362988, 149.9715984745384, 152.9347335940906, 158.68491059407162, 156.46897227478743, 166.616119231136, 167.50059076251165], "initialization_stats": 2, "final_stats": {"q": {"step": 9, "value": 290.7311910499981}, "c": {"step": 30, "value": 127.3649292643138}}}