{"initial_step": 2, "final_step": 50, "quantum_tts": [525.5938389164573, 964.6264790747441, 701.6060570674026, 720.5912727322574, 1483.120435839907, 1500.6667454746787, 1521.9468366459046, 2337.691774051739, 2911.0163333959053, 3233.5320031179763, 2938.305042516578, 3294.314131410809, 3286.016614009339, 2640.081351952335, 2873.082708523587, 4636.978608201251, 6107.493317087322, 4882.038937702193, 5164.74219395156, 5632.2449364141985, 4197.325469665931, 3098.3350486663094, 3430.9266661806296, 3361.346537369678, 3401.5581138032426, 4016.8826872480704, 4255.3700553374865, 5086.152237283951, 6524.996572934591, 8525.854808376951, 6606.694707434657, 4626.925219993988, 4771.498031738992, 6025.569748039319, 5177.126138461678, 4811.422521454914, 7747.418137636896, 8192.110673697318, 5999.8648040672115, 6314.427459657014, 9039.920256130714, 8726.851739312537, 5821.732203298261, 6001.367917821033, 5983.258577357484, 6512.716671043998, 7636.993467588225, 9469.67478579444], "classical_tts": [274.69369918214835, 277.04975063962166, 260.4134504263919, 190.5681031740329, 159.94762431009946, 137.48381906580613, 113.03790968097866, 104.9084219082894, 91.14213465842333, 84.78335674233584, 76.50859881233836, 71.38768321587834, 65.29751377468527, 62.906794272172085, 57.536078020448414, 54.50219612089534, 53.505048967858684, 49.35436184359078, 48.924131641602145, 46.405457813477085, 44.27534274875852, 44.89281231805697, 41.582632842255926, 41.97490595508441, 40.11981482437581, 38.28384613495242, 38.39186546018, 38.38956247414151, 36.81189827165598, 36.99796776046852, 35.365733964277936, 35.256024065547194, 34.53405337261327, 33.58430834851142, 33.062636327304396, 32.037351465258915, 33.29938698681048, 32.38879892513218, 31.45528955651735, 31.983432139867578, 31.6288366962621, 30.216086250346294, 31.198380905744358, 29.82822311752199, 29.916714427460192, 31.00877153677518, 30.833724394839095, 29.86641367684367], "initialization_stats": 3, "final_stats": {"q": {"step": 2, "value": 525.5938389164573}, "c": {"step": 45, "value": 29.82822311752199}}}