{"initial_step": 2, "final_step": 50, "quantum_tts": [1157.45751901741, 1167.4588652701254, 518.9602909928788, 525.7882566070209, 641.1400637261736, 298.94971812683485, 855.783852956946, 155.1156399894955, 269.2334461960217, 222.0581398179197, 959.8558373651418, 282.13885476690723, 526.3101023631401, 969.3998376735763, 122.60837913615028, 184.7000086123956, 514.2222746713059, 738.411320777716, 479.31325580542233, 1034.5432563540655, 229.91078340938327, 540.9832480977454, 213.9302167224457, 279.4021390683158, 531.3079829718118, 425.6050427341264, 573.9756835139924, 291.3984105134752, 527.3637523701497, 359.25219692186255, 560.374490488637, 523.9568028979044, 688.5929062060335, 827.4017509927367, 227.9590047541696, 465.2447972941109, 863.8910184339221, 891.9945557905395], "classical_tts": [94.62969097816944, 92.77860194382336, 86.05496770246994, 82.84184915039326, 75.23869837141804, 65.80374535941813, 57.90094497523196, 56.39796631651867, 51.23493582454974, 47.392878139752305, 42.94498380989878, 39.618056189352075, 38.914065603474214, 36.308051371668945, 34.289930086955465, 31.975763449436656, 30.439540576868396, 30.410033905001107, 28.10413815446802, 26.813944966881017, 25.27366711192848, 24.437031532170217, 22.65787088840917, 21.3548138448061, 20.769892412701072, 19.794519860543392, 20.10707048375153, 18.814527125692404, 18.927126532300612, 18.30447456081503, 17.75095960953714, 16.763254032538434, 16.520958719006785, 16.471063093302487, 16.202723072986814, 15.60120901312689, 15.6638457432038, 16.618462570239682, 13.333333333492128, 14.518882783242898, 14.873001875517115, 15.22712096779133, 14.66666666684134, 15.935359152339766, 15.333333333515947, 13.04808918091874, 13.325708099661693, 16.333333333527857], "initialization_stats": 2, "final_stats": {"q": {"step": 2, "value": 122.60837913615028}, "c": {"step": 47, "value": 13.04808918091874}}}