{"initial_step": 2, "final_step": 50, "quantum_tts": [524.9747885153147, 959.0890429272265, 699.79274005936, 717.9162270859011, 1473.0703187654515, 1490.7457031741767, 1515.7109731860555, 2327.834515575565, 2900.003440826693, 3236.408986667858, 2952.427952410007, 3286.293251753577, 3273.318587595758, 2638.6670721446276, 2852.827606362091, 4558.1043723042885, 6045.3915041997, 4811.042775466411, 5083.506219614699, 5562.461612420027, 4170.9125962179705, 3082.6578150924997, 3412.1628406511322, 3387.18697754636, 3417.873369548889, 3983.6643636464323, 4292.608983952773, 5138.719557099587, 6566.817482004211, 8579.79340897831, 6561.741461166321, 4651.261031371036, 4798.87660101507, 6021.478730199353, 5188.882582189694, 4854.943840656531, 7897.103440618501, 8237.192714641005, 6008.224792441578, 6409.962715521971, 8975.72686560586, 8698.814989020613, 5863.073877538613, 5857.445920073452, 5836.931072155181, 6449.177223499611, 7507.719572871138, 8996.568662249098], "classical_tts": [342.0040370481872, 236.79907903820003, 220.0051468854376, 193.5444871502038, 166.2318140244024, 137.97996415159113, 122.7256588309568, 98.20069772898357, 92.6140298578291, 82.22053642374277, 74.9394317135141, 70.49040927479221, 65.10831767144593, 61.15720913354817, 56.380132392048324, 55.386697429584764, 52.30406055302124, 49.89807768291376, 49.22487178313091, 46.09085302100833, 44.27534274875852, 43.63822877796451, 42.131672140368316, 41.58403435301908, 40.99148415579064, 39.26034474794987, 38.52984983448981, 37.62176979228606, 36.4117996437417, 37.09699747623952, 34.99061152252423, 35.09714922526369, 33.70428118800369, 32.98447748672846, 33.60653540028065, 32.61486931700435, 32.45931704407349, 32.760988081000654, 31.73028076539027, 30.36088493542076, 30.677896469853994, 31.87057379905048, 30.317572058210626, 29.689249343720913, 30.667290933767845, 30.038983697192833, 30.481795574138395, 30.954985937068916], "initialization_stats": 3, "final_stats": {"q": {"step": 2, "value": 524.9747885153147}, "c": {"step": 45, "value": 29.689249343720913}}}