{"initial_step": 2, "final_step": 50, "quantum_tts": [5868.8102141545605, 5273.191828461488, 3738.412611623288, 6465.524197159782, 5395.592563965985, 3690.6277261165114, 5486.272354366269, 1826.4015442465434, 4008.619608585486, 2164.9589524572684, 4714.064652344272, 811.8562000184543, 1485.032141842377, 2939.584698125821, 698.3868596112137, 1949.49547109909, 2337.975873566442, 1723.3718925738424, 906.6823001896809, 2533.9156155890537, 2350.85033482071, 487.9721530306486, 2856.172745477679, 5403.570144867011, 2443.0701372155536, 2898.0748537996683, 4723.802474910045, 4262.245798402219], "classical_tts": [302.16562803617444, 271.467008103059, 240.15849457251966, 204.9525841316862, 179.69982948713243, 155.85393268129636, 135.9124863937157, 118.95935688344917, 108.31891925815802, 99.43210200565497, 93.17345395499397, 85.37290049509528, 82.44389470722226, 75.66075262346165, 71.39140612316622, 68.11223806247212, 65.37974822607863, 63.00294518694168, 60.20524858349788, 59.0410838446316, 55.834454014767985, 54.659324856227315, 53.32413837125459, 51.21726653312636, 50.695935817365445, 49.199198795394814, 48.04920616177273, 46.755990072151434, 46.06819245383031, 45.198113668522716, 43.28228719960997, 42.73984167502368, 42.66537688175052, 42.070104113310464, 41.10807364183552, 40.81280060907833, 39.559190654972625, 39.7390059671225, 38.31594928648117, 37.76975606225029, 37.55120729527176, 37.20759012102984, 35.877470622047014, 36.99277608683595, 35.35660219462533, 35.20893943361161, 34.40282851008928, 35.22122385255045], "initialization_stats": 3, "final_stats": {"q": {"step": 2, "value": 487.9721530306486}, "c": {"step": 48, "value": 34.40282851008928}}}