{"initial_step": 2, "final_step": 50, "quantum_tts": [13442.733923924407, 13157.29162944311, 2818.317846409747, 2417.726574379566, 4517.870796559304, 2642.1906572727694, 17553.24519407409, 1400.96465601729, 2146.138349146337, 1973.8775396130027, 14691.174318167414, 2163.6087079945323, 9185.363321520264, 23999.7837305944, 1014.352100289351, 1731.2989874932339, 8544.292716328744, 10206.284328923835, 10795.052129126512, 23461.582397287897, 1798.303628825031, 8334.544343860909, 2036.8871006933682, 2169.6460345482037, 4250.758569955551, 2208.20511802677, 4661.050314387992, 2002.5009604678362, 8083.362231253531, 2224.9975196497435, 7581.643647143335, 7802.383349900645, 7535.786038145866, 12465.049800308716, 1950.05218596511, 9237.375187865195, 12011.597919492126, 21027.536414209866], "classical_tts": [1114.1007221790642, 1413.518751065938, 1749.7413367203874, 2625.765151204007, 2624.612005080581, 2795.080276366672, 3060.893878876575, 2501.5350712964587, 2737.826271675435, 2428.608807449336, 2649.391426308366, 2287.5856492820794, 2642.5040861022303, 2665.316723368055, 3051.65571247736, 2751.6344779571546, 2813.1767320542335, 2846.8639577987337, 2293.963868542517, 2066.7247728706743, 2290.3209185992973, 2060.4790426706686, 1837.6158829351464, 1889.8924850145984, 1990.7505398464086, 1637.706287011453, 1740.001373465799, 1620.2523602355075, 1585.7982280923165, 1482.7499244982998, 1362.9734671972167, 1381.9453290009228, 1243.8535464533559, 1294.1184987656939, 1131.754660750508, 1085.264080308776, 1108.8648235121575, 1128.371001083193, 1093.9015642762413, 1023.3449758310102, 1068.9348905412514, 1046.7906729870206, 970.5425998279768, 1012.7721163970191, 900.2267176601825, 939.9914058451067, 894.3448363326252, 851.3171253044598], "initialization_stats": 2, "final_stats": {"q": {"step": 2, "value": 1014.352100289351}, "c": {"step": 49, "value": 851.3171253044598}}}