{"initial_step": 2, "final_step": 50, "quantum_tts": [3868.1452909245804, 6465.895375452075, 5697.2579645530395, 5828.084493848528, 6371.622408749977, 5193.953333495014, 4762.397236179985, 1820.0625226446336, 7473.58283788534, 1496.7691902698866, 5681.429816964297, 866.148420865789, 1602.0487903679707, 4387.806458496156, 819.178759326877, 2051.634281791983, 1532.6918488527283, 1876.6178493419516, 975.2881481060303, 2173.2783663672703, 1813.3881698587952, 464.55303377197646, 2388.7572786076857, 5515.445950467334, 1940.475180835609, 2403.458961164853, 7352.1248909550995, 3580.3965808483917], "classical_tts": [315.28975347005877, 290.4794664650051, 239.34782170400368, 211.41630278857048, 178.75803847845364, 147.33658242294362, 133.65140386308136, 117.35374379582817, 108.08303544310492, 91.79690036814503, 84.78288610337688, 78.89058289109879, 71.38620924372316, 67.75171949169562, 63.14980132642219, 60.793765111406046, 56.58941142550344, 54.390098425873006, 51.071518980485706, 49.26589609855334, 46.63722077580934, 44.59955950152394, 43.42727076658465, 42.794129916871995, 41.58325665207532, 40.706166441799446, 39.083431037036384, 39.03506955430065, 37.58166574236745, 36.12386538964344, 35.91079824601034, 33.92791517257259, 33.870722238377155, 32.906738535261944, 32.022329811314755, 33.41732915550677, 32.52616634590661, 31.251213183580024, 30.949456024780204, 30.60594771434699, 30.334195140459787, 30.669798628619674, 29.994668993912434, 29.47894915895579, 29.3998563844866, 28.894126203133602, 27.653391092361097, 28.608823743386832], "initialization_stats": 3, "final_stats": {"q": {"step": 2, "value": 464.55303377197646}, "c": {"step": 48, "value": 27.653391092361097}}}