{"initial_step": 2, "final_step": 50, "quantum_tts": [33637.454493751546, 26690.665427629378, 995.69810955061, 903.3132178838673, 1474.433547266362, 1233.4492685592368, 18411.12561149525, 1201.0984214205341, 1150.0928795017458, 1169.9622837681986, 30556.169483909933, 1073.2156568493556, 2086.2605303510363, 24010.442011950458, 1227.9923460452421, 1177.605761306157, 2122.1877618499607, 13837.55487046176, 2172.895873701908, 31686.587436160844, 1042.9800579915245, 2510.5079396417727, 1124.2938045236917, 991.7891429520049, 1235.701772270894, 926.6770881935315, 1840.0471281302443, 1029.5320661509122, 6369.054271766609, 914.2787995518537, 3355.8116966930165, 4590.734859801973, 8008.532779376039, 15745.134798834544, 1141.8764214104528, 2155.391226548812, 25949.37276211056, 26607.661223886025], "classical_tts": [1839.764528690661, 1281.706792751866, 1183.8198740444464, 906.14623594757, 870.2492411481696, 782.9854817256103, 709.6056453881523, 596.8535968588764, 474.4277429549812, 486.3083382558205, 426.3702782077871, 385.28899936134513, 341.80849382753695, 324.8164532680437, 319.21921557167144, 298.5676980610294, 286.64403438311103, 290.62955830694, 273.9169917286123, 274.7533283338097, 272.0869461647546, 261.6286636653373, 258.2736276527353, 263.86908789169206, 247.9642832746819, 266.7818640855319, 272.0480443935556, 262.6378673495329, 271.6943455339995, 285.0800598395336, 282.617212511522, 280.23061659496557, 278.5673971591929, 290.6918346104566, 304.96837019345855, 300.136788181543, 312.4438727724796, 309.10434964721065, 309.6997828178198, 326.4573781497976, 332.8816073123807, 327.3557622877921, 342.60691223477454, 359.5514576749279, 353.94944457486326, 356.80932140312166, 363.7916966911826, 373.4509403559791], "initialization_stats": 2, "final_stats": {"q": {"step": 16, "value": 903.3132178838673}, "c": {"step": 26, "value": 247.9642832746819}}}