{"initial_step": 2, "final_step": 50, "quantum_tts": [149.80428513407793, 207.04008677701881, 353.2672018022642, 634.2376500091275, 709.1472159347676, 564.1577598742465, 539.3928629230762, 717.4018788227346, 1219.6391690242783, 1565.5366269582707, 1147.6490934497606, 903.5983405593516, 992.8642528926973, 1478.8073066175332, 2119.834952465734, 1790.289236080462, 1330.6988499226968, 1306.1705335176414, 1795.7620298629183, 2862.1523815494056, 2889.3838273048077, 1983.505835428148, 1648.6599723334964, 1916.6636227544202, 2862.5587564890143, 3551.0295785305957, 2681.709837755993, 2050.076067770464, 2136.3289502928387, 3082.064873919236, 4612.39297199626, 3907.1007722297204, 2647.187394178583, 2353.3355934394913, 2957.547639682006, 4474.81382443709, 4713.471756293303, 3305.5990246571305, 2705.300836314587, 3116.4924817642545, 4787.188712596091, 6261.492263067701, 4563.375363290566, 3272.168045533166, 3214.9120181899043, 4343.337604666478, 6230.239070197633, 5589.473195016903], "classical_tts": [71.65138888159359, 69.39389852157993, 60.48394724422474, 45.39747721789895, 41.18221561259356, 35.77083358784231, 30.95322588416269, 29.448893686116072, 27.263994270284016, 24.994695729977504, 24.21653761957923, 22.716529218964702, 22.129346445014498, 20.616341368786042, 18.891366643994026, 19.58388383001989, 18.447922495483073, 18.356891542442135, 18.18788845005274, 17.389744520128357, 17.134001004558396, 16.611583053132915, 16.76213779792146, 17.53194122298768, 16.36019854867406, 16.622172742102247, 15.880119610564837, 15.836540863596067, 16.31647879320408, 15.827572870345906, 16.500780881863925, 14.852496150237911, 15.176321028782196, 14.427226342424552, 16.202723072986814, 14.870685489535377, 13.783287789725915, 13.433961804537093, 14.508723989185173, 15.484450979227223, 14.000000000166734, 14.333333333504036, 15.156264599990566, 13.632108784253356, 13.93504453501454, 13.04808918091874, 16.000000000190553, 15.680307401459695], "initialization_stats": 4, "final_stats": {"q": {"step": 2, "value": 149.80428513407793}, "c": {"step": 47, "value": 13.04808918091874}}}