{"initial_step": 2, "final_step": 50, "quantum_tts": [1233.384448932052, 1402.8060078105746, 477.1452094128979, 500.67221566086687, 582.3789773602243, 313.02380090713314, 1049.5033826982778, 161.94220149340242, 227.10695103825643, 260.1670905311396, 1183.6423353477173, 239.77165638988632, 698.1056616653768, 1212.6778657116179, 122.9461393815859, 178.97561235641672, 532.1977146562223, 964.0665431296983, 579.89408810719, 1222.059707396286, 311.8622169008529, 667.9343694650821, 184.673741165583, 408.63751995897996, 455.61594081979354, 471.8255720205402, 581.5950133585246, 221.9171523567595, 622.3212788173319, 465.7063786205292, 620.1751672764174, 637.8455124570803, 774.0004174858647, 1038.9305023596985, 214.95398231895, 626.7780847215358, 1045.6018015332, 1118.853052197222], "classical_tts": [77.07397232498049, 78.97643933492745, 71.41438429005613, 65.58405822538882, 57.3737433143187, 50.282676458131036, 45.193880306266614, 39.68914524592393, 37.452696510863255, 34.680811420633816, 32.469981335344734, 29.984142461530578, 28.136581719574043, 28.608002585376408, 25.702331607524226, 24.1705653760043, 23.351443319360285, 22.433497889742906, 21.57034598055826, 21.250368237667452, 21.1827910949453, 19.727294270552516, 19.758450229345495, 20.032828963855938, 19.57975605009253, 17.81354960626512, 17.665318096813905, 18.00309747549923, 17.253901962281553, 16.721758889850445, 16.255276637613026, 16.318244175902652, 15.176321028782196, 16.003023980048113, 16.06904579518115, 16.079755618065132, 14.079445099131316, 16.444517608431045, 13.778422363627786, 15.484450979227223, 14.873001875517115, 14.81180404089987, 12.215232424689884, 12.492851343432836, 12.770470262175788, 3.5921226192636477, 14.540916036536913, 3.744978900934441], "initialization_stats": 2, "final_stats": {"q": {"step": 2, "value": 122.9461393815859}, "c": {"step": 47, "value": 3.5921226192636477}}}