{"initial_step": 2, "final_step": 50, "quantum_tts": [190.4012719051087, 225.38563029083355, 271.20852438024957, 420.383565650151, 689.016225398809, 894.9161562729868, 805.3638987095475, 587.4218374786387, 393.604187587103, 331.1993929748545, 368.42491719957593, 556.1549988025356, 776.9412572086369, 727.4783600044098, 744.2241017145975, 994.8046359141221, 1545.7190689525219, 2098.8072512850545, 2232.64941044485, 2285.9142574628704, 2262.2681248072613, 3045.7844214441166, 3082.674055894203, 2286.4729690420672, 2523.385179379417, 3097.999197233829, 3230.6969623129667, 2994.4800319379383, 2925.939856814165, 3709.7144713075477, 5630.535258272081, 18148.393359465274, 20552.130315632327, 19411.550112981346, 26880.44178865895, 23507.978502650316, 9472.50766956041, 5926.37500131824, 3848.5428123101497, 2521.666883031944, 2579.3311729935735, 3725.725915956599, 3531.5417667426573, 3217.83436678317, 3963.678511500405, 3901.051797301415, 3835.9064157222792, 4679.006946447946], "classical_tts": [191.5900931861158, 247.72117160896372, 213.35791962028924, 209.38565590923074, 152.70498436303592, 138.6467586826671, 108.23255642468443, 98.20069772897943, 91.02615059219082, 92.84839902991551, 86.47752313580267, 89.78904771883245, 88.07605339541635, 90.4173605939826, 92.42373672955824, 93.86323007555167, 94.85292111076453, 96.41962163070593, 98.39988932635129, 108.06401281625747, 107.50510275420828, 113.15987272530397, 116.09143459099748, 128.9856394814575, 124.39505434472812, 131.1566866056402, 133.51463605769698, 142.55821528165276, 141.97724725795823, 143.21768332351056, 152.58815549451083, 160.30261696244915, 157.46727238397315, 163.4471284406184, 170.23038236525883, 180.19096195778366, 179.8378465267471, 177.9661024277853, 189.46132355223514, 192.74464036095208, 197.77508387373965, 205.3848682974068, 204.62614125310643, 213.50090252324753, 223.83126262107805, 222.80332529277823, 242.3238522312061, 239.0367019533676], "initialization_stats": 2, "final_stats": {"q": {"step": 2, "value": 190.4012719051087}, "c": {"step": 12, "value": 86.47752313580267}}}