{"initial_step": 2, "final_step": 50, "quantum_tts": [13400.982296119551, 12201.917576262244, 8208.132038977805, 13024.825836710603, 7437.917696854646, 13028.886109313833, 12699.176630327658, 2523.448897474072, 7204.310907713018, 4897.595938307862, 8585.613184580034, 1037.6782233632364, 4416.481123638511, 10712.6422130795, 673.3013890469939, 5720.121051527728, 6431.6751028998915, 4850.713383508083, 1238.9805309933997, 6170.53326506615, 7301.625771494531, 1001.196548671085, 4946.595485635568, 9343.375855089549, 4695.336993278553, 5541.619701934332, 9668.773989699046, 9077.471457333197], "classical_tts": [431.12109781465085, 372.4677066141977, 278.7645596187184, 250.04215190276255, 203.13578353806895, 154.8160116180817, 138.39427198005035, 118.95935688344917, 108.6348657854214, 98.00245775376781, 91.86843122064502, 80.66972789340882, 74.69820142234599, 68.67373345173367, 65.7965655036974, 64.63724583281426, 60.66557785166345, 56.28022814557337, 55.113774690541575, 51.65092741110653, 49.73522265685238, 49.98477448403304, 47.152325207910266, 46.95788997201819, 44.856075991172276, 44.58768878565416, 42.564566997029964, 41.69928199954745, 41.31485880009371, 41.02032749476241, 38.753959363431264, 39.191716529285024, 38.589256364073954, 39.18432330545613, 37.72840517020496, 37.94067932423187, 35.74842503902266, 35.730155494444126, 36.37577690007425, 35.04594843012789, 35.05603041392315, 34.64173553288965, 34.51789716526787, 34.41435803591593, 33.56841910217694, 33.060237983271755, 33.14356051032172, 32.441886916589624], "initialization_stats": 3, "final_stats": {"q": {"step": 4, "value": 673.3013890469939}, "c": {"step": 49, "value": 32.441886916589624}}}