{"initial_step": 2, "final_step": 50, "quantum_tts": [82.71190138542534, 146.77946062690972, 165.1294696886357, 172.60261213051882, 286.5899959001957, 378.24453826889936, 435.99253842573495, 588.8416729103445, 646.9659166506801, 610.758737646907, 519.6189984385277, 568.9699204040136, 718.2291059214416, 668.023611191155, 725.602283308103, 909.3190232987563, 1002.0305528949608, 990.8371362182411, 984.0621123303805, 1045.2403573681863, 996.6149938624225, 811.1101338245098, 939.3602206044591, 1091.0999530907168, 1070.8920083992075, 1276.8745500948264, 1562.5730766841625, 1680.2642829527865, 1697.0286478990279, 1801.410550494267, 1846.8824543366486, 1512.743375476111, 1314.548714669152, 1557.4451635603486, 1738.7612548736788, 1649.0548444155588, 1843.9078477361636, 2132.911116949448, 2128.0769650495604, 1911.1839807056865, 2149.598568470687, 1997.9389562297422, 1518.688855834988, 1690.1949588868456, 1969.7808035937612, 2129.9446287185706, 2302.7151062105545, 2335.3081413039577], "classical_tts": [66.27663887217788, 73.56605588682153, 71.1007030189801, 68.84242038393478, 66.98244016086382, 62.09282597348461, 57.09738473500445, 55.875550053076644, 52.78953892210034, 50.798204205949624, 50.18683463129193, 47.25382622990637, 46.725723735958866, 44.775363477695485, 44.0758117177096, 43.55933823043531, 42.89336335169479, 41.53134518316964, 41.68020291561043, 41.40055221576498, 41.85679771266324, 41.544877873917024, 41.273170230287825, 40.542719947649786, 41.1730724190759, 41.337609701721675, 41.02810766889956, 40.3197242945512, 41.57818522043443, 42.20026729595612, 43.31716743097447, 43.25620616598168, 43.394789048923606, 43.508189035366975, 43.75174310008485, 44.533238673726686, 46.770423535123165, 46.50430713820266, 47.058184451100345, 47.5151126192516, 49.076020086250935, 49.81005959837108, 49.70503069018238, 51.743989095807684, 51.915416604283834, 52.518907190139, 53.15084951818061, 55.04054811817655], "initialization_stats": 3, "final_stats": {"q": {"step": 2, "value": 82.71190138542534}, "c": {"step": 29, "value": 40.3197242945512}}}