{"initial_step": 2, "final_step": 50, "quantum_tts": [4364.510021270741, 3940.551454905659, 2012.1277735611366, 1827.8752180846132, 2201.709980698684, 1698.100331041818, 2559.706400782853, 1207.0406209972969, 1379.093340573619, 1496.2571486719578, 4278.547241748657, 1491.5057250280659, 2445.630230841356, 3106.6249494297576, 1216.8174529543617, 1219.7364090331673, 2458.531868326394, 2947.1785657719342, 2507.3262750909953, 4030.902515322428, 1364.1923242941127, 2422.8612328579056, 1279.7545352825605, 1220.5081872579658, 2284.1705997196127, 1692.2716951498983, 2472.297628641137, 1238.7300523364393, 3011.764502617571, 1223.9297947481846, 2799.962397200658, 2914.486350705093, 3105.4415586528767, 2702.4519048560046, 1233.4123013672795, 2513.5238504331937, 2838.059310184721, 2996.580038049609], "classical_tts": [1672.303698461152, 1124.3393659291232, 1111.7933650206483, 888.4389077893518, 760.599697123358, 617.8513748986746, 488.5880228171867, 455.2511257736733, 372.13253645744703, 335.3335675856939, 291.7038543568653, 254.71627614461207, 237.8468511890025, 235.33967905260315, 219.9071087798493, 197.70296430343748, 190.25688081402853, 188.62902035737213, 176.4161695374272, 167.9850492574005, 166.0893059967821, 162.67336623521655, 163.02672004498316, 166.7036278502686, 161.8923750048515, 167.29971740214967, 162.1959224485718, 158.96104774638897, 168.4662023769953, 166.44093008822043, 168.47817102808045, 170.0377334167571, 173.36650816332767, 176.54175612141054, 179.71702737147297, 180.49710147500036, 189.70130666988814, 192.2896299439915, 190.09664185946934, 199.16385743820376, 205.2370143489527, 210.0343460045105, 214.918865679034, 210.23356448009517, 221.47767345091617, 230.15878235678724, 228.69030196658423, 242.31840923408126], "initialization_stats": 2, "final_stats": {"q": {"step": 3, "value": 1207.0406209972969}, "c": {"step": 29, "value": 158.96104774638897}}}