{"initial_step": 2, "final_step": 50, "quantum_tts": [4311.578080050981, 3929.86282678116, 3194.617482094257, 5135.9731403153655, 2837.718967890606, 4113.700512129724, 3307.6029659093556, 1140.9013163219565, 3803.5972956210876, 1340.4379990358393, 2934.8320633168096, 663.2899968679601, 1332.3154070697544, 3208.6338423608317, 782.7188502811831, 1571.5700989515076, 1474.521313123209, 1465.7173504846403, 941.171342292907, 1659.4808978743843, 1687.105211102205, 486.8612764249098, 1458.247566487565, 3037.200828754817, 1206.3415725395932, 1569.084914334174, 3220.537793990256, 2825.5684272245535], "classical_tts": [338.81591629874043, 303.5443682312903, 217.2982111261522, 188.90685339314308, 179.38484090886203, 151.97836077090597, 130.9217923185594, 115.49772210339137, 102.3991099137242, 98.99316217200236, 89.94334270757788, 86.15671437038165, 79.27192577148352, 74.08402829318305, 70.07687824066286, 69.82695944202662, 68.36184443678837, 66.80391986579835, 64.83476516774951, 62.16095572641969, 61.51107706047074, 61.27920590573652, 60.04384348639769, 59.3517492716517, 59.68369329974191, 59.74537457639731, 61.24575086003141, 60.08630118123383, 60.52058811045845, 59.533790861806736, 60.39900028262705, 59.69156082725805, 60.471381119649436, 60.72755700148089, 61.777550779422086, 63.10964396438597, 64.5609864200781, 63.986194890286235, 64.56167394744082, 64.235920526724, 67.96303926404433, 68.87312827111153, 69.60061218218796, 68.76725136048138, 70.11133963841925, 73.11988081096426, 74.12254264771485, 74.0134494707155], "initialization_stats": 3, "final_stats": {"q": {"step": 2, "value": 486.8612764249098}, "c": {"step": 25, "value": 59.3517492716517}}}