{"initial_step": 2, "final_step": 50, "quantum_tts": [122.39566888762673, 144.7602480754419, 142.20944195530672, 151.9235714199416, 139.2868804825659, 163.77242654694308, 181.1792900602659, 159.6049515638345, 159.1353894227496, 138.61477662896547, 135.82937650844912, 149.13707803902724, 172.86603179912396, 210.26201157169675, 259.93536106455537, 318.5394968589644, 357.67695143809743, 345.31043434126644, 315.10002697019684, 352.78341233436225, 364.85108195133296, 321.8058387522619, 379.05910700539425, 370.1758547202223, 328.78371957054674, 286.53697865065976, 249.41405310059292, 253.48707544830714, 266.78675129456417, 344.4554272738883, 388.03656882557834, 427.3145344315537, 567.8852779922496, 976.4971789617032, 1745.1590075531956, 2352.032538858292, 2955.6446780066385, 2161.4456925999134, 2337.4432440916457, 12427.706729566436, 13880.413333210723, 5410.150064189529, 3011.1343748927948, 3043.1078656364834, 2063.471465537524, 2265.911501495165, 2241.053809661592, 1548.7493219476303], "classical_tts": [106.67895981014462, 89.84991474356622, 83.44736099686969, 83.18565540633331, 77.38535051588384, 71.62951449094054, 71.54322834272179, 73.73842865978172, 67.0926602383739, 64.26020198925804, 64.77623714010069, 63.90540685039607, 66.64542928557046, 66.20199436526487, 66.52225238400044, 67.35500650940446, 69.1695981901064, 72.73578065154982, 77.61934705271435, 72.92122435745053, 76.73004058676973, 79.5164940485891, 81.83244177306253, 85.67757908092622, 86.37013046707821, 91.13036892324604, 94.1638290788713, 95.78206905627432, 95.80367583751493, 96.90794475727795, 103.36504995716287, 108.36786312118375, 105.01483414884329, 111.05659171835687, 114.80060750060446, 116.57078668129284, 111.73716598029152, 122.17609210023438, 121.30249269918932, 131.11858487992677, 131.57425303102164, 130.4919613285092, 139.41542787479275, 138.9902216675867, 141.478013745844, 138.10472666952538, 147.9423179081261, 152.3114198491674], "initialization_stats": 2, "final_stats": {"q": {"step": 2, "value": 122.39566888762673}, "c": {"step": 13, "value": 63.90540685039607}}}