{"initial_step": 2, "final_step": 50, "quantum_tts": [396.1458433978808, 419.9123282025621, 529.4264843750091, 1037.681512818121, 845.0520627253088, 1292.545433026825, 975.063688887146, 1071.308123809483, 1540.9542029097129, 1215.719629552514, 1610.9599170447405, 2101.5607178813416, 2457.7014291319365, 3012.6750092868165, 3361.4320864764177, 3497.217515901315, 2744.487685387227, 3167.074247543262, 3542.033170208232, 3298.3589603357295, 1994.5096793836747, 2141.4235522041786, 3048.5794656366393, 2677.906472929396, 2676.020585250349, 3775.3777705570246, 2940.4338679398566, 2931.533798945062, 3486.804537851768, 2882.98207336443, 5384.387917494694, 4227.265648869262, 3105.8235998498158, 5908.96994786013, 5742.397340833578, 5235.010538677325, 5928.926039721402, 5468.020943155417, 4856.061517236384, 4293.410133032257, 3930.719518788499, 4842.735805437698, 3814.186891705029, 4940.704823024281, 5791.190237772541, 3950.483091843015, 3443.3586921188567, 3257.7334817722412], "classical_tts": [211.88303619205257, 165.0038601640782, 142.12342606926236, 123.15022182811462, 102.3666988909805, 92.92061217004171, 78.35599275365009, 71.45506964071687, 65.34039816344806, 63.18669660460891, 62.13046273735533, 58.694192837536335, 59.131799210614815, 59.15749760247742, 56.17333701341912, 60.52493690221526, 58.393093802528256, 62.03614693891196, 61.25230904588648, 61.70636723531985, 63.74929811618199, 69.2117287421961, 69.54468885401671, 69.44140600517484, 80.24873145196858, 74.17299415023906, 76.54985141808828, 81.05474685626578, 78.92153376852269, 86.52497080582337, 89.62553093913996, 87.83185372387712, 89.87468194102713, 98.0957782422022, 99.37609125981048, 100.59928162574141, 101.34822240371356, 104.80425234381755, 107.6394199059232, 114.35715300128328, 114.3511523418892, 116.67147746999012, 119.38476764371083, 122.77251626776527, 124.29712525904509, 124.57986275069752, 132.1362418882165, 129.88113350604635], "initialization_stats": 2, "final_stats": {"q": {"step": 2, "value": 396.1458433978808}, "c": {"step": 16, "value": 56.17333701341912}}}