{"initial_step": 2, "final_step": 50, "quantum_tts": [13.679560524137049, 19.59003608525472, 29.23986289537694, 41.87633216157099, 49.03201273023163, 49.214331397093304, 51.980871468048434, 64.08184446219866, 85.18496117649703, 98.76750945671486, 93.09660379656023, 86.66159061996282, 93.78681089118321, 116.12022689725411, 137.90420637305658, 135.63700963375376, 123.75038718055532, 126.77432593389746, 152.85934453975077, 189.80479623791902, 196.96097814617085, 173.7954597545565, 161.52508531614498, 177.46932656118125, 216.02955662510618, 239.48799763102338, 221.07544531704517, 200.27623021220424, 210.49453344525543, 257.2390633979351, 306.64522554895444, 295.31191652225294, 253.5464109654063, 241.79206408693483, 275.1530433836107, 332.80292497620405, 346.315805497842, 305.9041936343728, 282.4459581974811, 310.99924352912154, 386.7045626074844, 436.64291575506104, 393.5738427020197, 338.80990664984637, 338.368623685585, 398.3981955065347, 470.33314228719223, 459.42900354241823], "classical_tts": [10.044640290760025, 12.89443110390651, 14.002158560279186, 13.849961239250481, 14.822887498341176, 14.75835900055263, 14.818816375251249, 14.744647671217836, 14.540868425171855, 14.866299020452432, 14.487967233688302, 14.103997790568556, 14.045578672679532, 14.327119076536711, 13.835375433526108, 13.913342388200991, 13.881298925809366, 13.050060427812902, 13.256988052255927, 13.523591211389178, 13.952714400023371, 13.750708668380145, 13.943384290192995, 13.814686357027073, 13.846107068006356, 12.958676858265036, 14.000000000024711, 13.739528777987026, 13.610874288217198, 13.719015815485054, 12.683923101740222, 13.60281340857172, 12.332415390807396, 13.873040892528367, 12.400580127265009, 11.20862277816387, 14.079445099131316, 14.729111907069797, 12.117430030447427, 13.666666666829432, 3.2099819150866638, 13.026237282730984, 14.080276033963807, 12.492851343432836, 3.5156944784282507, 3.5921226192636477, 13.325708099661693, 3.744978900934441], "initialization_stats": 4, "final_stats": {"q": {"step": 2, "value": 13.679560524137049}, "c": {"step": 42, "value": 3.2099819150866638}}}