{"initial_step": 2, "final_step": 50, "quantum_tts": [7724.370232931399, 7479.425777417993, 3195.7007098964036, 2358.109253715019, 2938.773506939134, 2473.7690482332814, 4764.967304436609, 2852.6006830301603, 2261.1905754694676, 2139.3692367058643, 6683.854080629607, 2300.8842687322904, 3095.7336921736487, 5256.361729248757, 3377.567854654902, 2551.5115967296856, 3676.538877985535, 4609.852660268743, 3663.289832491683, 6560.142250158691, 1822.66683835077, 3296.6485780130733, 2271.6178206074846, 2083.9588215281474, 3326.0920008100256, 2286.951452497815, 3616.4683985840024, 1837.8291227703505, 4584.747365358449, 2329.046153519264, 3336.4024558238702, 3680.1726653938103, 4852.986906479496, 4946.5448553040615, 2221.229868860714, 3361.9783637662786, 5098.091162363403, 4690.26896817026], "classical_tts": [7365.969472560511, 2508.455547691728, 3344.607396922304, 2087.4974213973333, 1932.1030380852244, 1321.2520430511152, 1151.1229373450763, 926.2445134516344, 904.8900270101967, 763.6163026733898, 645.9312750761453, 637.4197371316772, 520.9855510404258, 472.43192936171414, 433.3595952351555, 380.03024495776015, 346.8688574840438, 333.69330959762107, 295.6258073733892, 290.9365474782493, 260.4528593290259, 256.00303151944917, 236.65855174750465, 232.28352077252072, 227.2195494150106, 232.50661647680303, 219.64309114083346, 215.33497035175736, 217.48082310465534, 222.80012748782684, 219.06741974358226, 219.0400529806144, 217.31378827728892, 220.1901334885529, 212.50054362122893, 229.37444693831418, 226.66163051662406, 237.70089679380828, 234.66601410990873, 235.40443604313091, 237.04927202791947, 242.24667718560013, 237.72627517789988, 246.32889723538506, 254.6774826229319, 259.8587032909812, 270.1661636289559, 256.27824547260315], "initialization_stats": 2, "final_stats": {"q": {"step": 12, "value": 1822.66683835077}, "c": {"step": 36, "value": 212.50054362122893}}}