{"initial_step": 2, "final_step": 50, "quantum_tts": [264.5544387274418, 271.81240664794035, 264.8824797280643, 236.45147661412065, 208.2856968466042, 191.24124702985222, 212.5097078461607, 205.17016346783845, 320.7147644053184, 171.28417491393068, 289.8062979434145, 263.34576145647816, 101.22219559947484, 73.29222659658252, 253.47647675980022, 77.48364388709575, 187.23159196849758, 54.624630003750895, 284.1229515602249, 80.26017664265743, 100.16254240632752, 61.14958780681479, 185.59351348797816, 105.36823852138869, 184.8464876493475, 315.7900414336418, 117.99645973517237, 169.25392422354244, 121.17814285640613, 147.6486753550665, 203.83936218238347, 164.59613848837938, 322.1706666783917, 123.23375484445408, 167.7317228721628], "classical_tts": [25.369780610755765, 24.011768338953253, 23.062821227597187, 23.368986175648576, 22.170270315175408, 21.302772986675755, 22.15993798280077, 19.847512158549062, 20.375002837214062, 19.981050668610063, 18.968011238583856, 19.814074245646765, 19.472391849965817, 19.96237076755168, 20.10353275786092, 20.814708344626812, 20.1615154605895, 20.97816542362695, 21.86913220159079, 21.273087403173683, 22.902689326578184, 23.597146202438836, 23.66049493569023, 25.37917373303481, 25.660555354897912, 26.882662409889498, 26.651183766672915, 27.95466528491501, 29.477402009189696, 30.39225732357916, 30.8465272109407, 32.56916641198581, 31.720551846256893, 31.591144952455625, 33.50613531748066, 35.421857444347445, 35.74842503905132, 36.73248474312929, 36.87097788946498, 40.33054276139566, 39.37133829507952, 39.92515669899065, 41.929049797410315, 41.176458300021544, 44.39245283345575, 44.99533242930621, 43.43379067726228, 46.85598759014903], "initialization_stats": 2, "final_stats": {"q": {"step": 5, "value": 54.624630003750895}, "c": {"step": 12, "value": 18.968011238583856}}}