{"initial_step": 2, "final_step": 50, "quantum_tts": [16860.75513167224, 13810.213387811646, 9462.36860954986, 7352.62345929084, 11342.251889762987, 3845.079759072132, 13763.553612691134, 739.2756480224281, 1945.2591522564524, 6069.827984139367, 12677.702252146097, 2729.7594754223624, 43581.79993636123, 12870.675423419247, 547.2124893289123, 838.0970331836172, 36383.33365846328, 13908.179789971437, 48908.25226029525, 11500.865298951014, 4878.889708525287, 81204.97096128835, 1468.9190007793327, 3498.6486587657632, 9679.544260241026, 4903.559116538056, 22544.754759199255, 2136.6227521151486, 25766.037230614096, 3566.0042733506634, 40345.2314994721, 29625.056663180552, 18540.372674348822, 9788.74034043815, 1151.0137286831807, 46125.521749919644, 8363.28631025541, 16325.247721612064], "classical_tts": [476.1529433942283, 460.9244048418502, 473.8391510292164, 514.580285250908, 490.91608144464317, 540.6020344449944, 490.27587030337554, 485.9303700775809, 423.8599273986256, 399.04630772741604, 373.1386370507573, 398.4362248234902, 352.5769980494709, 337.590705465673, 340.67529220923427, 329.54016947437077, 325.67019485886846, 317.0919796442661, 327.3044807963985, 296.45684605171306, 301.30869090147354, 296.6438436442298, 299.72850761916294, 281.1863627579682, 281.62919007121087, 288.46890411251167, 271.86628592415394, 261.80763577635526, 274.2996827455442, 258.5459962129381, 263.26610579671626, 245.30596357052713, 240.60158976940303, 246.36655909631054, 244.28717131203, 236.72401372882192, 239.89001868615662, 233.627207999935, 233.78341202606978, 223.11868770387588, 232.10849482738817, 232.32340528749307, 230.1274040978477, 228.36226175694605, 234.14729161737463, 238.30496250858837, 245.71341089027936, 230.25743989345256], "initialization_stats": 2, "final_stats": {"q": {"step": 2, "value": 547.2124893289123}, "c": {"step": 41, "value": 223.11868770387588}}}