{"initial_step": 2, "final_step": 50, "quantum_tts": [42.45775593437817, 78.56540643609141, 88.29240079881853, 91.88839364182913, 162.2143786574456, 207.26933803723963, 222.98663536605844, 263.0621968275671, 278.10182694846355, 255.26135391553592, 205.72540730236247, 240.67766488051836, 298.6514212649816, 271.2507798177978, 301.56220015125115, 427.6533980798091, 484.73761685302645, 514.2849738858336, 551.344043968823, 526.5076527843025, 491.8381877861501, 433.5571782111935, 514.0662934878388, 572.8949116515981, 522.2250776122809, 574.3274269023152, 690.785781508628, 679.2280183548081, 651.146187401761, 639.3367500269061, 599.1507880804332, 545.3604696999034, 488.2968214818433, 530.3577105760768, 589.3840427968454, 600.0085465927865, 770.6398846573256, 896.7315430039223, 947.8234451230758, 907.1804988792293, 988.4783390538557, 947.0715429610638, 732.8563799937353, 792.5093682603303, 1010.7724821968391, 1029.6181289445342, 1002.0193604652263, 964.2138019286878], "classical_tts": [37.95870317427088, 45.888877627411574, 44.75494675074739, 44.88357014531671, 44.11493346213541, 40.835219030821506, 40.7921195678418, 38.34616071388343, 37.07513628815589, 36.97954256602006, 36.519039405729885, 34.36384897744944, 33.58915263590454, 31.939344664740695, 32.034931068141134, 31.36942340661701, 31.13160854976616, 30.20993658970325, 30.12998794502616, 30.03254140646462, 28.540652945872186, 28.099712619932514, 27.890292040113255, 28.068611877701194, 27.61055419300968, 26.293438861534014, 26.805729957863804, 26.666366564770144, 27.061110853711575, 26.370663512135092, 25.681479442132296, 25.343342945370527, 25.715398387470888, 25.254455067460935, 24.909907606135903, 24.63891591789001, 24.95274171875253, 24.310623787976297, 25.467138515701965, 24.661049828932654, 24.601826257528096, 23.243098212438454, 23.380617416369017, 22.43870983418934, 24.115905752164153, 24.468732358627044, 22.964566392569548, 22.738853511530532], "initialization_stats": 3, "final_stats": {"q": {"step": 2, "value": 42.45775593437817}, "c": {"step": 45, "value": 22.43870983418934}}}