{"initial_step": 2, "final_step": 50, "quantum_tts": [4793.174335717403, 5079.263001046874, 5316.14467425668, 4217.992838749959, 3086.870832224412, 3143.014904767262, 5070.083174468532, 989.2146005796399, 4453.736615395985, 2151.6195656110226, 5413.122196197054, 881.7529498328831, 2377.463759856523, 5042.738628615913, 1033.8325884188735, 3499.0602071225376, 1808.2539288282173, 1302.6262693614442, 607.8163048827237, 3502.178368398167, 2154.1728574113367, 313.00582216241827, 2844.5324795817887, 3054.529939420392, 1833.1280046693432, 2348.747288051373, 3146.664387739164, 5581.387077337068], "classical_tts": [281.08621591111586, 243.2353202065206, 213.35791962028924, 211.9299636993128, 205.15307761725043, 195.5344559562447, 190.3232864921352, 193.1215505794915, 191.80020667118882, 188.47118661017527, 176.87780517361816, 185.69663706982234, 193.09993703503957, 199.97228001533153, 210.40458569813774, 209.57080437394433, 219.24265879642428, 218.771298177088, 231.52220332848214, 238.3376203450384, 247.8153198845652, 252.43367282874289, 255.6807323490093, 262.3722838433537, 275.99642246572154, 279.1953399315357, 275.72873903899716, 305.21779642380034, 313.28992235456394, 300.1922508683661, 311.7454006042327, 322.3509072466203, 340.0869530855763, 351.7717963725447, 353.79134638068126, 355.2116563481263, 367.2427843851768, 378.92406183388096, 416.83586990084257, 410.6662009386569, 412.47838851689727, 423.1547380633235, 427.7900270389291, 456.6595641311389, 448.7351089840628, 450.02198696357897, 481.43872180739345, 469.1718587492632], "initialization_stats": 3, "final_stats": {"q": {"step": 2, "value": 313.00582216241827}, "c": {"step": 12, "value": 176.87780517361816}}}