{"initial_step": 2, "final_step": 50, "quantum_tts": [149.71950591995193, 206.9028999551241, 352.9068849136135, 633.1199289949543, 707.745275202513, 563.2922053393822, 538.6617919568603, 716.2037598782472, 1216.290439422176, 1560.2003962963215, 1145.0659307121455, 902.2274737643329, 991.3358811604653, 1475.3899596953731, 2112.9761495802118, 1785.747420257411, 1328.213505764815, 1303.5457428804907, 1790.4407215764443, 2848.85677603213, 2876.3760737670136, 1977.3313761516806, 1644.3060512775985, 1911.0106569731236, 2850.743122731938, 3533.0320146169024, 2671.0701558715377, 2043.9208078024383, 2130.2975282237503, 3072.067189259581, 4599.428617272309, 3908.858392336136, 2655.0749827906134, 2365.8698259809626, 2986.973333260319, 4563.843680862653, 4836.294688010939, 3377.0338150339467, 2760.0841259384724, 3198.5955872660043, 5008.641851405601, 6700.551892110819, 4825.95363161709, 3422.7533828742517, 3375.069736196269, 4661.054906698796, 6933.314610790527, 6162.464449250326], "classical_tts": [87.534205262555, 79.22354440344344, 68.82780367028144, 68.84242038393322, 60.1386415716334, 58.10379672456766, 51.03107590311006, 50.23947186844187, 44.783040853568785, 45.16450723112357, 39.548460956980804, 36.30976564158669, 34.79948414788133, 33.486592850696745, 31.826563456746754, 32.67014720283964, 29.962095038087917, 28.89394059965465, 28.21458507951272, 27.76521830023132, 27.101111367694244, 24.70761362886877, 25.525199436571565, 24.64634889134399, 24.02442365298307, 23.15812805673556, 23.3205177265455, 23.05855480998293, 22.114967520859555, 21.958899704900187, 21.837943804803647, 21.144801245959744, 21.048874621225558, 20.06043929634483, 20.84541199579124, 19.171360598160287, 19.30314100716547, 19.708807912619335, 19.19803979002228, 19.424851030947174, 19.49044586714124, 18.508105593939984, 18.93852665426417, 18.085968838624108, 17.67830109742244, 19.373703945541543, 18.12813773177821, 17.773186886751837], "initialization_stats": 4, "final_stats": {"q": {"step": 2, "value": 149.71950591995193}, "c": {"step": 46, "value": 17.67830109742244}}}