{"initial_step": 2, "final_step": 50, "quantum_tts": [1200.6590107865934, 1122.1906514817194, 425.82127872573767, 369.22431532966516, 504.9473523052748, 283.91172888101886, 858.4232066201255, 258.488751513706, 267.6297735964031, 299.63381584737664, 1061.044608364558, 286.9573060992537, 662.0448456794029, 900.6909462017611, 248.68390702199935, 252.29043680497682, 582.8544122736776, 770.5511645391293, 593.8476396017761, 930.6299245668015, 321.7366471428335, 684.0692457949233, 253.66930956198053, 358.83861475452494, 486.156003489114, 353.1794282759813, 573.9025794711464, 258.79283691681854, 693.6038216422716, 365.0675862706653, 687.0735380038103, 687.6149341867898, 728.7274638509059, 804.3635446574361, 260.2693906318115, 623.3725691663207, 839.5508149649379, 867.643076858855], "classical_tts": [241.67262857872177, 209.0734197140388, 190.2855193496223, 156.90000616811855, 136.14134507537435, 118.05023775275808, 107.20492165293825, 95.5372231612113, 94.00535051345948, 84.59241866670514, 80.05867084080256, 72.07254376377254, 69.41183259705755, 66.33582112307481, 65.56573203874285, 61.109448920887225, 57.523212421012886, 56.95460160499088, 55.553124804137674, 55.2640088529466, 52.19404171185114, 51.13706067562969, 51.75120769827355, 50.31288948722559, 50.38210117768088, 49.31984853043065, 49.03199374670717, 49.182166995624236, 50.46040295101477, 49.30800262826767, 50.116814640055615, 49.808257925814566, 50.54701792400255, 52.68771915584111, 52.54861175675491, 52.586018949423966, 52.394640865621454, 55.234122939975684, 55.064559082453954, 56.17179219167999, 57.10577224533098, 57.832793239110465, 59.44122597021276, 59.13166910623319, 60.24682436476741, 63.18701970189384, 63.33342993141295, 65.1838331911613], "initialization_stats": 2, "final_stats": {"q": {"step": 2, "value": 248.68390702199935}, "c": {"step": 28, "value": 49.03199374670717}}}