{"initial_step": 2, "final_step": 50, "quantum_tts": [131.14869274168694, 151.14173916244076, 166.8429935781917, 200.95485487892606, 299.4679027148173, 609.8235909235191, 851.1236635566806, 919.5538388143262, 884.418359720808, 602.9092333858142, 761.4217237238054, 852.3620898248678, 728.5554099655544, 738.0755029806963, 582.0188964693283, 564.8143787702501, 593.0079344193605, 631.9228618398204, 637.7399082101293, 781.3860718533464, 803.6368960818031, 830.2549693155175, 893.5547175231243, 968.1753176800022, 857.1451869707973, 989.2714814068083, 911.5009581564192, 904.9090964280008, 1003.9191312282967, 908.9100246434018, 1162.2208363955508, 1039.8691623540053, 1073.0335738243944, 1352.6434339930859, 1378.032549794187, 1325.9343927486757, 1384.356615999297, 1256.363094375494, 1404.5032064810382, 1509.5380426005863, 1218.4532595862145, 1387.549758156616, 1394.7935914041095, 1430.3144180518912, 1646.3170042830293, 1436.8141192728576, 1774.804168260638, 1579.678037159287], "classical_tts": [97.25049019817621, 93.11538396060428, 83.65893537059954, 92.52526089374699, 74.02587599130433, 73.88334460967044, 69.10179648788619, 66.35344454644122, 67.36913917122922, 63.0105709934935, 61.0553775049637, 60.059028490504424, 58.57436763547193, 56.64642907755898, 57.42967231419069, 57.37838043315491, 57.11481859801211, 57.335789023653234, 58.3185342762777, 55.96978809954396, 57.875791430249976, 60.134576196056265, 58.76894317719314, 62.39659838388262, 65.51500900129344, 65.5772276248776, 65.73252419406549, 67.29805542928246, 73.06221171586287, 72.23324081430924, 75.68670422769365, 79.3361513369995, 82.9730961271707, 80.45270589802833, 83.14594050599698, 85.45554996449688, 88.48381719363077, 86.53395414087491, 94.6727187415395, 97.23765410713952, 98.80004737412524, 101.0836974786761, 102.45494622420405, 105.14014181300519, 107.4035689184642, 110.11198386806687, 114.8499455190501, 114.48593219638342], "initialization_stats": 2, "final_stats": {"q": {"step": 2, "value": 131.14869274168694}, "c": {"step": 21, "value": 55.96978809954396}}}