{"initial_step": 2, "final_step": 50, "quantum_tts": [32932.91676699592, 27888.634920229866, 2502.045240596064, 2315.649835166867, 2655.0968496789415, 1471.312386672105, 13704.36767051848, 759.446149325357, 1052.876236406151, 1582.9751032735353, 33565.99815537541, 1288.6748842404102, 4217.232955176761, 27217.720543042484, 499.88832390864013, 766.5673766461425, 2848.355885791111, 8164.2319782068, 3277.6114467595157, 71587.80779095163, 1462.1214089307828, 4031.4454166729042, 933.7333977993588, 1397.339948709964, 2470.854973064697, 2055.6375123543526, 2366.7324838931136, 1118.6258280411132, 6879.503157153636, 1897.9914671275674, 6191.371862002321, 7120.548390141427, 10106.193044416232, 7590.01375306238, 797.7861517782342, 3490.220758858352, 8669.407421115071, 14322.123921646982], "classical_tts": [398.14255744642657, 348.5222431919245, 441.9407915567625, 382.8366422781555, 413.2974277384652, 345.1515594110824, 396.68379508748694, 359.5971691546162, 365.8392783686341, 379.8839937090498, 341.95363640794665, 344.9202772401125, 343.81097383274823, 349.88032196368226, 340.67529220923427, 329.15007901361275, 356.951331171058, 324.50517093827494, 339.06490746967876, 347.5765041072202, 342.12574708188015, 344.16101734939247, 370.3261536719095, 358.7425529145719, 369.37318887674945, 365.2848779333187, 367.2707260621874, 379.74285656526575, 386.9267525794301, 395.84478149122066, 403.58263716241527, 409.45467210777645, 416.4524795710061, 437.4606807106388, 444.873348355879, 454.29169050145924, 466.569844298796, 462.43379633455237, 479.1552249569389, 481.6266342734475, 500.35117394455864, 516.720318201305, 540.6734525978865, 526.1642945751278, 557.1696081589644, 556.4220176574644, 559.0805026929645, 581.0065646254632], "initialization_stats": 2, "final_stats": {"q": {"step": 2, "value": 499.88832390864013}, "c": {"step": 19, "value": 324.50517093827494}}}