{"initial_step": 2, "final_step": 50, "quantum_tts": [5980.05985708684, 5300.527890129294, 3957.2523117311875, 7380.384056819506, 3478.2152451398124, 6133.268997526478, 4897.208553645864, 1417.8910964376937, 5164.018041085113, 1693.5675697809354, 3741.0603364771378, 732.1036625490431, 1750.3290766092393, 4225.574982705623, 845.1977660903715, 2038.7712458271426, 1907.9999058495807, 1978.2599795876883, 1031.0604947828438, 2199.2850879864795, 2153.4672656054627, 492.3683181040662, 1802.5367001604936, 4226.140357354295, 1453.176427521105, 1975.2162049403166, 4181.6220582028745, 4125.132987545828], "classical_tts": [329.5962104595224, 274.2303268908114, 227.8014102890671, 186.06626822872352, 166.2318140244024, 150.01109700114824, 128.81172061553065, 114.06981982126239, 105.24751600820701, 99.18086448083517, 87.46482511555297, 81.86552443208258, 79.63921878045149, 74.24259329898504, 73.10168899415923, 71.46329461549625, 65.79465530394252, 64.83115731221882, 63.77811527811496, 62.61964369221836, 61.06623420855067, 60.15517176068241, 60.43414850190417, 60.14404127892675, 58.85794488469784, 58.59794249376867, 57.87572142980024, 59.39170108504439, 59.32705973009927, 58.81674313551738, 60.147874520869735, 60.0692380533139, 60.492692844725134, 61.463761538066606, 61.338206648095685, 62.77212134774751, 62.639683115582876, 65.33982383985307, 65.31809366080844, 66.95104600232865, 65.90002238861534, 67.46907054072523, 68.17356987115764, 70.55499297646648, 70.00626129286304, 71.8773537882477, 73.35173478451347, 74.48799224480244], "initialization_stats": 3, "final_stats": {"q": {"step": 2, "value": 492.3683181040662}, "c": {"step": 28, "value": 57.87572142980024}}}