{"initial_step": 2, "final_step": 50, "quantum_tts": [25855.60722687415, 64305.82960506113, 17523.205279249916, 8027.8630432438895, 3334.3625058443786, 2367.2659777884537, 4789.7155375977845, 1376.631792590192, 25823.129616800474, 1118.5926740328337, 44235.551201793816, 42480.972227963146, 320.82782502590163, 344.92562460911404, 14953.933349374774, 328.46893524805097, 1320.2110694053831, 342.47275669038544, 32883.295937712486, 322.3169255326191, 326.7434233169457, 338.0167768126401, 1875.0779066715986, 341.67179286749655, 913.7901437893912, 40905.97421656786, 376.4908103306486, 707.7281130884612, 438.3799816960827, 488.7325390612994, 1543.0336792336466, 581.6348438486548, 17128.635207183288, 467.48349176440206, 800.3493669710367], "classical_tts": [547.5652543350869, 522.8436811180296, 418.8418771359011, 439.16236531247284, 378.1515235557629, 348.0797665452536, 315.29347398344726, 300.5626968128885, 294.8377477586329, 254.09180484998566, 243.85616153160117, 224.64966529857315, 212.50610836617545, 200.83572162058834, 194.41634813429533, 178.41315301348052, 175.70981361730713, 170.88035592447443, 162.90269821150903, 156.01796759357993, 151.31677032688742, 143.4229457659851, 143.70194780042726, 140.71154355674787, 142.58137326689211, 144.89982438606881, 144.7805695176315, 144.02827396260594, 140.7980014502097, 143.6918684991754, 146.32350182142125, 145.4681576010159, 142.47637270925838, 145.63178179301045, 150.2645177827662, 148.18701418882335, 151.19711933954326, 152.28518592709077, 152.20274048517058, 157.67271792414823, 161.6411895083958, 158.59014936758518, 160.4724176263207, 171.48747576663834, 171.186044671421, 174.18789241931037, 175.84521017533422, 175.61826671324258], "initialization_stats": 2, "final_stats": {"q": {"step": 10, "value": 320.82782502590163}, "c": {"step": 25, "value": 140.71154355674787}}}