{"initial_step": 2, "final_step": 50, "quantum_tts": [119.91505315344337, 137.28053789226652, 135.57435850685673, 150.71295209653053, 159.86445962322847, 207.78068776959958, 218.23094040756223, 220.57120611225366, 274.95069470292526, 275.3509192229587, 302.1563091151636, 363.31178902672696, 374.45838608673085, 371.0505803230241, 366.20930470160187, 415.4260797443279, 488.47139649410826, 508.60997073117085, 543.2099154823895, 611.3859413781681, 494.82320619190176, 529.2290579361596, 611.0309166971579, 676.9586121607517, 620.7733590052792, 687.8405208118799, 750.5210734047067, 883.9691307773497, 976.1917160080459, 967.1653665946029, 970.0664797850098, 1040.2529919977414, 1077.9959856667206, 1077.3410265192865, 953.8595941824581, 1092.639093894819, 1091.029398428654, 1220.814103887581, 1294.3159403647771, 1235.3368499821063, 1353.1922112211337, 1449.9952127179213, 1467.7141903393317, 1509.0046026526768, 1343.733799123032, 1501.0876515780121, 1512.3898120716808, 1455.312905909485], "classical_tts": [102.94128026848978, 92.77860194382336, 79.418535286682, 76.04086371766843, 66.24146805469931, 60.761443635827305, 57.40421722100723, 55.36097167152125, 52.78953892209775, 51.497274205617, 49.270371524862085, 49.80435324300856, 49.2963550317225, 49.54244951186603, 50.588451579882054, 50.37361486552186, 52.19485676856089, 54.29572970358432, 52.686531741929485, 54.41907662316694, 55.09651477778852, 59.520354771894674, 61.811590793238395, 61.384605861958505, 61.8728821404285, 65.22123248631027, 67.22401191042063, 67.6189713905702, 72.76448669409635, 72.97342985566087, 75.27622657076209, 80.42315290843298, 82.07458427913599, 86.2903283270547, 84.97407055772626, 89.68182105063063, 91.79284572147371, 89.46472134995561, 92.95115648234375, 97.10552969359829, 98.46484446476464, 99.78677184341882, 102.24627213057813, 105.71338586763635, 109.46740686383505, 107.5968737938936, 113.68452256811507, 115.18839945244486], "initialization_stats": 2, "final_stats": {"q": {"step": 2, "value": 119.91505315344337}, "c": {"step": 12, "value": 49.270371524862085}}}