{"initial_step": 2, "final_step": 50, "quantum_tts": [2198.7588923241733, 2039.9942422959546, 933.3695064090123, 934.5300636590543, 967.8984854919951, 812.0109405318588, 1823.7142830872874, 1235.7699887639153, 1077.1957927674516, 865.0473848352366, 2127.316985854927, 986.1442371659242, 1214.2929661393323, 1948.2059323746612, 1098.105479543896, 1261.2351393848062, 1037.0591687926565, 1664.6034484077509, 1110.1212636586881, 2028.2008210338815, 821.3182030191373, 1332.4167973703882, 1166.8872934109281, 814.550591341716, 1029.6274224019278, 935.270274261661, 1052.0740870593804, 968.8086248628139, 1544.0528668689378, 823.2690241044043, 1413.6757600470962, 1472.9343475100159, 1617.0300741668675, 1744.9657456704908, 1202.8786794451682, 1184.410569558952, 1806.857540472505, 1927.6334321001452], "classical_tts": [1050.3060604816028, 933.1866448316525, 609.4059211775447, 526.6121794436203, 495.44234321792743, 445.9232669917421, 345.8053527916267, 310.1924934548615, 269.1259844166787, 240.08129539637082, 226.43477876250012, 196.94929729344176, 188.74938940139378, 175.25263371979548, 156.60663923092463, 144.0998014569254, 139.91882741858072, 130.07128047275197, 127.64109977647473, 122.33313764237212, 117.802848931996, 113.30480021438505, 110.78671298609683, 108.61947849105967, 103.61026724846883, 108.63948142891441, 105.70012587045095, 103.28653253267481, 106.37633365477011, 103.57629471470663, 102.95938375509068, 108.21221120522824, 106.09796575876473, 110.70159293781033, 109.24908390293787, 111.65390494079807, 110.26592458274396, 110.37176002037184, 112.57607558959114, 116.1928531095001, 118.57392015062975, 122.02993209838084, 122.55518333016744, 128.3721073876529, 131.45281928235846, 131.27376808880854, 133.7890167754261, 134.9356174795691], "initialization_stats": 2, "final_stats": {"q": {"step": 10, "value": 812.0109405318588}, "c": {"step": 32, "value": 102.95938375509068}}}