{"initial_step": 2, "final_step": 50, "quantum_tts": [42.45775593437817, 78.56540643609141, 88.29240079881853, 91.88847515935132, 162.24283993416074, 207.27686146934133, 222.97701547174088, 263.0222374055333, 278.10019255572064, 255.22794017797997, 205.65503509690842, 240.66972258920075, 298.71673078475925, 271.3083598063657, 301.58432683437815, 427.4196225992741, 484.4493792340344, 514.2885701129844, 551.389798894402, 526.5709507216227, 491.84523379727204, 433.6336718223594, 514.3253767282561, 572.9171885497285, 522.1116062342404, 574.1735370705807, 690.6304766799274, 679.2323234768937, 651.2431805956915, 639.350946599996, 599.1564169883453, 545.2028179075958, 487.96426515377794, 529.9961816144706, 589.0858723300869, 601.3135902247258, 773.4680631593114, 897.1507811383947, 947.7331378524675, 907.1215315247662, 988.7490415562157, 947.5735257200789, 732.5866974213332, 792.7519061623034, 1010.8472254814676, 1029.615541160088, 1002.0939911549367, 963.9230572845466], "classical_tts": [38.36004133423776, 41.26898808874972, 44.68824442726352, 44.13147607431114, 42.368929481635604, 42.602546083823015, 40.439757149969104, 38.85348833749775, 39.12222040286407, 37.302679934987104, 34.339710953730716, 34.30499048762177, 34.15376646646888, 33.86431300568961, 32.47740480895969, 30.847366363429863, 31.554059706978087, 30.17665823733172, 30.574664353627043, 29.000996872990527, 28.766168477742657, 28.640298460343715, 28.260443913222566, 27.76260069591286, 27.833077999843756, 26.80924539250598, 26.83659545760532, 26.06027526271924, 25.519996947227508, 26.114353298013857, 25.364297165522153, 25.0235304099918, 25.290441822330607, 25.77731738978979, 26.12396206134745, 24.695374704338313, 24.803819335766704, 23.90806971349071, 24.131604322255527, 24.954069311647697, 23.989011078002548, 23.807151346648592, 24.26669259884977, 22.499999999940172, 23.6036942499246, 24.056917885384255, 23.6004645812938, 22.9805493412594], "initialization_stats": 3, "final_stats": {"q": {"step": 2, "value": 42.45775593437817}, "c": {"step": 45, "value": 22.499999999940172}}}