{"initial_step": 2, "final_step": 50, "quantum_tts": [1262.4423965146298, 1211.748291124753, 591.866584834281, 529.9415699746056, 624.0092265780073, 413.88109722378977, 1148.2362169620314, 419.3918103809276, 398.9443975606879, 429.03009493737034, 1171.5975885941743, 431.67556105446783, 737.0205582321155, 1112.9393969023658, 426.19738734218066, 396.288678390373, 719.2097135266899, 1028.381619104071, 706.3184518190383, 1148.491605550124, 452.14190904331554, 795.1035246889603, 391.37657516614877, 485.32614777309965, 650.5554402551214, 503.9567480343253, 691.0652328541514, 392.6701180717943, 956.3293736740592, 473.5467832705719, 826.8452226886457, 897.8724259420799, 1007.1372582341163, 1079.0790075594539, 398.0655045594543, 705.2065160898798, 1106.0560513660564, 1138.1884972763949], "classical_tts": [539.478866736199, 402.8747981089151, 349.6184707602045, 323.1500844744414, 263.2618650894133, 231.9682360526226, 204.53451439636902, 189.67451517384416, 157.51440375384354, 159.30261640045984, 149.86425380958147, 132.3812172465074, 123.95345440053521, 118.20566426300248, 112.20817057764943, 106.52949193120774, 104.07392584011323, 96.12760545480299, 93.16618357751322, 88.9085425031016, 87.3667750522095, 85.20897006741417, 82.55080926813896, 84.28828119425603, 79.40376998229618, 80.14526640927656, 77.93577484186424, 77.98495220703676, 79.3283869531538, 76.92483396335953, 76.07361352218727, 76.50252071943561, 78.20718644792072, 78.64164851067841, 81.0812276497602, 81.5398435579785, 82.07903893514012, 82.75968470379118, 85.63725170529402, 85.59043994287896, 87.82782644490274, 89.24583611408077, 89.74215397560424, 89.82024518285586, 92.06881487522892, 96.61846083885303, 95.87409032649994, 97.80426697688749], "initialization_stats": 2, "final_stats": {"q": {"step": 6, "value": 391.37657516614877}, "c": {"step": 32, "value": 76.07361352218727}}}