{"initial_step": 2, "final_step": 50, "quantum_tts": [1679.2330229922811, 1569.9230865273555, 732.7619840970141, 595.2840504638539, 745.4593062190539, 525.7668082541157, 1379.1322587036063, 479.99682103268617, 480.5018750941041, 578.1202876241956, 1520.0427964265275, 519.6676204897852, 982.5637047943042, 1473.5761234060126, 468.9973542341333, 485.24813257216226, 895.6119566969936, 1280.3328570028991, 914.9356930344097, 1512.0106291463035, 632.8524615464162, 1036.3432829035112, 483.05063089278644, 704.7224137270415, 809.1964499917106, 609.2720327896693, 841.6582238449543, 483.37507409324115, 1177.0100086825119, 671.4361286510698, 1077.7070020652234, 1119.4100892620474, 1252.9559385967348, 1303.268966030296, 501.1373045862376, 975.8564994954359, 1308.533318280093, 1487.1399228426587], "classical_tts": [482.44850814481697, 489.9490977499877, 483.34525715744354, 478.97523296528954, 354.2371631099178, 301.8326069173829, 265.6187453480404, 230.10132869591516, 224.4528374017744, 195.52693330219526, 178.54683806322535, 168.09024961808785, 152.08881209959, 139.73120134995827, 141.22072343779564, 128.62770576780488, 124.38838471610656, 113.16904144080581, 107.91194531822174, 104.0731754184637, 102.65295756719371, 96.6474877768642, 96.15845373525474, 93.35068695440441, 90.54818504998349, 90.80083518320095, 90.67123841306504, 89.0040052626642, 88.86351812458952, 88.64931918938049, 87.63641176089767, 88.71100328592597, 91.55642969880505, 89.34463809978904, 90.62030661561008, 90.91110237656518, 93.55911042708732, 94.27256340995758, 94.25531937691439, 95.66422929756537, 96.54324707762217, 99.82068475088762, 100.5579986155218, 102.66882655824844, 103.53339087665829, 106.43321765725001, 110.82359123463664, 109.09243235298098], "initialization_stats": 2, "final_stats": {"q": {"step": 2, "value": 468.9973542341333}, "c": {"step": 32, "value": 87.63641176089767}}}