{"initial_step": 2, "final_step": 50, "quantum_tts": [1781.793931588503, 1693.2424827675534, 567.7666210086097, 551.9068933865923, 633.7691750870791, 527.6480611372257, 1419.9525075142258, 440.8174840258074, 519.1073987336082, 545.5698658645651, 1779.1280697906884, 505.7745095967648, 736.0832740116659, 1516.4426377848317, 393.6854271171571, 470.1750093609788, 638.0193961505813, 1238.767973159645, 653.4243163015553, 1616.3901811765827, 511.18638038170536, 711.9324153634665, 447.3307626023271, 538.2076598249851, 594.7607484385966, 512.1331605316693, 652.7605822423166, 478.1434324727241, 1038.4759496372944, 530.4874587974277, 782.1715672062719, 908.9545691365719, 1128.0350445503293, 1336.4515007618968, 443.0380617546561, 688.1308943415822, 1437.7915915904746, 1430.953271954966], "classical_tts": [373.62494485677064, 382.983587440096, 306.2693138225244, 281.1307397247783, 265.25909359408394, 220.06340625704325, 219.1341957457608, 195.40074956259338, 172.80743484505626, 172.24259536053788, 151.96769081462577, 139.79705249475612, 134.3154282440329, 132.3121271530704, 123.87991312712794, 112.7238717820852, 107.98262470032341, 102.42439064372844, 100.40310170642482, 95.7100529365017, 91.93678276763096, 92.1518514962858, 91.45998707554044, 87.22518346442925, 85.78089050131557, 85.58081841499694, 83.46361002759106, 83.7411612868692, 84.08209563617031, 83.4779211959693, 83.18004130167934, 83.66596386522889, 84.62831069358577, 82.10982683092224, 84.42712503399964, 87.9900235081739, 85.64393548693181, 86.38695730644316, 88.96426074129329, 88.40831315121731, 90.62631377524072, 91.18565472417816, 91.94729548539682, 94.26200496896543, 95.66819882532202, 96.15673816145681, 99.11381994911335, 98.8502939137488], "initialization_stats": 2, "final_stats": {"q": {"step": 2, "value": 393.6854271171571}, "c": {"step": 35, "value": 82.10982683092224}}}