{"initial_step": 2, "final_step": 50, "quantum_tts": [3986.8532601628026, 3832.4279846239447, 1881.496314452942, 1767.6461542691152, 2134.076263518072, 1186.0526330408102, 3666.7275359454816, 474.98913909828025, 859.6881374455284, 1285.1358859705958, 4573.477225672235, 1022.1614932187986, 2330.9076410305115, 3754.412966634865, 395.3051427049867, 556.5958849942491, 2022.7947588549216, 3463.788712090856, 2156.1909078087365, 4085.7562631865662, 1205.2784910929188, 2145.1385348980225, 645.9109885156012, 1383.2396190346988, 1962.779312687434, 1519.1090350510688, 2209.0033767246505, 807.855620848957, 3140.594338457329, 1469.3970905140586, 2387.6262067726825, 2746.7289459544427, 3219.6424178409607, 3845.4099044398754, 579.3358652775246, 2234.5172528205608, 4105.923816103159, 3554.4027153147626], "classical_tts": [326.6327318333251, 341.9222567755482, 291.2851113251001, 259.6286711689208, 250.06139536687425, 218.06056587239652, 204.22432901558997, 182.6664140317168, 167.5874991204493, 165.8551334834874, 154.64125352356515, 141.22532552104784, 129.91083527005307, 122.96981824449387, 121.73870785573293, 112.55181914284866, 107.77646085032045, 103.44311649714456, 96.6611312883881, 93.92979030037588, 93.5121253268653, 90.5343029042848, 88.21833464384886, 86.93814729221697, 88.13797125252816, 83.57118247394817, 83.90365912271942, 81.61765480245357, 83.7627989054214, 80.66343477620049, 81.60287668800052, 81.44262147072982, 80.38979370663546, 82.75419940388944, 82.6389599534888, 85.51364310230782, 85.17945352790862, 84.93004721800389, 84.62162787451747, 87.9577936535578, 91.24548237965585, 87.49257413895522, 92.51396392021248, 95.36179261469897, 96.8842911292663, 95.959449171299, 96.99908638385004, 98.88419527993055], "initialization_stats": 2, "final_stats": {"q": {"step": 2, "value": 395.3051427049867}, "c": {"step": 34, "value": 80.38979370663546}}}