{"initial_step": 2, "final_step": 50, "quantum_tts": [4225.459776951327, 6878.656017961382, 5991.956501667639, 6388.422661967238, 6549.254815016304, 5464.77984464612, 5028.376216997348, 1881.1944564958803, 7617.058057601033, 1509.2607366958748, 5780.7612960166725, 886.1954213996233, 1638.4984088147835, 4492.8668262265755, 836.3555630894265, 2132.9468703238867, 1560.6312726829772, 1930.9312823679045, 1009.3571323910799, 2205.9126980269007, 1873.2866683777954, 466.1211566984804, 2425.9778400329, 5810.261060957953, 1962.8496613833233, 2440.834892686496, 7363.413015523946, 3699.9259748352165], "classical_tts": [318.0515233937527, 308.74817115054475, 275.53161849231014, 216.66454903991672, 173.00696998606122, 153.1823320792859, 133.3736900060692, 116.76179197837712, 102.11470841292426, 93.80697681517559, 83.66908907765861, 79.8107863144294, 72.01120295202838, 68.90007731313975, 64.90537925979487, 59.64035666235425, 56.40896967939859, 54.276879438079575, 52.30884500928905, 49.635645521811654, 48.664864528479775, 45.67213566146069, 43.10832486319953, 42.855221033480895, 40.81032885396085, 39.66891732078045, 39.22225092518209, 38.35814870298544, 37.212534382046044, 36.239262687375046, 35.672401219399376, 35.11480770821607, 34.16599667768306, 34.14157711913845, 32.90062553601567, 32.572311473791544, 31.603820629800477, 31.443190304306576, 30.923955742495096, 31.460852095418606, 30.160605725583128, 30.1855323970531, 30.02717273155488, 29.689249343720913, 30.134036918043694, 29.056599993090458, 28.609221604033984, 28.325275836826503], "initialization_stats": 3, "final_stats": {"q": {"step": 2, "value": 466.1211566984804}, "c": {"step": 49, "value": 28.325275836826503}}}