{"initial_step": 2, "final_step": 50, "quantum_tts": [1923.1151528949479, 1841.6672152746362, 1534.740914483255, 1659.62363476639, 1567.8334393492694, 1054.550148922239, 928.228567767882, 441.2234821353926, 481.8965216811789, 714.5571102671486, 1541.6656361647588, 795.1523439900557, 970.0844005866171, 1309.8799155923484, 376.79988019454214, 464.7941157859437, 1397.0518700364678, 799.5149389361436, 1143.9824469897274, 1461.6914848351375, 675.9121144380983, 838.5348999140436, 402.12696834816876, 686.9923569601413, 1368.7538550214244, 1060.4643442316642, 1413.5342231226593, 561.7727180796333, 847.4667302210971, 887.4021484612, 902.1823475268179, 866.0089562031601, 887.8593625436051, 848.6895014725883, 619.2321465180747, 923.8047807019658, 981.3758472878019, 1001.0056125984345], "classical_tts": [193.65297764333673, 160.9917873605994, 156.22889126552744, 120.66767807379952, 99.61610518731702, 90.89116729942525, 87.16197111645808, 73.47857638425565, 71.90965767079445, 69.68243703758715, 69.31780254716868, 67.42621807245156, 67.7200035114152, 64.781691691702, 65.54015582489944, 67.61476270714411, 65.77014940247375, 68.60320061639959, 70.68288416192087, 70.62287180915347, 72.34920396918018, 77.62957352720959, 82.07097237810999, 82.68977607389738, 87.24816840632425, 83.45309713293953, 85.93490163291678, 95.02728266055792, 98.51623920107613, 99.99175702365137, 105.76670041209415, 101.56678230624193, 103.68947206614318, 107.41862704114597, 114.5554609762195, 115.01066396773865, 118.20271369337405, 127.063599985514, 118.11233108893413, 126.72507342409337, 133.36281260776886, 132.34459512631523, 136.86630006601206, 137.9149322906776, 140.8803108055389, 145.88797153349492, 150.2639581533919, 156.81453292591956], "initialization_stats": 2, "final_stats": {"q": {"step": 2, "value": 376.79988019454214}, "c": {"step": 15, "value": 64.781691691702}}}