{"initial_step": 2, "final_step": 50, "quantum_tts": [2170.512273668253, 1936.7491584773397, 1015.6892999928413, 1068.5937385302886, 1260.8331774841186, 607.6519779058556, 2725.5782189460524, 179.5482981176695, 418.62495457750333, 453.9502335672177, 2746.8204643434665, 401.07781021658406, 1230.1333808851975, 1975.2452565625504, 123.76011611154517, 223.79650308746696, 1263.8822652082486, 1604.5074024864975, 1234.2866581669412, 2365.8032779729137, 515.2142521714427, 1764.0386442044314, 290.25082603779475, 762.3487672589206, 907.2617189192251, 894.3056270123404, 1338.3387357346226, 387.47467344547607, 1766.7599246583559, 847.9084469319039, 1863.14511889789, 1728.3141472554157, 1476.0636383536223, 2228.912236084074, 292.97280133641965, 1178.4353893776927, 2802.1175855506926, 2563.1636676877984], "classical_tts": [92.14326525338119, 78.48662577227176, 76.99119639375093, 66.71480834976545, 61.82650886923706, 53.71049771806185, 52.59040531196894, 49.24349150663768, 44.74665035191499, 42.20615942554755, 41.095291774007194, 38.30608748230231, 35.20518821075718, 34.45630760264869, 32.86889583977382, 31.009812783929522, 30.899785967455934, 28.89394059965465, 27.839699604226613, 27.17545261667498, 26.93668138716411, 26.446927760093985, 25.961297110514632, 24.97285212131799, 23.966135628152237, 22.648596156031775, 23.3205177265455, 22.3643149360262, 22.70961042961828, 22.516785198518285, 21.11235508890681, 21.357078746285335, 21.107079798861168, 20.731574142336047, 19.893148354118985, 19.26261909090767, 18.790705414675784, 20.011827733712266, 20.10781676016383, 19.026387632209303, 17.709480501387283, 16.52536841715576, 18.137084544762295, 17.293990204000213, 17.043538804211593, 17.750468195699497, 16.997716429162416, 16.333333333527857], "initialization_stats": 2, "final_stats": {"q": {"step": 2, "value": 123.76011611154517}, "c": {"step": 49, "value": 16.333333333527857}}}