{"initial_step": 2, "final_step": 50, "quantum_tts": [13.010535384983415, 19.19819244609902, 28.725678280106486, 40.6562020492357, 47.15698278031995, 47.96957174948241, 51.08639208653589, 62.23691974801833, 81.17200767845569, 93.68811433970325, 89.40150556822871, 84.17379710221213, 91.35362615889149, 112.71543518278624, 135.09119921855049, 136.03250208748113, 123.7910801064259, 126.96420386293376, 153.0889836096725, 189.71771932038345, 191.94834061705177, 166.63887640266245, 159.65994780985238, 171.92773281056702, 204.339939722276, 231.1259501849653, 216.10568245494386, 192.88028660604073, 194.89828634341134, 231.8476267277617, 285.54010752817214, 291.93875916714944, 257.58926387122284, 246.0209533517822, 278.9332923629428, 338.2661777376059, 353.4081938374903, 312.6888175935441, 286.47137014976886, 314.47285044834376, 374.23312798982664, 415.53400093156995, 387.341237229028, 332.4398630444852, 312.2877591387947, 343.5933451361678, 422.2467951729428, 454.474110853249], "classical_tts": [10.55790778441955, 13.219044026389003, 14.304415320330252, 15.552988643865007, 16.33587890598417, 17.222839401345666, 17.55842019848188, 17.512320314328917, 17.63572913964795, 17.42578728212396, 17.70484156124104, 17.286619502355457, 17.951205526442294, 17.327749396526137, 17.597635242876816, 17.294584526272562, 17.863036224521128, 17.235546927807256, 16.847969869703363, 16.77568233333548, 16.73948009017205, 17.470530298865167, 17.201414255069952, 17.023929918435122, 16.99148744231883, 17.123785854574137, 16.26728167189183, 17.123540718181804, 16.045644668831162, 16.860361419644214, 16.891091069899048, 17.09878107403485, 17.182037667411727, 16.903467550597778, 17.055966758880444, 15.251639276277384, 16.816858096401035, 16.076052210130214, 17.545085522807153, 16.25127647410466, 16.141057523733533, 14.333333333504036, 16.909679310577985, 16.67302709107656, 16.685032587562947, 13.04808918091874, 15.360301127960517, 14.843851787298098], "initialization_stats": 4, "final_stats": {"q": {"step": 2, "value": 13.010535384983415}, "c": {"step": 2, "value": 10.55790778441955}}}