{"initial_step": 2, "final_step": 50, "quantum_tts": [122.70263865247767, 141.40924717074938, 138.23087771857416, 145.0930282848414, 157.9429013432098, 236.02021499149498, 325.6361932524316, 297.54517405397337, 272.995707152226, 248.12233614151586, 250.04172063474272, 246.34041262788568, 237.59610520865644, 227.62692936309094, 201.32430766217811, 198.1181796168848, 230.42465251538593, 276.2029319571766, 347.7734065248734, 504.4653815906009, 472.1012277335886, 444.44569699163696, 450.6405781856346, 575.640854175108, 701.3081690040118, 648.8327391068411, 618.2695166092584, 529.2125176005401, 424.5603091162986, 516.5425688296341, 597.3955462232765, 532.8357798356841, 420.87746576063773, 430.52668155548656, 409.7083196548694, 407.4513213709354, 455.9360551580246, 589.847684595881, 639.9622425078268, 694.5231199939045, 800.7718044596204, 965.7433717564955, 1010.7180026302478, 1243.4245427717792, 1317.8099536966565, 1435.521338062787, 1381.6444974201354, 2593.5232576579383], "classical_tts": [93.1223791135436, 104.02159910696673, 90.76089671691624, 92.1059899272425, 80.75235482393464, 81.46979459894686, 73.47479821364303, 70.07868659347217, 67.9981733429157, 67.53220380451357, 67.10879529579034, 68.5048874688855, 65.10831767144295, 69.29887902750511, 68.27935526769171, 69.69078027144258, 67.5163497663757, 70.84005403751189, 73.51527886987098, 76.61762582572413, 78.79071476868783, 77.85511189508352, 80.36218682266198, 83.34844319149221, 84.46651794809263, 87.5269329764593, 90.4444187125175, 93.00752674696841, 95.59901467284553, 96.36028602702427, 100.46066663564005, 102.14255635704691, 102.6730158949286, 108.33301431808007, 107.80048452785165, 115.41865186951219, 113.55025947461074, 116.70197629274622, 120.96172332135181, 120.39022236770346, 125.85548868407994, 129.85116716123323, 131.47924781270717, 135.89075633152314, 135.92419716547107, 141.83063600587906, 142.2313831497088, 140.4154671097621], "initialization_stats": 2, "final_stats": {"q": {"step": 2, "value": 122.70263865247767}, "c": {"step": 14, "value": 65.10831767144295}}}