{"initial_step": 2, "final_step": 50, "quantum_tts": [11144.696260483288, 9201.494431241123, 732.778426277461, 511.59658642324945, 1152.009796937163, 761.4882446266631, 13109.835859478042, 753.3733255239692, 693.7706777328162, 683.0742748786959, 10680.355727270313, 631.4771600543099, 19491.969583604157, 13255.352896836994, 724.5530940981936, 726.124792316441, 2861.9161141805444, 9706.546712274006, 6876.493346968677, 15206.999309174847, 543.1686253266797, 73518.65211823776, 707.0850601084704, 472.9196134265534, 946.2404723717293, 456.7618128602992, 1608.2490134574962, 622.0826059049424, 15338.070809928253, 457.0928351490315, 42675.71688611656, 24075.14525658352, 12220.662262655422, 8189.84166103264, 720.9909706622609, 13422.48301772792, 7580.947886404052, 12576.951861279313], "classical_tts": [1021.0668365132741, 833.8450237654862, 796.2851148928531, 647.4421061759709, 571.7245525190887, 518.2043391995699, 469.1886338557738, 428.14241853665015, 411.84372554052993, 364.52151379697835, 374.49997598289974, 309.71596002981886, 318.96745344679755, 285.35404328549686, 285.9728379520065, 268.5717247053071, 247.83271338216522, 256.38246266902416, 250.38598969198202, 254.96816342616893, 241.10386780350248, 243.9760149984858, 243.38352288034122, 241.76804916444615, 250.4373535791782, 239.50090018344062, 254.06448367050524, 257.88545914586604, 257.3969303563641, 277.23000982806275, 268.8091400634032, 278.3776184244967, 276.93458695956537, 289.485584571315, 284.9991085445505, 276.10250742019844, 298.4278761030273, 292.47765511848723, 314.49406905437877, 320.1564565107455, 306.29309306329264, 327.72225378177757, 326.5356324184902, 325.86879513925254, 340.8162433860871, 349.3751602368114, 354.2725144975873, 359.4866696318193], "initialization_stats": 2, "final_stats": {"q": {"step": 15, "value": 456.7618128602992}, "c": {"step": 27, "value": 239.50090018344062}}}