{"initial_step": 2, "final_step": 50, "quantum_tts": [499.4476120415094, 993.6798041041923, 729.4327296456212, 598.8577293502774, 1230.3487442389983, 1798.9139314543982, 1563.4223695699495, 2148.8101193726475, 2417.079906221092, 1888.605483470682, 1447.027897585349, 1889.2577821746443, 2201.9276735539243, 1626.7896136235565, 1931.1670461161966, 3601.4648618274286, 4127.720875441865, 4184.323088398247, 5164.437979598266, 4165.08161045264, 4418.340616269014, 3897.9552603653156, 3883.4295218177863, 3912.437579104744, 3594.6909273751553, 4369.15862475652, 4748.198129768491, 5047.017084651967, 5133.633198363987, 4745.338535720775, 4200.558959207648, 4000.592231181565, 3838.5474117294825, 3679.4162550424153, 4064.538618662881, 4448.565899633488, 6102.337609131078, 7072.832506778518, 7912.233973775923, 8545.145907252503, 9299.322621923977, 8959.643840563618, 6178.411709467671, 6576.127525158242, 8237.705353551115, 7004.445658431483, 6650.512645418605, 8291.09079055815], "classical_tts": [345.252310095749, 285.86227625954433, 232.28633632240422, 184.87407125224198, 160.45386160768498, 133.63241127976113, 110.0506349033326, 97.98561793895988, 87.06941699778906, 80.96576620651763, 72.26457985295494, 66.51839427969023, 60.174011818233026, 57.05444013333088, 53.5941664191982, 50.85225771369945, 47.62968754228628, 45.63180964142192, 44.55781028256591, 41.88733105857774, 41.79882444921355, 39.90668031525887, 39.41894692766029, 38.33284111998268, 37.255388478411895, 35.68351803952099, 35.676731362846716, 34.56468839778124, 34.01743576215913, 33.03639419627775, 32.26026360423821, 33.518345920477586, 31.928757098794254, 31.6704723688096, 30.539165987977146, 30.816398424331815, 31.19242162807492, 29.926176383446965, 29.40604436463741, 29.18607649778863, 29.69164651425248, 29.057114611337582, 28.89264830592398, 28.08883577614455, 28.15906369608617, 27.619555226988886, 27.31988587688447, 28.08461501480502], "initialization_stats": 3, "final_stats": {"q": {"step": 2, "value": 499.4476120415094}, "c": {"step": 48, "value": 27.31988587688447}}}