{"initial_step": 2, "final_step": 50, "quantum_tts": [120.97140952068658, 140.80352166280403, 135.31770445070197, 149.1834237003987, 136.4708846354011, 151.94396906144098, 154.97188654736186, 153.9501730625823, 175.0436388605895, 148.80702859001693, 150.36617396203525, 178.81103965338525, 206.61863192277386, 235.74445281057265, 254.27088174865605, 257.37563572258597, 249.8063778424954, 264.4097637500345, 294.6197567534805, 309.4971201712858, 297.50918418507297, 265.2941244188049, 314.1883750957756, 333.97937205901957, 331.2281787467191, 359.24864913458805, 329.235625594821, 349.2947065295315, 389.29802143224845, 447.95115858243105, 505.3083062764187, 489.0181102083738, 451.763660617484, 503.4692178271482, 580.5682187530819, 589.9567627459238, 598.4356088175005, 571.0780837807595, 587.7367815170469, 546.5854530266967, 545.6331725676894, 561.0611670893745, 504.2849135626036, 579.2809567876195, 595.6034359554906, 605.1543943296654, 551.2945536847704, 581.5411283655375], "classical_tts": [86.66581961596668, 96.98156439832493, 80.19462837156807, 80.18377816598259, 69.50995221747915, 63.6372968973606, 56.85389410722401, 53.88823042515739, 51.73001058662875, 50.52672336296686, 48.77372012707842, 45.30726924208051, 48.86400662366775, 46.16671923010997, 47.17891857728354, 49.81344532543851, 51.01149648709918, 50.362072175813886, 51.15881755199018, 55.09385417517193, 55.1717115814724, 55.93816797573049, 60.68207452329263, 62.09960095166165, 63.14844141654879, 64.51528768059798, 66.90474277987938, 69.05900107677617, 71.24631478185182, 73.77151332128014, 74.51268816305749, 74.37499660708212, 82.57873108317919, 81.99828585919873, 83.42894197255073, 84.93448661887393, 92.10565405199903, 95.62966482972327, 94.47983795133824, 96.0551348636328, 98.1975158929372, 98.30598770067552, 101.41584716927004, 107.74507362609734, 110.13940859556617, 108.55164454949605, 111.92105609473688, 117.00370764577596], "initialization_stats": 2, "final_stats": {"q": {"step": 2, "value": 120.97140952068658}, "c": {"step": 13, "value": 45.30726924208051}}}