{"initial_step": 2, "final_step": 50, "quantum_tts": [2864.187784500656, 2079.3962682640204, 640.02870758709, 682.1051655600353, 1004.2858145961118, 547.1428164590249, 1778.50311922885, 195.93859291727387, 246.36777115674465, 552.3276014813189, 2902.3480602457653, 278.4987774159641, 1607.743008537082, 2697.4332415777044, 234.30494681553859, 232.2233949135119, 1022.4858352320238, 1415.1990815484723, 1619.3158470744563, 2881.9228111536677, 606.706157655898, 1446.602660356111, 261.30295399955156, 687.7379238637518, 903.6130906960259, 682.9521676670234, 861.2548251515475, 169.04337333245263, 1365.1616963739466, 774.1416872237126, 1604.0958309578643, 1602.6194551809567, 1288.7262395858727, 1552.2047633264954, 322.63208279657556, 1245.5310383071755, 1875.3720820277867, 1785.9533669631837], "classical_tts": [156.48509327717585, 145.87573529726433, 122.37624671969553, 119.29145225605411, 108.3150459398184, 92.28742458612149, 79.20734900111941, 77.64444389657451, 72.06460261316889, 67.99324449854888, 70.16803361533151, 66.83834117164255, 65.10831767144295, 62.560983048111126, 66.67926014677153, 67.09666390932072, 69.85741234744292, 71.05321161714646, 70.52701797027521, 75.20931864283838, 76.05925517691131, 78.42275669918493, 78.47401931462635, 86.36785285372407, 84.10437318699982, 86.46968703857725, 92.81298461864952, 92.21508128882526, 100.09039408927211, 99.77754728557598, 105.00848567706485, 106.44283812195145, 107.04303586320337, 108.40965312397397, 110.17643517687954, 116.24012530878288, 119.89160722416351, 129.83595571737166, 128.561378400154, 119.1370268152174, 134.9894473201617, 136.24689542309292, 140.3118536118499, 141.17258967097445, 144.20740037068794, 148.07640470326388, 153.50468473747526, 152.52725382659472], "initialization_stats": 2, "final_stats": {"q": {"step": 8, "value": 169.04337333245263}, "c": {"step": 15, "value": 62.560983048111126}}}