{"initial_step": 2, "final_step": 50, "quantum_tts": [], "classical_tts": [335.68629227939437, 277.04975063962166, 228.53707223700417, 185.66721739725082, 156.00517568898505, 133.63241127976113, 118.13953647330786, 95.67418067631121, 81.97987882966258, 76.89906127841645, 66.83292267341966, 64.31606017577285, 60.97340825527189, 56.263624805315416, 52.20349460217101, 49.10673151990394, 48.10605310192866, 44.7104524038053, 42.585792886320924, 41.414801370219266, 40.28502858961816, 38.6446622435934, 37.866201835789624, 36.8428927648517, 35.777717703454826, 35.24562463408067, 34.59702229598197, 33.34612630618717, 33.075479376519006, 31.838267801972115, 30.846527210917134, 30.861149160069935, 30.398596381886662, 29.40088673935956, 29.81099060590309, 29.419535447185833, 29.036505258401395, 28.90586925960392, 27.7066352343347, 27.73627952375528, 28.1918885988516, 26.657485322328267, 27.04982027527401, 26.316322130816083, 26.769110015046103, 26.464184668256866, 27.511459606339614, 25.9224591427736], "initialization_stats": 3, "final_stats": {"q": {"step": 0, "value": -1}, "c": {"step": 49, "value": 25.9224591427736}}}