{"initial_step": 2, "final_step": 50, "quantum_tts": [23.586152487606906, 31.741504835650673, 61.80187678764002, 143.1085083229137, 149.87957692307188, 93.68461670438596, 82.21848750483926, 117.51528912143888, 254.12112160585195, 368.23016537597545, 205.34893375248132, 139.80735699010097, 156.22725524957463, 278.355872227456, 503.52212728343244, 353.81510912034327, 213.9233332767064, 201.0594434701129, 311.6702981428442, 659.0838699303861, 646.7580350547361, 338.26963469140514, 254.0153992654943, 314.6540134317529, 592.9360227042932, 859.7186188782754, 501.0084187699645, 323.9385244586137, 338.43144151066895, 582.220506986708, 1164.3031984148115, 823.7504677280654, 438.2719303983706, 368.6822929049968, 519.0051680246896, 1039.8102180019562, 1121.595357616287, 591.7511580266735, 427.982852457195, 517.8554734526617, 1014.329317993992, 1676.6959944345097, 908.4373700157427, 534.2189650944858, 519.8701775321423, 835.8244249487353, 1634.336046561591, 1277.7462985408883], "classical_tts": [24.63551459313195, 23.386131506863677, 23.85911900174865, 21.802447544316635, 21.20486524857626, 20.511418663415856, 19.219928834462166, 18.743283413730207, 18.484812226842397, 17.58002874068407, 16.75664867084903, 16.278428735860615, 16.08324270759085, 16.209795705347833, 16.58769778978103, 15.305686556256665, 15.794156604142582, 14.77346471220609, 15.423665473121517, 14.60659092581784, 14.750545337612476, 14.699928192272658, 14.775264659646442, 14.714797751709552, 14.422654682748927, 14.919861265589239, 14.845789512360067, 15.097728476657364, 13.716877697184097, 13.952344868405312, 14.402420509321612, 14.203894990698126, 13.84403176233197, 12.695133490537026, 13.057851590266655, 14.870685489535377, 15.062158683316513, 14.146005889455543, 13.778422363627786, 14.122882922718482, 12.723301531969799, 14.81180404089987, 15.156264599990566, 12.492851343432836, 12.770470262175788, 14.237980285775727, 13.325708099661693, 13.603327018404643], "initialization_stats": 4, "final_stats": {"q": {"step": 2, "value": 23.586152487606906}, "c": {"step": 45, "value": 12.492851343432836}}}