{"initial_step": 2, "final_step": 50, "quantum_tts": [129.34599247898643, 147.9147595623771, 162.83895988834223, 192.15643727676567, 252.8578037671751, 435.7316769222461, 515.4906993596122, 571.9677843030531, 612.2940341441043, 471.52135245888684, 599.1435835854891, 681.5587608573175, 617.3960704589425, 606.8443336666738, 477.97787222389434, 458.060594319676, 470.9684463678047, 523.0437451949438, 569.0876405784473, 922.9756727316047, 1111.2821926021275, 1182.2874154188014, 1610.0421387129963, 2130.6057233083684, 1582.3255416962184, 1626.2101880755451, 1256.862985231318, 1136.0103511132236, 1240.1698532705625, 1256.586830055946, 1648.3876187067524, 1448.5058339481238, 1795.9349269278464, 5248.118304909767, 6379.927016666108, 3671.614162002652, 5973.574164517495, 3292.059092089083, 4291.7341557860145, 4380.275742858617, 2150.3481500037624, 2196.7080451707484, 2127.1747752110587, 2356.6042276847907, 2445.4713661235687, 2131.7900931035147, 2822.572138064254, 2350.8268911336263], "classical_tts": [84.56652111542819, 90.16650413741051, 86.27923609594306, 73.21937836594952, 66.83306015971675, 64.95541763502303, 65.46812087982376, 59.224196407260315, 60.91953563089176, 59.6994613986338, 56.36610352621275, 55.25716496587253, 59.36634040441285, 55.716985340137754, 55.15447319178972, 57.253771191396886, 60.62164008500847, 61.59302690936025, 62.0360772937581, 63.5049047437097, 63.882657276413674, 68.343629942707, 71.01624707756334, 71.84000149532811, 72.46905075335856, 73.96871179322045, 78.31390613027862, 79.83231280746413, 79.62825081786067, 84.11199538534171, 87.7270768668907, 90.53094261683576, 93.3386413233128, 93.79691889379971, 100.61968575260579, 97.40329527048847, 101.55722321518846, 103.58778198248942, 113.12336403532947, 107.78553470561553, 111.09783228817426, 116.19079100302041, 114.9613036738002, 115.97600022997305, 123.78533289181168, 125.52401544026787, 130.058785157449, 128.3763104319087], "initialization_stats": 2, "final_stats": {"q": {"step": 2, "value": 129.34599247898643}, "c": {"step": 16, "value": 55.15447319178972}}}