{"initial_step": 2, "final_step": 50, "quantum_tts": [278.82428262493295, 250.59003867315678, 239.0202720898716, 225.81905722844365, 208.9158743233324, 198.6393836160151, 219.67047683849356, 183.530354678827, 324.95506319311176, 175.42199452064122, 305.9811326450951, 263.78055865473664, 111.56537059723357, 94.15557943111858, 228.74759921966137, 94.25969604831842, 179.41856882901533, 85.18243523583988, 293.1211252697265, 104.64141965293801, 113.29808968506097, 88.08917462158082, 193.23911139538404, 115.00287329550468, 168.00176837463087, 317.1618368397468, 119.87952880837538, 157.74462392848483, 129.44686337654466, 142.62891877987147, 189.22669186356148, 149.45958310076927, 335.7953046227715, 137.6125449675215, 158.89560193770544], "classical_tts": [110.0025734427188, 113.09755229693508, 102.73524633987756, 93.16092045131512, 84.39731414816974, 78.67322695124025, 68.38910130925237, 62.45556974771495, 61.03732305879287, 56.803390385643084, 53.67416588592907, 51.765210098036704, 50.45610415837825, 48.15889371579957, 46.57357734315993, 44.81426226001456, 43.9867781851091, 44.89317944729243, 42.643891546791515, 41.386307140657856, 42.10389456575801, 41.544877873917024, 40.935985274196305, 40.49844099613382, 41.44627828523954, 42.6623093657828, 40.79275546427916, 42.217183304045676, 42.720468549767766, 42.52224514376895, 44.47313867576944, 43.48816097346846, 45.2295985408058, 44.68990827811473, 45.75411943009971, 45.6779588982545, 46.9531016874041, 48.14703775761961, 49.44568964315019, 49.63165683100288, 51.828219315871145, 51.15953668328479, 52.7709564565067, 53.10802800499068, 55.51269626521499, 56.74453833191736, 57.10832001855047, 56.76030047256239], "initialization_stats": 2, "final_stats": {"q": {"step": 5, "value": 85.18243523583988}, "c": {"step": 25, "value": 40.49844099613382}}}