{"initial_step": 2, "final_step": 50, "quantum_tts": [13195.370194738234, 11939.247630419486, 8113.168133511332, 13032.919330808532, 7354.950604840046, 12786.818211782778, 12360.15801106825, 2501.9011240708733, 7100.9662176940365, 4906.121634494978, 8494.861862505684, 1027.8726930564424, 4291.172356858362, 10523.33107418469, 670.4937219011134, 5609.213642469509, 6351.526354685268, 4752.72593131172, 1223.3297642659672, 6169.4764902458965, 7216.289197351141, 998.7168637250103, 4935.922495780692, 9194.675527283109, 4690.698855767199, 5517.970459693563, 9451.643842919948, 9061.494742403234], "classical_tts": [452.5251328041584, 377.65312575132515, 283.1930044061946, 215.06365169403813, 186.23076792120855, 160.58202706424663, 132.68408397969853, 120.39749323421844, 102.11470841292426, 94.84075439158005, 88.71376857709657, 76.55504508527781, 74.3331679287408, 68.67373345173367, 64.77948244859567, 61.4729657451694, 58.9400996256206, 56.359056147262436, 54.45292968661128, 50.762149528438705, 49.381514488375245, 47.26520367911334, 47.4453256196491, 46.860084178444296, 44.37900340759396, 43.32512246981082, 43.23814987783366, 41.650861423843885, 41.5452388078469, 40.04935490757147, 40.15564882988284, 39.595792230522726, 38.46268292018534, 38.121674908260225, 37.6704483761591, 36.25441174291683, 36.56755348732402, 36.23297916565203, 35.51171664110882, 35.33371404608275, 34.67850470834353, 33.841408438253985, 33.507460801796405, 32.9908664341931, 32.42199001473679, 33.45720964380648, 33.351931713627316, 33.3669026400768], "initialization_stats": 3, "final_stats": {"q": {"step": 4, "value": 670.4937219011134}, "c": {"step": 46, "value": 32.42199001473679}}}