{"initial_step": 2, "final_step": 50, "quantum_tts": [54.93639779068424, 79.1114520153353, 116.42951784834392, 164.24708066829447, 192.69520268297705, 196.57242272046562, 209.53179527284925, 255.13724082080097, 332.16406096000554, 382.7335791430319, 365.96162740894863, 346.56247214146634, 374.24823507103986, 454.4164180749325, 532.4118003612749, 527.4712609158868, 489.4481182683618, 502.49817108682515, 594.0225290446203, 721.7562354640814, 748.45664788058, 672.8309934524971, 633.6443155766489, 688.9058903146301, 818.6810536665032, 897.9301877084843, 839.961295695632, 773.8124719217083, 809.0642989687332, 962.0917545948618, 1121.3726418541921, 1087.3114939443324, 955.8196061414591, 919.0230153238751, 1024.63643480395, 1203.5240284663341, 1245.9584810718275, 1124.2192453532475, 1053.4021730326053, 1141.8514706464334, 1369.3945398793064, 1515.7828440077662, 1390.825551744863, 1228.8511387948006, 1226.3417386158283, 1399.1172990111675, 1600.131452651182, 1570.13733275504], "classical_tts": [22.015450617003943, 23.30657764131362, 22.045342554973434, 21.767484115688166, 19.945952937227545, 19.782872789296714, 19.102646146249135, 18.975033000710525, 18.317778419457767, 18.008168371853028, 17.18145466115104, 17.41364889772816, 16.91754938042365, 16.481797874645657, 16.48437315610371, 15.879227092958224, 15.81490234997821, 15.36505751472854, 15.372435736812704, 15.703961853385792, 15.459392965317374, 14.811552279140528, 14.775264659646442, 14.714797751709552, 14.422654682748927, 15.258107169792034, 15.412305400817438, 15.168443647400071, 14.398529842516707, 14.588655882639346, 13.02967695278303, 14.341403659355388, 14.015019875498137, 14.757900417822734, 13.83519216320017, 14.219503056622397, 15.062158683316513, 12.48024466646792, 12.117430030447427, 12.420365781208613, 13.440263486965453, 14.81180404089987, 14.080276033963807, 12.492851343432836, 14.720288580962162, 3.5921226192636477, 16.000000000190553, 13.603327018404643], "initialization_stats": 4, "final_stats": {"q": {"step": 2, "value": 54.93639779068424}, "c": {"step": 47, "value": 3.5921226192636477}}}