{"initial_step": 2, "final_step": 50, "quantum_tts": [686.1826997039038, 1423.3833905360364, 1908.3789415281117, 1332.608495222106, 1611.8669558066745, 2635.9185839789634, 4992.910740701578, 5055.454441024416, 3580.0839837264093, 3842.340582038742, 4487.055634234034, 5184.988400357488, 3658.6377485336116, 2991.038643571023, 4789.109595667179, 9360.619471472886, 6264.061070237983, 5425.840071069456, 7790.6722164403445, 9476.368296691175, 6703.5618731719715, 5332.7653305004815, 8397.48704028278, 9870.331801177901, 6685.92236599203, 7661.5343667094785, 10316.545133518373, 12281.148111371105, 12281.757721323665, 12960.288130030887, 14142.013010443421, 11171.78835932195, 9803.249467283289, 11156.038153916415, 8273.9648036875, 6752.578616349871, 9692.718294977025, 13358.799067760905, 10891.0193694131, 8571.84221364007, 11211.383999624044, 13671.082773336455, 9855.284296492213, 11438.967968382363, 14414.595163952948, 11395.097359809823, 9745.605855892034, 11694.875011432316], "classical_tts": [611.7172172958117, 438.63339476983924, 347.9234255544489, 308.55382784280744, 259.35401459372, 253.9385594629011, 242.14976714251057, 219.41443468904907, 212.92205763077138, 197.69692253790117, 206.70412629646637, 188.09335574061615, 208.6981580044173, 197.08666471213624, 195.19416540739442, 199.6988483572831, 210.30316046375458, 203.7292621622299, 211.24580657301937, 212.37352493324235, 214.61244342716046, 220.95360153896743, 227.9880492163789, 235.7816757795926, 234.7240872477667, 244.68001940094183, 252.14168181020773, 256.6007477174019, 255.83720949593342, 268.26199858507505, 285.0980589200518, 282.10504290066604, 290.12477075009315, 299.0206388481942, 308.876316427637, 305.8461933307374, 323.6678208876504, 332.1853951215359, 338.0374274461551, 344.4117107062353, 354.9392988184629, 363.8285478586079, 383.81427307667866, 373.302398068449, 389.68180635830817, 382.5968788541873, 383.9658268740584, 396.7820305734956], "initialization_stats": 3, "final_stats": {"q": {"step": 2, "value": 686.1826997039038}, "c": {"step": 13, "value": 188.09335574061615}}}