{"initial_step": 2, "final_step": 50, "quantum_tts": [3900.9179726717225, 4167.9058321000775, 2151.369072812726, 1358.2982049168347, 1300.894777297652, 290.6382814093585, 1123.7688081995666, 149.28277870826076, 297.6507456822075, 277.20402485417185, 2230.57465912117, 282.03924315659555, 1035.4737000272178, 1328.3711400859693, 125.33251613629123, 154.48107077280523, 1060.855445734348, 591.966532794684, 1125.3047741282955, 2237.8858268483273, 347.14661240038015, 933.4714721992491, 208.266554887263, 547.8127795892713, 2056.590057641389, 907.9291845669583, 826.5092168010056, 346.5962327327954, 639.6537678383172, 820.3671947575556, 785.2286352719661, 643.3870452706055, 660.4016732558675, 722.0661139135898, 194.3859371583214, 1205.1276789175317, 991.6804303235349, 1030.7509989594757], "classical_tts": [120.48728562466026, 106.1555757415625, 96.53414245903961, 93.16092045131512, 83.3467353835233, 89.08838013207424, 92.25507330711976, 86.63231541421658, 84.61129019967115, 88.55576536438326, 86.94531594382967, 82.76096737446284, 88.86249250050173, 93.2625185146488, 94.71352116088796, 96.66001766248138, 100.84797934053607, 97.94334166769126, 96.74286215916456, 98.55860101514226, 105.34588467385099, 105.64678521347616, 100.65087083547093, 107.96948615283665, 104.61579693154275, 112.52125149767696, 100.94961956339216, 108.2055027492398, 107.44188377548342, 107.33116907313753, 106.76308702855691, 101.8541591505755, 107.04303586320337, 104.36607282036482, 103.80997420616765, 98.8167781125513, 104.10411289416211, 101.96732485418237, 101.3440876528276, 103.1712632988077, 104.89777405581654, 105.58152208256864, 108.92356492433721, 107.8917283297434, 110.89110436634033, 105.64039906856307, 113.91662711750709, 115.42353012934994], "initialization_stats": 2, "final_stats": {"q": {"step": 2, "value": 125.33251613629123}, "c": {"step": 13, "value": 82.76096737446284}}}