{"initial_step": 2, "final_step": 50, "quantum_tts": [886.8316546524657, 799.4623882738963, 924.295674947319, 1997.0479720001786, 1174.1421737134335, 1102.5787681386403, 749.5445182252694, 986.8539766582705, 1446.8759216087365, 1759.6576254773972, 2404.0234003046676, 4700.147382608552, 4373.700382214505, 1964.323041058012, 1744.0121422450145, 2618.3657743624635, 2369.1048341405276, 1756.3452250884968, 4715.607465722308, 7004.4078885622785, 7356.492949707408, 3265.2513459752477, 4624.55203037827, 3226.6058661256466, 2288.133658916079, 2756.079701066525, 2573.114341840803, 4036.9113538488773, 4527.263463255398, 4033.6950517497326, 9997.474763876155, 5514.310034626293, 4789.909418617763, 3584.6183947748973, 3895.022674951246, 6892.75790420446, 8797.477461830114, 8540.392567878174, 8922.417101922927, 4563.2897249450925, 4627.7149721691785, 5794.841874412529, 4923.005076904722, 5420.5971515844185, 6095.89878680817, 6203.755092203605, 3521.299088803986, 3352.2876942095063], "classical_tts": [591.9099370222231, 442.1987609094567, 283.1930044061946, 257.35320067122444, 179.0709123542248, 134.41794489903103, 118.02894124965577, 101.60761924186824, 94.00535051345446, 79.35651415339747, 75.86704435870618, 73.10273630178875, 67.54858935934944, 67.94574737702735, 68.88009916964779, 66.12764148567494, 69.69783636932821, 68.60320061639959, 68.39247698175832, 69.01096243808895, 72.71460653331474, 73.87001012429954, 73.71048410843179, 79.72264409764198, 80.24873145196858, 84.58344837708535, 85.75323266424107, 88.62818719197561, 92.8568694154972, 91.79351624876149, 100.24704992839744, 100.63978171125662, 103.17969035277471, 105.02685927864955, 103.37770791566035, 112.99767266711355, 117.45250707598898, 113.72114183874152, 117.94729644320884, 124.94925413564884, 122.63987143287123, 130.95207505760538, 130.01444946262453, 133.15546327043126, 134.50740624208234, 134.96534088988992, 139.08937770803342, 148.90959312541008], "initialization_stats": 2, "final_stats": {"q": {"step": 8, "value": 749.5445182252694}, "c": {"step": 17, "value": 66.12764148567494}}}