{"initial_step": 2, "final_step": 50, "quantum_tts": [4283.246096369462, 5526.005732313649, 1887.2554375344791, 2099.6938334542315, 2157.414119670125, 1291.543587101354, 3180.536881488165, 448.97458751846943, 518.5336622532052, 895.1672632066682, 5036.247360202462, 851.8583486237968, 1806.7619523482485, 4727.100774962688, 374.25195658124056, 467.7180045925428, 2405.709476330579, 2753.9411081651333, 2145.962142558086, 4829.474293557241, 864.124490734329, 1719.0420297652383, 413.25738111484526, 984.2079252126027, 1690.76260486592, 1398.3254921064297, 2270.441570331474, 579.4349041480775, 2569.7704275983497, 1310.5337621170042, 2007.5971310301381, 2359.536491845719, 2910.933428279491, 2917.2984390633947, 633.2316772110603, 1760.6292343777086, 3929.6898898889062, 3136.0004575716684], "classical_tts": [204.6627207434643, 170.30278087850846, 131.79068158696748, 111.62343176041985, 95.45264849871411, 88.06653351074414, 79.42274541362644, 68.28707113306223, 65.87143030736217, 62.141585421116595, 60.94945689232951, 62.56513254084228, 61.29261239276736, 59.15749760247742, 60.104940218542986, 60.39112608382857, 62.68720503460142, 67.19819561401538, 64.18893566514244, 66.96702104201927, 71.21619274672636, 72.77263470093288, 74.70722636404639, 75.7607430552964, 80.76111886991553, 81.59178356320562, 82.39018981726845, 86.90021837710282, 88.5842483167006, 93.15446830448775, 93.37475094369223, 97.17059783995566, 97.16077946957193, 102.98773727158556, 103.73777939228707, 108.87275082996187, 112.44239120614195, 117.93768023831801, 113.35888108244262, 118.3926763021281, 127.45726455342759, 131.69246444865593, 129.28953135019398, 130.03365155687055, 136.01929473044248, 142.53042892154744, 138.99255201543875, 140.31793624950703], "initialization_stats": 2, "final_stats": {"q": {"step": 2, "value": 374.25195658124056}, "c": {"step": 15, "value": 59.15749760247742}}}