{"initial_step": 2, "final_step": 50, "quantum_tts": [], "classical_tts": [335.68629227939437, 290.4794664650051, 240.15849457251966, 176.56396061080173, 145.01020108158406, 132.54705292011374, 108.5159535836201, 94.65545128876242, 85.69455714788695, 77.96606793316153, 68.89885932969685, 64.56439867289231, 59.93480303575627, 55.71698534014007, 52.29723803258804, 50.76320039263728, 47.094084957291834, 44.52848503155773, 43.00866824407275, 42.52446830466828, 40.27094831163285, 39.10434516928071, 37.58761098004171, 36.646266347390736, 36.37767555524514, 35.114511309174055, 34.552146210580766, 33.39238295074388, 32.2914294029438, 32.138664467679405, 31.773920465192273, 30.62179306776171, 30.80409270768158, 29.5254131323897, 30.06950378595563, 29.89877255062295, 28.76550654414613, 27.598280691588695, 27.994076284320638, 28.04030599894498, 29.36378047056055, 27.021318311773534, 26.425729932024712, 27.546910137475603, 26.98844876728009, 25.61441731655188, 26.67724469751054, 27.12907944152979], "initialization_stats": 3, "final_stats": {"q": {"step": 0, "value": -1}, "c": {"step": 47, "value": 25.61441731655188}}}