{"initial_step": 2, "final_step": 50, "quantum_tts": [3992.946005542039, 5030.226179630154, 1719.1001558894186, 1906.208960706638, 1980.95500754817, 1201.50292295715, 2960.735210879713, 447.4691873198224, 498.2987668795678, 845.3535079315604, 4510.3409221303855, 813.3255977021353, 1718.8446563334687, 4244.7719259205305, 376.55238330241025, 466.24178153170925, 2194.216665229958, 2553.0566498576914, 1987.794591974845, 4361.4456831294965, 812.9996303786347, 1637.8385382188392, 406.4734154898585, 898.4881332645324, 1549.3893767301288, 1293.0510881663813, 2063.3636626706048, 557.2970885422417, 2384.578111792974, 1190.610335753303, 1916.059203083527, 2209.0347110916987, 2721.7629344492275, 2691.0508109179486, 623.7932276959368, 1644.5850094657997, 3604.305921000711, 2891.6251177010176], "classical_tts": [209.42093856795054, 160.9917873605994, 155.52921248829085, 111.3242376294974, 98.3925550051347, 83.39186232409021, 79.7477882890701, 71.62003303401991, 68.4229698328286, 66.4972559862144, 63.17931413552709, 60.96171956126389, 60.90009331867144, 62.413620768430306, 61.25118370656826, 61.51861228072836, 62.23029969020016, 62.080685401331415, 64.05162002857574, 69.20980667471642, 69.55912092233783, 72.92812266368377, 74.8661525640079, 76.78175427961645, 78.01995260699681, 83.92670073321469, 82.50541919265112, 83.16080191126325, 90.08622648112284, 94.34085179813547, 96.02455705476531, 98.05825165692742, 100.74722973104372, 103.56536032144653, 105.04659481165376, 110.40719720458439, 115.96991279574326, 112.53908184460553, 116.88138527856204, 122.17176247785785, 126.83137257608827, 122.36904007440982, 130.10541235085802, 132.87637247505089, 140.38463127905763, 135.90749527297308, 141.93317711002692, 144.28361497447963], "initialization_stats": 2, "final_stats": {"q": {"step": 2, "value": 376.55238330241025}, "c": {"step": 14, "value": 60.90009331867144}}}