{"initial_step": 2, "final_step": 50, "quantum_tts": [785.7994765471467, 747.7545867568787, 401.8329491359675, 373.2899369858879, 410.17500038934213, 331.45920636344374, 644.0700994369238, 388.95503855273597, 324.7981597163129, 313.17925174176804, 729.9626745253646, 332.62821625946594, 457.8382147093163, 687.636497433352, 426.87121375583087, 348.45088445786143, 437.4353188371439, 590.3301918378427, 451.5261695978715, 700.4089686990053, 312.9428011341794, 490.75694933252254, 323.6720407176012, 341.8093716561884, 416.27090970194433, 361.2433387017208, 436.54723316395393, 306.3927832270137, 553.2728247272222, 354.9445594250752, 517.3126300509591, 535.7313010763011, 571.800563921934, 612.1606935361459, 326.0404454751205, 461.7458284920723, 630.5410734642983, 654.4234405012212], "classical_tts": [446.97835722665747, 396.98568725989594, 423.76607238410514, 345.7512999887524, 297.5128463156152, 267.3829918407547, 229.12167322305982, 203.1041092175258, 182.9674447147846, 167.9349604526706, 164.0615267331452, 145.88888812860841, 133.34342307527064, 128.8554254188343, 120.79222254311425, 112.78131927262915, 106.40131850017633, 102.47035312135273, 101.49433855864268, 96.38074137000196, 91.07421114097917, 91.79673690930261, 88.31721466322098, 85.36624169588337, 83.98410309019714, 83.95641308011004, 81.93122536773691, 81.7874262626862, 82.2157903909811, 82.9917033473298, 80.22240288343613, 81.16574307459598, 84.0249775596415, 83.57407688983113, 81.85643537127058, 84.13022524269476, 86.55094410356534, 86.50453554639445, 88.72260056040457, 91.28142298922899, 90.87350765098672, 92.84729265511126, 93.08379066196922, 97.26507450613941, 98.51639872877726, 100.69235919380228, 101.06216483398222, 103.4495740537207], "initialization_stats": 2, "final_stats": {"q": {"step": 8, "value": 306.3927832270137}, "c": {"step": 32, "value": 80.22240288343613}}}