{"initial_step": 2, "final_step": 50, "quantum_tts": [195.33245066559232, 235.67877324362564, 285.9716006412118, 386.6334550339483, 247.48775268949268, 299.4187839179919, 336.4288658035088, 544.0777663126344, 807.8291806867209, 528.2474568404753, 592.677737573906, 815.1810088997262, 1034.7520498396918, 961.8900746180789, 1213.2234694701128, 1100.9173258454473, 958.9905217850344, 1438.875175593533, 1299.624987183648, 1140.1164818104594, 1134.0267984691277, 1157.3550802639154, 1280.7257783203524, 1340.9831155316976, 1424.5746877563488, 1212.3045520150279, 1254.1332462159237, 1763.938283112902, 2375.683040311963, 2526.6771403772545, 2697.852667080199, 2904.207411068022, 2910.654231047514, 3031.6392445994525, 3170.6139228511643, 2787.8066065300463, 3166.9366825929437, 2630.8952429268797, 2644.157267526475, 2574.7556862523534, 2486.966037654179, 2824.262110029892, 2902.2725587600685, 3683.794953318642, 3714.920216451695, 3310.5603034210994, 2713.2851251782668, 3213.6189822430715], "classical_tts": [104.15837141008166, 105.72203517328643, 92.01450249273292, 72.94783588227304, 62.96934812240204, 53.9530451996649, 48.87708433373783, 45.47504548602107, 43.39560843301908, 37.3433336716279, 37.91437062091388, 35.541002444112415, 31.98485668417771, 31.153549899653687, 28.617885726179395, 27.669553365341866, 27.10676430723211, 25.533353913126053, 24.82974066446529, 23.678176148128635, 23.37455190033673, 22.196226416727875, 21.05887547219011, 22.13753793377514, 20.866202046755937, 21.19841072905135, 20.029471813039635, 20.704482629696308, 19.124892893947557, 19.244690404844004, 19.70035287952859, 18.305677097335177, 19.2830023842573, 18.13507083609757, 17.901582609832666, 17.978690370683854, 17.102874354819413, 17.694136574682357, 17.38351958709744, 16.900465143983048, 15.862120515305934, 15.59687828837406, 16.302515377941525, 16.32231448783332, 15.333333333515947, 16.18964627726265, 16.000000000190553, 15.680307401459695], "initialization_stats": 2, "final_stats": {"q": {"step": 2, "value": 195.33245066559232}, "c": {"step": 46, "value": 15.333333333515947}}}