{"initial_step": 2, "final_step": 50, "quantum_tts": [1689.589389409301, 1556.5815652751996, 561.3359520048548, 604.5601599536286, 774.0682099850128, 467.1911669721507, 1545.8660377548833, 181.84225997923272, 231.03679180361752, 474.1356731938874, 1814.9193280319068, 267.1149509693557, 1176.642895495457, 1770.5122013386542, 227.92361739776788, 211.01496816550042, 767.5237058752748, 1276.8103149260783, 1145.0128310024738, 1743.9762054680787, 524.6699560708464, 1152.8339406622922, 240.1897389661189, 584.7948120081006, 704.2584724315077, 633.8538093865822, 673.6062294192229, 172.3265711069827, 1002.6680575125265, 664.5508269079911, 1306.5674742791794, 1290.5014927553525, 927.1245771923692, 1423.5553153777832, 272.6277080697555, 1007.9774042693564, 1609.1149473062808, 1430.136150700211], "classical_tts": [174.80923538010228, 136.06751141061804, 136.49768558906266, 127.64020563474374, 113.34856011448821, 101.37439225483625, 93.54031903557478, 85.38328150398969, 80.50524124034843, 70.65858595728005, 69.90465008135183, 68.2025713693629, 67.37783504398399, 68.28030076530364, 66.83680487700086, 67.61476270714411, 65.23416437481843, 66.07299194208223, 68.3427111633024, 67.01477529184531, 72.03789954242278, 72.36005576887777, 78.02498853323948, 81.39263959578025, 80.0223133321906, 83.92670073321469, 83.84482129944017, 94.89087965526289, 90.6575372924507, 93.3509112987582, 93.57036955970946, 98.47128399327796, 99.76610056754355, 104.29296796890304, 108.86555098921663, 106.54524611289938, 113.39117550741099, 118.10366047496817, 121.90171135185253, 120.81150667495343, 121.78799912664208, 130.4919613285092, 130.28757144985502, 142.5839603264926, 140.1869680546304, 141.7310131429717, 139.67204360349675, 147.45107427685258], "initialization_stats": 2, "final_stats": {"q": {"step": 8, "value": 172.3265711069827}, "c": {"step": 18, "value": 65.23416437481843}}}