{"initial_step": 2, "final_step": 50, "quantum_tts": [3969.4051408979294, 2553.796176356913, 3053.7617786694695, 3143.3153785511795, 2371.1428381288033, 2750.7188832962124, 2451.4087977019863, 599.097688266545, 3602.077746355533, 1705.5265159430774, 2962.19730994456, 578.3262789233152, 1275.7201911526834, 3172.2161393175656, 580.3839414027424, 1377.368868263714, 1544.2383688890732, 808.7868446930182, 325.5616475058469, 1926.8029542552006, 1241.3507253439602, 175.5930932034755, 2017.3111466669454, 2440.1475006635687, 1987.1476139585102, 2048.2215804912175, 2729.8814025288316, 2563.479069664048], "classical_tts": [162.15688013768042, 196.75070300387767, 163.577010692922, 193.5444871502038, 200.3751312085924, 196.1804756132664, 194.7517531138643, 196.9487126733676, 199.99817145640566, 202.40380240414552, 210.2964225901285, 213.4024709840876, 224.74042749364096, 235.33967905260315, 240.78455281410763, 232.62480498021162, 254.33529678220197, 245.87657858060564, 272.7171026095508, 272.2152119159666, 281.62333781239585, 284.6847675304545, 309.02400614038504, 303.0505414894965, 303.536753464701, 317.41499062695874, 337.26832040070786, 361.58230790912734, 353.7815275014374, 360.79480465249225, 367.8950995323754, 391.9027086088608, 405.3642223842634, 395.14074149616977, 403.09528440685307, 447.80203768923394, 437.542596354176, 456.3617541073959, 481.8118862867255, 479.0238655007743, 474.88257022915116, 485.823714943779, 512.0958517648277, 526.571254739303, 534.1387263788231, 524.3052126889604, 539.4735562370761, 549.0673920057769], "initialization_stats": 3, "final_stats": {"q": {"step": 2, "value": 175.5930932034755}, "c": {"step": 2, "value": 162.15688013768042}}}