{"initial_step": 2, "final_step": 50, "quantum_tts": [5875.75914789887, 5210.465774628815, 3761.8840887300917, 6366.502749832176, 5473.830067448605, 3646.091569151943, 5376.354970636879, 1834.068069687525, 4034.817309953286, 2155.467224645956, 4798.541155112376, 810.4402078435253, 1483.688816696189, 2951.7089341161513, 694.2540755514693, 1958.980652466917, 2340.5077690545095, 1727.1410481591213, 906.7028276854423, 2525.086234348112, 2355.907056201449, 487.9721530306486, 2831.133713767473, 5350.649793172922, 2416.0122395215435, 2858.108583473174, 4718.557539474466, 4088.4256789360325], "classical_tts": [318.0515233937527, 278.4810385931688, 229.27740440731534, 216.66454903991672, 184.8883151468467, 154.8160116180817, 141.1158390292695, 121.65569041547671, 106.61016519454418, 100.89854464177888, 96.27009273769376, 87.94176624084967, 81.24999103232166, 76.51849172973377, 71.53648601258381, 65.82573434881274, 65.47705076964428, 62.19221293949992, 61.03679620828604, 58.91859763516984, 55.473612262742364, 52.761245924326275, 52.38929284011101, 50.711182719057604, 50.29520596450531, 48.59918894816096, 48.44416343888769, 47.42443135446797, 45.5877780668424, 44.368197612705075, 44.66677832804158, 43.43460554297289, 41.62941668923324, 42.12603658325497, 40.706046911687054, 40.91133521183351, 39.84481575239085, 38.80931031812598, 37.851801449038156, 38.27410976143074, 38.407715873713315, 36.50268718711959, 37.506956859840315, 36.44598011972738, 36.00000681094947, 35.36337358065218, 35.31951802533709, 35.01752617340083], "initialization_stats": 3, "final_stats": {"q": {"step": 2, "value": 487.9721530306486}, "c": {"step": 49, "value": 35.01752617340083}}}