{"initial_step": 2, "final_step": 50, "quantum_tts": [5758.973484846974, 5066.641328823794, 2243.1593680828246, 2042.2554285828774, 2549.4922914147915, 1897.018478185851, 3169.7723109745284, 1230.2541860225042, 1521.3382746274365, 1622.3887467802333, 5791.0109744903575, 1675.6135178277254, 3063.3432536132646, 4018.8780654001816, 1201.0731595008194, 1258.3683948221676, 2949.7588582687827, 3887.103341750197, 2992.5360128857537, 5460.407404616183, 1425.1811141873964, 3031.491816733157, 1374.7489238821179, 1225.3169224760602, 2624.968174193888, 1851.0178148544828, 2915.2478409102673, 1342.6728953220393, 4128.540328613676, 1244.4659710733563, 3665.2973858127652, 3875.5843046813898, 4322.859034623299, 3460.038125709315, 1310.003063091467, 3068.688903539927, 3717.9963416561823, 3808.9964718924534], "classical_tts": [1186.126940671354, 1172.3308630598503, 1047.99841262088, 755.4140700904361, 662.9111873351437, 526.9403872134237, 428.0097856792095, 369.78500194579743, 323.8821961240176, 296.03858285834656, 263.64191559776657, 245.87336920771145, 225.64805547590592, 206.3449404437486, 198.36260788748547, 190.77777678356483, 189.04216067789386, 172.72980586427406, 167.60344246436762, 162.13344380220315, 161.57830492659562, 156.96450414473128, 160.60995409118362, 157.51131153962348, 163.40883731355436, 161.6646912754807, 159.79588356441357, 162.10529615823648, 166.62501471887077, 160.5036954048424, 167.07057828773438, 169.96339760202622, 175.1138035899664, 182.97519533367554, 187.95440057370118, 186.62985647120544, 187.27915471946568, 196.71795682100034, 198.83010772488927, 202.84295901589897, 201.87811229022785, 210.66041374541481, 210.8690576795365, 212.0786492132575, 224.30655780345853, 222.80332529278854, 231.88873271713373, 231.4123651223939], "initialization_stats": 2, "final_stats": {"q": {"step": 2, "value": 1201.0731595008194}, "c": {"step": 23, "value": 156.96450414473128}}}