{"initial_step": 2, "final_step": 50, "quantum_tts": [9273.19570178855, 6977.91492110494, 1976.0132060882843, 1219.4218122424402, 2578.0766886546116, 795.8237438062627, 5966.838196485543, 509.2986922489912, 492.3320122102855, 1068.5881192612248, 6604.411534200868, 678.4599505152132, 5087.5265501554695, 6928.502832077273, 497.01878040654873, 507.56130053040096, 3160.1473830283767, 8436.49386985345, 3779.31862682387, 7546.019956492424, 1526.5138954289223, 5711.24244428843, 483.5864399834495, 1768.8567472984405, 2772.6046024431034, 1276.8204151820523, 3111.8053906624023, 553.5486587066425, 8749.679552038628, 1653.201492662801, 7025.588318090516, 7802.862840005999, 8816.797277115338, 6865.544325972054, 508.5448576821183, 4570.538820751641, 4732.513429316432, 8178.91938381023], "classical_tts": [601.6512231981606, 603.8147262331188, 614.565873122467, 638.3059790668267, 490.91608144464317, 513.9424124933457, 448.3832619641441, 457.8826021827043, 388.8230312207271, 371.684346672975, 299.5156026822469, 282.98713370350674, 267.89117352696724, 258.93360046471236, 217.791870844075, 187.40737974991902, 185.609342972945, 163.91604822611146, 159.61590086175795, 145.11978216879098, 129.9229339521627, 123.2676716978658, 115.99335754606574, 111.59435490599667, 106.62750726328593, 100.66744521120528, 99.32117340112853, 93.206999340114, 94.41620193132542, 89.17456204997602, 92.01916118532615, 87.23130894275627, 88.01671050031167, 90.85373666253108, 87.88377281278574, 91.09702857374292, 93.59097601832222, 91.83648976613308, 95.09201690273409, 95.66422929756537, 99.17011687921406, 100.84351045727735, 99.13296459125037, 103.5095114751892, 100.6180192700516, 107.34125281469943, 108.69775420314895, 109.09243235298098], "initialization_stats": 2, "final_stats": {"q": {"step": 6, "value": 483.5864399834495}, "c": {"step": 33, "value": 87.23130894275627}}}