{"initial_step": 2, "final_step": 50, "quantum_tts": [5532.967905569521, 5132.249045205299, 2470.353811552904, 2247.845532535835, 2616.036952178989, 1386.3981881629784, 4419.819053091588, 737.2931218336306, 986.3499115923878, 1541.9023818089788, 5411.096643216019, 1196.2100853109464, 3165.3124329008015, 4708.630270798998, 501.19691619802467, 741.9711201632184, 2608.1201338527108, 4074.1041306952543, 2842.9060088907677, 5512.893041432684, 1433.441422061045, 3013.451668278465, 879.97824890736, 1412.2369943991619, 2502.1438586559125, 2080.9874527517463, 2299.4284898462583, 1029.5717326334136, 3246.4282587119847, 1923.997724946078, 3369.0015106654696, 3377.220635200855, 4115.916003191091, 3885.1931256908883, 751.965609040707, 2877.90891197716, 4114.890428248298, 4369.540894075878], "classical_tts": [458.21057655338853, 460.9244048418502, 489.89531918337315, 511.65680185866074, 438.71762125198154, 397.3731553831864, 419.11011743742625, 416.83634652148277, 350.9730235343105, 371.684346672975, 390.1314207412929, 352.10467112856384, 343.30826080516715, 345.0543843477484, 341.5549436394572, 331.1092668133091, 342.42485194259626, 332.96933576770346, 319.7707915960847, 326.8945675468785, 317.4346096750764, 315.00454048790414, 324.4151744412713, 336.76008127097043, 323.38720247114907, 365.2848779333187, 356.35352052830746, 360.1158080565941, 374.355423393293, 376.3815745814874, 391.01374438500244, 411.12098874455177, 403.7785482636748, 423.26013091409743, 404.9083623714742, 428.64470534113747, 448.1232681684873, 445.9903519073125, 452.60965182893875, 473.89371005836847, 491.08667493678587, 502.003092268544, 505.08537159487935, 527.3868800807528, 556.2847434870995, 536.2537744462068, 548.9112023474615, 605.5220574843908], "initialization_stats": 2, "final_stats": {"q": {"step": 2, "value": 501.19691619802467}, "c": {"step": 23, "value": 315.00454048790414}}}