{"initial_step": 2, "final_step": 50, "quantum_tts": [13.679560524137255, 19.590036085255, 29.23986289537734, 41.87633216157151, 49.032012730232154, 49.214331397093886, 51.98087146804903, 64.08184446219933, 85.18496117649781, 98.76750945671569, 93.09660379656107, 86.66159061996366, 93.78681089118416, 116.12022689725502, 137.90420637305755, 135.63700963375476, 123.75038718055642, 126.77432593389844, 152.85934453975185, 189.8047962379202, 196.96097814617198, 173.79545975455764, 161.52508531614626, 177.4693265611827, 216.0295566251078, 239.48799763102494, 221.07544531704661, 200.2762302122059, 210.49453344525722, 257.2390633979374, 306.645225548957, 295.31191652225505, 253.54641096540857, 241.7920640869371, 275.1530433836134, 332.80292497620667, 346.3158054978446, 305.9041936343755, 282.4459581974835, 310.99924352912427, 386.70456260748705, 436.6429157550635, 393.5738427020227, 338.8099066498489, 338.368623685588, 398.3981955065371, 470.3331422871948, 459.4290035424206], "classical_tts": [10.446512747529429, 12.071053492101086, 13.628825450922438, 14.348037990921672, 14.70224234768305, 14.498634063543184, 14.27876174355855, 13.84110810188211, 14.140464753244368, 14.44846106217098, 14.245147046883474, 13.909589234134463, 13.771404845354617, 14.011082729080787, 13.983837022927938, 12.757523298616631, 13.625766257770968, 13.405123077635087, 13.195221930566756, 13.624312746191052, 12.477236836872372, 13.450564644674284, 13.943384290192995, 14.127877009066697, 13.5358944963135, 13.351290689374899, 13.766937672486236, 13.157178478609959, 13.037639690323081, 13.209547171216158, 12.683923101740222, 14.06177602097204, 13.476668295598985, 13.450881269777943, 12.000000000142915, 13.70893338599628, 14.351442370991084, 12.48024466646792, 13.778422363627786, 11.382375668461028, 12.723301531969799, 13.76026976046463, 12.215232424689884, 13.632108784253356, 12.770470262175788, 13.04808918091874, 13.325708099661693, 3.744978900934441], "initialization_stats": 4, "final_stats": {"q": {"step": 2, "value": 13.679560524137255}, "c": {"step": 49, "value": 3.744978900934441}}}