{"initial_step": 2, "final_step": 50, "quantum_tts": [], "classical_tts": [312.5751924504704, 270.1058672929777, 220.0051468854376, 181.76607996561827, 152.24439016422784, 125.2513458770602, 107.76322600671054, 95.4688754341901, 86.80206233690127, 74.95321232888323, 71.5773570052497, 64.2885575518991, 61.07136368314502, 57.99311406621608, 53.170024154017234, 48.95322118700665, 47.695074263049534, 44.16680465891494, 43.970774227499305, 41.858564413953786, 40.4119159095197, 39.076386517415685, 38.131893190930896, 35.669738736027156, 35.42216816765801, 35.47900146373991, 33.43242575917087, 33.51573457466911, 32.21129246895639, 32.288626368724685, 31.913105135657624, 30.805990783590595, 31.30218524200408, 30.508663148232984, 30.72980149735222, 29.80800499341667, 28.64144642501404, 28.194225093460346, 28.53004523592528, 28.39930111519307, 27.48076665173606, 27.6565548111744, 28.157371279110187, 26.738255490423374, 26.227700495524175, 26.51238760835813, 26.524197805409322, 26.595858047543913], "initialization_stats": 3, "final_stats": {"q": {"step": 0, "value": -1}, "c": {"step": 46, "value": 26.227700495524175}}}