{"initial_step": 2, "final_step": 50, "quantum_tts": [1531.805709065344, 1543.1951945654907, 709.5067541345763, 804.0893326310901, 640.5481505399488, 421.7072525359827, 1404.082835673549, 137.11943731298717, 293.50801294623295, 394.781076566474, 1628.4835035403105, 285.43275039275585, 1063.435395788776, 1358.976642404758, 102.06178310047147, 176.7375875558395, 1005.9802113259486, 1266.722896104133, 1136.9800675785593, 1401.9782612571923, 507.959293683721, 869.7555715139636, 203.59906754928159, 678.1282693851919, 621.6299612751723, 605.8186864247069, 856.0140157161891, 253.85261411141695, 941.4579042340595, 626.5922434082336, 818.6516898521734, 930.765286499204, 1204.4884669228004, 1070.8160934909292, 212.7386697843648, 1219.1609651309939, 1257.9419156559582, 1290.426088362543], "classical_tts": [78.8233684958618, 73.24467724875792, 72.69543003006748, 64.38000127924506, 57.67829428432932, 53.9530451996649, 46.38509661656467, 45.593330988941496, 39.59013252489698, 40.13304209918883, 39.01249426661974, 37.02097440333975, 35.373728132209465, 36.45659462466007, 36.82840085547233, 36.3091248241137, 36.10120110838442, 36.33729649847574, 37.30598479242246, 37.87907506515002, 42.36679227101153, 41.10927267495652, 43.32076647981644, 44.46425082328249, 44.79227172504438, 47.5492139621813, 47.07947215821897, 49.252606468850594, 49.57770185928597, 52.42365321571779, 52.7301270684026, 55.72588937145633, 55.782836571034785, 58.13374166053804, 59.92419007617583, 62.39100026239172, 63.572937877189865, 63.52338296984726, 67.44973001339646, 70.1823730636886, 72.09950059073051, 70.08953137072045, 70.78483175510665, 74.47409983055418, 77.90146358524066, 76.16481136074718, 78.92360353921437, 83.04143468727318], "initialization_stats": 2, "final_stats": {"q": {"step": 2, "value": 102.06178310047147}, "c": {"step": 14, "value": 35.373728132209465}}}