{"initial_step": 2, "final_step": 50, "quantum_tts": [196.76847644942816, 237.16830854419328, 285.5681522371343, 384.81253597823707, 245.01534701509894, 293.36160990177626, 323.70531853082207, 524.0704590258667, 764.3695031265291, 503.8532241201708, 551.1934375661075, 757.2029138526125, 971.5933575644975, 914.8764072615352, 1170.0912382094427, 1062.4175760620271, 923.1425196096734, 1387.5428053106818, 1233.931895619699, 1083.837752044691, 1077.0903109730768, 1082.9520092638309, 1222.1329341843891, 1285.5416453270502, 1399.7410980777515, 1188.037722861136, 1219.0915595606475, 1674.1239669227068, 2298.848179686437, 2449.8730927248716, 2623.2509148558775, 2759.004619923242, 2768.3889428007237, 2864.674541227632, 3064.6196682506916, 2749.9192296311785, 3102.1401759799996, 2545.948354194586, 2516.676359126858, 2550.6245151334474, 2463.961558866007, 2761.2490410596993, 2830.805245211011, 3563.3826243671806, 3628.916568587099, 3322.8516843060443, 2718.9582737575374, 3170.619840965598], "classical_tts": [130.20672521319594, 102.78059494469866, 89.78113496070974, 80.6700095740116, 66.24146805469931, 56.41930144322256, 51.13265606524163, 48.10605310192849, 42.2036091709684, 39.134304502267184, 36.263014916980275, 35.248503679366394, 31.638933018332963, 31.668236955225716, 30.115746380547126, 27.931870383781067, 27.045453311667874, 26.15566556417602, 25.107991569217315, 24.437505071581338, 22.9263274607914, 22.90004575657254, 21.77121717196706, 22.051442893664834, 21.089446171420914, 20.40343808236306, 20.18430951488697, 19.31158274648876, 19.22254658723613, 20.112080720567743, 19.70035287952859, 18.093010499503784, 18.86039458513321, 18.047729089538667, 17.70034843605373, 17.529743613293792, 16.514343607742568, 17.408132944779577, 16.287096190978787, 16.900465143983048, 14.000000000166734, 16.23979005138465, 17.440394264892806, 15.500725159081261, 15.845185718171955, 14.237980285775727, 16.534106836353345, 16.333333333527857], "initialization_stats": 2, "final_stats": {"q": {"step": 2, "value": 196.76847644942816}, "c": {"step": 42, "value": 14.000000000166734}}}