{"initial_step": 2, "final_step": 50, "quantum_tts": [42.45775593437817, 78.56540643609141, 88.29250471194231, 91.88845774640254, 162.179930796622, 207.25006374329345, 222.95052422165284, 263.02952791945927, 278.0877723581839, 255.28441273827323, 205.91091222207922, 240.94687499331428, 298.9013066668186, 271.50850827091347, 301.69055989350574, 427.56248864936697, 484.75809828894086, 514.4468995935993, 551.5918674668656, 526.7236386106591, 491.9523092011022, 433.66306162637545, 514.1618524308237, 572.759039330285, 521.8077365183815, 574.1599730602833, 691.636790956552, 679.6805416078967, 651.5250882900484, 639.5059478169645, 599.2852849380625, 544.965242947384, 487.318860823306, 530.0003616972629, 589.8938232515254, 604.0156909189614, 778.3741903184801, 898.1185432156453, 947.6312462082223, 906.9519044720118, 989.2476049381805, 948.3241926794598, 732.0377494190085, 793.11246521212, 1010.9247650943074, 1029.4387450409936, 1002.3181163875881, 961.6429059757593], "classical_tts": [37.349852435182854, 44.51077175916308, 44.92248658816015, 45.658297840193434, 42.64042058042051, 40.24718734663668, 39.8685433365627, 38.86901501502292, 36.97810849079489, 36.8193548265192, 36.36515666654223, 34.43462972035454, 33.38419749728258, 33.669214423892214, 32.9476879364902, 30.94475899716171, 31.777968686524215, 30.891071578695854, 29.182471430499945, 28.977961958709095, 29.004010988288346, 28.443561218591288, 27.99238842003424, 27.76260069591286, 27.902560105723868, 26.88266240987022, 27.63444422833144, 25.462856459963444, 25.748803957779344, 25.985508327194943, 25.99529212628945, 25.763618747487143, 24.972259803049862, 24.718358816320066, 24.541092813201082, 24.468393080665603, 23.687274460079472, 24.60526449193981, 24.69457810178579, 24.734894430311915, 23.691920841511518, 23.66889757975206, 22.960695561562357, 22.800151901074866, 23.948121031847744, 22.486137926057683, 23.253100007342265, 22.231094670610805], "initialization_stats": 3, "final_stats": {"q": {"step": 2, "value": 42.45775593437817}, "c": {"step": 49, "value": 22.231094670610805}}}