{"initial_step": 2, "final_step": 50, "quantum_tts": [1396.9726636216058, 2831.1919038350316, 3480.2920220746314, 3050.084260091773, 4299.818447302741, 5357.676561897905, 7099.740710567089, 12083.964913653976, 10447.855159331346, 7486.681368183279, 6931.898633688643, 12518.354228703454, 12448.82570125746, 7043.621319260707, 9080.945326203875, 24311.92444436999, 24936.822840815246, 14788.798915608455, 14700.470770819838, 19475.426782187085, 24335.33401021139, 14228.463838957718, 14002.565358841945, 17106.88872684409, 16681.01882899075, 18087.888037713336, 17982.07768520639, 18045.169744213636, 18958.92816070395, 23556.03321902206, 20031.615843860847, 14991.542616416877, 17834.182431534515, 32774.41830567666, 23158.78725326337, 17321.22080296831, 26722.993141250714, 29885.50617937708, 27124.422460031743, 21026.249136984414, 18267.518328918213, 21123.984985018014, 20262.355652623268, 16128.08708150039, 14342.515366675243, 19502.147230976676, 25574.0111230924, 22179.177648155684], "classical_tts": [918.7295284714155, 678.7876992062376, 517.9536849407767, 484.1324441083418, 345.03367713013193, 284.25655255423806, 246.0741450910322, 236.19241245905468, 204.73054522786143, 195.95735706867455, 182.8492980832554, 165.0398348614117, 165.8722107530083, 159.2287052686855, 163.4970836113509, 166.3945541828574, 155.00441098453535, 162.6216789293682, 158.78904364604756, 161.585616001568, 165.4450154027159, 164.15498111313778, 170.10778458144335, 168.24960651771508, 169.2015577760405, 174.91642618609785, 177.63700093815336, 178.38535316380023, 184.1787376486832, 188.85056045577448, 194.47302076219484, 191.07005893349276, 201.36169954265964, 201.42357278892936, 217.1057493819018, 218.29999921838032, 223.35385902608937, 233.40420835632568, 222.26812281691227, 236.17345843917843, 233.0622349467468, 240.142949985878, 252.15948291076862, 257.77051770066856, 256.4272758049258, 266.7425710081823, 272.41794485942023, 267.8610227626016], "initialization_stats": 3, "final_stats": {"q": {"step": 2, "value": 1396.9726636216058}, "c": {"step": 18, "value": 155.00441098453535}}}