{"initial_step": 2, "final_step": 50, "quantum_tts": [], "classical_tts": [149.92265796023844, 152.62753406090144, 136.22768881500056, 137.6265343637707, 129.25044565730707, 133.94558676348362, 127.65235819447035, 123.80696426624917, 134.35426369430547, 130.1248370340235, 127.3829642149484, 127.15740201482052, 137.67836149119026, 137.32518022295065, 138.88329973904203, 136.62041511558147, 141.2798120992537, 145.78563666331974, 153.9778112286006, 153.73039907648908, 159.4859369434139, 158.52559868470524, 172.02788891513876, 174.49435595782467, 174.79972674833607, 182.64828373099547, 191.88360479435812, 193.0799710827129, 206.88062228386968, 199.72646343377144, 212.18611158980738, 220.04878876235446, 221.04105583241915, 227.8860023686808, 238.58782441028765, 235.90151300470998, 245.19368832310997, 252.2771891391312, 258.8755983292957, 259.72544714011167, 278.0692002352731, 271.3205732230164, 269.73628151804127, 283.52036077132226, 293.13735635185697, 308.9686312078349, 307.10142321576893, 310.8647516417684], "initialization_stats": 3, "final_stats": {"q": {"step": 0, "value": -1}, "c": {"step": 9, "value": 123.80696426624917}}}