{"initial_step": 2, "final_step": 50, "quantum_tts": [947.1956261415172, 855.1514855374159, 161.9234636200591, 159.07020961127208, 163.78749121177643, 407.9669651035372, 584.386875028347, 741.8488313951239, 545.938397383587, 340.73738165555403, 822.1300736907986, 419.3469688283384, 225.10653998896646, 745.2349821678642, 716.0924496975157, 695.8083054262253, 179.46715647199156, 446.66595827413397, 190.5229563031464, 780.6784766756537, 271.9719006264758, 256.6474381100977, 602.4824400581894, 230.68235833483007, 164.18739477595287, 169.9119952105756, 170.39703403827107, 451.0044895776369, 353.5097110236788, 194.6747158905778, 285.94297457107433, 314.5156645673443, 399.7271204954218, 487.2359525019655, 662.5385811809184, 205.15738434019556, 534.5803624938036, 652.7019346183031], "classical_tts": [655.576174254772, 846.7266912408602, 653.2654636666502, 566.2948628891869, 465.3832148759742, 416.0493296453959, 376.4879745914105, 301.7346973845759, 273.4753910690603, 246.2331406998653, 209.8410261948571, 194.71025764750965, 182.24238624146804, 159.5713180019888, 146.2931641309569, 136.4618137940312, 127.4450938426458, 126.95430668680902, 118.95541039342221, 118.6339358039559, 112.32480464199496, 107.49733640798841, 106.35207755653587, 103.90021316665134, 100.82823591585904, 101.65652795759716, 100.46474071537476, 99.89454915337566, 102.40222865141925, 102.94263759147097, 105.19737495589604, 102.10645069755836, 106.55027606108622, 107.8746068080093, 106.18967585280357, 108.30404721767177, 112.4817294097118, 115.52257356196638, 117.74139825129366, 117.73572290394357, 119.68927018788426, 121.64976977053844, 122.85210506128473, 127.39618113967215, 123.40307129805694, 129.24959771492132, 133.5580244224504, 136.85988587982166], "initialization_stats": 2, "final_stats": {"q": {"step": 16, "value": 159.07020961127208}, "c": {"step": 29, "value": 99.89454915337566}}}