{"initial_step": 2, "final_step": 50, "quantum_tts": [8292.079568981018, 6834.1625262291, 3394.084944287723, 3120.1543473638408, 3377.4503150982873, 1908.773611798297, 5921.619319549047, 778.6990556202084, 1242.641297423517, 1930.623035066327, 8102.053738268818, 1683.9635819171178, 4304.980336332704, 6329.4607070488855, 499.1633665197518, 805.3892218828275, 3536.433534590056, 4827.634714962964, 3937.0214579143335, 7745.916561301835, 1836.7666537476293, 3452.8940546648164, 1058.8710238313479, 1797.4656571121268, 3421.5860472490203, 2876.545541778499, 3046.599250653439, 1333.5874015231655, 4199.198806487555, 2548.730644224949, 4046.1153346942638, 4369.35918759707, 4877.84486573198, 4765.980904905815, 881.0368903060327, 3991.19361507268, 5055.584398394476, 5941.881746766208], "classical_tts": [452.5251328041584, 369.9275504696965, 431.3708858341133, 452.44501350509836, 383.5952489025783, 402.5392899851539, 334.2142551598923, 325.12774820730385, 339.22694932643253, 358.2992029761856, 312.0103513779701, 332.3685858940997, 340.8155679492626, 324.39230105174585, 314.6258903937244, 318.93640185626316, 322.431071691653, 322.7921551850748, 322.02930153882664, 318.7591625492632, 323.3682732082697, 312.80204653283, 316.68391447298507, 340.29979819386716, 335.6174164357079, 355.965780546478, 363.564669197711, 373.09212728311275, 349.15626256692804, 408.00586730100383, 408.9534466254171, 402.58796615275105, 395.10184828471176, 409.8723866556873, 411.99619764558656, 439.06241241228514, 454.83897013025404, 443.6312123020937, 484.4953114425777, 485.7686172052385, 470.6291931478089, 485.823714943779, 494.51742655065306, 536.9329956488325, 523.2573273306746, 540.3459274381764, 550.1640981244209, 569.4114872338492], "initialization_stats": 2, "final_stats": {"q": {"step": 2, "value": 499.1633665197518}, "c": {"step": 12, "value": 312.0103513779701}}}