{"initial_step": 2, "final_step": 50, "quantum_tts": [550.2990161204278, 527.9508330538599, 419.58370430414715, 386.82748901601013, 435.1127397574104, 323.46989541734393, 448.3070941965603, 450.78340848815344, 356.5078662675561, 327.45895492240095, 510.24374720184454, 310.8383218978867, 364.29921252601093, 480.9819985004407, 463.1031972752472, 426.7815928025079, 432.4120527696428, 389.1332313842001, 412.0355212181563, 492.99795892846066, 330.18694535492784, 361.501098428857, 372.6403696203164, 349.61963876426995, 445.5759562653178, 392.95713486751436, 440.64740700679056, 320.24602907736613, 369.1663110700806, 387.58713665869556, 365.86231068558743, 367.5252715820417, 376.42202542396836, 412.3924529115147, 392.9178540816821, 393.3893868452061, 434.64769163847467, 461.1896665129734], "classical_tts": [679.9422506797889, 578.2449533693638, 594.4294657126343, 542.4577211926292, 534.8472340535292, 403.8514523148546, 409.3724235393516, 345.2989506995211, 339.22694932643253, 301.79761834111036, 271.91195539576734, 236.52500479958596, 206.74418882828874, 198.43506472577326, 167.6802839196011, 156.73613798098086, 143.65431077558216, 134.31092607793238, 123.98618753422389, 117.06462591094437, 109.59142746701667, 103.42100622624845, 97.2446987696539, 93.7374387688536, 91.55037363034553, 89.43374891403921, 85.90459010952539, 85.21355475353567, 82.4997432222902, 82.70720205639806, 84.8203320855762, 83.49481667410441, 86.8215822668257, 85.18125225602218, 86.87294562703595, 86.65444898309461, 87.02278161027368, 88.76825192511298, 90.18215536432055, 93.60630160574284, 93.3489756207692, 95.2147751326493, 97.66125189584471, 97.2319629354366, 98.78525422295408, 102.7354328215249, 100.95876844673188, 107.25302165868652], "initialization_stats": 2, "final_stats": {"q": {"step": 9, "value": 310.8383218978867}, "c": {"step": 30, "value": 82.4997432222902}}}