{"initial_step": 2, "final_step": 50, "quantum_tts": [456.3367561648417, 916.8826526285475, 944.652256848497, 858.4875617938733, 1478.1534686205348, 1829.9164064526553, 1984.2571935024937, 2953.5380976008873, 2552.4091344036137, 1936.9056350611008, 1839.8247036434245, 2759.891131871574, 2724.501484816975, 1802.7274355694472, 2203.8435856291735, 5040.077947814616, 5641.811417521499, 4167.071861938173, 5056.007040167891, 5941.0703466904015, 5618.1409320078465, 4009.904983065479, 4677.873125713332, 5156.939707371386, 4314.521090850185, 5479.072718616544, 6181.574265028369, 5387.349876913819, 5967.667525853797, 6356.773510563916, 4789.45482947737, 4003.358780908205, 4413.030516922838, 5374.197930745182, 4932.905326250853, 4509.686283571691, 6638.028764188197, 8454.492805737966, 8054.419179793318, 7202.414455733435, 8281.138224322218, 9128.507213549095, 6296.217463300084, 6393.3017685853865, 7430.252176698279, 7182.302737164033, 7637.0612478233215, 8621.932032637493], "classical_tts": [335.68629227939437, 281.3878788283132, 229.27740440731534, 220.4917333837763, 191.0808472769246, 153.38475243032812, 151.13141348598427, 129.62138008399768, 131.27952673906873, 119.93533530954504, 114.8233145693853, 109.33485738162699, 106.28362765199368, 105.80990584186577, 107.56906261436066, 101.1601992088748, 103.2041327604586, 101.01546080136609, 98.14858112480904, 98.02758283396282, 103.3808913807338, 98.81790334906171, 98.92665763301574, 102.12738004253794, 100.40667154912512, 106.19791541618058, 104.90699006849957, 109.72325078874906, 109.69862286167604, 111.39362449488735, 115.32823807629315, 118.36106884617134, 116.77654345302281, 118.51816404251777, 121.59528615422875, 122.95568085616486, 127.70127534624532, 130.87225260949165, 132.73344949390116, 136.2973450710603, 134.02955058369355, 138.3516719209031, 142.99456333326128, 144.683221227713, 143.1381617235494, 152.089243930774, 150.15743698252726, 156.03383346389725], "initialization_stats": 3, "final_stats": {"q": {"step": 2, "value": 456.3367561648417}, "c": {"step": 21, "value": 98.02758283396282}}}