{"initial_step": 2, "final_step": 50, "quantum_tts": [13.010535384983415, 19.19819244609902, 28.725678280106486, 40.65620204923568, 47.15698278031991, 47.969571749482334, 51.086392086535845, 62.236919748018266, 81.17200767845557, 93.68811433970312, 89.40150556822859, 84.173797102212, 91.3536261588914, 112.71543518278612, 135.09119921855032, 136.032502087481, 123.79108010642577, 126.96420386293363, 153.08898360967228, 189.71771932038305, 191.94834061705134, 166.638876402662, 159.6599478098521, 171.92773281056674, 204.3399397222757, 231.12595018496503, 216.1056824549437, 192.88028660604053, 194.8982863434112, 231.84762672776128, 285.54010752817186, 291.93875916714865, 257.58926387122233, 246.02095335178143, 278.9332923629422, 338.2661777376046, 353.40819383748885, 312.68881759354315, 286.47137014976806, 314.47285044834325, 374.23312798982585, 415.534000931569, 387.3412372290276, 332.43986304448487, 312.2877591387948, 343.59334513616767, 422.246795172943, 454.474110853249], "classical_tts": [10.962830879060755, 13.723464293230752, 14.572122529030091, 15.933169112140922, 16.29095080498827, 17.293368748064704, 17.285682299635774, 18.038214397977306, 18.062990379968184, 17.825806914217424, 17.70484156124104, 17.58342917484876, 17.246161779441792, 17.790468861923053, 18.07455661462201, 18.00754759444559, 17.80423558752703, 17.278494027550103, 16.966203326670836, 17.161600547330067, 16.39358184205902, 16.923935720497354, 16.727738518089318, 17.244094994338514, 16.743493880767552, 16.66884021874219, 16.8416925661405, 16.56384098247669, 16.44819136318526, 16.289298042624335, 16.500780881863925, 16.130944235731057, 17.35927347070196, 16.123859046703988, 16.06904579518115, 15.60120901312689, 16.667831246666797, 17.259406993674745, 17.701955890948458, 14.871442088914803, 15.862120515305934, 16.79249775892884, 16.302515377941525, 15.500725159081261, 13.93504453501454, 15.040294854461338, 15.360301127960517, 13.603327018404643], "initialization_stats": 4, "final_stats": {"q": {"step": 2, "value": 13.010535384983415}, "c": {"step": 2, "value": 10.962830879060755}}}