{"initial_step": 2, "final_step": 50, "quantum_tts": [104.41137845791886, 143.12091005761386, 172.62663254114543, 198.6707940424879, 196.097813312021, 252.5756507507547, 221.89679329469016, 241.05975933608542, 360.3737893827361, 341.8485074078213, 427.8486708156097, 511.6064274948815, 571.4305750558831, 503.27095864405726, 660.3024316904604, 580.5340127384775, 534.6463524690843, 628.1628635728451, 766.1727066458152, 820.8333948691247, 906.9479909741813, 931.4508541372311, 859.7307932138659, 761.3853354471792, 699.2028720999159, 863.5101279626372, 894.4366036808798, 956.376510887905, 1126.1350775320911, 1121.9408572432142, 1171.8953335301528, 1229.5523980268279, 1069.8484937422932, 1237.1897244933818, 1257.7188698869936, 1295.6883400271613, 1322.4030805957038, 1300.3613182127733, 1289.9522136669138, 1057.7195414759342, 1069.227074866284, 1129.3880034163253, 1178.2734771364283, 1290.1002771278772, 1471.2409091590075, 1480.4039873356458, 1442.7375505600817, 1529.0300030577832], "classical_tts": [84.15848551787037, 81.51587373604055, 71.1007030189801, 62.59649742299355, 55.53261412212288, 50.12100878796601, 48.130252396346414, 43.09604373021177, 41.5437720574748, 36.85931618986088, 37.27436255534563, 35.541002444112415, 36.10610195723442, 33.23705286878709, 32.24445703393725, 33.39956368894294, 32.650474057499466, 32.523538736831306, 32.15141414012618, 34.05588475603582, 33.45614174696854, 34.84574268359085, 35.40968312248208, 36.716437768064125, 35.025258762298826, 37.1389920813898, 40.7144315904812, 38.531007848575726, 43.2875986265539, 41.55855036151844, 43.00354343263335, 44.81479685830476, 46.247040616774655, 47.76016613515009, 49.795002837675106, 50.1661645550857, 49.13368934897314, 53.0055036444692, 54.670494461427346, 55.41075089441361, 55.985787776511124, 55.784003485138456, 59.897153581381346, 61.209318463378224, 60.76923671021593, 63.72458740781156, 64.6097702968002, 66.54318321384646], "initialization_stats": 2, "final_stats": {"q": {"step": 2, "value": 104.41137845791886}, "c": {"step": 20, "value": 32.15141414012618}}}