{"initial_step": 2, "final_step": 50, "quantum_tts": [80.14403509473084, 89.04265160981299, 93.33118018207887, 97.69981035015489, 107.89511781911634, 129.26828272182587, 225.75536032277526, 566.2656098946763, 1603.961697353386, 1820.107540066297, 3648.6201323767823, 18348.532778590827, 3221.5841763192666, 2386.7036969686387, 2270.271073433247, 2256.762578305027, 2143.632857923234, 1581.6241243532327, 2283.018132523611, 4052.720194714682, 2975.3670984991477, 3147.258337576874, 5001.938546126828, 2543.4534228610705, 2790.46661610011, 2965.858861686033, 3202.051949599279, 2736.0860214494987, 2841.957496275241, 3163.4267316677, 2871.1664468874087, 7109.694515489889, 20149.52000588145, 23943.071721800196, 21320.97663846014, 9084.202921944549, 4610.475919630193, 5633.516736322142, 9905.713275914273, 4494.806831958769, 4889.903671208625, 21552.312109183164, 15367.139773410054, 7103.347411518671, 5701.010410592311, 3854.136035241821, 2462.620263711575, 2092.1663893348655], "classical_tts": [94.62969097816944, 111.6397609372341, 167.50852472738458, 167.3042200246536, 174.18796460980252, 212.6349778195938, 230.67595998141496, 270.4995124122315, 257.6237953621782, 287.78429449832976, 304.4887803284557, 328.8706225193249, 335.9322624362833, 382.9206169042312, 354.3372474630212, 381.56982358301644, 429.44922812179476, 411.9727654368187, 426.9436795493215, 449.45105974395835, 466.0270816502554, 527.6266603539533, 507.09280583153367, 547.8026872511718, 583.5773772446133, 569.0235455215325, 660.4908735067827, 579.9946972235764, 610.3945167358951, 605.2277669544117, 596.2298908884168, 688.4407282241749, 690.0731196753746, 681.6955493215187, 692.9207675437583, 686.248184982024, 777.0096239997386, 710.3712564047324, 769.9119639375092, 844.6459028836107, 871.785930795092, 920.3045509042958, 808.6996531557738, 872.3122133145109, 823.0802729063957, 867.7626830077539, 941.6172556172446, 904.6887546251053], "initialization_stats": 2, "final_stats": {"q": {"step": 2, "value": 80.14403509473084}, "c": {"step": 2, "value": 94.62969097816944}}}