{"initial_step": 2, "final_step": 50, "quantum_tts": [37.229255890117464, 57.24507670081548, 62.64273661622553, 95.63577167680091, 117.76115040118978, 144.009342741067, 151.25256653619437, 163.8362029071896, 213.74825329252286, 187.79034673159686, 204.3559179874419, 257.488559134847, 277.4832462759994, 299.66404164333363, 325.6344003476771, 341.36985712950826, 335.1596511150267, 353.4673556948098, 362.25568711879873, 338.5613333524587, 375.4221165009896, 363.17840860070237, 415.6003769704819, 419.2348826014377, 382.4384605260759, 435.36511791133216, 494.25871371349143, 584.3900427573509, 591.5643488754781, 622.6679646983887, 644.1407006610569, 575.1569814233195, 567.2215590974165, 663.2427991207118, 687.2392037565689, 739.869850479944, 756.8852453247573, 723.9248973549177, 728.4196157479779, 557.8079358451641, 493.13479990055026, 653.0548072397323, 641.650355763357, 684.8028044094976, 743.6800311588164, 741.2316410646583, 746.5107349173137, 756.8496569206268], "classical_tts": [37.521929630148605, 36.42402334659432, 35.23941110608059, 31.64252644836013, 28.998339386515074, 29.472567854932883, 28.92845446831382, 29.64001107237747, 28.796012462945775, 29.90789453738258, 29.929956858392067, 30.789558195531164, 31.876356312911767, 32.081160340017426, 32.667046526405414, 34.613789079829616, 35.36424390593958, 37.174945597073, 37.592421575551704, 39.82979018483508, 39.766469254715894, 42.2193154477108, 43.656136557838494, 44.7154464471553, 47.49318747375898, 49.319848530442016, 50.187092961315884, 53.755666808191705, 53.58306405608199, 54.7093979328324, 57.437383204755825, 57.58335373350194, 62.06303952698163, 60.2114795960983, 60.57422208852432, 64.97597648311525, 65.3259143143353, 69.95261846294154, 71.39380871779275, 69.33450909175579, 78.12470905216583, 74.3435199469781, 76.99572894040209, 81.91259734544705, 78.90985000866493, 82.712360406888, 81.2884837411207, 86.29301793136607], "initialization_stats": 2, "final_stats": {"q": {"step": 2, "value": 37.229255890117464}, "c": {"step": 10, "value": 28.796012462945775}}}