{"initial_step": 2, "final_step": 50, "quantum_tts": [1935.6708948371304, 2067.709720998228, 482.35965824111605, 557.8038064150338, 760.5507087122006, 444.27286887625814, 1563.6313453235339, 120.87244352076505, 227.2758828940356, 388.3065641325393, 2038.0231574258999, 289.33880468892005, 1134.9127372084567, 1734.2015579032634, 87.61526270602957, 134.3103341555452, 585.842857582366, 1685.6067702903872, 668.0853802022469, 1780.2114041451125, 392.73734850840015, 1236.1103716417767, 198.0369580695414, 485.4614040951291, 454.8021234549993, 526.928676645318, 637.644851055422, 215.0488764278998, 909.8164509472423, 551.9989352579977, 1387.0460276738368, 1192.1827781181885, 1475.2918198597763, 1487.3332907840372, 199.36316033438658, 742.4012477172746, 1529.646901148479, 1475.9114182772903], "classical_tts": [57.86517954272784, 62.90364438025003, 51.590233677255895, 49.842367680668815, 44.62562921140071, 44.343369023919095, 42.11954275701806, 39.78541427038831, 40.77147275569701, 37.78064641127055, 37.77989501054237, 36.51130675211939, 39.02179655950076, 37.51461048458015, 39.072751065214995, 38.65442781421603, 38.813405773711025, 41.98589040267563, 41.90852759706989, 42.61199148372177, 44.33612842166372, 43.987253656049575, 46.828527402200685, 46.34109207602734, 49.14234820504601, 50.5034304888159, 50.2223927426247, 51.90642329348078, 53.92328451344, 54.90287126615525, 59.192666168043836, 58.85843464896875, 61.84619345693786, 60.98670509674351, 65.66783883655664, 65.99279036399527, 68.88048109141451, 69.2665087823205, 71.94824278344474, 72.30648947255659, 71.1783725890913, 74.76721791340609, 77.32340850970922, 78.30030792516688, 83.96764171297515, 81.43265598277216, 84.35280928331915, 85.98840249747192], "initialization_stats": 2, "final_stats": {"q": {"step": 2, "value": 87.61526270602957}, "c": {"step": 13, "value": 36.51130675211939}}}