{"initial_step": 2, "final_step": 50, "quantum_tts": [1388.3736235218012, 1286.1530573329242, 618.3001189528177, 650.4938769006537, 603.0124880032866, 824.1934701303552, 1086.4753442831093, 1252.6795979403403, 1156.029649320436, 891.981359210172, 1313.423937600015, 1041.836366550845, 708.6610661429933, 1185.4419150106155, 1108.598377529175, 1317.5002393974464, 626.3862378991573, 956.0151283964394, 659.7693500892761, 1241.0904113185268, 824.3856681780528, 767.4636947931882, 1254.0979643176636, 731.7373135015355, 638.1240893866134, 682.7352352210439, 628.2037194062541, 1038.7126955710528, 871.2864369160602, 667.8898921794231, 802.0502829720921, 828.3167454346618, 918.3884942639324, 1018.0085343725034, 1267.4540383064884, 683.374678470163, 1066.2757064023276, 1153.876799709309], "classical_tts": [1186.126940671354, 966.0515190426122, 928.0799087090312, 620.7795110236628, 574.7702795583474, 478.4797264235069, 421.615710893704, 353.90236307093915, 304.30554632281195, 274.55596912539295, 243.85616153160117, 224.40912040275072, 201.44843440697557, 185.96494489451763, 168.63581643650338, 154.1555590588816, 144.90943423263644, 139.69728929676214, 129.56772310081323, 121.47635670717148, 120.48198145802931, 117.43047758026745, 112.68528937090134, 113.19663069723738, 104.65630709370447, 107.30546119907336, 108.79150034812207, 107.39717909878887, 106.25882282588347, 106.31763392618316, 104.97076068813465, 104.37578762707831, 107.84515943241574, 105.91595377026111, 106.78558006849725, 111.57547843170077, 111.34770131568429, 110.33351211746509, 114.70455436036018, 120.13830931429095, 122.98263866099038, 118.12736105407917, 121.16667692042938, 122.89945566218846, 127.8163352247408, 128.3174423691781, 130.64204068015601, 136.0581473865497], "initialization_stats": 2, "final_stats": {"q": {"step": 19, "value": 603.0124880032866}, "c": {"step": 33, "value": 104.37578762707831}}}