{"initial_step": 2, "final_step": 50, "quantum_tts": [23.58615248760679, 31.741504886537566, 61.80183784523443, 143.10836362398487, 149.879889838404, 93.68486432471725, 82.21855503629159, 117.51503182538356, 254.1200296957175, 368.23097742196944, 205.34967107986847, 139.80733715515495, 156.22665188852014, 278.35428283031695, 503.5214654993481, 353.81545370832737, 213.92286561489178, 201.0585508921888, 311.6687848244154, 659.0821201432964, 646.7576784136879, 338.26906332239685, 254.01488707734288, 314.6534018424206, 592.9345836930103, 859.7165678838387, 501.00838944885857, 323.93870113689627, 338.4312507585829, 582.2184477417186, 1164.29756625482, 823.7519696304934, 438.27273948586515, 368.68175240740186, 519.0020236450994, 1039.800342554539, 1121.5921815516533, 591.7504008355239, 427.9810340557834, 517.8515688591847, 1014.3191715833472, 1676.6839711646348, 908.4335877013872, 534.2161689670897, 519.8668137308869, 835.8173197829323, 1634.3149514038214, 1277.7335941659205], "classical_tts": [23.205585297818025, 23.33304429281648, 22.085465900129805, 21.663087140184803, 20.89573501153381, 21.332799486574192, 18.767960418498642, 18.69212993979221, 18.075667843052678, 17.683277777069396, 17.47589385101933, 16.85091800362565, 15.889693796980549, 15.824730359737622, 15.528686363074746, 15.402046353854116, 15.543837482750869, 15.271775581932308, 15.191765477274057, 15.592660471533861, 14.882881695698998, 14.811552279140528, 15.06156584893145, 14.761673032915349, 14.083094646303511, 13.989911787846697, 14.64539386645524, 13.91857884776615, 14.020906148821545, 14.878480837267265, 13.906815669677952, 14.06177602097204, 13.476668295598985, 14.91400487072792, 14.468775070899285, 13.420569689996285, 13.456525506420245, 11.814494279686242, 14.16476369096868, 12.420365781208613, 11.65999458720398, 13.026237282730984, 15.581240060065548, 3.439266337592854, 13.93504453501454, 14.237980285775727, 3.6685507600990443, 3.744978900934441], "initialization_stats": 4, "final_stats": {"q": {"step": 2, "value": 23.58615248760679}, "c": {"step": 45, "value": 3.439266337592854}}}