{"initial_step": 2, "final_step": 50, "quantum_tts": [953.5249099244737, 880.7595759462221, 317.1143057390801, 280.396551505364, 365.6719509669276, 258.8546947653291, 681.0842160372514, 261.30388292840945, 264.93333639363794, 267.9510985410552, 828.2136714661914, 267.92810467644915, 487.14905046325634, 716.1047203409025, 254.88248299124126, 258.1564858240157, 416.92123699216614, 610.8941007127046, 432.0852842222931, 735.557762511982, 276.6584512856702, 508.9634753724043, 256.3847814779016, 292.70036608848534, 352.7039670473444, 273.92586857571484, 407.8964139102626, 251.13856589910537, 541.9940400980748, 289.27452869251834, 519.5751113620936, 528.6251054092057, 571.9189003487775, 641.7603429068353, 263.241928359638, 455.5964883018397, 668.7765858333617, 691.8909432098105], "classical_tts": [258.97684247038836, 250.02582507954943, 233.8200112563033, 175.84424513986025, 174.48563597923976, 149.8170199146528, 124.7757311491136, 111.76007836239128, 101.69072541556973, 94.43639618195853, 85.37190501571587, 78.21166014406708, 76.63565691767535, 71.16696750775249, 66.91577950838924, 63.90960301862185, 60.249853352485964, 57.35593868975416, 55.99658189130871, 54.493594738223436, 53.524284301962524, 52.707490360326574, 51.927718657706706, 50.850355767746045, 50.521387098848436, 49.233647906193156, 50.6829180433202, 50.424402778795866, 50.49663796988447, 49.90758615883616, 51.16064537441072, 50.372703002074445, 50.60462562759649, 50.5997930277725, 51.02519728309783, 51.56450670301674, 53.565717772369126, 53.04807600157292, 55.54745334317847, 56.80100491150181, 57.08285007863593, 57.762624684167406, 58.67565680154491, 59.6431485067074, 61.04333895594192, 61.93768381069751, 64.87112299831125, 64.36132654964291], "initialization_stats": 2, "final_stats": {"q": {"step": 8, "value": 251.13856589910537}, "c": {"step": 27, "value": 49.233647906193156}}}