{"initial_step": 2, "final_step": 50, "quantum_tts": [99.54810946072672, 109.84098325573797, 118.49056723096486, 120.01060563179387, 113.72237742272942, 125.63033227099612, 118.06553614524387, 126.93861582846844, 168.77248849838145, 169.91251232884588, 200.76612498515243, 225.44882942480172, 247.69856204693895, 240.78557443535817, 281.6340135590679, 269.02258029547687, 275.73610655887506, 311.517761840269, 345.84727095799633, 383.00608268329444, 410.37695348005184, 430.5437222392568, 428.5764108871705, 405.5990689700149, 395.46908410956746, 441.80597377829747, 450.5579194103691, 468.67502051601736, 530.6057533774645, 535.7365717928956, 550.3630236895495, 563.5075625294015, 518.5888960436628, 583.9279164866135, 596.437001985065, 598.6113115600431, 633.9071975467095, 640.3828827873078, 653.409719845087, 611.5184476222204, 615.1732604344822, 613.6987149718742, 631.7354052109946, 664.3104049671496, 707.2226153360659, 727.0457264374479, 711.4194667832219, 749.2785886096673], "classical_tts": [81.02710144711098, 83.38844577641667, 81.58773796994211, 65.14150312163493, 57.29804737054667, 50.17480093357917, 46.51570187762659, 43.42409315958178, 41.60908051228687, 39.16319446613929, 36.699594138061514, 34.64796406162245, 35.30138962174802, 35.18992578468495, 33.32139273552037, 33.21597423655572, 33.319099658719566, 33.7690205161157, 35.097307141825276, 34.93058885654578, 33.96018263641991, 36.328582277252195, 36.033374348458906, 35.35116188311092, 36.96674704565364, 37.67273097338285, 39.438542284069754, 40.335668832072045, 42.2224469724639, 42.74299649565549, 43.14284955500074, 44.455136121379276, 45.432571423370064, 49.18224177031904, 48.614120767051546, 50.368060966161586, 52.22806480092464, 50.847199770979174, 53.797947199194816, 54.47487316522775, 56.21383976848906, 58.207443735395785, 58.03183179860269, 60.47373295214065, 60.42083716907864, 63.673332341226676, 64.40090845416988, 65.84917588121982], "initialization_stats": 2, "final_stats": {"q": {"step": 2, "value": 99.54810946072672}, "c": {"step": 17, "value": 33.21597423655572}}}