{"initial_step": 2, "final_step": 50, "quantum_tts": [1392.6595124416451, 2809.3087384608903, 3459.828749691828, 2994.0234386044713, 4299.93537785658, 5366.869896810937, 6944.611157088404, 11544.408566688426, 10052.341322920613, 7442.886281767371, 6979.980282765606, 12199.655538860423, 12427.023403041894, 7048.757251104885, 8938.509310778456, 23460.722841157927, 23945.951461000124, 14867.88932080177, 15160.277998200616, 19282.41251105984, 23718.687679644296, 14056.698528860996, 13864.09009654343, 17194.499894081433, 16378.998747525638, 17532.13397667465, 18147.804905642202, 17574.19762135415, 18124.991863620497, 22310.98028887639, 19221.060505886864, 15049.85316354191, 18046.263632769347, 31580.38294928773, 23063.099771965284, 17293.24805188035, 26060.91415796221, 28779.094307390395, 25798.846065133872, 20637.952495039393, 18311.63755338574, 21224.013917640124, 20524.41239911178, 16546.200022277546, 15065.295306848897, 20638.671795576287, 26753.609396297208, 23618.259300744103], "classical_tts": [749.5595772860822, 610.5623011157596, 545.2529318717554, 392.93146028002957, 297.5128463156152, 275.8817897355163, 233.44522600255948, 243.76477231977498, 205.75385745889946, 189.27646009327395, 182.8492980832554, 183.6866032315903, 167.17714823557364, 159.80045771813082, 159.27835927515483, 165.61474407099863, 163.12001293396122, 168.11773126312536, 161.66845009159942, 159.42544147799052, 163.08857093063764, 164.94855247102703, 168.66881782010103, 171.77156466586118, 170.91881726390866, 170.0283968974023, 172.9052655246147, 186.4678071469433, 181.00826178985645, 192.3662742073595, 184.847473459126, 194.2402219105517, 209.4464492133977, 203.6016795551964, 210.9009706721049, 208.92537317775256, 217.8753913831904, 226.33926073289604, 237.6847262920633, 234.0953914589592, 236.06952924830614, 235.4875092134209, 237.72627517789985, 252.11994835135306, 252.83179408376725, 255.65488403488172, 270.78867709218764, 267.8610227626016], "initialization_stats": 3, "final_stats": {"q": {"step": 2, "value": 1392.6595124416451}, "c": {"step": 16, "value": 159.27835927515483}}}