{"initial_step": 2, "final_step": 50, "quantum_tts": [106.87762096709136, 165.38315698628162, 205.43189982609042, 250.93173576718044, 248.95398923419935, 352.33386293717047, 288.3657465782849, 305.172897410381, 476.804447254188, 434.6669230261134, 581.5141297195457, 754.4417229996961, 866.2911094008018, 728.8213222000202, 1026.540691943533, 847.1850386694268, 699.8194411985926, 857.1647646913144, 1161.1179454261028, 1190.0228136190324, 1326.3042265164981, 1396.0079723004085, 1175.1026503798519, 977.2226260874946, 868.2252950960064, 1179.6041483619913, 1198.5402000051536, 1288.660955380742, 1620.1910620193503, 1626.7809037618115, 1736.4070601484157, 1862.8386973193212, 1512.394473354498, 1746.2926528545263, 1788.603411197068, 1850.7686825328633, 1933.3604994359575, 1856.382399064632, 1697.8164221849552, 1318.7673122782987, 1369.926402540896, 1477.8802407424448, 1557.7593832656762, 1904.5297411762454, 2080.208711167611, 1996.722202660118, 2044.6674787898553, 2170.264006823463], "classical_tts": [87.97478174736993, 67.70136973917525, 72.85859040048538, 61.78796504942562, 55.74804498540197, 49.325587506706846, 47.267080536040005, 42.41572984264953, 42.70853195513554, 39.04780735974027, 35.88312768621736, 36.084592941417746, 33.157985749033564, 34.95156813595608, 33.82557068820853, 32.96489180548083, 32.10460071761932, 33.083593606169764, 33.821711752076, 34.82994569031175, 33.884336369734946, 35.742251911514934, 34.817593430863994, 36.82883285826629, 38.27274888025563, 38.71831223862211, 38.33059022521324, 41.84467867233544, 41.199827220709864, 41.05391130950329, 42.308904076542966, 45.86292425940516, 45.76525396023348, 47.83668265374893, 49.4792192850865, 51.30008281342882, 50.73631331884044, 53.13325225150852, 53.841475247333506, 56.26153957100083, 54.622573147628096, 55.784003485138456, 57.31858792026212, 60.13134453093097, 61.667526342898334, 62.80384873230568, 63.35940970772543, 64.30835277727157], "initialization_stats": 2, "final_stats": {"q": {"step": 2, "value": 106.87762096709136}, "c": {"step": 18, "value": 32.10460071761932}}}