{"initial_step": 2, "final_step": 50, "quantum_tts": [146.69569761186807, 197.75130931490054, 327.4447798913334, 609.7147242272044, 713.5541197366822, 530.2365676491393, 472.3806604624606, 601.7787494721939, 1090.0999431780283, 1592.4610514758838, 1089.906707843178, 794.7581148651692, 851.4390170283982, 1343.3198313426985, 2098.1551136798766, 1680.25101902345, 1174.550270750617, 1131.2807881817016, 1612.079985322077, 2777.708250806218, 2897.492857554639, 1891.6347026253886, 1506.2334789506776, 1740.9297777368688, 2669.469547277735, 3557.494221819161, 2618.879619418555, 1858.7675493183428, 1859.2854891485745, 2677.3089577188207, 4499.826189320688, 3977.960915143393, 2446.6211676516546, 2058.2237436221208, 2561.1451868559825, 4225.924926153102, 4717.333080786847, 3034.3268088972486, 2354.7111595340884, 2674.5577816998098, 4385.598324393517, 6350.67386614056, 4430.793808889725, 2998.0434776039056, 2857.221763675658, 3952.2656782899785, 6094.275092329207, 5566.250324826993], "classical_tts": [67.71192784602299, 70.36935915390674, 53.6488023493928, 47.187172997302945, 41.011118680386566, 36.05284191557957, 33.55029027849031, 29.175644325486434, 26.652280047401888, 26.24828338967481, 24.702316310345935, 23.072561296114017, 21.57884203683432, 20.87977470316996, 20.550080386344746, 19.891225804222397, 19.68221898143171, 17.937481119990593, 18.88155907367431, 17.78973452065621, 17.245107681020645, 17.350657403492544, 16.76213779792146, 17.134493265158323, 17.032281736317323, 16.715282787443826, 15.351645272306241, 15.51078984653679, 15.763836815442906, 16.580499491125536, 15.260549952815056, 15.529859487970915, 16.0004612906367, 14.757900417822734, 13.596103298833658, 15.60120901312689, 14.603813950044625, 15.879918786204318, 12.117430030447427, 14.871442088914803, 14.467343481809177, 15.59687828837406, 15.581240060065548, 15.000000000178645, 12.770470262175788, 3.5921226192636477, 14.540916036536913, 14.843851787298098], "initialization_stats": 4, "final_stats": {"q": {"step": 2, "value": 146.69569761186807}, "c": {"step": 47, "value": 3.5921226192636477}}}