{"initial_step": 2, "final_step": 50, "quantum_tts": [1209.0779835107135, 1165.8172232020888, 736.4224749006573, 710.650904407046, 756.6339859480283, 1232.1212332065263, 1002.0919614995031, 3335.4966440678027, 2098.5359241382116, 1142.7685627784947, 1116.9781397555882, 1312.7360479722097, 716.3889594285461, 1075.4267237060078, 3678.5146827440403, 3071.1991610196364, 792.2921215944546, 901.351086509323, 774.9905262007292, 1115.8990702723559, 923.6989233092906, 719.8030455874116, 2326.675431876779, 864.8775507960788, 763.7619860928631, 789.7817221110452, 795.7826163419749, 1549.3181367927018, 830.8662628698287, 863.0139244399542, 738.5925163034628, 776.7305827956206, 872.8348104227425, 948.2423126970649, 2575.2909399413347, 747.3910286675214, 978.7115447209768, 1016.7898558036696], "classical_tts": [4602.867216938907, 5020.367351380106, 3873.4310561245825, 5412.088773984146, 2688.7957063414888, 2623.4585205012877, 2095.99682524176, 1583.7131418106705, 1313.682272657761, 1119.2851597385575, 829.8031199730058, 828.143210127521, 720.5889618794284, 585.8583422457278, 516.2620493780794, 429.4156125690201, 392.34367752862744, 358.93710702921265, 326.6363239348202, 300.7934600544177, 287.1071734922292, 269.97133545142634, 251.34228015891955, 252.30370371961976, 235.76732561946596, 229.2795953958809, 216.66722768025292, 222.1400825631167, 216.07744146729996, 211.34137667514878, 213.27159068829482, 217.26550732770858, 220.26512927138248, 219.00258734587703, 227.37643916966883, 222.17666622547702, 220.02006786280987, 231.96305026717332, 225.7612114551614, 231.08573583713374, 232.95595746760569, 245.40082118820655, 254.2840584529461, 243.34770965185513, 255.49168923560185, 259.38623476134575, 261.32997851910204, 271.78195037887326], "initialization_stats": 2, "final_stats": {"q": {"step": 16, "value": 710.650904407046}, "c": {"step": 31, "value": 211.34137667514878}}}