{"initial_step": 2, "final_step": 50, "quantum_tts": [5893.683657632017, 5310.60329108137, 3698.6742946130635, 6625.305353983137, 5279.4574439305725, 3792.511036671689, 5698.745176461023, 1804.7785700412464, 3976.29788361823, 2190.4631151570857, 4609.339035899313, 811.2001340546276, 1482.8329651622971, 2954.457959672813, 700.31352301798, 1926.5429230558161, 2326.708053851498, 1710.2968527091741, 903.8192833037209, 2554.7826549235156, 2319.178448884478, 487.9721530306486, 2899.6748236190333, 5508.570984298501, 2469.562320993959, 2954.2166585238856, 4714.013793061289, 4559.641644775775], "classical_tts": [369.827600732249, 275.63291938561497, 229.27740440731534, 210.39621379467593, 171.55217886753084, 154.60999852618946, 133.79066493400518, 130.338504327649, 109.83448166808977, 100.76953090231393, 91.2530137631002, 84.8140995998167, 80.23256274433547, 74.08402829318305, 70.67250892473135, 68.72145505033558, 63.47431617325028, 61.50489373581087, 59.973248432643075, 57.17557617094184, 54.09207360768455, 53.93955210505533, 52.62152909782003, 51.14720114971109, 50.03524689983481, 48.360674827691085, 48.13488423160288, 46.12684116837944, 45.63913285652061, 43.2197529568323, 43.823892692199976, 42.65095643137596, 41.1398376038067, 42.443114488151906, 41.39519127664615, 39.94465399785597, 39.60002015952275, 38.36319921203112, 38.71198344176825, 38.04525805388576, 37.718590181015315, 38.17509538919198, 36.488461755867455, 36.11458046549854, 35.50382730168003, 36.30566097255485, 35.190257529805976, 34.18760552173337], "initialization_stats": 3, "final_stats": {"q": {"step": 2, "value": 487.9721530306486}, "c": {"step": 49, "value": 34.18760552173337}}}