{"initial_step": 2, "final_step": 50, "quantum_tts": [4672.997465823249, 6088.687663950788, 3897.168134167652, 2805.212604630291, 3894.084612854838, 10010.668702102947, 3542.9849965953817, 2987.658133908796, 42831.451427682194, 4589.711651950987, 6682.113066781498, 6047.950934403381, 440.90101478631027, 384.99076101363795, 1964.2265638181211, 351.80997576794675, 4778.56595775649, 238.4506354811379, 10406.73075971568, 334.29690027806686, 421.6417056339042, 268.09654945205034, 4445.550968258683, 496.5390816514041, 2703.3294592318434, 6303.357771572483, 656.3634938200015, 3480.8315423177783, 1067.4569890122473, 4132.667721637843, 3712.260497869904, 3105.4762616047688, 107794.25087657609, 2249.443308175911, 7129.004562734169], "classical_tts": [110.0025734427188, 109.75178351059023, 116.52285733175819, 102.23810842101824, 93.21576159328451, 89.38430549801492, 83.72145297492081, 83.73027133914766, 81.93158739975746, 74.02982686779042, 80.01774136812436, 77.91294564350125, 79.08929053596657, 78.21093953448101, 77.45975871503293, 79.91850941795575, 78.80478736212946, 84.94957713993942, 81.47948639189623, 82.75694817424859, 84.1565328478146, 83.78970454192303, 83.46062140052491, 85.05640233395685, 82.9706741708561, 88.53726371336555, 85.87429194408865, 84.15031086578, 83.09976743550288, 83.53533714290367, 80.68889056399549, 82.4758906628438, 78.20718644793028, 77.65867679309287, 75.84836179721091, 77.84894292814448, 75.64005165312145, 78.91989564731547, 75.18484315110341, 74.99794305068436, 76.6124786426494, 75.45921035492434, 76.77780497800258, 80.54444993815983, 78.90985000866493, 83.82867965156156, 82.16472944041593, 83.21992127495444], "initialization_stats": 2, "final_stats": {"q": {"step": 5, "value": 238.4506354811379}, "c": {"step": 11, "value": 74.02982686779042}}}