{"initial_step": 2, "final_step": 50, "quantum_tts": [149.80428513407847, 207.04205323225852, 353.27875294961575, 634.2544289508702, 709.1241248482079, 564.1525825094086, 539.4275755108038, 717.492961867145, 1219.7574295627992, 1565.497339067255, 1147.7202157368285, 903.7597551755291, 993.0521663242, 1478.9183217503892, 2119.834179229074, 1790.5541489256605, 1330.9201627149464, 1306.238900000549, 1795.6159144468315, 2861.939905194723, 2889.5515035243625, 1983.4706136396221, 1648.4910532707286, 1916.5061936942216, 2862.599398646764, 3550.937466971167, 2681.416896023811, 2050.0393437057946, 2136.58848162696, 3082.6181538636424, 4612.51048247869, 3907.082883789996, 2647.6057991877324, 2353.846970382305, 2957.949897856281, 4474.7901578121755, 4713.787634197664, 3306.1129476322935, 2705.56699286363, 3116.4846519100356, 4786.869195774752, 6261.5062663632625, 4563.56121121685, 3272.1704327455677, 3214.848504190716, 4343.296529096756, 6230.216102673363, 5589.372561675268], "classical_tts": [77.41779486008151, 70.17218782524274, 56.46797067651564, 49.104570061532925, 41.52799651561068, 35.369479822460825, 32.0156911186064, 28.946983091369553, 27.226464843306953, 23.94647767583541, 22.775665118598766, 22.047178308389206, 20.702941258355473, 20.25588365293814, 19.74408354891283, 19.62003852709396, 18.79657238762756, 18.31512553149604, 18.074755591262953, 17.839267869834313, 17.27277911256036, 17.589560773934686, 16.51935896926583, 15.814070133916038, 16.489571563663983, 16.622172742102247, 16.26728167189183, 16.38833733051737, 15.239321847762211, 15.500000000027358, 15.260549952815056, 14.852496150237911, 15.176321028782196, 15.622683411981672, 14.26941348945775, 14.665786086387131, 15.846935228869679, 14.988124843466851, 14.820468525401385, 14.871442088914803, 16.141057523733533, 14.333333333504036, 14.66666666684134, 15.500725159081261, 13.93504453501454, 13.04808918091874, 14.540916036536913, 16.87856739544404], "initialization_stats": 4, "final_stats": {"q": {"step": 2, "value": 149.80428513407847}, "c": {"step": 47, "value": 13.04808918091874}}}