{"initial_step": 2, "final_step": 50, "quantum_tts": [149.80428513407793, 207.04205323225784, 353.27875294961575, 634.2544289508702, 709.1241248482038, 564.1525825094063, 539.427575510802, 717.4929618671422, 1219.757429562792, 1565.4973390672442, 1147.7202157368229, 903.7597551755227, 993.0521663241931, 1478.918321750375, 2119.8341792290603, 1790.5541489256514, 1330.9201627149364, 1306.2389000005358, 1795.6159144468077, 2861.939905194685, 2889.551503524325, 1983.4706136395966, 1648.4910532707117, 1916.5061936941925, 2862.5993986467174, 3550.937466971121, 2681.416896023773, 2050.039343705773, 2136.5884816269295, 3082.6181538635974, 4612.510482478592, 3907.082883789927, 2647.6057991876914, 2353.8469703822734, 2957.949897856245, 4474.7901578120955, 4713.787634197578, 3306.1129476322376, 2705.5669928635834, 3116.484651909977, 4786.869195774645, 6261.506266363129, 4563.561211216756, 3272.170432745508, 3214.8485041906606, 4343.296529096657, 6230.216102673245, 5589.372561675143], "classical_tts": [74.74775089844667, 70.36935915390674, 57.715383577285564, 46.039693072510346, 39.12524522125551, 37.1831185795544, 32.13968613200916, 28.67970440185366, 26.56096973909985, 24.32415906641127, 23.804379402878617, 22.877886921054127, 21.19450540879511, 20.649209655928434, 20.791342439100397, 19.240382839094785, 18.777240400023693, 19.10306162661514, 17.84730512257744, 17.78973452065621, 17.134001004558396, 17.016365442624082, 16.796445770618643, 16.337968694537338, 17.471748731417346, 17.38747441464323, 16.158554462079202, 15.89991831774575, 15.239321847762211, 15.74729924268762, 15.912517875406815, 14.852496150237911, 14.775991649032823, 14.595861395011546, 14.468775070899285, 14.870685489535377, 14.351442370991084, 14.988124843466851, 12.800250939967096, 15.756746630311305, 15.561491951671453, 14.81180404089987, 12.215232424689884, 15.000000000178645, 14.720288580962162, 13.04808918091874, 13.325708099661693, 14.843851787298098], "initialization_stats": 4, "final_stats": {"q": {"step": 2, "value": 149.80428513407793}, "c": {"step": 44, "value": 12.215232424689884}}}