{"initial_step": 2, "final_step": 50, "quantum_tts": [4362.7098112341655, 2780.289300266814, 3274.6563602737074, 3484.721962913239, 2561.391871931827, 3018.9038953020454, 2678.6793199823937, 660.3107334442782, 3927.047185981146, 1827.171322311543, 3245.102842927776, 609.094154183746, 1466.0757246974813, 3581.522230472687, 618.830958687783, 1534.6093309794599, 1756.9703351232156, 918.1445608454386, 341.88786492756446, 2054.920006259933, 1386.664134349181, 176.30901149959305, 2227.784946417734, 2621.681304932955, 2154.840877673552, 2186.693790957177, 3003.7510095038115, 2892.0616275895154], "classical_tts": [157.17258411201183, 154.41192040273467, 183.8032325732807, 185.26982183217945, 180.33300827482103, 180.61285159223377, 198.79072120975258, 189.43274882949893, 200.73161466059696, 194.03427866524555, 205.16830109705188, 216.73224625986248, 227.25288818209984, 233.49611967634178, 223.65068224784528, 250.10888355115662, 235.10455683415975, 256.38246266902416, 259.9077853081929, 276.6264894555513, 277.2352137862984, 301.6866678367968, 310.320460833393, 310.1929334149822, 317.19051878701595, 346.20455449553737, 313.7527954318725, 358.9503590601383, 356.8336510015792, 363.8744086519224, 376.4877833390096, 405.17907531211233, 405.6827078235624, 402.0786497991817, 412.62307359331567, 410.0020554378607, 441.58441867114846, 442.2931822369265, 459.5184569133505, 465.6772528150814, 521.12412813717, 466.44975360090086, 512.0958517648277, 520.1272427469899, 500.815380576906, 567.0266008336002, 522.5899623411193, 551.9523033792589], "initialization_stats": 3, "final_stats": {"q": {"step": 2, "value": 176.30901149959305}, "c": {"step": 3, "value": 154.41192040273467}}}