{"initial_step": 2, "final_step": 50, "quantum_tts": [269.32901787025514, 256.691761916983, 175.54739457658332, 177.2224214623669, 180.34744499823066, 244.34387616920174, 220.38228830284584, 411.38292890692145, 304.6414459138635, 229.98349983843664, 251.90431517292112, 258.89309053393146, 165.45809305249992, 239.43334136493127, 429.54817619603824, 382.464297161268, 177.74157992212866, 201.41500983460008, 174.29667861470824, 246.3967637627241, 212.28341761680088, 164.9715675016721, 325.57342026403825, 205.98565967841594, 181.07032803582962, 191.87445001813177, 180.92951421277036, 275.409926132782, 185.40215437881153, 202.54829576391975, 168.8356064337715, 176.51201591835772, 193.32210835665833, 207.949429733055, 352.86122250477433, 169.50661945119765, 211.32966928552108, 230.32905603221437], "classical_tts": [482.44850814481697, 533.063344673611, 521.6864433337662, 508.7659816993443, 495.44234321792743, 413.2766902949041, 360.97626839701996, 329.95316900537784, 278.4178618862072, 247.9020045933809, 220.55445086066558, 198.08673959019336, 178.32438843011383, 161.77210197384053, 137.86589882880725, 131.399278468478, 121.07742953092863, 116.53348723118438, 104.78812718754226, 101.40848085006758, 96.90056395797532, 88.6187964597437, 87.04352413861629, 83.95320437820898, 83.53505556139241, 82.45776113546142, 82.76540439793311, 79.12006603922276, 78.75945057450161, 77.63599809596813, 78.46536601412453, 78.21126269671109, 78.52672158898768, 80.1253315486342, 81.19152889596188, 79.07961860745071, 83.54447103224868, 81.83327937825773, 84.76603787973241, 85.0076792356962, 86.90265273045824, 88.85019350464297, 89.068353966908, 90.09824362914694, 91.62721262927961, 93.23381932792353, 99.2155224510861, 97.36841504776737], "initialization_stats": 2, "final_stats": {"q": {"step": 25, "value": 164.9715675016721}, "c": {"step": 31, "value": 77.63599809596813}}}