{"initial_step": 2, "final_step": 50, "quantum_tts": [], "classical_tts": [146.23920708399382, 138.2148978800718, 150.79673639591343, 139.2089309431036, 137.83149680294832, 124.1534474452792, 129.59554607312447, 134.54421891952677, 127.7979520704428, 125.03221170468153, 126.56695505558258, 134.42738589296164, 138.8953987915621, 139.37011246351244, 137.61356533459065, 140.77425409717998, 144.99377688013564, 147.2740508310667, 147.85628096182762, 157.66245005193673, 156.9338453693651, 169.01496668593288, 158.89668584872751, 174.95515851041827, 179.29653931268706, 185.80389945208708, 196.05327058518728, 192.8828964043455, 192.41707940464235, 203.47851676140817, 207.6208185109451, 215.4059008932321, 226.94896575040735, 236.6441404380036, 235.5819405173568, 240.30292513647564, 250.438453034875, 253.1650199253744, 251.6458668440605, 263.3638203862401, 270.86797014463036, 280.25635393364655, 273.0360021007683, 296.2711463559662, 286.98642250993123, 291.65209315309346, 295.68910477185557, 303.76615945884845], "initialization_stats": 3, "final_stats": {"q": {"step": 0, "value": -1}, "c": {"step": 7, "value": 124.1534474452792}}}