{"initial_step": 2, "final_step": 50, "quantum_tts": [121.42974996853256, 138.39316362162893, 135.26823633669898, 146.14087973472044, 153.59185715664944, 201.25506521230832, 219.86037613932723, 217.71541633903772, 251.23105764216686, 243.666219532935, 261.9336276698253, 297.8088406509255, 298.837592907302, 295.715213917446, 289.2826379355266, 316.62997161853707, 367.58443826049137, 392.2524941623841, 411.9922415000149, 451.16129141911625, 392.1169492917693, 420.089938544602, 475.02734391456306, 516.4398390398708, 483.15448307082585, 513.8433570461755, 559.1618586599697, 625.1765851239902, 672.2433471432068, 703.0119004879318, 688.0636587237242, 729.2647516511322, 767.6861210683201, 764.8552749675382, 705.0822023735896, 802.7904151049079, 797.6521977376638, 869.654605104826, 918.9803231487645, 893.3984301527179, 953.7608539972498, 1020.3120796030123, 1037.469610323626, 1039.0863556627164, 942.7625652247633, 1056.3343176870621, 1079.426792431491, 1075.920172738191], "classical_tts": [108.6491055630761, 93.45452823102706, 91.25842499780188, 76.77782671307659, 72.50129533582954, 63.31505407455093, 62.647802172164845, 60.07472622804563, 54.863842825638, 50.4851502414273, 50.28577860326548, 52.63332948948173, 50.51224936147414, 50.117561958726995, 52.35358877531746, 53.40762514187322, 50.79979215083044, 51.765921978806375, 53.34116968616503, 56.35554436312157, 56.505905418255466, 56.09066610924487, 59.819122938430276, 57.583495086030325, 61.57911639106233, 65.44349103694667, 68.0060138332064, 67.9876307018613, 72.66552874019582, 75.54902242913401, 74.51268816305749, 81.02767973778523, 83.48306397226357, 82.22152234149493, 86.4308724562551, 89.19501872944765, 90.49110485922395, 91.36951852882144, 96.09964417231083, 99.30955594493429, 99.40635467861647, 98.30598770067552, 102.6640509534967, 108.33293992895784, 106.16986040387957, 109.14341014031477, 111.38988484846752, 115.89526584865591], "initialization_stats": 2, "final_stats": {"q": {"step": 2, "value": 121.42974996853256}, "c": {"step": 15, "value": 50.117561958726995}}}