{"initial_step": 2, "final_step": 50, "quantum_tts": [383.2658977348635, 341.8602457171679, 326.1611596159984, 308.02233505042625, 283.0802514485558, 267.71407619238914, 298.9005338605087, 243.2048448134108, 451.05523612683567, 227.3075693993543, 422.1312837295554, 361.8485129476653, 127.03787573963943, 105.45991842215432, 312.1228083948147, 105.2116355918857, 233.50324976439273, 91.9734900703184, 404.14211784268815, 118.54066270272055, 129.0261738569729, 96.76720433812037, 259.0930689941995, 131.41691277841718, 216.16505557807383, 438.6503229567273, 138.478121122611, 199.50404456267094, 151.37712399123512, 173.88781507379693, 253.6052427507217, 185.62150306987058, 462.97581133402855, 163.8370686097281, 199.86479217230755], "classical_tts": [101.16691683859408, 108.83081119838619, 86.61772087147831, 78.13818058663526, 73.25640204715268, 63.84015649710982, 59.11011801855222, 57.210867568891615, 54.81415439530654, 50.945294006581875, 46.80328572165689, 47.043644685264795, 44.50177601400689, 43.67795030497684, 42.80501370328953, 42.17021611179361, 42.73325947558922, 42.35871121197915, 41.36807311252706, 39.62309007920285, 40.14438983461844, 39.58163598464677, 40.57151548146091, 41.255055568170086, 39.82147488125742, 41.41494028016509, 41.358577818490694, 41.03943287091506, 41.726553964196185, 40.95318126121496, 42.72531647900559, 43.827737989293695, 43.998351855549494, 45.10395367457133, 44.385728359589, 47.20386636393961, 46.91249832793705, 47.33533953686421, 48.5277408966401, 49.456861253719325, 50.43938315599104, 50.88493899199561, 52.466397796946595, 55.02571843151212, 54.94918947918034, 54.818427322567054, 56.92950035812426, 59.05476571243291], "initialization_stats": 2, "final_stats": {"q": {"step": 5, "value": 91.9734900703184}, "c": {"step": 23, "value": 39.58163598464677}}}