{"initial_step": 2, "final_step": 50, "quantum_tts": [4271.448192428784, 4294.733529157014, 2618.012864551712, 5779.567471295601, 8586.992868482379, 19552.386385211434, 8004.407796193322, 4834.308661456745, 10792.740235987458, 6800.578976931184, 13957.485808452926, 5224.838634657128, 514.4165853725979, 458.73801745148904, 2064.5144461007735, 375.7657132895759, 10207.523534168191, 312.01782678851305, 11183.081473198257, 365.40941780678577, 467.40770409679305, 333.53197242035935, 7591.253142316616, 491.5095145269578, 3459.546164877231, 4792.456729128131, 579.5516281221469, 4655.667326778831, 779.968109786479, 2440.5465501510967, 5567.4735683149165, 3157.5781259732526, 13117.377214864799, 1162.639962925919, 9193.560212123442], "classical_tts": [100.58867692682023, 111.16189309930768, 110.82120934960162, 101.48134112873157, 86.73243539372554, 86.22430107596183, 78.35599275365009, 72.79326984810749, 68.7803501485812, 68.32570391714754, 61.32142900772968, 64.34358085911731, 61.24334407837741, 61.78081297439473, 60.69722191923458, 61.74753999129395, 61.46369402103353, 61.28527043385084, 60.184111949735744, 59.72017021893142, 59.24239568746524, 63.446478272388575, 62.44911079448205, 62.60967588385059, 64.67167407318463, 63.7305529182947, 66.5417867815013, 67.25233592457147, 69.0063409834679, 66.75431521301361, 71.14721485305978, 71.83943302750623, 74.31924927515645, 72.44363410987292, 73.75286380771485, 77.5307760545793, 75.69204521550608, 79.0823425035846, 80.77716569791441, 78.95629468688513, 80.10240723905393, 82.46497326438035, 84.90943407462609, 86.1216025208865, 86.10274060849862, 88.52646182593828, 89.65905336564437, 90.89186407740358], "initialization_stats": 2, "final_stats": {"q": {"step": 5, "value": 312.01782678851305}, "c": {"step": 22, "value": 59.24239568746524}}}