{"initial_step": 2, "final_step": 50, "quantum_tts": [4299.804432554611, 2721.0358328862253, 3236.205481272082, 3416.1199453741715, 2520.11867409355, 2957.2931555382092, 2649.9805405410734, 645.1624392843457, 3874.784167866653, 1817.4309683412264, 3199.6689192119165, 601.2316257336723, 1433.2840154916523, 3503.765013626065, 609.8594681369734, 1499.5223995800643, 1712.4946385773412, 894.4652090920606, 338.22099637093214, 2040.8957839748339, 1348.6395415213724, 176.14919432493966, 2191.1637638679995, 2603.3169836185275, 2127.9565840798614, 2163.8359812751683, 2939.27974096661, 2830.387513305441], "classical_tts": [155.1277382919914, 181.34707946501274, 181.42334854749072, 167.6303874358755, 194.6968424235255, 216.09254118061438, 191.1389495020148, 205.61313864354202, 199.02807039336693, 210.2395849553618, 209.16137625869794, 215.6116364670101, 223.16828647278683, 219.65813509785218, 227.51290187706059, 247.10568544949095, 242.88864884433866, 239.23392645897832, 268.24401174697067, 281.6562123343192, 279.2981820731583, 281.7178538274453, 307.2254594317045, 307.6958682864601, 319.74609284096584, 323.94030537312335, 350.54038556877475, 328.8846739710479, 356.55422283005606, 368.43936359105794, 373.5836965719397, 387.05006827687583, 404.4114711351231, 410.5076481724441, 423.2199875026116, 419.6114805837508, 439.5551410347472, 436.3607308197871, 475.0335861925586, 470.6477326225011, 502.3210904322815, 498.15465755861925, 471.11412828056825, 525.7579011593864, 504.126269043687, 541.1711060170072, 538.264029546343, 566.7947871237529], "initialization_stats": 3, "final_stats": {"q": {"step": 2, "value": 176.14919432493966}, "c": {"step": 2, "value": 155.1277382919914}}}