{"initial_step": 2, "final_step": 50, "quantum_tts": [857.1488282531401, 699.179571284955, 785.4640208950033, 1529.2291419458527, 993.6073570852716, 936.6683183093653, 655.8552587367473, 829.5871850259141, 1174.0472070207138, 1369.534101067543, 1828.4480573342403, 2999.8321985647767, 2965.173936709891, 1643.3213779966484, 1484.7405487980761, 2130.1154411495445, 2109.4806242869563, 1627.9064676542398, 3780.0891655306505, 4699.697565590504, 5023.025156805139, 2593.521046581055, 3581.5397004958795, 2686.4758877533504, 1976.0235155667235, 2303.2403385891294, 2143.8097878246494, 3114.538756813272, 3635.3883246618225, 3317.9431185343446, 6626.9560284036515, 4177.26511317274, 3753.236576510986, 3183.2046937673235, 3454.2767221621493, 5340.876003808217, 6502.02731806409, 6460.388225644592, 7099.29220707079, 3929.0170231274383, 3798.8721215242977, 4407.525451039378, 3735.0230666619873, 4329.961870870264, 4954.714513820819, 5149.851044639454, 3045.1690850885348, 2810.276550286401], "classical_tts": [495.55008489662924, 360.10114722457354, 349.61847076020456, 229.15299989730326, 186.23076792120855, 135.37211728573254, 126.01152300307359, 105.72291971855779, 93.39595550660376, 82.90633088472813, 78.48766864359538, 71.38768321587474, 71.79149335210013, 64.83349281315573, 67.79351306084817, 68.03334362703859, 69.06462451453235, 67.89577152734198, 67.94630672625777, 71.34362206257067, 70.4567820314333, 76.51467837255333, 75.82874124182776, 76.45748778762815, 79.79669437342271, 83.04144285082148, 86.23875373661365, 89.06683496435508, 89.51934908479815, 91.66517688355906, 94.42382286811899, 97.57905926314352, 100.0452304923974, 103.34828970281737, 107.64938305865206, 108.72074227175403, 111.27000640756455, 118.10366047496817, 117.28996011002226, 127.08402179877933, 123.24047717167144, 130.58382320380093, 128.56952380641823, 130.9425408782782, 140.48359304560063, 138.68498983754978, 142.5303557616292, 147.76212008522583], "initialization_stats": 2, "final_stats": {"q": {"step": 8, "value": 655.8552587367473}, "c": {"step": 15, "value": 64.83349281315573}}}