{"--": {"0-0": {"measurements": {"00": [1993, 1979, 2003, 1975, 2056, 2080, 2007, 2034, 2114, 2031, 2228, 2080, 2100, 2096, 2080, 2022, 2006, 2115, 2138, 2188, 2083, 2052, 2040, 1936, 2105], "01": [2226, 2268, 2312, 2306, 2194, 2242, 2199, 2329, 2238, 2220, 2378, 2367, 2316, 2305, 2193, 2222, 2145, 2351, 2288, 2165, 2282, 2362, 2279, 2273, 2245], "10": [1968, 1907, 1936, 1870, 1978, 1989, 2007, 1865, 1935, 1878, 1751, 1872, 1807, 1911, 1979, 1968, 1962, 1861, 1875, 1932, 1832, 1900, 1890, 1919, 1864], "11": [2005, 2038, 1941, 2041, 1964, 1881, 1979, 1964, 1905, 2063, 1835, 1873, 1969, 1880, 1940, 1980, 2079, 1865, 1891, 1907, 1995, 1878, 1983, 2064, 1978]}, "noiseless": {"00": 0.25, "01": 0.25, "10": 0.25, "11": 0.25}}},
"AC": {"0.1-1": {"measurements": {"00": [2018, 2206, 2155, 2071, 2018, 2001, 1969, 2026, 2017, 2119, 2308, 2325, 2336, 2304, 2354, 2377, 2344, 2348, 2296, 2318], "01": [1447, 1432, 1432, 1604, 1456, 1470, 1510, 1475, 1497, 1501, 1492, 1488, 1567, 1516, 1543, 1586, 1605, 1488, 1621, 1563], "10": [2611, 2537, 2558, 2475, 2709, 2672, 2648, 2571, 2678, 2527, 2350, 2366, 2257, 2292, 2273, 2220, 2249, 2297, 2248, 2276], "11": [2116, 2017, 2047, 2042, 2009, 2049, 2065, 2120, 2000, 2045, 2042, 2013, 2032, 2080, 2022, 2009, 1994, 2059, 2027, 2035]}, "noiseless": {"00": 0.5449462048377309, "01": 0.07548296365869761, "10": 0.31372935017578996, "11": 0.06584148132778085}}},
"GA": {"0.1-1": {"measurements": {"00": [2257, 2186, 2246, 2187, 2263, 2074, 2226, 2258, 2203, 2277, 2205, 2365, 2137, 2197, 2125, 2074, 2154, 2173, 1971, 1929], "01": [1605, 1667, 1609, 1644, 1642, 1518, 1622, 1645, 1732, 1751, 1642, 1755, 1745, 1689, 1592, 1698, 1727, 1698, 1735, 1666], "10": [2258, 2252, 2317, 2339, 2250, 2376, 2249, 2225, 2202, 2128, 2204, 2024, 2197, 2212, 2236, 2195, 2255, 2173, 2211, 2281], "11": [2072, 2087, 2020, 2022, 2037, 2224, 2095, 2064, 2055, 2036, 2141, 2048, 2113, 2094, 2239, 2225, 2056, 2148, 2275, 2316]}, "noiseless": {"00": 0.5787584732359319, "01": 0.07413602652252664, "10": 0.28853174595156916, "11": 0.05857375428996691}}}, 
"GC": {"0.1-1": {"measurements": {"00": [2256, 2227, 2156, 2204, 2177, 2297, 2120, 2097, 2187, 2172, 2292, 2174, 2263, 2160, 2281, 2146, 1950, 2301, 2183, 1715], "01": [1650, 1577, 1578, 1619, 1644, 1516, 1619, 1681, 1592, 1562, 1614, 1541, 1571, 1542, 1619, 1518, 1393, 1524, 1513, 1433], "10": [2299, 2270, 2411, 2272, 2371, 2336, 2383, 2340, 2299, 2347, 2186, 2280, 2295, 2332, 2258, 2470, 2586, 2442, 2488, 2649], "11": [1987, 2118, 2047, 2097, 2000, 2043, 2070, 2074, 2114, 2111, 2100, 2197, 2063, 2158, 2034, 2058, 2263, 1925, 2008, 2395]}, "noiseless": {"00": 0.5459485551736623, "01": 0.07581152135290616, "10": 0.3120975671008358, "11": 0.0661423563725936}}}, 
"GV": {"0.1-1": {"measurements": {"00": [1977, 2022, 2014, 1985, 1938, 1968, 1984, 2061, 2040, 2081, 1888, 1991, 1892, 1820, 1668, 1918, 1940, 2041, 1961, 2017], "01": [1700, 1614, 1656, 1741, 1587, 1567, 1602, 1641, 1668, 1678, 1636, 1674, 1660, 1667, 1485, 1800, 1708, 1816, 1831, 1744], "10": [2315, 2319, 2272, 2288, 2388, 2347, 2348, 2249, 2264, 2264, 2534, 2404, 2466, 2528, 2761, 2193, 2308, 2249, 2284, 2242], "11": [2200, 2237, 2250, 2178, 2279, 2310, 2258, 2241, 2220, 2169, 2134, 2123, 2174, 2177, 2278, 2281, 2236, 2086, 2116, 2189]}, "noiseless": {"00": 0.6233676852033364, "01": 0.07920633531752246, "10": 0.23527368504967885, "11": 0.06215229442945786}}},
"LG": {"0.1-1": {"measurements": {"00": [2212, 2195, 2295, 2244, 2379, 2407, 2270, 2300, 2247, 2163, 2357, 2246, 2348, 2184, 2237, 2274, 2224, 2238, 2138, 2253], "01": [1657, 1644, 1545, 1599, 1550, 1577, 1627, 1662, 1720, 1572, 1461, 1545, 1457, 1579, 1538, 1402, 1533, 1535, 1583, 1508], "10": [2262, 2322, 2347, 2263, 2284, 2201, 2280, 2148, 2219, 2444, 2456, 2368, 2498, 2377, 2368, 2527, 2421, 2363, 2406, 2451], "11": [2061, 2031, 2005, 2086, 1979, 2007, 2015, 2082, 2006, 2013, 1918, 2033, 1889, 2052, 2049, 1989, 2014, 2056, 2065, 1980]}, "noiseless": {"00": 0.4684805739206974, "01": 0.0800814350798495, "10": 0.37410442650907266, "11": 0.07733356449038571}}},  
"SA": {"0.1-1": {"measurements": {"00": [2274, 2265, 2305, 2470, 2337, 2426, 2291, 2276, 2334, 2231, 2097, 1953, 2259, 2103, 2126, 2151, 2160, 2159, 2131, 2144], "01": [1656, 1673, 1661, 1642, 1559, 1551, 1610, 1620, 1634, 1627, 1570, 1520, 1600, 1578, 1545, 1523, 1518, 1474, 1581, 1560], "10": [2179, 2171, 2143, 2068, 2131, 2119, 2180, 2242, 2182, 2215, 2373, 2442, 2323, 2445, 2395, 2465, 2474, 2450, 2378, 2398], "11": [2083, 2083, 2083, 2012, 2165, 2096, 2111, 2054, 2042, 2119, 2152, 2277, 2010, 2066, 2126, 2053, 2040, 2109, 2102, 2090]}, "noiseless": {"00": 0.5261927040085972, "01": 0.07826749991540549, "10": 0.32446918529691693, "11": 0.07107061077908144}}}, 
"GG": {"0.1-1": {"measurements": {"00": [2396, 2374, 2376, 2291, 2319, 2170, 2209, 2261, 2262, 2318, 2251, 2297, 2191, 2257, 2235, 2110, 2137, 2118, 2300, 2182], "01": [1595, 1594, 1633, 1610, 1729, 1636, 1593, 1586, 1554, 1460, 1502, 1541, 1529, 1524, 1562, 1397, 1515, 1418, 1523, 1489], "10": [2332, 2298, 2205, 2342, 2238, 2384, 2434, 2200, 2375, 2488, 2545, 2428, 2427, 2408, 2439, 2627, 2546, 2594, 2530, 2458], "11": [1869, 1926, 1978, 1949, 1906, 2002, 1956, 2145, 2001, 1926, 1894, 1926, 2045, 2003, 1956, 2058, 1994, 2062, 1839, 2063]}, "noiseless": {"00": 0.4785925964798302, "01": 0.0726557797436849, "10": 0.38029309983211723, "11": 0.06845852394437042}}},
"AA": {"0.1-1": {"measurements": {"00": [2183, 2230, 2196, 2172, 2139, 2096, 2066, 2155, 2243, 2201, 2220, 2269, 2238, 2354, 2363, 2280, 2182, 2273, 2228, 2219], "01": [1583, 1548, 1630, 1577, 1547, 1606, 1552, 1601, 1558, 1562, 1582, 1615, 1606, 1540, 1543, 1612, 1560, 1553, 1573, 1573], "10": [2373, 2321, 2348, 2342, 2364, 2348, 2428, 2370, 2351, 2312, 2277, 2337, 2274, 2263, 2316, 2314, 2319, 2346, 2354, 2402], "11": [2053, 2093, 2018, 2101, 2142, 2142, 2146, 2066, 2040, 2117, 2113, 1971, 2074, 2035, 1970, 1986, 2131, 2020, 2037, 1998]}, "noiseless": {"00": 0.5657928763568307, "01": 0.07620255596538211, "10": 0.29387900555192553, "11": 0.06412556212587071}}}}