{"initial_step": 2, "final_step": 50, "quantum_tts": [39.71844177985417, 70.74136111881889, 85.54056747857933, 117.6967188162578, 134.40962219921968, 183.50173898484388, 184.45673458648199, 194.43891312728775, 265.4422901153739, 224.9332990528253, 292.17509859610374, 337.6942173888782, 356.628390927626, 349.61983127672596, 366.98596673131567, 347.87922349697897, 326.0876229458424, 412.35846494124826, 462.008061560206, 370.726167792256, 468.684043446871, 574.5487047405333, 552.2240477713549, 509.4406878829632, 548.9353891415178, 627.2922008560056, 517.8817736440284, 723.3681699420623, 837.0599671079781, 855.1418815553009, 841.7607089766975, 938.998274221076, 824.9548409954573, 870.8388600902966, 962.9452098284473, 898.8731258716198, 969.8382583584341, 932.3195323163009, 877.5251982981199, 675.9527109736359, 866.3336145419627, 971.2002783306136, 878.0044183855746, 992.9475004661198, 1078.324646213703, 1088.997896140954, 1081.137605685281, 1014.7917932652737], "classical_tts": [28.594763908925405, 27.307845177657242, 27.540879678712873, 25.5728561578384, 24.77040834994846, 23.937366943615412, 24.902408788015464, 25.050784770600192, 24.789112551210938, 24.208616631236566, 24.702316310345935, 24.41810278545474, 26.150557231646275, 25.78654512407972, 26.709824366411105, 28.460988659288823, 28.89398215253494, 30.18774877616285, 30.941922828576587, 32.65846436236481, 31.891548565714043, 35.02939542454695, 36.579829376578644, 37.279929828113545, 38.624245892252915, 40.353968909277114, 40.3393420533363, 42.103668288214436, 43.15389017570128, 46.01699601042133, 45.78164985835716, 45.935504346973914, 48.56746685536384, 51.521008108036426, 53.35786781146325, 52.97615187188238, 53.69173575651689, 54.07306026280335, 57.76140237446681, 58.43012260935947, 59.15781342610463, 61.5668792024579, 62.51034370110176, 65.33327837826378, 67.86855931809065, 68.0794521753149, 70.11859724520264, 70.1031513456094], "initialization_stats": {"phis_precision": [70.72298253846454], "psis_precision": [93.77099303665794], "phi_angles_psi4": [-2.5412670292063786], "psi_angles_psi4": [2.581330407918674], "phis_initial_rotation": [-1.62150239944458], "psis_initial_rotation": [2.3856403827667236]}, "final_stats": {"q": {"step": 2, "value": 39.71844177985417}, "c": {"step": 7, "value": 23.937366943615412}}}