{"initial_step": 2, "final_step": 50, "quantum_tts": [1830.6898557225331, 1661.5484999046964, 760.9512318836689, 720.1439553273781, 912.9230533010996, 409.4280737478872, 1700.6039491376503, 153.41611383096472, 318.57935118866754, 353.13658032188704, 1812.308183105259, 276.88447760227456, 822.7067431092329, 1292.264243980505, 120.42869386465237, 182.7667219605453, 942.1422194804835, 1209.5630941981153, 936.2996030962064, 1773.4062199499353, 414.7389806238118, 1133.8414569820666, 215.82659900025624, 524.1690174527976, 757.7832785872969, 610.3896113476058, 947.3705533396161, 287.4570266711493, 1246.680775565527, 583.9515549527863, 1185.0875604726625, 1283.9972634084345, 1151.9551921009518, 1670.2971640532971, 214.60887862245522, 778.2064760434015, 1631.9351115892518, 1536.5692333302882], "classical_tts": [77.07397232498049, 76.58412338084624, 73.51815028688853, 68.11956981329146, 64.33555647228032, 57.15000385442106, 51.285649290241956, 48.84501387160947, 45.971225284512684, 42.0782664239073, 39.7196992336944, 38.467133833680144, 36.60365507586034, 35.50226952807731, 33.779452752240765, 31.754248066999047, 30.37415411912758, 30.143400065640453, 28.258808292903627, 28.26677450485009, 26.397194820361882, 26.031106194069416, 25.62791049458857, 24.782559697079463, 24.71878488338816, 23.66009075380834, 23.152683783635744, 22.841452576622437, 22.86541133892228, 22.346914105767716, 21.55188822038773, 22.175681082183555, 19.947983871519206, 21.052115707675625, 20.344142893056045, 19.61765042704723, 19.967526632894348, 18.22717799346801, 19.19803979002228, 18.453101277568315, 17.896805844873505, 18.322920269751446, 17.440394264892806, 18.76610750787199, 18.23313945875157, 17.750468195699497, 16.000000000190553, 18.505807267856923], "initialization_stats": 2, "final_stats": {"q": {"step": 2, "value": 120.42869386465237}, "c": {"step": 48, "value": 16.000000000190553}}}