{"initial_step": 2, "final_step": 50, "quantum_tts": [566.3154605463303, 834.8185339496561, 1078.4641569813832, 1275.753809648759, 1455.5569921440156, 1653.5257538787398, 1529.9302506071306, 2080.819409699435, 2341.3655937541425, 1842.364069728083, 1684.5316860607409, 2571.7572695267218, 2741.547137361622, 2494.7777484841668, 2258.4928571485534, 2863.0730158950873, 3426.6609604008436, 3416.4754046339212, 4042.837228268177, 2989.0017673476045, 3292.5833523220927, 3992.911674430117, 3745.628770575016, 3526.2842148163663, 4686.021618880005, 4668.052365275095, 5258.417528304812, 4995.0782059681815, 4774.847385037832, 5188.7831035267845, 5948.8605819530085, 6383.275743851456, 6389.59492081622, 4972.828186687421, 6973.203452480195, 8364.259946087102, 7119.831541632509, 8994.135254042807, 9399.018332314157, 10026.863596905983, 11750.207196846819, 11447.662649228077, 10392.907305827866, 10265.083727090654, 8627.016071490047, 8274.493001817124, 8750.926791771395, 9321.343944647866], "classical_tts": [355.3755631157407, 293.6403346034384, 257.58348210153287, 257.35320067122444, 254.31595643917535, 211.1322409051987, 186.3423814083314, 187.75656224295682, 168.11380411301582, 159.30261640045987, 147.21946760842843, 139.49434742791618, 128.1701682080873, 117.53166794081302, 115.36548243349448, 115.00077123803419, 102.53563215043275, 99.1544706276646, 98.14858112480904, 95.20187057967932, 94.74793526400049, 92.22310921616825, 90.32732243919479, 90.33436083709819, 90.68095705709518, 87.27668006805533, 87.00429798284112, 87.8515595408018, 87.66103895892, 87.42793841873352, 89.19267785028406, 88.8941476161737, 91.80861701004032, 91.19638611288252, 91.02311178493159, 91.56361928818023, 94.8428295434934, 95.6622272494678, 97.64863645865083, 101.0829560402548, 99.91452861321588, 103.51814259877138, 105.45826643666601, 106.25369665630079, 109.91493456693311, 109.96240723740569, 111.50349257362149, 114.64165860921018], "initialization_stats": {"phis_precision": [66.12811528918753], "psis_precision": [1.1994437974407357], "phi_angles_psi4": [-2.526347046736313], "psi_angles_psi4": [2.568298115398991], "phis_initial_rotation": [-1.4622304050290242], "psis_initial_rotation": [-0.5356128999664653]}, "final_stats": {"q": {"step": 2, "value": 566.3154605463303}, "c": {"step": 28, "value": 87.00429798284112}}}