{"initial_step": 2, "final_step": 50, "quantum_tts": [523.5753367716571, 1097.346193037696, 798.4577975801612, 669.8817402542882, 1521.4305866872987, 2218.3929489272186, 1880.2817343713907, 2599.0094531049936, 2845.6065828843066, 2175.6424506635612, 1597.0681587459421, 2107.4001581002376, 2530.3050918099298, 1846.9946737845937, 2255.623829104723, 4408.44087088375, 4846.69517469196, 4853.815899756959, 6114.147614047473, 4846.885926720142, 4770.585201514647, 4161.7314004595355, 4550.386262264964, 4587.1877503151245, 4057.922008669831, 5287.66306028738, 6215.233244125376, 6036.118489650119, 5932.878901376416, 5662.064170833619, 4930.198176958877, 4404.4296734027075, 4217.282135153748, 4241.305415042514], "classical_tts": [348.5624540786864, 277.04975063962166, 224.90459177982268, 170.62210698632833, 149.75780134112344, 126.22701067931558, 113.75645093853029, 104.18499149781695, 85.43446824234121, 75.46139992559512, 70.56610905885407, 66.05723624565917, 60.4629122455912, 56.6891859969048, 52.54199424057577, 50.62110689131388, 49.68804562990314, 46.2097909364685, 43.25836856569205, 42.30633779044845, 41.466700865778805, 40.1054082678667, 38.44081577922504, 38.61986801663463, 36.894721326483506, 36.68138403850173, 35.51140854986613, 34.271459965469475, 34.926673992975275, 33.400925576296046, 33.34738539749284, 32.82070391763469, 32.26814989896374, 31.72989690643243, 31.939934302865026, 30.12467921822518, 30.261836152251917, 29.292888702936335, 28.77962061573982, 29.414139261192474, 28.693281458731153, 27.931545498956684, 28.440967088850478, 28.08883577614455, 28.595872521611955, 28.97556067269057, 27.271562238703098, 26.86537922644999], "initialization_stats": {"phis_precision": [58.79586542843253, 44.59739643075006], "psis_precision": [34.31528494257504, 45.69656871837202], "phi_angles_psi4": [-1.5124112700065735, -1.502009793914674], "psi_angles_psi4": [2.581346472417863, 2.5715472059688316], "phis_initial_rotation": [-2.80687733468219, 3.0406513896358796], "psis_initial_rotation": [-1.638292651986272, 0.8655545981780248]}, "final_stats": {"q": {"step": 2, "value": 523.5753367716571}, "c": {"step": 49, "value": 26.86537922644999}}}