{"initial_step": 2, "final_step": 50, "quantum_tts": [146.39967644307674, 194.05855258772604, 320.4949174959202, 598.5699798466301, 703.3795267369534, 516.8237988184887, 454.58358007987056, 586.8836714347102, 1073.272292478719, 1573.9424909240372, 1056.407505773074, 753.3531492926151, 801.12033954412, 1249.3714123789098, 2049.8871556723116, 1689.24128390202, 1123.030479751799, 1041.4006569115181, 1450.3016407159555, 2646.3684912852536, 2870.182005183106, 1730.3886145301256, 1326.3822908337133, 1526.8084826523725, 2492.0284023061186, 3490.0957039162, 2419.275716829503, 1681.9411555899976, 1700.963090636023, 2583.199420520143, 4480.606885580273, 3740.1667745446803, 2258.5392562643224, 1901.580320547523, 2420.38124589365, 4067.847442225387, 4627.699316225219, 2933.5070149202584, 2210.180786820934, 2492.405799418923, 4102.115307279534, 6256.540742258603, 4255.175658367411, 2720.160921675165, 2554.216510261841, 3566.7143446557616, 5882.038526407304, 5353.155197288662], "classical_tts": [77.41779486008151, 70.17218782524274, 58.68467927600199, 47.87467946420806, 43.19223606030728, 37.28256875150698, 34.085476190117106, 29.875796632661814, 27.151584674980455, 25.858620285242722, 23.886332100985722, 23.186656073836176, 22.819847423025266, 21.045002541887257, 20.017859282575458, 19.29462818204781, 19.12463337300278, 18.544397686562288, 19.235076281151333, 18.643651236598956, 18.99802359002884, 17.67830109733461, 17.333825794573475, 17.20766559298524, 16.826789315255112, 16.337199955382243, 15.99267405204646, 16.735645692867745, 15.835397878030356, 15.827572870345906, 16.171329569328684, 15.313921752753831, 15.425657526646157, 16.357723840291804, 15.645167628387696, 16.374309199127325, 15.6638457432038, 14.988124843466851, 16.287096190978787, 14.122882922718482, 15.234160188644431, 17.282148001351924, 16.61745958746336, 13.632108784253356, 3.5156944784282507, 13.04808918091874, 14.540916036536913, 13.603327018404643], "initialization_stats": 4, "final_stats": {"q": {"step": 2, "value": 146.39967644307674}, "c": {"step": 46, "value": 3.5156944784282507}}}