{"initial_step": 2, "final_step": 50, "quantum_tts": [83.037529917696, 150.09432761355532, 166.89811675790193, 172.60447011704585, 287.914195242574, 380.4548111220872, 434.93944761466076, 596.5612424287742, 656.2670941651406, 623.0016798884578, 529.2682859687718, 579.659442459621, 720.1619578778663, 671.9040988067635, 727.4800690949115, 918.4219510320237, 1026.0672248958679, 1006.6246692067224, 989.6498049527361, 1045.7600107564533, 988.741402346916, 792.8022465602796, 924.4678462737165, 1066.003648069235, 1017.8082454774669, 1211.3029240570847, 1504.3641011130755, 1638.7787043217993, 1679.910440926497, 1804.2209148423208, 1826.1666091127104, 1485.1789933330654, 1312.5805716092605, 1546.9112730382178, 1708.2065375107584, 1634.7763184622952, 1830.459433368872, 2086.9355445353112, 2104.8234194371626, 1881.644557358362, 2128.011642081941, 1908.8921812790074, 1410.3716533197094, 1601.1924446747832, 1891.501364965973, 2035.5085180450715, 2225.59280651665, 2280.465521716171], "classical_tts": [70.33769805594409, 77.52422392434848, 71.41438429005613, 72.81275934391509, 62.79108973119345, 60.836183136125435, 57.09738473500445, 54.380723565716664, 54.198994774086984, 50.29870375111355, 47.5447104772287, 48.12554361156821, 45.957724868226606, 45.64879925716235, 43.71264089801804, 42.502066628927984, 42.80595738235488, 43.02619437207979, 42.731176325807674, 41.88733105857774, 41.294238062033386, 40.59084362757527, 39.99266466250833, 42.14096446658625, 40.76510705306953, 40.52223327804951, 42.32525862518304, 42.10366828819924, 41.594661740601644, 41.72714331666621, 42.08379260192436, 42.10074567594614, 43.54094932890376, 43.39591382832811, 44.40495761749652, 45.59890298839608, 45.02874537791125, 46.17220780077484, 47.80320024987006, 47.97295635133442, 47.87008861669781, 49.10131018330354, 50.0794260098834, 51.79184080745138, 52.52698298678983, 52.74398492382768, 55.499840613010335, 54.02328298164771], "initialization_stats": 3, "final_stats": {"q": {"step": 2, "value": 83.037529917696}, "c": {"step": 24, "value": 39.99266466250833}}}