{"initial_step": 2, "final_step": 50, "quantum_tts": [117.70093206977451, 162.66771511194702, 186.70954283621762, 225.9231021596866, 253.64229470024475, 293.6167770378734, 298.32990057435126, 355.2143775070202, 379.0964338907189, 393.0644269653566, 408.1157859060787, 447.13602965605105, 509.19055086991233, 545.8162559103858, 523.6655643323796, 561.9460389018274, 655.2783307245084, 720.5214995472511, 796.1813294304206, 797.9583649469134, 864.7543955571634, 961.2442933678043, 998.6374804528741, 954.872001366494, 1040.3027799530585, 1160.4607507098563, 1320.2677558686823, 1516.6507942801313, 1750.204596703363, 2296.042552366983, 3323.8931518442882, 4277.309600930328, 5453.511815711578, 6050.108931859217, 8539.170092315953, 9322.449091061897, 9389.10915346839, 8720.21694221793, 8656.019366393404, 8285.622702910234, 6534.4155038847075, 6360.689832502349, 5014.704582676198, 4808.11322795902, 4556.916222386453, 4735.378263500892, 5511.170470711833, 6901.173858808412], "classical_tts": [87.534205262555, 83.25196259858615, 85.16882305230855, 79.86263654816892, 74.8710846786586, 72.0805055659002, 66.56261763725011, 65.06826705734905, 63.12895228583068, 59.43156879447496, 58.09481903627743, 54.49773478646637, 54.93910797121252, 52.25847324877317, 51.90497226891552, 50.92364198537834, 52.50498526293322, 50.46584250428673, 50.86266875642292, 50.98715864521918, 50.04037857983609, 49.22464538117085, 49.08450999613561, 49.49025254469336, 50.2778415023518, 51.4053099887162, 52.62939020576102, 52.272490282086125, 54.056009955186276, 53.55839083374628, 54.65932820864754, 55.28754324910645, 56.63586822132086, 56.718476545220575, 57.13481157029913, 58.95960531339269, 60.75326638211273, 60.5389496176985, 63.34318833703985, 65.57359702827262, 65.41392225349988, 66.10506606370767, 69.98555211754122, 70.1643392666184, 69.09006068098155, 72.1465539181061, 74.73104782374952, 75.5259471288957], "initialization_stats": {"phis_precision": [97.45229254839906], "psis_precision": [93.17376321075525], "phi_angles_psi4": [-1.4946345856773127], "psi_angles_psi4": [2.5811839587457355], "phis_initial_rotation": [-1.5746731758117676], "psis_initial_rotation": [2.3667314052581787]}, "final_stats": {"q": {"step": 2, "value": 117.70093206977451}, "c": {"step": 24, "value": 49.08450999613561}}}