{"initial_step": 2, "final_step": 50, "quantum_tts": [105.80010217864097, 155.80338293107081, 195.1746601201623, 234.46311984192803, 235.45366075495252, 328.2800504088433, 273.87659571778386, 293.4022312433201, 454.1858649713105, 418.67568379447795, 552.8543133122142, 705.5679130901084, 810.3931330113196, 685.6884533588234, 957.7787101068884, 799.8817861888062, 676.6160351445056, 818.4240128018104, 1086.383349334037, 1131.53681135087, 1251.628789424035, 1303.131388345071, 1125.0501609677422, 949.6119934695938, 845.7569182546382, 1123.6380776092694, 1138.99445138455, 1232.8729907870738, 1540.4495282450303, 1553.9179003721547, 1644.9449699341728, 1750.9944795413485, 1453.6284082700827, 1672.4851108323737, 1695.2855400090057, 1755.2994631014399, 1830.4634575889436, 1773.6148215932099, 1644.5089692924048, 1291.1649021548574, 1323.5476028270007, 1423.6769743548255, 1500.1937573273335, 1792.2385014193446, 1987.1695643758685, 1922.4137245890965, 1948.8856713255427, 2054.6287338845873], "classical_tts": [84.56652111542819, 70.96724525611407, 66.68684500303435, 62.90466679338867, 55.035569804603625, 51.439337687019936, 47.80930316207891, 44.54555597938891, 40.644766772565355, 37.18106884115938, 37.011716188121994, 34.81492875923122, 34.04931963740116, 32.65428773977556, 33.68738827799953, 33.56089270276956, 33.15678122850828, 32.10760931162865, 33.291216708986575, 33.98151963203218, 35.49596488448532, 35.45095477479924, 32.77605914572333, 35.683614631458894, 37.690011941298415, 37.91079132691518, 38.36122393579683, 39.2561829843367, 40.315821968093765, 42.03111084345018, 43.1776965458484, 44.275624562241795, 44.91639235102916, 47.416311317934756, 48.06598103890147, 50.772608881147086, 51.646388166405885, 51.35290196476152, 54.14645928874027, 56.126935686919396, 55.07604832898492, 58.395038330518325, 59.082013624476765, 60.278015415212856, 62.871068630641446, 60.1131765989204, 65.60459335371281, 65.2635759156636], "initialization_stats": 2, "final_stats": {"q": {"step": 2, "value": 105.80010217864097}, "c": {"step": 19, "value": 32.10760931162865}}}