{"initial_step": 2, "final_step": 50, "quantum_tts": [1327.4352988055603, 1077.276673971945, 848.2403861257009, 1403.791593213123, 786.0973389318087, 1082.3933125116464, 1069.6479691279308, 306.84265928095715, 1036.8341231923962, 422.90276144384563, 928.7361028798381, 161.81504667790622, 425.7203059784252, 1024.260848195128, 168.76482037395866, 534.6159071914122, 529.6325585612632, 433.2589335813808, 167.4423199978041, 524.9155999448968, 590.8497520499724, 86.20757107225228, 612.4465598135481, 1012.5323696911978, 454.72759426649577, 515.4320971885069, 991.8608000800264, 900.4317024282458], "classical_tts": [74.90938257098195, 75.10206231465652, 68.02808583475228, 66.94524054019611, 65.13343489457516, 60.98614161391813, 57.651682090538564, 55.84827315697534, 55.31426241470554, 49.90846136151447, 49.599047551731154, 46.42068774588674, 45.31939538428169, 43.95303999303327, 42.30847304168202, 40.05851073518861, 40.22491318537297, 38.36915370650239, 38.03845313864782, 37.218518950483066, 36.93791724047428, 36.07477286584318, 34.65684142466745, 35.22679299948738, 33.114431995908575, 33.92471152887444, 33.879866261958455, 32.28180613629467, 31.874388954984422, 32.12199262951977, 31.99999999998716, 31.08133324416146, 31.05365941179726, 30.325948692755563, 29.7027621113082, 30.011904166989144, 29.834800285296282, 29.85090868669816, 29.352185979736877, 28.81068688986507, 28.1918885988516, 28.168773640779975, 28.37048688127569, 28.164807125384968, 26.90112928927866, 26.79786789760079, 28.914757961683854, 28.229503406785287], "initialization_stats": 3, "final_stats": {"q": {"step": 2, "value": 86.20757107225228}, "c": {"step": 47, "value": 26.79786789760079}}}