{"initial_step": 2, "final_step": 50, "quantum_tts": [11450.429159330773, 11495.241286622604, 4938.912988360235, 3402.9884163091106, 4187.558945548888, 3467.2043501587823, 6437.111102771825, 2895.054867928598, 2795.7648869668574, 2913.4600596532955, 9892.41799508865, 3151.254350135662, 4287.743417574056, 6974.4964644389165, 3304.0227145808635, 2675.620754201896, 5313.050690622021, 6864.877125118934, 5355.319481996513, 9312.566557560653, 2385.397611639889, 4700.15971988988, 2658.4690539013363, 2834.4495599899456, 5084.773290018595, 3224.47439127589, 5441.115724648078, 2285.8585367554783, 6894.054998504664, 3277.432749169265, 4818.3785075945725, 5251.797882452371, 7434.4878206080475, 7366.755955207131, 2458.998732349658, 4783.558958377344, 7370.441100427331, 6256.448910101632], "classical_tts": [3067.810296154093, 2043.2864811524125, 3344.607396922304, 1582.226275517074, 1528.1385648559597, 1307.6873069986973, 1074.332794957107, 970.584493126755, 853.2559863256142, 760.6528599752553, 660.0154406563128, 543.0981646348249, 504.69928364185324, 443.7924602946975, 404.1558706531954, 358.2740842172612, 350.5862825082096, 314.1495570514241, 300.98069101763446, 287.61284131504294, 259.4397868343874, 251.69356861168853, 243.0476510268931, 240.16695819452983, 229.05617218953708, 224.51508149536014, 216.7898479724739, 214.74454898343134, 215.03486114392345, 215.12474024212926, 211.00259143218165, 213.57236862166897, 218.18145945446082, 211.68384366398556, 219.4162124250538, 232.42894277958814, 226.23039924401203, 230.0999991761306, 227.96256138257786, 231.83234493280764, 245.2417742750028, 232.74140220018208, 256.6785196223066, 244.0052628742807, 255.14223913118718, 251.78222555697414, 262.9888168220241, 268.10345375837414], "initialization_stats": 2, "final_stats": {"q": {"step": 8, "value": 2285.8585367554783}, "c": {"step": 32, "value": 211.00259143218165}}}