{"initial_step": 2, "final_step": 50, "quantum_tts": [17574.06469780879, 14895.806534910338, 9781.429649689197, 7343.402243591208, 8774.499656078135, 4355.585904599465, 17877.63999783895, 801.3067871430226, 2296.1661730692217, 6455.903896930015, 15374.723384576442, 3153.4352051851965, 33756.25079754914, 21004.697680492234, 553.1835624492287, 928.9438319270096, 33244.76479452235, 15362.530936139838, 39027.05910020307, 14331.426804279641, 4594.829554120022, 41611.9163025497, 1726.2359957826038, 3301.623305056643, 9209.797772491493, 4844.839586676968, 20114.73486591843, 2386.4525733828095, 19423.040848779994, 3435.979904203274, 23880.735557723434, 19125.208454368738, 17889.77837263395, 11099.948213439075, 1276.1547061565666, 39199.86758415726, 9859.582393336454, 30273.997180608818], "classical_tts": [355.3755631157407, 431.6711015044036, 450.21075125707114, 489.40055767239744, 469.45527983152755, 467.7056062601382, 461.5445169312624, 478.6082161834575, 385.36986162490246, 387.64746230205026, 383.58729035486414, 385.28899936134513, 356.3116301804171, 367.8302794341077, 348.29185686585447, 345.46289550310166, 333.4702981848351, 321.7724175801604, 316.9098535278609, 325.9363324197606, 316.5618254966759, 323.52303756798403, 317.4961035612372, 334.4374812061624, 312.9299771337118, 316.67732859017116, 313.5185545386635, 320.1670955977265, 320.7517656486329, 332.64036694349244, 353.81020682220577, 337.4472211434259, 370.4383772449624, 369.9439349161666, 373.04519397217786, 363.61888378014464, 373.194732467669, 402.15357644138084, 388.38040846307706, 418.08943452075783, 416.6861963746863, 421.4469154655667, 427.5040697613016, 430.58742963519484, 443.37589765721475, 448.2431274580788, 459.2932582775412, 476.08407768872223], "initialization_stats": 2, "final_stats": {"q": {"step": 2, "value": 553.1835624492287}, "c": {"step": 26, "value": 312.9299771337118}}}