{"initial_step": 2, "final_step": 50, "quantum_tts": [566.3154605463303, 827.0146184002692, 1074.1235168435305, 1294.8395358631958, 1513.6859519053803, 1715.9136304096967, 1572.8131548603956, 1822.0855923951985, 2038.845919839694, 2405.4977419454044, 2524.163659564797, 3282.384793982107, 2865.107370914873, 2674.8941569008775, 2589.9709374302356, 3244.9993462915145, 3826.0629241073184, 3450.493886502325, 4481.76441624357, 3251.749537178717, 3373.562830313009, 4321.913200201633, 4236.530861183664, 3632.876263771843, 3775.5897303814563, 4427.546625430621, 4622.2297814717385, 4668.399041991153, 5130.473025939284, 5077.629559896915, 4378.930142684008, 4610.706135699064, 3793.247049294591, 4052.2986508077115, 4435.5147681360995, 4714.128504596934, 5537.631236070969, 4893.144889543254, 5494.416346233843, 6024.120424719076, 6234.256969818994, 6109.116526740264, 6235.747285805723, 6540.650146211616, 6513.652685171733, 6753.477175974764, 7214.578634547968, 7139.4010224601225], "classical_tts": [369.827600732249, 298.51117447770815, 290.10135410012754, 305.3675142607416, 239.73144610307747, 228.4420896734481, 195.88968400877587, 180.43791383602817, 165.00135588607583, 153.62238566733893, 145.00259067166397, 132.19794304024066, 129.15979878279697, 120.75786186053035, 114.50091200759493, 106.21625497165671, 98.48698301328032, 98.63257733356058, 94.61195391200488, 92.83263329757689, 87.26595626241823, 85.72157081917709, 81.92178292113539, 83.07816274065193, 79.51578729913349, 78.2922851528397, 77.37258265425, 78.03857943179015, 78.57082572125995, 75.7034551888468, 76.87971533784075, 78.98619102851794, 78.26035181786916, 78.82897132615575, 79.49812328234678, 80.84931590577317, 81.29996956002539, 83.0422961283258, 81.97567360966536, 84.39958072700074, 87.55832492438213, 88.81982400965231, 89.95747184473498, 92.82394660131648, 92.8618960228041, 93.71564026049967, 96.13778920863187, 98.47803601849104], "initialization_stats": {"phis_precision": [64.25528445792108], "psis_precision": [75.62608357840173], "phi_angles_psi4": [-1.5018168587694598], "psi_angles_psi4": [2.581223687401196], "phis_initial_rotation": [-2.62477021628598], "psis_initial_rotation": [-2.9362324520853424]}, "final_stats": {"q": {"step": 2, "value": 566.3154605463303}, "c": {"step": 31, "value": 75.7034551888468}}}