{"initial_step": 2, "final_step": 10, "quantum_tts": [4328.961066770738, 6113.605472081583, 6768.466155790775, 11279.386005994107, 12369.200388618417, 13485.662467324455, 18255.07913825433, 8090.2367848285085], "classical_tts": [3005.1549074630702, 2399.24195333574, 1669.9979371178667, 1661.2668199377265, 1118.0050862369096, 926.2999369397572, 786.2486806699839, 646.8124803324072], "initialization_stats": {"phis_precision": [99.77340364525122, 2.720491909376588], "psis_precision": [84.60258480069798, 95.62872620138198], "phi_angles_psi4": [-1.5089041861744306, 1.5707790854948958], "psi_angles_psi4": [2.0690155554647496, 2.4956133910884564], "phis_initial_rotation": [-1.5160229206085205, -1.485346794128418], "psis_initial_rotation": [2.5527396202087402, 2.6329410076141357]}, "final_stats": {"q": {"step": 2, "value": 4328.961066770738}, "c": {"step": 9, "value": 646.8124803324072}}}