{"initial_step": 2, "final_step": 10, "quantum_tts": [156.8264911692251, 292.6397277963365, 539.3644027248031, 567.0294271597704, 536.8126317608696, 632.2425385455724, 1193.0902634178203, 1717.920619254011], "classical_tts": [144.46351420093094, 158.10589158513898, 149.49550179689334, 139.89782499562068, 135.2192752327532, 147.7131176778491, 136.92426634990304, 141.48287340525366], "initialization_stats": {"phis_precision": [99.77340364525122, 2.720491909376588], "psis_precision": [84.60258480069798, 95.62872620138198], "phi_angles_psi4": [-1.5089041861744306, 1.5707790854948958], "psi_angles_psi4": [2.0690155554647496, 2.4956133910884564], "phis_initial_rotation": [-1.5160229206085205, -1.485346794128418], "psis_initial_rotation": [2.5527396202087402, 2.6329410076141357]}, "final_stats": {"q": {"step": 2, "value": 156.8264911692251}, "c": {"step": 6, "value": 135.2192752327532}}}