{"initial_step": 2, "final_step": 50, "quantum_tts": [4934.340220876711, 6099.5685628307665, 2177.5659927333477, 1382.6211888777766, 1423.9868867112411, 350.0150244431551, 6206.021368498784, 169.703065259232, 401.6851057943257, 342.8148800103329, 3920.067929087831, 319.5397887708019, 1438.0532425702174, 4806.81002310239, 128.50314281943028, 180.83188324461307, 1351.9977196461898, 1213.3800880063031, 1413.783421983966, 8213.055508054007, 443.4949574515068, 1274.5683416153165, 281.3335861280255, 747.497495096298, 2082.0881315443003, 1018.244316634756, 994.6036075503451, 415.0615504339252, 953.3030802799558, 1112.011872820508, 1030.3736724778153, 847.7420912947192, 1121.903083742487, 1955.680631292821, 258.5830786501522, 1601.9722418322278, 4152.760959138295, 3949.3950197917457], "classical_tts": [84.97842336211343, 104.02159910696673, 95.1616432460676, 97.85073018045463, 86.57307536592835, 86.92450539296824, 85.0437161567173, 82.76517866308586, 82.41671364162441, 85.16744027489516, 86.38447212061456, 83.92405106556926, 86.70570556601872, 97.02968813042969, 95.34562073322991, 92.93137524416328, 101.12617143323183, 110.57849915411063, 112.05331037837341, 105.46872305298027, 113.9058483518181, 115.5133633437403, 123.60974371055853, 131.97384730524436, 132.2866512607547, 139.42650367384448, 148.20465341251784, 150.67676839594364, 151.97776996313831, 158.1382162414422, 161.82905337028134, 172.21565951119857, 177.7473326098476, 176.2369277042393, 174.87558214085362, 178.52127187828066, 192.33847661694256, 193.36153366322253, 208.19576364871241, 210.43004374671565, 203.33186662696144, 228.4105855601199, 218.3384423402668, 219.8968010881533, 236.7116471213259, 233.42513366352264, 239.8288331899913, 255.93956231447098], "initialization_stats": 2, "final_stats": {"q": {"step": 2, "value": 128.50314281943028}, "c": {"step": 10, "value": 82.41671364162441}}}