{"initial_step": 2, "final_step": 50, "quantum_tts": [1532.6661540416883, 1572.283842795151, 1547.0187322577015, 1484.7940821683928, 1411.7238747299443, 1329.0755251792846, 1236.801896931977, 1138.4763806112662, 1058.9216832176655, 991.0279314365321, 944.4479181341903, 912.8604839440471, 888.2672200955077, 873.0959890703018, 828.2851071942105, 806.0363419192618, 771.6111461630688, 728.0549883464959, 720.8969452522853, 724.4006186090276, 742.244102914328, 776.3758862953338, 792.1741182284219], "classical_tts": [1471.3506732825397, 1361.0380706733274, 1514.6215640771684, 1309.9980157761, 1035.756930287247, 1048.8446160311123, 1111.4139966688006, 839.781016971494, 799.9155745772988, 753.3422785474606, 665.1922840639912, 669.1183217451835, 616.5992100812826, 581.9311838602063, 554.7818619038246, 542.9090691898499, 495.0533687046027, 500.1841157878891, 462.94706934556336, 444.5590586705864, 421.71289314044895, 436.7791142064833, 415.8519479485292, 373.0275529692781, 385.5786640209368, 366.4011999614068, 343.5120910863482, 339.60854894329844, 340.73945327934223, 325.8038803246038, 308.23058902053833, 305.7248423613425, 301.3115424291831, 292.86751673757306, 288.3918055141789, 276.0263854129487, 266.4944051219101, 264.7128875754875, 261.4935225143179, 257.61976855505424, 252.14023449315033, 245.85675843858334, 247.08376348623113, 246.66369477884874, 240.85319844145394, 233.22515431798575, 230.3780271637989, 234.28911129323117], "initialization_stats": {"phis_precision": [30.921628869218786], "psis_precision": [49.62983674592814], "phi_angles_psi4": [-1.5708471341949184], "psi_angles_psi4": [2.535740409371408], "phis_initial_rotation": [0.5993138984691964], "psis_initial_rotation": [-2.165019549417071]}, "final_stats": {"q": {"step": 20, "value": 720.8969452522853}, "c": {"step": 48, "value": 230.3780271637989}}}