{"initial_step": 2, "final_step": 50, "quantum_tts": [566.3154605463303, 824.2616132027387, 1127.5802624677945, 1150.9407497376596, 1381.3865723672106, 1796.7219866739104, 1414.792296425802, 2097.1850145022554, 2716.539177421962, 2803.7132214205726, 2339.458548000239, 2839.6869061155253, 3247.5582823695995, 3180.4307503629416, 3643.0209542509597, 3963.206267803324, 4055.9113987328956, 4945.075272095454, 4873.905776544311, 3881.08125138687, 4684.2319556129805, 4603.786196817359, 4924.303100368643, 4415.6478042978, 5066.386055127625, 6279.713660441012, 7576.723850630977, 7746.585507046038, 8001.102264718118, 9410.039636410911, 9887.633452423985, 7721.1663574286085, 7889.107544462394, 8519.811374153309, 7991.283855273783, 10396.197578502415, 7233.461345624937, 7386.179828700834, 8372.77713052083, 7423.501749164293, 7999.191601884641, 7085.182805642058, 8679.452137820335, 10056.446312592143, 10332.192456853603, 8837.164194298366, 8933.477905889744, 11175.134762286021], "classical_tts": [385.49663557957587, 325.47463271557746, 299.84531592047693, 289.4085891420248, 231.22191697494145, 225.01792240655914, 207.04876915769597, 192.37296528249064, 164.662142032759, 155.2869193604211, 151.96769081462577, 138.49373002238005, 133.78370452683936, 124.50813583836697, 117.19170497822367, 112.95395244477454, 107.57093211468322, 104.05262035011621, 100.48973290305496, 93.35991021038907, 93.1422826222969, 89.8092122134125, 86.88205112734713, 83.9835934272187, 84.10437318700218, 85.7637618348314, 84.37619893629417, 82.95881555954085, 81.93297044145898, 81.13426018531435, 81.8541080831781, 82.58843688173398, 81.13105774989536, 82.47340445480009, 83.34394003980215, 86.41918904951196, 82.69604654381699, 85.9766395932566, 86.31077502403878, 87.15220719085121, 90.13380480293246, 89.82690786785152, 92.64031776448371, 91.56199619192988, 94.53040735822668, 96.71765442600682, 100.23766427550137, 99.56432919121033], "initialization_stats": {"phis_precision": [49.24732264829858], "psis_precision": [10.455096852554435], "phi_angles_psi4": [2.5308350215445605], "psi_angles_psi4": [-2.601582346553618], "phis_initial_rotation": [0.9363926383633778], "psis_initial_rotation": [0.868466861681723]}, "final_stats": {"q": {"step": 2, "value": 566.3154605463303}, "c": {"step": 34, "value": 81.13105774989536}}}