{"initial_step": 2, "final_step": 50, "quantum_tts": [813.9065258436483, 1993.367122806471, 1558.4872556590765, 1394.6914465768268, 3101.6316051628987, 3444.3773934525525, 2524.0426457237736, 3595.3389488690173, 3405.990019710803, 2002.8620230848187, 1939.282257604633, 3097.608249209173, 3021.5068971760165, 2216.855667709546, 3324.86317234399, 7848.609588032459, 8240.195539545684, 8218.542873444414, 12716.851678269284, 10248.845010624822, 8952.446838368363, 7521.039395246357, 9548.889111160868, 9183.530173008101, 7526.735083084716, 10363.616296339365, 13021.005326386108, 8249.85137960441, 8058.861766028896, 7899.09910330404, 6063.52493128171, 5409.62703777063, 5572.084010680889, 5875.704900801298, 6353.154039249725, 7402.231191208647, 9972.769822145625, 10413.637003379145, 11317.931807605717, 13688.664194883017, 16183.498463273636, 14343.521874180344, 9771.363421451359, 10841.445618199292, 14750.251851353361, 12524.649970954153, 11146.754003079159, 13378.763256827508], "classical_tts": [531.6268657752776, 399.9087501181309, 308.9154482542825, 234.04895938959544, 202.33955945272353, 161.91909655035315, 137.21593090483645, 123.91635669108261, 109.83448166808977, 95.83536539329992, 89.25125842280684, 83.71439690655183, 74.56513750301764, 71.79654889298175, 68.19802953367474, 64.80868808067856, 60.0976348498662, 59.33207236170718, 55.62995087504197, 54.624274868237066, 52.1231208913776, 50.87690382522886, 48.58273852740437, 47.072196416816766, 46.24282085620251, 45.49591920096636, 45.02843465696477, 44.0020369751771, 41.99077179770691, 41.137902339873904, 40.37853479816603, 40.19375569442734, 39.63780336006237, 39.64978121561157, 37.74772018647554, 37.820941693433525, 37.669490739533536, 37.443993286255896, 36.26273932163706, 35.42928391874504, 36.24448446081334, 34.90494486560108, 34.462512715039566, 33.97634761563864, 33.84787144094804, 33.16004129725706, 32.50757928911463, 32.964457030430935], "initialization_stats": {"phis_precision": [8.822632344762438, 95.63726993152096], "psis_precision": [60.632059351408564, 55.55277562000194], "phi_angles_psi4": [1.5708534688949276, -1.4656292156051838], "psi_angles_psi4": [-2.6402479591396975, -2.640173861951892], "phis_initial_rotation": [-1.2935680150985718, -1.328570008277893], "psis_initial_rotation": [2.4061570167541504, 2.2466607093811035]}, "final_stats": {"q": {"step": 2, "value": 813.9065258436483}, "c": {"step": 48, "value": 32.50757928911463}}}