{"initial_step": 2, "final_step": 50, "quantum_tts": [1056.5500105636886, 1167.8760015617484, 399.4801002713664, 414.5844929139872, 485.18553092729013, 283.1425943869561, 864.4211167715162, 164.95898668845257, 225.18156459359497, 227.16606105836024, 990.0446808466919, 230.04404395527115, 570.9832513886779, 999.3592136910017, 124.07371446711858, 183.29419577012303, 433.8469577589193, 806.463060733654, 455.5790673431001, 1019.1594242572766, 257.6698352298435, 577.8076616570429, 187.22981671854197, 326.6007508750238, 388.8655218513108, 385.80418335872037, 479.1305051756965, 217.86366563612236, 555.4374862982685, 374.628806203477, 559.0430634650776, 567.0545516580702, 668.5178860134924, 873.5163067493006, 219.4940280857534, 490.06761516046123, 868.9719636397804, 923.0654090101949], "classical_tts": [95.66128545150322, 86.2111105555448, 74.3585006305335, 68.35896947214222, 61.311406354253705, 53.9530451996649, 46.9996742653859, 42.13413344095936, 39.287353906642295, 38.336920127914276, 33.702744694264055, 31.12635460309479, 29.076646573010105, 27.53433616155052, 25.23483070814967, 25.15844102803716, 24.072089504030853, 22.93928145333981, 21.42075114140947, 21.386585276632957, 21.616761473405777, 19.781078546541004, 19.81628840478863, 19.022136466104605, 18.30706921711372, 18.425765085303077, 17.618675360110526, 17.495413133676596, 17.31273692365629, 16.363244473964702, 17.04136254523859, 16.50000000002912, 15.545794723475309, 16.903467550597778, 15.790576970526438, 15.065563976655378, 15.27259590817147, 15.458531280245895, 15.372435736889079, 14.518882783242898, 16.40197455523282, 14.333333333504036, 15.156264599990566, 15.000000000178645, 13.93504453501454, 14.237980285775727, 13.325708099661693, 3.744978900934441], "initialization_stats": 2, "final_stats": {"q": {"step": 2, "value": 124.07371446711858}, "c": {"step": 49, "value": 3.744978900934441}}}