{"initial_step": 2, "final_step": 50, "quantum_tts": [540.939700022015, 750.6394637299052, 931.6036255286464, 1059.6257681633892, 1272.055152176878, 1377.0774762304147, 1209.5735689465514, 1507.25340401211, 1430.3192548127695, 1362.0829789074546, 1462.1938505569008, 1729.9318203846613, 1629.288813509421, 1484.4423067451387, 1301.622725220832, 1374.6804677238263, 1477.0967479176686, 1710.9725685085987, 2119.338867129405, 1917.5990309184242, 1920.3811794356525, 1933.137593993531, 1957.68325441914, 1984.8029985728053, 1895.68590405263, 1915.668209560218, 1956.6116663492526, 2003.1149289155355, 2092.0357946763747, 2087.133873804689, 2226.466517633304, 2271.0233253150986, 2276.653496259892, 2451.9865289930162, 2534.05428803267, 2712.326882965786, 2618.906767015819, 2519.3450114170955, 2827.5519088965934, 2460.519717930272, 2535.8834746019456, 2843.377257795731, 2652.8824678170654, 2893.7904486935145, 3105.9925155609835, 3178.672600003023, 3295.791616112415, 3268.8592119456152], "classical_tts": [342.0040370481872, 272.8417595736767, 308.9154482542825, 279.3538552130185, 241.95462811971575, 219.66000863536595, 210.60383822647316, 187.282789747963, 176.58746255614972, 162.59419405536406, 147.9323324992548, 143.8417153302695, 136.93874063134518, 125.62735090875142, 122.35383050908803, 109.63703553473134, 107.93102403187609, 106.8424607487736, 103.68712863601978, 100.0520071103806, 93.5121253268653, 91.33799210003721, 88.61477048267676, 86.05317800119074, 84.37579347711849, 83.54164147982048, 83.55139247914425, 85.51178992132527, 83.93678350172061, 83.4779211959693, 82.30284615966316, 83.18203657356632, 80.60869739176037, 82.0540370539612, 85.14754225614601, 84.33057997927928, 86.81603957132863, 87.03554852633417, 89.81509432612992, 93.41565106966722, 93.31724214969553, 92.18558740813705, 95.7207338451407, 96.30908878924731, 97.11592666267657, 99.60009450868559, 99.99832738324099, 103.48486666125991], "initialization_stats": {"phis_precision": [52.1712891796125], "psis_precision": [53.28691062474282], "phi_angles_psi4": [-1.5708471341949184], "psi_angles_psi4": [2.535740409371408], "phis_initial_rotation": [-3.0734303996349186], "psis_initial_rotation": [-2.2799099137302647]}, "final_stats": {"q": {"step": 2, "value": 540.939700022015}, "c": {"step": 34, "value": 80.60869739176037}}}