{"initial_step": 2, "final_step": 25, "quantum_tts": [1035.1644693842616, 1460.5645966421303, 1505.2811321126808, 1583.6676443503495, 1660.5803826496963, 1752.5534338331656, 1793.0027408722583, 1936.3055100246056, 2121.5035152171727, 2166.8125536379657, 2337.5222996302577, 2504.695444134791, 2500.163295478274, 2666.100745042642, 2799.379882527191, 2775.5612973266143, 2726.0327833330557, 3033.234888858693, 3149.6735345884376, 3090.97484134235, 3035.202302092713, 3172.814475918721, 3455.355132691193], "classical_tts": [1114.1007221790642, 833.8450237654862, 787.6731988755366, 809.3042582226926, 752.6868137320382, 706.2857304625575, 583.7611246837348, 581.6701520539946, 566.7664445168291, 505.458889576522, 482.79017347391715, 453.95559985837474, 438.51606654353543, 410.8766170233121, 406.29143955382193, 376.23237548767065, 363.9848697123685, 353.2028779950534, 328.9860423326497, 334.4180401136481, 304.79066878675224, 297.51520751862665, 291.3921867727772], "initialization_stats": {"phis_precision": [67.33479032647647], "psis_precision": [69.3933317137779], "phi_angles_psi4": [-2.5265435207424933], "psi_angles_psi4": [1.5130992354923083], "phis_initial_rotation": [-1.500335693359375], "psis_initial_rotation": [2.4746360778808594]}, "final_stats": {"q": {"step": 2, "value": 1035.1644693842616}, "c": {"step": 24, "value": 291.3921867727772}}}