{"initial_step": 2, "final_step": 50, "quantum_tts": [117.38977699340988, 233.47159474935523, 319.5218515903217, 379.88076827685325, 594.5184031647989, 574.2382361558833, 478.0458473443938, 701.7215846614139], "classical_tts": [74.74775089844667, 88.29850542683307, 102.73524633987756, 99.03339905904792, 109.78046682887074, 117.18892192148613, 130.6545295739274, 130.82065700266944, 149.77712126731296, 156.41512004047615, 162.91608192595234, 167.38800332603716, 188.0959691720231, 193.4633762897096, 186.79184828596297, 199.08087351846942, 215.4500384827444, 235.93794320948524, 233.4898103574537, 255.37504408376145, 254.08983593102695, 276.16706206832174, 263.02240124017356, 285.24136938626907, 293.533122254286, 301.6456498840165, 335.1445043064913, 353.2242836164495, 343.33016470464224, 343.2610330279391, 374.74046779947184, 368.1291918879786, 400.6405848061395, 411.14468779439136, 439.8904624331134, 445.67599481520574, 435.5465776818164, 469.76658912954116, 425.82883879799766, 450.6527253526649, 482.12694561327567, 498.9200839030876, 521.7201804799894, 506.5149571255261, 535.3729359359365, 507.6216736005267, 556.0796177398332, 551.5385088700173], "initialization_stats": {"phis_precision": [97.36126637740897, 78.43186703359774, 78.46774597598545], "psis_precision": [92.30188506827119, 58.77289702125743, 63.4054428422222], "phi_angles_psi4": [-1.3857856964184652, -2.037047049337555, -2.0359199983286067], "psi_angles_psi4": [2.044459532544857, 2.637386964029599, 2.491851602471857], "phis_initial_rotation": [-1.4686839580535889, -1.359464168548584, -1.3594642877578735], "psis_initial_rotation": [1.8026161193847656, 1.3421993255615234, 1.342199683189392]}, "final_stats": {"q": {"step": 2, "value": 117.38977699340988}, "c": {"step": 2, "value": 74.74775089844667}}}
