{"initial_step": 2, "final_step": 50, "quantum_tts": [51.78147261771711, 87.66171947347524, 98.63005774820193, 156.3622959067561, 191.94656971020092, 227.2887717752105, 230.50239516359062, 266.985571436024, 344.2573890844577, 280.1934564808823, 359.1005331116943, 402.18463270352737, 427.9138803266089, 472.7748053115066, 504.39097037606354, 548.5461747506138, 537.7208477666998, 549.2277884459786, 501.1628663908883, 485.19897468473806, 586.9725290019355, 551.1941078130811, 627.9486620649722, 620.2012494208219, 588.9924884690658, 702.2893563978037, 878.0937380424365, 1008.3174840559569, 971.4919375536199, 958.7885239091431, 982.1271122875604, 816.5014329624958, 845.261582232755, 1026.5523787723644, 1090.7369871980402, 1205.1173976806597, 1188.1606830970234, 1094.322905226846, 1100.7911801143246, 780.3774296090377, 745.9722799889314, 1017.9830158886238, 986.9905509479961, 1063.8780240585152, 1174.8280293608234, 1172.3006091120883, 1153.8147304837753, 1157.7087031782876], "classical_tts": [34.34054955862494, 34.385256132774984, 30.691712981749628, 31.79957782995516, 30.848465156142716, 30.401270782915667, 28.80002506440552, 28.214491376873724, 29.22034631964051, 28.060570116385634, 28.653969219373703, 30.497935680060294, 30.539629401881353, 32.124912628954064, 32.98150690289044, 33.607105647257875, 35.29124448477076, 35.66320559903656, 36.20208431666579, 38.763985395647325, 40.24279871012332, 41.31214466057608, 43.07803740356687, 45.47514224774843, 45.852895763084675, 47.5492139621813, 50.6118699605475, 52.38267210190774, 53.696299958773224, 54.90287126615525, 56.59398683290701, 57.46097836861065, 60.89862756081081, 60.85703783649332, 63.98340729369291, 65.39061335489193, 65.37246356147816, 68.24621428808368, 66.15139067016368, 72.35759081439124, 75.01628967851478, 76.04816980671879, 78.14683042107954, 80.77132013168787, 80.9525229514223, 79.70902926879174, 84.89098024936051, 89.9454981277317], "initialization_stats": {"phis_precision": [68.5886971133387], "psis_precision": [71.14268258095015], "phi_angles_psi4": [-2.5641579325261574], "psi_angles_psi4": [1.5391379706873562], "phis_initial_rotation": [-1.5773427486419678], "psis_initial_rotation": [2.4457173347473145]}, "final_stats": {"q": {"step": 2, "value": 51.78147261771711}, "c": {"step": 11, "value": 28.060570116385634}}}