{"initial_step": 2, "final_step": 50, "quantum_tts": [2054.356735053556, 2195.459538409514, 502.63320740240067, 580.680626223116, 820.4978248977233, 478.21637281730216, 1649.108348855407, 124.93176266976255, 241.54811444217057, 413.59765603614426, 2184.953764777342, 307.64254010639564, 1236.1204214539616, 1865.6608737737654, 88.03268946526734, 139.94005833580843, 600.8022895739434, 1867.9625549461289, 692.3496095130427, 1924.7192535382774, 414.5317664650561, 1346.3138288464015, 208.04166706768777, 515.9436965189452, 476.5323307801211, 553.9653702973235, 670.2645875500144, 225.50956695318533, 967.0638060889835, 586.9318049719091, 1509.062342224576, 1275.2475789710745, 1631.8170821273116, 1591.5616762662926, 212.93265143178797, 779.4991238164165, 1608.9814626608004, 1554.8111250103207], "classical_tts": [57.86517954272784, 61.64913760600282, 52.11320249730794, 49.30386494739434, 44.47870116289847, 42.35711766329371, 41.34775788804515, 39.62515704777487, 38.75053964779281, 38.2808024292711, 37.6995001001458, 38.4133600685027, 38.01221854497263, 38.08194305680024, 38.96651291512686, 39.63870736688598, 38.34027965349381, 40.91393513055673, 40.83380815800677, 40.66514994062396, 42.484057963425045, 43.59286541068757, 46.1544624008808, 46.470426546880375, 47.42677249306868, 48.90709538245872, 51.11073843398487, 53.12155741642752, 55.10715805844848, 55.252331266126845, 58.69888707369447, 58.77558161093326, 58.69969332432573, 62.03086491748703, 64.66248729481474, 65.94633086602236, 67.20535936407707, 67.23624947314435, 70.39349821862808, 70.28256249492716, 73.86092787050103, 75.13928895503709, 77.98165875341226, 78.68987224634913, 82.33432660345227, 84.18339692229729, 84.89098024936051, 90.89186407740358], "initialization_stats": 2, "final_stats": {"q": {"step": 2, "value": 88.03268946526734}, "c": {"step": 12, "value": 37.6995001001458}}}