{"initial_step": 2, "final_step": 50, "quantum_tts": [139.84006871467352, 203.1573373528252, 263.5839584887749, 339.889919651685, 344.80391173032746, 487.5494924718146, 300.34631116657584, 309.70357592018564, 561.411455732523, 525.7168805733082, 870.2002842922734, 1105.352818875892, 990.3479819762625, 904.3883114976996, 1186.1918760488275, 993.2198193829425, 809.2330669449593, 817.5786871490862, 769.9912161341193, 913.7192745679321, 1513.7842314033464, 1911.3583900660792, 1430.9953532710852, 1082.1259618582071, 1178.1530081809763, 1572.4664977524076, 1395.739234182371, 1501.7076273019684, 1516.6785471654425, 1213.4063461805438, 1534.8130300097787, 1378.9769561484393, 1384.940287711925, 1910.36937283276, 2030.2102430655896, 2138.082862250655, 1745.0656058411887, 1787.5004769463703, 1449.7567411318994, 1493.310367549037, 1594.6213299607448, 1660.1482448843763, 1500.9910814957684, 1797.9910145016377, 1805.042100078505, 1655.7076215740597, 2272.5850410657386, 2585.4986166218805], "classical_tts": [83.35379845562476, 76.35249218151796, 67.38655512377528, 63.31987117275884, 54.82492746170908, 53.230924695138505, 48.97175882573139, 46.5162276240508, 42.03723212676067, 41.16700191418163, 41.125237958844586, 36.867192728118994, 37.05801922539958, 36.555978594742264, 37.7149439955337, 37.260904705917454, 37.53781408777386, 38.1853609051362, 39.728553426268604, 39.03515829937952, 39.571533530894605, 41.10927267495652, 42.80613429015909, 44.904505065843566, 44.347317380391125, 45.495919200978754, 46.91064275683051, 50.35286291580856, 50.116984801779395, 52.800141243708346, 55.325410193099984, 55.52637024781396, 56.71752237563487, 59.060855231636964, 60.010608918351515, 60.309596760852486, 60.909200510447086, 66.8541448122478, 64.72670406101369, 66.15157092108628, 68.95816930156828, 72.196838242765, 72.0849441703983, 73.83022487342839, 76.23911352281961, 79.36717577146811, 75.59290144376784, 82.21172542826044], "initialization_stats": {"phis_precision": [92.25440155768267], "psis_precision": [80.29371069989394], "phi_angles_psi4": [-1.4946345856773127], "psi_angles_psi4": [2.5811839587457355], "phis_initial_rotation": [-1.7379697373177196], "psis_initial_rotation": [-3.0829100114865673]}, "final_stats": {"q": {"step": 2, "value": 139.84006871467352}, "c": {"step": 15, "value": 36.555978594742264}}}