{"initial_step": 2, "final_step": 50, "quantum_tts": [1806.0318101895807, 2069.7939803982767, 2284.430633551091, 2485.8003953043785, 2687.6652108080752, 2848.902692001856, 2925.27642360388, 2916.0924952295195, 2855.7599882799127, 2805.868319008005, 2748.0897385414564, 2769.530307680408, 2913.5024523956768, 2975.7353774172166, 2772.3344024878616], "classical_tts": [2629.2225632959758, 3154.3758464326315, 4329.671019187317, 3469.840494313989, 3243.795707881861, 2764.938825589064, 2348.6247551439346, 2214.9393464901063, 2023.8995805567017, 1780.4693680899236, 1559.4402671812022, 1410.3900751008357, 1420.53141926381, 1371.1516344540573, 1330.3771019437895, 1255.8928451166078, 1165.4589296066654, 1123.6232137363731, 976.558759962441, 876.2624311905466, 931.3604524271594, 816.3696291226921, 829.6691264473254, 735.185717555975, 695.3000669666545, 689.2571104276385, 654.0239593556305, 623.8985158429351, 598.172451437977, 569.1219797598549, 550.3285819423942, 518.0027535207006, 520.0739464440255, 483.60551363319473, 466.8508332754139, 470.7008637478637, 459.3571550904994, 442.7940925453612, 450.06679218594275, 432.8995548079474, 419.9638706890086, 424.7310088707135, 419.4936103712727, 407.2832902226087, 405.12740719146325, 409.7307686521319, 404.3046292347274, 407.8174949839602], "initialization_stats": {"phis_precision": [32.37970527085845], "psis_precision": [58.71821685110648], "phi_angles_psi4": [2.5801230429979163], "psi_angles_psi4": [-2.6017795753816184], "phis_initial_rotation": [-1.5787080526351929], "psis_initial_rotation": [2.38450026512146]}, "final_stats": {"q": {"step": 2, "value": 1806.0318101895807}, "c": {"step": 48, "value": 404.3046292347274}}}