{"initial_step": 2, "final_step": 50, "quantum_tts": [149.80428513407793, 207.04008677701881, 353.2672018022642, 634.2376500091275, 709.1472159347676, 564.1577598742465, 539.3928629230762, 717.4018788227346, 1219.6391690242783, 1565.5366269582817, 1147.6490934497606, 903.5983405593546, 992.8642528926973, 1478.8073066175332, 2119.834952465748, 1790.289236080462, 1330.6988499227018, 1306.1705335176414, 1795.7620298629265, 2862.1523815494056, 2889.3838273048077, 1983.5058354281568, 1648.659972333502, 1916.6636227544277, 2862.5587564890297, 3551.029578530619, 2681.709837756006, 2050.076067770471, 2136.328950292854, 3082.064873919251, 4612.392971996292, 3907.1007722297204, 2647.1873941785934, 2353.335593439499, 2957.5476396820177, 4474.813824437117, 4713.47175629333, 3305.599024657145, 2705.300836314596, 3116.492481764266, 4787.188712596091, 6261.492263067701, 4563.375363290566, 3272.1680455331775, 3214.9120181899043, 4343.337604666478, 6230.239070197673, 5589.473195016935], "classical_tts": [81.02710144711098, 66.0855118424563, 57.39880846633044, 49.77448727348345, 37.97103173803215, 36.530594441769395, 32.591794556758494, 28.988385949952995, 26.433729982655038, 25.71839701957879, 23.381993859214244, 23.10511930050022, 21.25832665466469, 20.076371345888948, 20.240738653304103, 19.764663004037224, 18.79657238762756, 18.689763718695552, 18.56984032511193, 17.46526929543418, 16.99413917866355, 16.737335984028203, 16.932787045433795, 16.609640474448916, 16.489571563663983, 16.042953294293717, 16.103641831462784, 16.025036174151403, 15.618339803438651, 15.985131479305677, 15.454598903403683, 15.737442138840526, 14.775991649032823, 14.251209167106438, 15.179554715474813, 13.97377283491237, 13.783287789725915, 15.23040494414476, 16.48825867705663, 14.518882783242898, 14.000000000166734, 15.22712096779133, 15.156264599990566, 13.632108784253356, 13.93504453501454, 15.66666666685325, 3.6685507600990443, 13.603327018404643], "initialization_stats": 4, "final_stats": {"q": {"step": 2, "value": 149.80428513407793}, "c": {"step": 48, "value": 3.6685507600990443}}}