{"initial_step": 2, "final_step": 50, "quantum_tts": [297.2068990495225, 257.0768396884968, 341.8007711480173, 563.2642256428834, 491.2741292553734, 554.6665421562087, 339.54726186299774, 657.2258206536281, 1536.2604169265437, 1397.1539904841, 1913.5162408311983, 2185.8895404982186, 2003.9557115824625, 1439.7222446961866, 1280.5336999200247, 1112.0550999727955, 1646.706758328488, 1833.3602720202334, 1624.5218941477683, 2126.7595254240705, 4044.5016921727606, 3279.908533775746, 3286.876839241152, 2683.3380484348572, 3594.4788343911905, 3579.953037332737, 2202.860787828541, 2079.8338362108707, 4818.212020106199, 5511.257865961088, 5610.195812536413, 4524.252879148903, 3158.8301889593063, 4822.01628056833, 4696.830916070638, 4805.306857326562, 4380.081315287436, 4920.4087384869545, 4288.723534592843, 3223.243301078588, 3856.2649776700296, 4485.080689904434, 3779.7804419877716, 5381.310459937648, 3961.0738648463694, 4788.063803619001, 5704.846226232574, 3924.8996259988835], "classical_tts": [189.5701834162391, 160.9917873605994, 124.15384528080571, 101.23142928468098, 92.85236726532528, 84.71930442769005, 75.59832805047324, 69.91973292394086, 64.49237384395606, 63.839278668249406, 61.69693031228543, 61.31829768441528, 61.14498235609686, 61.01458539996342, 61.344196715245495, 63.62173023100798, 63.28792408338533, 65.4481528935883, 68.84254240094984, 70.11390732484111, 69.06670831200253, 72.9800459863488, 74.39064690660254, 75.70747466344113, 79.51578729913328, 83.10009461419794, 88.59277267939656, 90.46326768150955, 89.83373710654304, 92.43852164089456, 96.49771107606584, 97.3745673327477, 98.38453032755645, 104.29296796890304, 109.55711821718958, 110.25256613855466, 115.96991279574326, 117.77198882065339, 123.02435977899478, 123.72459736683066, 125.15156156268365, 123.56480257196435, 133.05789565348698, 137.23606596989538, 140.6817775292358, 140.24698023285043, 143.1306141536432, 146.11250194851075], "initialization_stats": {"phis_precision": [3.6561311085829273], "psis_precision": [67.12967637818517], "phi_angles_psi4": [1.5708134759948975], "psi_angles_psi4": [-2.6404247826789864], "phis_initial_rotation": [-1.4559184312820435], "psis_initial_rotation": [2.6101088523864746]}, "final_stats": {"q": {"step": 3, "value": 257.0768396884968}, "c": {"step": 15, "value": 61.01458539996342}}}