{"initial_step": 2, "final_step": 50, "quantum_tts": [524.2957740061842, 1112.947674489398, 889.0683173871424, 781.1744904486624, 1629.0969194359095, 2219.9797372193716, 1909.6298501886577, 2186.689209215509, 2394.9246571226686, 2146.081409176164, 1882.3363653690399, 2519.8624366765016, 2022.5663287733207, 1617.6073662094534, 2324.418298837497, 4936.160353067662, 5581.228633699757, 4729.652089679896, 7013.592912927676, 4494.293742149365, 3904.771065277999, 3631.6955141482326, 4723.984639902864, 5840.8770593243935, 4311.648442488955, 6088.68654590667, 8290.141255357297, 6666.064195125213, 6215.278934297368, 6391.577635790877, 5158.678831060834, 4274.888535718055, 4473.8227023339605, 4914.737074265357], "classical_tts": [332.6135696246161, 290.4794664650051, 255.7301659350522, 199.7762050858979, 168.71194378929434, 151.18562497530752, 133.51241248179625, 115.11377968349454, 109.6731660369094, 96.78812783874949, 90.89724412614508, 85.80689195777717, 78.98003081855472, 74.21083866435328, 71.82796261303145, 68.8282001016329, 67.95008091671846, 63.20777778602484, 63.68727896485602, 62.42255712916846, 61.85256402770929, 59.418664843169445, 59.49387012290093, 60.59582503420386, 57.33725734691143, 59.078499952535054, 56.952398459875575, 58.523299247305836, 58.69728252168268, 58.755601205696884, 59.48214597999371, 59.775338800768864, 59.22322144721549, 62.55758885317962, 62.39611152711064, 61.54437084246823, 63.32171904897153, 63.47721066164812, 63.88053267949718, 65.18986316725439, 65.80265029566849, 66.99623431403731, 67.28943758899784, 70.32046356947127, 71.53758860325254, 73.25559562026615, 72.58490121609907, 74.46003750917592], "initialization_stats": {"phis_precision": [45.62637581386711, 13.40699744374606], "psis_precision": [38.66386963316435, 30.308489270383852], "phi_angles_psi4": [-1.511393197974324, -1.5018626103009003], "psi_angles_psi4": [-2.6204803873824294, 2.492508155721956], "phis_initial_rotation": [0.19680458494775, 1.2185367965291949], "psis_initial_rotation": [-0.6935490217816627, 0.3030847744645926]}, "final_stats": {"q": {"step": 2, "value": 524.2957740061842}, "c": {"step": 28, "value": 56.952398459875575}}}