{"initial_step": 2, "final_step": 50, "quantum_tts": [554.5026180894056, 789.2826651729885, 1003.0962515300832, 1164.0493194591138, 1440.843243693163, 1597.8451754521273, 1345.8551888572008, 1822.255776493223, 1798.5401865728418, 1616.7452964744339, 1726.954665441592, 2216.0679149450143, 2107.9231716767936, 1924.2305382715863, 1705.8119707314372, 1831.3832101553949, 1954.4977444164906, 2201.3391676525293, 2950.4676537028663, 2499.6360518620636, 2388.7196185641965, 2369.1986489554456, 2224.872507140905, 2194.163744831143, 2204.4495012907123, 2379.904928178629, 2693.7749983722256, 2688.168819282898, 2813.8899300763974, 2984.2627408176168, 3160.0024880627843, 3003.724196339279, 2798.1611878706663, 2918.218612068283, 2906.4235955149165, 3217.5045926627026, 2881.6661330155525, 3202.774797297154, 3690.846280958231, 3169.1521903638777, 3844.012278718577, 4328.4626180150735, 4112.946947662118, 4357.787324015117, 4705.468666343452, 4932.720318719295, 5025.577624940746, 4913.842780176765], "classical_tts": [393.8365994377683, 301.84809933615395, 301.108792693385, 265.0942356869725, 254.9352700863403, 213.3940884636234, 213.2634990801326, 182.6664140317168, 161.66661078033772, 170.89556292102338, 148.53118305936758, 138.39437260935532, 136.0240221967778, 127.22369314284217, 118.15550719722224, 115.71673538897272, 109.9202897901882, 104.00553438827369, 96.4165687622762, 96.73866519179994, 91.79220216454695, 86.33583755934953, 88.1854084336361, 85.02550033704124, 82.41115847370075, 83.21755382332147, 82.16031811444635, 82.38493083927402, 81.79198281084815, 82.53703377893588, 80.90943269771697, 80.69734380300707, 80.52653681907272, 82.47340445480009, 80.17679584616515, 84.84795172053309, 85.29534320719358, 85.684696924132, 86.39898835277907, 90.17075367733872, 90.07241627451712, 90.84423101105074, 94.10473699736988, 95.68747562907642, 99.56201794913825, 98.21642926849205, 99.45318816204221, 102.43081929036958], "initialization_stats": {"phis_precision": [52.12812427784361], "psis_precision": [9.722846266257601], "phi_angles_psi4": [1.5708134759948975], "psi_angles_psi4": [-2.6404247826789864], "phis_initial_rotation": [3.0747528068177985], "psis_initial_rotation": [0.19571564689022836]}, "final_stats": {"q": {"step": 2, "value": 554.5026180894056}, "c": {"step": 36, "value": 80.17679584616515}}}