{"initial_step": 2, "final_step": 50, "quantum_tts": [561.4067272186253, 810.0486233172344, 1042.053555235899, 1259.437767689616, 1443.85777594818, 1623.0279412251157, 1632.1328482568367, 2083.7087344083166, 2051.221871157499, 1896.655883175676, 1829.7796999684056, 2518.3252250391834, 2278.0153468216504, 2312.3588989831505, 2134.0975576588407, 2348.037936216332, 2748.8953477159603, 2826.5308598990787, 3751.2561475175385, 2896.337288553768, 3081.33267813355, 3376.5842356587714, 3414.095422445809, 3395.419920033185, 3394.9924481223366, 3318.9752966229175, 3538.63744163469, 3978.465437197234, 3906.691758684258, 4147.625965620187, 4730.320811448164, 4345.535165300618, 3874.9833078145184, 3820.448446091414, 3778.6128254603664, 3938.6061811449163, 3441.5749728852843, 3816.8472877757326, 4063.2940925527573, 3301.739673263391, 4109.817504496832, 5374.18152919121, 4963.340550653922, 4778.399178234323, 4489.914328065215, 4615.696809293854, 4851.935271002081, 5176.48877181637], "classical_tts": [389.62225651824116, 317.82455428807884, 298.592237306461, 247.92737192967934, 239.18183811135668, 211.13224090519867, 200.2721661724174, 187.5193932817426, 163.3181619674101, 150.65434545073677, 147.21946760842843, 134.9002741564185, 124.34087123439583, 118.34125570980139, 109.07942021943163, 108.06497207457305, 99.6110229317, 96.46145015413305, 91.90459848318108, 89.08480350668896, 89.10637150729313, 85.08148078235328, 83.55233790236153, 82.74937340353318, 79.6841831012807, 80.22947862839436, 78.17861231172665, 76.47406838556347, 77.21168343926556, 78.0075405429945, 75.4811797219504, 79.3901344881833, 78.68697956376457, 79.6638158302296, 79.20125572491423, 80.35556927467087, 80.94059037958534, 83.43944244318395, 82.56661635586335, 83.59474251252112, 86.8432633431344, 87.79268753969909, 90.20410209729101, 91.3740010096582, 94.43344106146806, 95.46776851687687, 97.63268307407242, 96.83422496050599], "initialization_stats": {"phis_precision": [38.114204190590684], "psis_precision": [72.92824286432602], "phi_angles_psi4": [-2.564113370113935], "psi_angles_psi4": [1.5004190792674215], "phis_initial_rotation": [1.7748723223016682], "psis_initial_rotation": [2.3509034126394264]}, "final_stats": {"q": {"step": 2, "value": 561.4067272186253}, "c": {"step": 32, "value": 75.4811797219504}}}