{"initial_step": 2, "final_step": 50, "quantum_tts": [524.2979339211468, 1001.5304499307267, 660.7244101551388, 628.3196887833118, 1551.5210902587892, 2168.6198389226647, 1995.7531025586625, 2785.8250186387995, 2442.4475976618232, 2136.2038350509674, 1993.582412454945, 2673.0078943036206, 2739.914508029477, 2220.6768207878413, 2642.2082409479553, 3006.3964702513003, 4045.2590282165297, 4214.666912687653, 2901.7118329831965, 2519.5987664751383, 3892.841280093357, 5655.777956425091, 5374.742444018589, 6461.292882109949, 7662.893343792662, 7314.979503385028, 5767.7329477139565, 4795.497507746364, 6455.5705358728155, 6700.028828488895, 4058.3557968467603, 5650.114560201975, 9852.963584939349, 7468.827254994141, 7145.160587689098, 13551.014575120998, 14804.9455990423, 7479.042755690602, 7392.379940271648, 10880.171677614968, 10508.49636325772, 8688.013554817586, 10279.47159145071, 9835.574521093517, 11703.802820968192, 10503.72371305276, 7452.610397520777, 8911.866486920688], "classical_tts": [270.58985763841486, 298.51117447770815, 242.62315363132637, 194.41151561036355, 161.7329715256938, 136.50153988857676, 118.91908609936085, 104.34497569688222, 96.00315036435846, 81.81365355423961, 77.93608382804615, 70.45869320631309, 66.42250300723565, 63.480965185254284, 58.98823566244167, 54.114906351953785, 52.2130382813273, 49.79562229251161, 45.87934428202285, 45.20526695842253, 43.50651046873947, 43.11127744416875, 40.64424187054939, 39.96925419875838, 39.08040830834155, 38.298796502951824, 37.62810050353856, 37.18464001904227, 35.62883320844093, 34.920518528157594, 34.83703498738797, 34.65518252628907, 33.09163301942521, 32.82891702533745, 32.717865992785484, 32.359002533814454, 30.77660543443645, 30.766651949052157, 31.076652119836595, 30.822006723652347, 30.01502243434357, 29.439750230538472, 29.333930458386636, 29.301948167468574, 28.751906079338116, 27.57515417526444, 28.653238985888876, 27.43839575519832], "initialization_stats": {"phis_precision": [26.3867834618964, 91.13455470552873], "psis_precision": [57.00005763994183, 5.029387709830924], "phi_angles_psi4": [-1.5178665728531433, -2.51274581566028], "psi_angles_psi4": [1.524092687483897, 2.576093076193505], "phis_initial_rotation": [0.794760829979066, -2.791261993739411], "psis_initial_rotation": [0.17320965725246396, -0.40749670258369175]}, "final_stats": {"q": {"step": 2, "value": 524.2979339211468}, "c": {"step": 49, "value": 27.43839575519832}}}