{"initial_step": 2, "final_step": 50, "quantum_tts": [1330.6960469051626, 1233.0709373136879, 651.4364200087757, 588.0406973258395, 691.4592892658457, 473.5104082968435, 1252.6551020475836, 398.8278356163647, 428.0126488976267, 489.7013987100362, 1257.769417681633, 478.01358809761047, 835.3684239788805, 1172.6631034156699, 403.96777947850137, 383.0470110925658, 816.0363127608186, 1111.6203074436226, 802.0150570185662, 1203.5145382189885, 477.26347934654996, 911.8803163573559, 399.8658525499532, 520.4701918072101, 731.3170477306536, 573.5813690417364, 774.0620509113835, 418.1187128286354, 1055.9943245165325, 523.1222042480214, 954.9148731270303, 1000.6830000838011, 1097.4457692550873, 1172.3444228791882, 395.3248734610832, 806.2323113950822, 1212.886813516754, 1228.9722204097623], "classical_tts": [509.3795216186532, 380.299848561679, 310.2554765839828, 286.5967555091442, 258.7136630720425, 224.1772980319431, 213.60048036509306, 183.11835502076852, 174.48955733969856, 159.00946488849965, 140.41900126381412, 134.521727601144, 122.72771799932505, 118.07033791962866, 108.51594657044096, 105.1316655136796, 100.84797934054122, 95.34183780647724, 91.33960711937746, 86.76434602799429, 88.2816435428066, 80.92735657273248, 82.58092276424978, 83.4990964696473, 79.59992963038935, 78.78494610873891, 78.8578472541843, 77.93136712744987, 78.46326751393357, 78.64897083234521, 77.72115866651396, 77.1551910587275, 79.1159448787105, 77.42137538621783, 78.95915071076219, 79.56603625153458, 82.83688220925765, 83.26902309888081, 84.91067296075757, 87.27112316271308, 87.14057106892743, 87.25312541903371, 88.12630677457922, 91.3740010096582, 93.56465461265273, 94.07031085077737, 94.59727346436081, 99.08781344683533], "initialization_stats": 2, "final_stats": {"q": {"step": 4, "value": 383.0470110925658}, "c": {"step": 33, "value": 77.1551910587275}}}