{"initial_step": 2, "final_step": 50, "quantum_tts": [156.8264911692239, 292.639727796335, 539.3644027247994, 567.0294271597674, 536.812631760865, 632.2425385455667, 1193.0902634178117, 1717.920619254011, 1036.0566812604727, 826.7866458427206, 1127.6633862995036, 1925.6438866716564, 1573.2562860643577, 1034.4615404939757, 1083.984814142809, 1915.4407846887693, 2471.397658751961, 1630.9765645102395, 1561.8893350071014, 2609.9203180594263, 3557.7405715123614, 1926.1591300976422, 1652.772663717527, 2658.468236225413, 3944.761387712862, 3384.1727569219643, 2288.0984971615303, 2549.1793702002124, 4363.701299691124, 4544.262899878191, 2747.244349883307, 2337.508844127853, 3489.5752181107837, 5370.398489596734, 3448.636204787126, 2565.3265862395556, 3349.04587057704, 5353.878250834721, 4557.373948536146, 3152.3576867612205, 3550.7768448483375, 5740.317717628466, 5568.629108621938, 3763.7360946764093, 3494.1041796763748, 4749.486222545104, 6565.179649603457, 5116.117396865343], "classical_tts": [148.67471450248217, 151.7503752578911, 137.58809317269407, 136.51720200682226, 139.17385589637055, 139.15085054902377, 149.39940974073141, 142.8936770615161, 133.77499248246494, 139.5337933591609, 145.11775917054769, 139.59511897292504, 142.07186439635433, 153.27851588564147, 150.8017045861747, 154.94162891931967, 170.20763765107776, 159.89308447519528, 164.25009427854593, 171.651710401063, 173.76643246954063, 176.87505721220165, 180.58559721042107, 178.6204085932033, 191.37362921540532, 195.09950058094023, 197.93189106221615, 197.19470269446677, 209.06261582625078, 210.7943373630507, 215.13812522872132, 225.79580044834734, 231.67356538018453, 249.40068648319365, 245.81117487789584, 246.34341138139231, 258.2592918882983, 252.65706004658577, 258.61617860141416, 272.6965087095919, 267.116453771638, 285.27039580723846, 297.4954908363474, 289.7806046765255, 293.5745294858919, 306.1724653167713, 309.2538788651945, 328.5853397140528], "initialization_stats": {"phis_precision": [99.77340364525122, 2.720491909376588], "psis_precision": [84.60258480069798, 95.62872620138198], "phi_angles_psi4": [-1.5089041861744306, 1.5707790854948958], "psi_angles_psi4": [2.0690155554647496, 2.4956133910884564], "phis_initial_rotation": [-1.5160229206085205, -1.485346794128418], "psis_initial_rotation": [2.5527396202087402, 2.6329410076141357]}, "final_stats": {"q": {"step": 2, "value": 156.8264911692239}, "c": {"step": 10, "value": 133.77499248246494}}}