{"initial_step": 2, "final_step": 50, "quantum_tts": [30.348779087807415, 51.18129106170247, 66.84044105605042, 102.49075648094114, 119.11912444820504, 149.77483671576718, 153.06368142291353, 165.52882926354016, 219.6910792475005, 203.55276383681664, 247.68005996203874, 250.50752879545428, 248.67264005556032, 259.72549958419347, 317.6509044240902, 361.38073353729203, 342.26090740391317, 326.7818422160634, 390.2829100473426, 347.6671180684856, 442.4937037963114, 478.45396297613235, 418.0903749768472, 360.46826489287633, 391.50638450069044, 465.69449166522594, 484.87536501884324, 588.0381591753596, 605.2657372792444, 654.4772205229189, 667.8858810390674, 634.133247652338, 541.9175876118371, 550.3649563712589, 595.6555528743623, 748.6113471485718, 711.0716074193392, 674.814539608777, 680.1450031631077, 495.37254583564004, 573.5019849604785, 705.1131090161368, 641.9566350036195, 767.0933202173366, 814.4370775866977, 789.5170400179412, 691.5646682020861, 666.3509189668365], "classical_tts": [21.758691516101553, 23.7090283344357, 23.768472629205082, 22.57468955289859, 20.89573501153381, 21.123711745556456, 20.421631565667624, 20.942455997308173, 19.55228078838441, 19.827496313899434, 20.10456118149879, 19.370865284176663, 19.54942344932387, 19.524243220147905, 19.522018812239004, 20.48838810432378, 20.23812880111932, 20.349713584338993, 21.335199093158344, 22.37949284265387, 22.57118332407193, 22.674640980036468, 23.947867426308317, 24.29098526966715, 25.376544202664185, 26.026757334231217, 26.68212259835202, 28.177542912813895, 29.05045447136153, 30.018802953740245, 31.30268894553904, 31.556073274998326, 32.324564847507595, 33.93060730401458, 35.25488740292906, 35.50341168273944, 36.37920494284332, 36.254763429476185, 37.31829628971399, 38.068172666479455, 39.79091474089909, 39.68451543196507, 40.9519431658097, 41.530306847405306, 44.99761535921237, 43.428765834238625, 46.74389130942881, 45.056964195683925], "initialization_stats": {"phis_precision": [98.7075542794633], "psis_precision": [96.59164345741267], "phi_angles_psi4": [-1.5708471341949184], "psi_angles_psi4": [2.535740409371408], "phis_initial_rotation": [-1.5302437543869019], "psis_initial_rotation": [2.428663730621338]}, "final_stats": {"q": {"step": 2, "value": 30.348779087807415}, "c": {"step": 13, "value": 19.370865284176663}}}