{"initial_step": 2, "final_step": 50, "quantum_tts": [128.68232119897706, 146.74085480308307, 164.37479987677517, 199.41914379662322, 230.17933684770566, 319.3215241922055, 318.30913770068605, 322.70634150289544, 350.09044719631623, 301.9576901701123, 427.0046234450549, 543.3210456407558, 553.8731920721165, 625.1404742801346, 547.9524721365667, 657.8755649483005, 685.111238597523, 737.9277133840333, 688.5981818747473, 737.7838802643761, 727.194229375163, 797.1376433585817, 940.7055025065852, 948.2057474576587, 780.2635352467604, 901.8778283821919, 866.7974785889946, 930.3535462718947, 1076.3983343093878, 974.4595945571263, 1120.85420370233, 1004.4794156336739, 1101.0353669480621, 1448.843818795927, 1532.6368011439465, 1350.9148216073227, 1498.0767918021231, 1209.0147437074834, 1368.655715389574, 1605.4005168043545, 1347.5996215518571, 1531.0460452302243, 1382.723762365694, 1577.3732768216814, 2098.997733004142, 1711.4681185731001, 2304.396290530992, 2174.040676722646], "classical_tts": [85.39424749616423, 84.21643829110067, 71.73066485909311, 72.14422947160696, 69.72385557965245, 62.52177864397459, 54.006470241167484, 52.87463354855914, 51.27963810864295, 49.623799434189266, 49.15511686867458, 48.90887326433196, 46.81020945938643, 48.90567950647504, 49.279287849493514, 50.30317501327403, 50.97613986033681, 50.848414816786416, 51.827692022063744, 52.66390650958729, 55.81539865521715, 56.28190642090881, 58.37026223554486, 60.34895902877646, 62.549802930090216, 62.74203062558203, 65.86669824941683, 69.62486947864994, 72.91318924932014, 73.92215160113356, 79.65017477044063, 77.57586085572817, 78.20718644793028, 82.22152234149493, 85.14754225615536, 84.35924058191408, 90.49110485922395, 96.67753894972266, 93.14086020382186, 94.37277719214785, 102.35674006527834, 103.72961758007062, 106.57610881895387, 107.52547946766329, 107.33059872411019, 111.77111094282755, 112.60776251099185, 116.92417146309688], "initialization_stats": 2, "final_stats": {"q": {"step": 2, "value": 128.68232119897706}, "c": {"step": 14, "value": 46.81020945938643}}}