{"initial_step": 2, "final_step": 25, "quantum_tts": [1679.162269905902, 1843.7454401395394, 1876.434375103812, 1848.4220527195532, 1789.8766612559928, 1717.3782068070973, 1637.5097672320578, 1557.098054861918, 1481.4336415996172, 1414.049515937862, 1352.3496658433082, 1293.5946855834745, 1251.6326345392415, 1244.9744729612503, 1143.95427328836, 1098.7209335015284, 1076.6178358178706, 1050.732804979056, 1066.58871618931, 1031.002252826827, 976.7044775221618, 940.5301881763306, 894.8277940122479], "classical_tts": [1148.988423269386, 1252.4984528384, 1174.3123775719673, 1131.312832010396, 1045.6873622360592, 857.316808570903, 963.4695250890236, 784.7300606595994, 799.9155745772988, 736.3481648426863, 690.0673542602639, 679.0358458189468, 590.5341637809726, 565.4877614846754, 530.2131109774277, 520.0990485587142, 508.2405213628383, 459.53054945479954, 450.1209406209164, 413.1944128281431, 417.7887179366362, 377.9457131316139, 387.2160459552804], "initialization_stats": {"phis_precision": [12.05468763845101], "psis_precision": [16.95439732637496], "phi_angles_psi4": [-2.5641579325261574], "psi_angles_psi4": [1.5391379706873562], "phis_initial_rotation": [0.19872553980086183], "psis_initial_rotation": [-1.0698165820366166]}, "final_stats": {"q": {"step": 24, "value": 894.8277940122479}, "c": {"step": 23, "value": 377.9457131316139}}}