{"initial_step": 2, "final_step": 10, "quantum_tts": [21199.723811566375, 24878.449524911957, 24781.13261633749, 28005.363338627325, 31557.0426951185, 38050.38752282034, 44017.47229205913, 56049.16755180358], "classical_tts": [14734.241890121546, 20091.83400876116, 11331.197740683747, 10520.345769596517, 9399.395613258648, 7466.996905445905, 9201.126958416733, 7525.366643075184], "initialization_stats": {"phis_precision": [51.822742918999666, 99.44503443535254], "psis_precision": [85.22822008675138, 84.01543097764325], "phi_angles_psi4": [1.5709780337958965, -1.5708685744949595], "psi_angles_psi4": [-2.6403339054427915, -2.6403960229037677], "phis_initial_rotation": [-1.4560883045196533, -1.535999059677124], "psis_initial_rotation": [2.7147130966186523, 2.638449192047119]}, "final_stats": {"q": {"step": 2, "value": 21199.723811566375}, "c": {"step": 7, "value": 7466.996905445905}}}