{"initial_step": 2, "final_step": 50, "quantum_tts": [1873.546258745909, 2248.7482510207155, 2445.820267429271, 2739.3047085006224, 2993.3554089552613, 3285.019691562164, 3366.6593338711064, 3413.566236183332, 3493.30367559693, 3424.345761836942, 3300.4626139149796, 3307.9409642895503, 3562.5020230786217, 4038.4744753866116, 4100.297574660606, 4366.503681851307, 4799.11164763765], "classical_tts": [1886.9970674633335, 1312.3060025402906, 1335.0754071257375, 1542.1927400290426, 1194.4276723392798, 1457.2075182352453, 1255.706591309023, 1310.6160546861352, 1136.154152401581, 1119.2851597385575, 1171.3750489426184, 1054.0197208949228, 1038.561428944644, 1087.8800778754785, 1065.0425772404192, 997.0258469435194, 892.5385389468456, 930.3157276256957, 879.7478174736993, 880.4771184500399, 831.1901549298296, 790.3425169822167, 823.0633399425369, 812.7737932110351, 749.0618465246527, 777.2135418308943, 721.3466270141215, 715.3213892379739, 726.0988187000031, 712.1294001485952, 664.2178520343878, 719.2967421358488, 669.7856196310242, 630.0837210967808, 614.8519028304516, 609.5632480834827, 607.2601294614565, 629.2260746773306, 610.9669688587878, 594.586225714202, 598.3072841419716, 587.371187146285, 593.7278082861897, 596.5796966769017, 609.3152826692847, 599.4052623197265, 578.6323016503263, 595.4000661613056], "initialization_stats": {"phis_precision": [2.541386067428686], "psis_precision": [26.780750747052508], "phi_angles_psi4": [-2.526485730943371], "psi_angles_psi4": [-2.6403019589286636], "phis_initial_rotation": [0.5352669246527282], "psis_initial_rotation": [-0.3400514033844657]}, "final_stats": {"q": {"step": 2, "value": 1873.546258745909}, "c": {"step": 48, "value": 578.6323016503263}}}