{"initial_step": 2, "final_step": 50, "quantum_tts": [14921.550065180407, 8205.121167416466, 1487.7558159963153, 1423.9533042658659, 1879.6981632709012, 1462.0367064028412, 8382.70418174336, 1311.5697288473743, 1916.6711018056321, 2057.2607075568967, 13910.472213953242, 1908.5087681780922, 4761.765874619871, 8437.303628213178, 1132.3517765976453, 1504.9304859380413, 2539.9403362033145, 9593.009717154022, 3453.8949403875895, 9408.088665089022, 2142.6601195795674, 6662.943835882737, 1879.7210238003631, 1652.0058132462068, 1863.168753075348, 1383.6162275176798, 2287.4177731864806, 1801.2007785377234, 8491.018947525077, 1358.3500135090867, 7709.082832532197, 7547.788904757552, 8604.432752559414, 11729.383405471983, 1624.5913109045975, 3987.11018717191, 11787.827742774512, 9969.458886900395], "classical_tts": [967.2051005243244, 1059.2739498307874, 893.9567144533149, 1006.3578770551978, 771.4102488327587, 704.3122317843591, 727.5780255298046, 567.2272853336443, 517.731645202005, 406.72295675493234, 407.8761664729752, 346.0072422152874, 338.35713585702945, 304.4440233861947, 278.58098572399757, 242.39231615941222, 230.4190945737784, 203.14278491080083, 187.15608963869465, 174.51891770769552, 171.498297717011, 156.80166656543295, 149.8788634270282, 139.8740820661281, 130.86234384563747, 125.20275168640232, 119.77425644932488, 117.27620316266653, 111.01738493400535, 111.26999010874903, 111.28082853403771, 111.86742505128575, 110.45621577827828, 108.52473913127638, 112.73794092600814, 112.56073704322381, 114.14927555447608, 112.89213782100725, 114.10853990013592, 120.51641966667145, 116.58099257996037, 120.85180431572786, 125.78115066677898, 123.1962387247158, 123.53034172993674, 127.17409356342705, 133.6503651755933, 129.8365910494126], "initialization_stats": 2, "final_stats": {"q": {"step": 2, "value": 1132.3517765976453}, "c": {"step": 35, "value": 108.52473913127638}}}