{"initial_step": 2, "final_step": 50, "quantum_tts": [139.84006871467403, 203.4566571737049, 278.41736512819523, 299.1650120650939, 304.7086722576798, 443.07658470481636, 345.8807668397486, 419.50662247635233, 540.9240912872947, 509.987748186085, 843.5913428561224, 991.7899154955493, 1125.567312382891, 883.2753979405696, 1267.4413322457476, 992.2906179268723, 857.9304260869603, 1130.9579682455799, 1511.0138218662385, 1513.0219936376002, 1849.3941049404018, 1592.4787539279046, 1312.9391779663727, 1113.5025459376839, 1088.0693989680858, 1457.93437188978, 1482.4163100986964, 1644.7915225889396, 2062.137283972872, 2098.6198432980377, 2230.899688914375, 2270.7526017799837, 1919.1135879614035, 2132.595118795034, 2248.5619982885605, 2479.63340494189, 2417.997840001081, 2236.685937524405, 1931.4868188338455, 1549.059301153594, 1798.8907560761088, 1790.8158881573218, 2026.5602271098687, 2593.167401133169, 2682.6498725706783, 2521.6835412303885, 2461.2263205309046, 2566.9812360429714], "classical_tts": [84.56652111542819, 80.99556949925436, 66.41073679154468, 60.03631784093949, 59.24473718313317, 50.938197093849666, 44.73919686386023, 43.53428797162405, 39.377842244893785, 37.91870031935543, 36.54476513235499, 35.88581073270934, 34.870711208920575, 33.23705286878709, 34.03381329972698, 33.30766463579804, 32.99505657208918, 34.12742385004111, 32.74212431246005, 33.316389546234184, 34.188240958840375, 34.74100689442914, 36.08784409923681, 36.800720077168876, 37.42899482763325, 39.89668827469524, 38.85244666685027, 39.63610848453482, 40.970073932154165, 43.56141413942543, 42.93393896944659, 45.75412791467976, 46.35843876507816, 47.68368791802047, 51.02519728311707, 48.67939467779136, 52.47799434162263, 51.85985850706637, 54.32096588885425, 56.26153957100083, 55.84907839222532, 56.387382813008365, 59.51314489948811, 60.32692794413967, 63.57646391763296, 63.673332341226676, 66.65694401184024, 67.13214188764445], "initialization_stats": {"phis_precision": [53.110673822599665], "psis_precision": [50.833874940994924], "phi_angles_psi4": [-2.564113370113935], "psi_angles_psi4": [1.5004190792674215], "phis_initial_rotation": [2.2460003105586868], "psis_initial_rotation": [3.0450184521758956]}, "final_stats": {"q": {"step": 2, "value": 139.84006871467403}, "c": {"step": 20, "value": 32.74212431246005}}}