{"initial_step": 2, "final_step": 50, "quantum_tts": [149.80428513407793, 207.04205323225784, 353.2787529221066, 634.2544288191698, 709.1241254352376, 564.1525839649245, 539.4275773668405, 717.4929634945071], "classical_tts": [78.82336849586181, 64.20729424913691, 58.25020747513107, 48.775555324352176, 40.588507495774444, 35.00513862205535, 32.38974122429645, 29.385543286853036, 27.680801150398903, 25.13095882328249, 23.91917966512094, 22.539934111503207, 21.05124239122147, 21.011920138498496, 20.653403510046374, 19.258465161879325, 18.931785024529432, 18.21054691767482, 17.641154314931867, 17.6654631595869, 17.628889488193227, 17.350657403492544, 16.091504004668156, 16.259083927998425, 16.09619823976072, 17.03441387907055, 15.412305400817438, 16.269138168994182, 16.44819136318526, 16.43640981725579, 15.642127743739206, 14.852496150237911, 15.302571791154213, 15.064737111346497, 14.26941348945775, 15.065563976655378, 13.783287789725915, 13.810644598694463, 15.10678144314851, 14.122882922718482, 14.873001875517115, 13.026237282730984, 13.32917303349217, 15.000000000178645, 14.720288580962162, 15.66666666685325, 16.000000000190553, 14.843851787298098], "initialization_stats": {"phis_precision": [92.42027941091521, 42.80962481243284, 27.826720646465898], "psis_precision": [19.252534947694087, 68.42029286645315, 75.7605550352978], "phi_angles_psi4": [-1.5504163499425228, -1.5118959224223978, -1.4948999845665516], "psi_angles_psi4": [2.581248097339818, 2.5812292392730343, 2.4911240443334], "phis_initial_rotation": [-1.7885402951318432, 0.28479270303065185, 2.5208948805875684], "psis_initial_rotation": [-1.1651807797965403, -2.709850308573872, -3.0305566405641606]}, "final_stats": {"q": {"step": 149.80428513407793, "value": 2}, "c": {"step": 43, "value": 13.026237282730984}}}
