{"initial_step": 2, "final_step": 50, "quantum_tts": [125.83909728469, 162.79166953788086, 166.465828110322, 226.87516833617724, 262.532539034563, 315.3416513858027, 262.54636940253533, 225.9927084903362, 263.6457234670182, 245.21811441970763, 294.9935399598181, 387.0506042763682, 452.6450555574732, 434.8243425301453, 540.4416549487058, 804.5358517821213, 940.7785033735134, 864.9893379996107, 729.7309107841638, 836.67321324375, 1000.7159844924831, 1114.9576126099885, 920.783939174855, 844.2557543710046, 725.7206888817475, 637.8846963392284, 685.9952428234582, 762.2596233644116, 722.1989227910186, 888.7127480652395, 1192.6493999666814, 1520.782028393245, 1480.4784903288198, 2022.718033298389, 3357.467172893987, 3626.882473084835, 11258.71850454427, 11322.702793020919, 7774.005665199549, 120651.32028711741, 68804.13535109271, 10225.02245045258, 8889.826287033433, 7116.689497010031, 5028.562869849284, 3617.085753020887, 3962.386970785058, 2968.194207065013], "classical_tts": [81.40607340813256, 80.99556949925436, 75.39100228396578, 75.1735997267205, 69.50995221747915, 70.84000672894776, 63.80946576102514, 63.96063087062701, 59.36474451627279, 56.90301164529162, 60.0088090663806, 60.108648930267705, 60.85128870135237, 59.98307616079696, 66.574528819659, 65.32684273510048, 64.80005639491242, 70.52197146798099, 71.94673914431002, 71.65548966087056, 77.92313673897803, 81.64541538854783, 83.52175075477331, 85.24212684694014, 87.12202008512571, 92.32984392537374, 93.82371393782769, 95.92014024572096, 101.91946008938667, 103.12847954561536, 110.71251491770484, 113.67310765728494, 113.43577996784171, 115.34967779119403, 115.45761941002974, 124.16085503976913, 126.41555557204464, 128.7176583518436, 130.3216410107836, 139.89881314741396, 133.6480378055894, 144.3995115305137, 143.25104568857324, 147.35024906404658, 154.69771920100285, 155.79322418130454, 161.19015240615482, 162.07196110483886], "initialization_stats": {"phis_precision": [80.29186537993999], "psis_precision": [12.524701960918216], "phi_angles_psi4": [1.5708134759948975], "psi_angles_psi4": [-2.6404247826789864], "phis_initial_rotation": [0.9516641666115051], "psis_initial_rotation": [0.8946429875990303]}, "final_stats": {"q": {"step": 2, "value": 125.83909728469}, "c": {"step": 11, "value": 56.90301164529162}}}