{"initial_step": 2, "final_step": 50, "quantum_tts": [809.525252419028, 569.9132672784287, 558.4554327933362, 779.0954316740247, 593.7369627715575, 547.0252712131635, 412.445596149566, 472.80614104960324, 603.2276614019235, 650.1497841930429, 808.2505245710875, 1050.1432023434713, 1142.0579308704766, 899.6793101224057, 835.258611794184, 1060.8940240122001, 1144.7047625335842, 1010.0947706614634, 1591.139075266576, 1714.4393613954644, 1817.025376604062, 1350.3276511910835, 1651.4876713774674, 1406.826439294969, 1196.4915261132674, 1322.9112910264823, 1261.7334522156743, 1548.1611265678769, 1714.3512910473473, 1650.173574823126, 2402.433256715949, 2047.6097911304732, 1960.8471617385085, 1892.4819262873334, 2013.4835412566663, 2458.6146477585235, 2717.6521584717957, 2850.5295241489302, 3008.204843244699, 2250.1884626709384, 2204.980339951033, 2301.025983117538, 2152.9317514019203, 2352.047531889652, 2555.0207898459207, 2610.909105117784, 1896.4786785096317, 1841.9998047725676], "classical_tts": [398.14255744642657, 415.18838009839624, 324.31376027536083, 240.46338963854828, 173.5955386281835, 141.3757461254618, 118.02894124965577, 105.23285891502164, 91.84349776705378, 89.49146959365986, 74.97617997998893, 70.68117897095755, 69.17465305620581, 67.66881741025809, 66.78423012567094, 67.61476270714411, 66.4113959483541, 67.04997576128515, 69.55051783377075, 72.12668860333469, 73.50575753946626, 73.55432810337356, 76.64294067001194, 76.94453205018328, 82.38184374419572, 82.63232638265966, 83.9625478057008, 86.53537078197155, 93.45019306717865, 95.95209839601378, 95.35357071442564, 98.47128399327796, 100.11516141086341, 101.48999927220173, 104.17185564094211, 112.83854313080288, 112.99466120753239, 111.06292321001925, 121.30249269918932, 122.17176247785785, 123.4127344706397, 120.76816848777952, 127.58742765648218, 133.06235354065024, 136.20973378848478, 143.6387861387191, 140.25766233427444, 143.8809974638407], "initialization_stats": 2, "final_stats": {"q": {"step": 8, "value": 412.445596149566}, "c": {"step": 18, "value": 66.4113959483541}}}