{"initial_step": 2, "final_step": 50, "quantum_tts": [1452.923643088278, 1829.5099599671482, 2366.6210730700077, 2477.2209363787697, 2850.8860674247153, 3015.640696131434, 2559.805175518126, 3055.39442783049, 4273.743812654967, 3184.405565745962, 2532.104639922367, 2068.512256909844, 2266.883499217333, 3671.8302276220547, 3361.681229065274, 4234.512563459811, 5182.4942344665, 4974.8931570468785, 6114.573850727051, 5252.148305164211, 5750.626207821797, 5656.925237241174, 5615.324052208364, 4516.782919851527, 5962.6207421946965, 5920.303475328548, 6868.115379458606, 7080.548423656191, 4904.7284648624645, 4941.687289396401, 5469.433329732359, 4101.347830781122, 5537.287016401752, 5747.759268121478, 9160.406960389017, 9305.007849598453, 7997.44942571148, 10733.997920450782, 10191.495898810846, 11183.089287096796, 11108.897795124218, 10661.98226463341, 9972.012790808101, 9268.937099083396, 8055.974886274365, 7245.510343231016, 6928.469267385117, 7494.680596287865], "classical_tts": [798.594364676192, 764.0692824279798, 732.2124050254366, 562.7634390713389, 488.6833942455821, 518.2043391995699, 417.86821281165953, 360.4252687332938, 319.06101110105817, 292.314796877947, 261.21889264939085, 237.3229242547191, 228.87905954373838, 212.13758862264842, 200.80076307353644, 194.9981011714946, 179.8001850756173, 184.35750310481524, 166.50572216917107, 171.75271276841482, 158.9699634363217, 165.9272568662046, 163.53428144483615, 160.10802565155367, 162.8474535199299, 169.4435447137317, 164.88778941444454, 161.88274268720983, 164.66614121304997, 171.47421348558717, 168.47817102808045, 178.5352124966574, 177.98266068582245, 180.9757118970394, 183.0071448995815, 189.15674304998987, 197.87298710663867, 202.18990084023858, 198.14977377729207, 200.43558619556927, 211.94170844606026, 214.10949310720218, 217.87148179172132, 214.57709366416586, 227.7747309640723, 232.8259841883182, 243.05911333486665, 237.92429709896297], "initialization_stats": {"phis_precision": [8.149850358258492], "psis_precision": [66.71384268416692], "phi_angles_psi4": [1.9959093756563866], "psi_angles_psi4": [-2.640326184228101], "phis_initial_rotation": [-1.4017183780670166], "psis_initial_rotation": [2.5971436500549316]}, "final_stats": {"q": {"step": 2, "value": 1452.923643088278}, "c": {"step": 22, "value": 158.9699634363217}}}