{"initial_step": 2, "final_step": 50, "quantum_tts": [469.0541947102973, 851.2412237386018, 920.3386244587548, 1833.898826663591, 11113.664371016523, 5728.909652353285, 3778.5248216637497, 4600.305418495559, 3041.783715935669, 2438.3798767682338, 2964.276247516201, 3870.8713280954457, 3561.1303477047195, 3927.501854098035, 6664.81094038629, 7879.224291370327, 8393.159959455958, 10173.291351076361, 11751.047147232213, 9259.504467228531, 6197.73641153662, 10959.02870574677, 12690.322604528468, 8371.63271005668, 11883.38640756982, 14101.886968311912, 18993.623341543356, 8438.416508318021, 7789.545698921527, 8710.297088039519, 7609.122471504959, 7228.063075012297, 6438.270428164489, 6873.241015515568, 7495.338086442125, 9347.92412523733, 12331.535959722858, 15107.046443851561, 22756.94176109781, 24817.91966112289, 16825.744396134312, 9848.975066766263, 10033.827371808155, 10474.975227885328, 9093.75345949049, 8234.052853628793, 8909.70926836455, 9435.710861246507], "classical_tts": [373.62494485677064, 339.77691773351205, 351.3298922499783, 282.92990172184005, 260.6440183001026, 245.6811164740174, 231.06769933259898, 218.77789076764893, 190.01453033928797, 182.81880129821877, 171.10045846546745, 157.83743450191406, 153.54243245167316, 147.11536283031649, 142.99664055750986, 140.19134660548553, 128.0578575235738, 127.21473759493226, 123.08413832154596, 121.07981144489145, 121.91333145861795, 118.97902434925186, 115.94436635856687, 117.23407607935906, 113.37272723045152, 112.65406629285307, 110.13117154270577, 112.80597665203848, 114.97673427576682, 110.81825482553141, 116.83764461040109, 115.30617469401473, 115.50872143464285, 117.91811836279362, 118.21948704129548, 119.21707737824502, 123.23017128688996, 121.09881780101271, 122.11660982850249, 127.76050355395338, 128.58450171062896, 129.89680871084292, 130.7443355425686, 134.56172882331413, 138.71545967184417, 133.98448743118792, 139.91569108636875, 146.16370837321767], "initialization_stats": {"phis_precision": [15.50174775357136, 67.17968677206794], "psis_precision": [85.11153681288263, 76.50351632985834], "phi_angles_psi4": [-1.5707040711947657, -1.9921571567494418], "psi_angles_psi4": [-2.640311092556928, 3.119238383100443], "phis_initial_rotation": [2.057890350999246, -0.9610766074955688], "psis_initial_rotation": [-2.1725762268380278, -2.4257831192460477]}, "final_stats": {"q": {"step": 2, "value": 469.0541947102973}, "c": {"step": 28, "value": 110.13117154270577}}}