{"initial_step": 2, "final_step": 50, "quantum_tts": [136.56415202563906, 191.4578736541377, 214.7785220492104, 312.02344572108694, 365.56795669885696, 471.95301109533216, 346.46522469706565, 354.8837343811831, 569.5412501373271, 601.6001256593737, 677.328817217848, 692.5598220380496, 563.5974773935324, 632.9054221115248, 733.2574039924975, 973.0476042421101, 1102.4101397109987, 957.5714683916552, 821.8777635361996, 1128.4169984011146, 948.5703593072948, 1035.747523832203, 1233.821992800862, 1448.9068169534362, 1210.2020456340124, 1392.9772390607786, 1631.7985281215185, 2135.5015775399083, 2611.514904562232, 2575.8713137677346, 2896.6180981457574, 2936.5266469028047, 2436.324364231074, 2638.360625618548, 2417.740627181038, 3109.744790383357, 3106.856425650467, 2760.8494872693122, 2421.798367477747, 2696.630301948095, 2907.032463666308, 2802.6743247838617, 3371.158458193295, 3714.7655515830875, 2890.317993102663, 3173.3897320392684, 3334.160264913601, 3159.1077805670684], "classical_tts": [88.41969786469464, 85.34526230714414, 74.3585006305335, 70.33109512347332, 66.24146805469931, 60.68686327534965, 54.45493430068991, 54.302478536954055, 57.175990334557525, 48.942455806462355, 48.62234938482486, 49.50333871054647, 49.00755496097715, 48.7306834315919, 50.12352496419872, 50.72763114805229, 52.085927820471056, 51.51704383907396, 54.49044418821724, 54.71783166773321, 58.11434017244231, 56.39698182265732, 59.90073444852732, 60.59582503420988, 64.80404984996613, 67.94205144067824, 64.93328985820693, 68.73110964257178, 70.33203176054617, 72.2823487278509, 75.78968171207671, 78.26445330574644, 83.99636249059999, 84.7187865338942, 89.36250749414444, 89.0131810928207, 89.51212540643465, 90.87407715348581, 93.58502743610067, 97.96765907053766, 96.2157620087398, 103.37740931790846, 100.3872970791889, 104.00307944876526, 113.02461376546995, 112.07552016946057, 110.26018432847582, 116.13187491331095], "initialization_stats": {"phis_precision": [88.95939983148664], "psis_precision": [15.056465676277142], "phi_angles_psi4": [1.5708577495949352], "psi_angles_psi4": [-1.534278440995215], "phis_initial_rotation": [1.2240070657886974], "psis_initial_rotation": [1.1343013930183865]}, "final_stats": {"q": {"step": 2, "value": 136.56415202563906}, "c": {"step": 12, "value": 48.62234938482486}}}