{"initial_step": 2, "final_step": 50, "quantum_tts": [2771.5473160678876, 3093.3719774603214, 4289.371666515657, 2448.639283114256, 2264.663945207933, 1335.551625997555, 1427.5049147472234, 1006.9095419554429, 3393.8371089063203, 1743.026624765003, 2824.8237174518035, 896.1675931644619, 2555.7765200229483, 1975.2233012486035, 1442.9562390250808, 2966.2519098859484, 1440.7122120405295, 1476.3188271737254, 822.369633609293, 2069.019399121276, 1715.3681407575166, 358.1997967531911, 1438.19477360668, 1225.7144801263125, 980.971572870208, 1048.1624758138475, 2217.3610057741644, 1416.898653276037], "classical_tts": [294.7991739396378, 290.4794664650051, 297.34942900496435, 252.19246791697287, 241.95462811971575, 229.75220134317846, 231.8550227787567, 225.64235887419, 205.4971253533427, 222.98372779226312, 211.90495506737966, 214.94443377202703, 216.65552361909477, 208.92458231345157, 205.32928373936244, 218.52662966056076, 216.47255707266413, 228.49881024336767, 217.2697315708428, 220.54918745754284, 215.33412894252137, 213.56281332726803, 209.48239560831695, 225.26870024819164, 223.34940405931277, 233.79084595160055, 228.7344134017412, 229.714654727691, 232.6697343654542, 240.01733168381037, 230.60672836215426, 242.76465525464786, 243.70617596311322, 259.3167069241967, 255.161676872165, 256.0893118462808, 265.65130259816596, 269.7905838188257, 281.7110746883153, 276.2134706020555, 291.1535848103198, 290.7342296809759, 297.0355863264382, 293.2915331863743, 308.78473901037415, 310.8562258678893, 318.60371342634824, 320.00647122043387], "initialization_stats": 3, "final_stats": {"q": {"step": 2, "value": 358.1997967531911}, "c": {"step": 16, "value": 205.32928373936244}}}