{"initial_step": 2, "final_step": 50, "quantum_tts": [5861.276632154668, 5207.2544020297555, 3756.236465154799, 6304.389512476713, 5501.966175665314, 3655.140436768449, 5320.649775329794, 1835.2436983269636, 4037.2410590245513, 2150.512076858306, 4825.579919637873, 809.9710981987173, 1481.751595729163, 2958.4750084738685, 696.4238541118551, 1957.551080468988, 2339.3221256009138, 1725.8264220580072, 906.6912211191882, 2524.0182849056423, 2347.4515811984575, 487.9721530306486, 2826.677155154575, 5366.625396965513, 2407.6870662152746, 2852.6439545909634, 4745.454171018868, 4042.352878745871], "classical_tts": [323.721703289077, 321.60459478902413, 257.58348210153287, 198.86222677022334, 175.0839195019196, 156.06310202541454, 138.54289345296309, 122.18706144446719, 106.91725521621096, 97.3919998861348, 91.20204499671094, 85.41613649798717, 81.93981663712034, 75.79174247670541, 71.30456769419965, 70.7632324072997, 65.4040553285221, 63.55110585669988, 60.54468630386339, 58.39126932751966, 55.41686965252577, 54.39981866364884, 51.068125006460455, 51.42796805213601, 48.972085265402136, 49.09595787123619, 47.690450155594824, 47.252508169567164, 44.80378897584483, 44.00703033368121, 44.26222474458267, 41.976703821653835, 42.72000711043448, 41.60422666204507, 41.18464040632183, 40.39871315227139, 39.60002015952275, 38.427033976044335, 38.13940915419221, 39.40934205972801, 37.55120729527176, 37.23259764881442, 36.85647672271501, 36.583311243773025, 35.85475585051293, 35.33254429296733, 34.43606547651802, 34.91513367063304], "initialization_stats": 3, "final_stats": {"q": {"step": 2, "value": 487.9721530306486}, "c": {"step": 48, "value": 34.43606547651802}}}