{"initial_step": 2, "final_step": 50, "quantum_tts": [13.982318475776806, 20.75027002027997, 30.90573946508288, 42.45460518401268, 49.71858986548344, 52.46586118646725, 56.46165082623977, 66.75121328577195], "classical_tts": [10.883838424578768, 12.925330401750628, 14.703055773974201, 16.001482951624446, 16.212668512049362, 16.817437730154396, 16.751970264622212, 17.14103971810011, 17.424772884783863, 17.87779934649136, 17.021687334651666, 17.597599268840586, 17.860922407985278, 17.423456585038185, 17.512364864409076, 17.294584526272562, 17.450026613493208, 17.57758804405434, 16.75294396488757, 17.78973452065621, 16.71094202500146, 17.67830109733461, 16.830663574068172, 16.912365563294316, 17.432462671723837, 16.28883291756097, 15.8232222501547, 16.505764383997754, 16.382628479582138, 16.363244473964702, 16.171329569328684, 16.93308500544884, 15.890360301997752, 16.903467550597778, 15.645167628387696, 15.60120901312689, 14.83988174044874, 15.458531280245895, 14.508723989185173, 14.518882783242898, 15.862120515305934, 13.026237282730984, 16.302515377941525, 15.000000000178645, 14.720288580962162, 16.18964627726265, 14.540916036536913, 13.603327018404643], "initialization_stats": {"phis_precision": [96.73146990437131, 97.111944705903, 97.65294221035113], "psis_precision": [65.90672963586961, 74.4069197627802, 77.27505340281098], "phi_angles_psi4": [-1.5504163499425228, -1.5118959224223978, -1.4948999845665516], "psi_angles_psi4": [2.581248097339818, 2.5812292392730343, 2.4911240443334], "phis_initial_rotation": [-1.4477324485778809, -1.4211649894714355, -1.4211649894714355], "psis_initial_rotation": [1.510176420211792, 1.7771989107131958, 1.7771987915039062]}, "final_stats": {"q": {"step": 2, "value": 13.982318475776806}, "c": {"step": 2, "value": 10.883838424578768}}}
