{"initial_step": 2, "final_step": 50, "quantum_tts": [139.84006871467403, 204.5843539760507, 279.0697874471589, 303.976214144114, 285.64537904587934, 444.0084265618006, 330.84260243050676, 403.91668633629786, 579.2657231684188, 529.740074464899, 864.5068440181202, 1127.5279657677124, 945.077707478405, 948.3502999229751, 1231.3601659453525, 966.53078596922, 774.8318264441924, 810.3102701105992, 1215.6094922172088, 1468.8980308157268, 1920.9748779121524, 1801.9224186896647, 1406.2879803734677, 1121.7579074751359, 1150.596535449672, 1378.638723109058, 1340.2101279326087, 1819.8312308040174, 1795.1840799945107, 1468.1027704759817, 1991.2125957514004, 2014.388644973179, 1700.9074373322762, 1893.9509301326348, 2060.158242198391, 2442.681282226168, 2158.9805189722015, 2067.6235040290167, 1764.2608691743026, 1476.9354947588001, 1673.0964113639604, 1580.532881809106, 1596.6250920670084, 2119.8689889291722, 2330.6746604606124, 2275.4278108860153, 2060.655863726745, 2544.681821874839], "classical_tts": [81.40607340813256, 82.0426173207181, 64.92939662345668, 62.49438295866074, 57.908580564214795, 53.171489305177644, 45.74079226764602, 44.736774238097965, 38.66207604414243, 39.68819592687254, 36.51903940572986, 35.32136716371807, 35.47043067848966, 36.555978594742264, 36.405371414829915, 34.99494810632341, 37.82080043653545, 37.27753953616399, 37.488067342763586, 39.49947249636293, 41.008031347303806, 40.90711075741989, 41.700930438542855, 44.4016081937952, 44.79227172504438, 46.58130968315253, 47.92942550690929, 49.42898983940525, 51.27971502827902, 52.46122421014687, 55.128949815439235, 54.1814187369465, 56.63586822133665, 56.100579417517054, 59.064179898742715, 62.61500954114304, 63.572937877189865, 66.61605625430684, 66.00808890909087, 69.33450909175579, 70.11328896182916, 72.0931522164063, 73.29347652172979, 75.44632208693682, 76.95671427238773, 80.16630449532242, 81.2884837411207, 81.5634809370171], "initialization_stats": {"phis_precision": [93.16212288929803], "psis_precision": [23.060522109790515], "phi_angles_psi4": [1.9959093756563866], "psi_angles_psi4": [-2.640326184228101], "phis_initial_rotation": [2.210727620627698], "psis_initial_rotation": [1.2257341378423208]}, "final_stats": {"q": {"step": 2, "value": 139.84006871467403}, "c": {"step": 17, "value": 34.99494810632341}}}