{"initial_step": 2, "final_step": 50, "quantum_tts": [525.5635459991437, 993.5844877820803, 725.416841983692, 740.5728041170049, 1600.5151341130595, 1573.474812533177, 1516.4697067724394, 2329.2351635267805, 2854.294159016142, 2870.577173459303, 2658.7255998143983, 3155.614007664442, 3237.5747251507446, 2438.089485879358, 2970.317739771137, 5244.246258480538, 6143.654108244819, 5407.459899140214, 6207.827075418772, 5978.923470959267, 4289.051147083397, 3296.5856673108988, 3561.077693684119, 3268.2471170651893, 3388.09630982682, 4251.055954129739, 4113.805437779649, 5152.9819385529845, 6874.241312870603, 8417.560910003398, 6958.740844687734, 5008.531671372407], "classical_tts": [315.28975347005877, 306.9940811151964, 233.05070044850672, 198.40827658144892, 162.77039724946965, 130.12737610343362, 108.61072128397083, 102.76477244291429, 92.79345376432362, 81.14303234071963, 76.69898409786668, 72.60135697247475, 65.7604541139179, 62.19351702718198, 58.46235502442353, 55.327157470296754, 53.59881906139116, 50.362072175810866, 48.19712732135885, 47.29738279569345, 44.763642582721275, 43.85041654669538, 42.73082273045807, 41.240139734227434, 39.59844700164867, 39.4719729191138, 38.269346122983734, 37.778160220156195, 36.50777884585875, 36.27223529003334, 35.110010319942724, 35.344239383303545, 34.88273786445119, 33.37198300991818, 34.682548292199115, 33.793688183426426, 31.875801997345583, 32.48214969051192, 32.445301802150425, 31.196303804371887, 32.71036555411756, 30.699750106055806, 30.950010026892706, 30.273480946314123, 30.134036918043694, 29.73045185170101, 29.7982303042099, 28.841003593277264], "initialization_stats": {"phis_precision": [94.20688416606606, 7.0660871532594705], "psis_precision": [16.384285993927094, 5.329594450895126], "phi_angles_psi4": [-1.5303269645197095, -2.5640913320220897], "psi_angles_psi4": [2.580510591179819, 2.580680158780095], "phis_initial_rotation": [-1.7123230659725253, 0.799488996470755], "psis_initial_rotation": [-1.0758095875383291, -0.7283466425451488]}, "final_stats": {"q": {"step": 2, "value": 525.5635459991437}, "c": {"step": 49, "value": 28.841003593277264}}}