{"initial_step": 2, "final_step": 50, "quantum_tts": [303.75296313183793, 474.1180306032111, 525.949396018524, 655.8501606730773, 729.9058503973674, 878.1981630990816, 896.4551064651379, 1101.2754839454697, 1055.4417820935732, 1140.281148497307, 1405.683527284555, 1567.0845640835983, 1470.2671135971284, 1580.1234082657732, 1640.1081337887656, 1607.8402806316547, 1833.6075683449235, 2153.5211276667114, 2517.7754083129103, 2410.168819572815, 3042.9093013469915, 2979.855873322199, 3037.688973573711, 3068.7869768246037, 3011.845713647862, 3230.324871192465, 3240.611707703629, 3931.014503853623, 4306.612549256187, 5011.7592588018915, 5854.523320963616, 5678.371475610455, 4582.211153607064, 4508.302318104068, 4761.985361534523, 5275.46930538936, 5192.838210037288, 6187.88078660836, 8239.751658142775, 7534.835629185403, 8698.15087048196, 9521.962128486386, 9640.89136227404, 9672.073089768166, 9833.333576117899, 9762.953613548203, 10449.345647030477, 12500.823703673039], "classical_tts": [178.28241135117636, 172.51683856506597, 169.54397095945023, 158.35097960026818, 148.65298589626266, 128.51141478447624, 125.39080594456254, 114.06981982126239, 107.76994820336682, 101.0926077367647, 99.84392645587516, 93.23179052710223, 93.54527861133296, 85.92350590022285, 83.09549884265455, 84.57531959815711, 80.21763865597461, 79.33748063688518, 80.69218402360715, 76.50364327741114, 76.50556961715093, 76.12942353125052, 74.89268171206922, 76.94453205018371, 76.26509337066815, 76.19968822624318, 78.53094990044687, 79.14732364017162, 82.32923513034328, 82.25430212790077, 83.3795530174926, 85.07814807800403, 86.37802427609833, 87.68343752202912, 88.18342900970141, 91.56361928818023, 93.01915642176179, 92.74624099510224, 96.88737165358481, 99.64802530739443, 99.94850191914303, 101.87700901496531, 106.50361735688494, 108.14887378743262, 110.25182400196901, 110.14941034122175, 115.31957300676112, 113.36329730539495], "initialization_stats": {"phis_precision": [67.33479032647647], "psis_precision": [69.3933317137779], "phi_angles_psi4": [-2.5265435207424933], "psi_angles_psi4": [1.5130992354923083], "phis_initial_rotation": [-1.500335693359375], "psis_initial_rotation": [2.4746360778808594]}, "final_stats": {"q": {"step": 2, "value": 303.75296313183793}, "c": {"step": 24, "value": 74.89268171206922}}}