{"initial_step": 2, "final_step": 50, "quantum_tts": [525.0181878659552, 1066.2562758618817, 922.4657498289631, 931.2961464385183, 1679.292440154919, 1935.092132336855, 1697.2295328217153, 2077.022177136359, 2418.532602753134, 2222.4304826691127, 2122.0890346897836, 2959.3823154506845, 3457.2611418436154, 2334.1459044465237, 2090.648358027966, 3130.471374150174, 3506.513574041197, 2949.0533659490743, 3672.3680846369343, 4262.111093483419, 3754.912402128615, 3134.3582126015513, 3797.5470552680945, 4924.284985135838, 4463.683891929051, 4700.517633304923, 6977.455194349468, 5893.166981805402, 4170.639666644962, 5057.185536859801, 7489.941949400357, 5840.142241905969, 7773.0973082853025, 12679.264421141233, 8547.68811522844, 7521.481442920536, 10160.651303238867, 9799.579078384437, 9688.322318617344, 10225.91468485664, 6323.473170065889, 5343.547979333445, 6773.962659265639, 7742.678295579444, 6311.3440798306565, 8157.7276211189055, 12020.884284455547, 9280.561137608947], "classical_tts": [366.10620251271826, 314.1314078519258, 239.34782170400368, 201.16257228079883, 183.5643700795433, 159.04839167850707, 143.1443952880688, 129.0293018551374, 112.8125646646121, 105.11576784251662, 96.49400065359393, 87.94176624084967, 82.59999970425201, 75.72620382225551, 74.04102273491667, 71.71777833831527, 66.26265638422642, 63.27624875848804, 62.38846047000732, 58.049469921736346, 54.647648837457425, 54.78955592449246, 52.49635788002692, 51.9758274133076, 48.599117786315816, 48.25871140102428, 47.33343472837105, 46.143782557108246, 44.414154818537455, 43.35630297769994, 41.53092654656917, 41.569617439784466, 40.70513379577105, 40.59890132472426, 39.74810290790128, 39.9248976854787, 39.1299205851098, 38.341912933779035, 37.962529292898516, 38.36547062808387, 37.26325668667586, 35.86502994560481, 35.50136221396679, 36.665503966856825, 35.62117619151888, 34.61525478057486, 34.16906516814279, 32.92752645530618], "initialization_stats": {"phis_precision": [95.527792466935, 45.244943878706025], "psis_precision": [37.566154641560445, 19.018461951617248], "phi_angles_psi4": [-1.5120086824887173, -2.5155601078301735], "psi_angles_psi4": [2.0708819006822323, 2.4912138269513813], "phis_initial_rotation": [-1.3715101391766586, -0.7953792872546335], "psis_initial_rotation": [-2.2508863073630048, -1.2478614301361894]}, "final_stats": {"q": {"step": 2, "value": 525.0181878659552}, "c": {"step": 49, "value": 32.92752645530618}}}