{"initial_step": 2, "final_step": 10, "quantum_tts": [22386.29274480314, 32485.1200740164, 30184.933321104898, 33782.553739513576, 40468.43857460018, 64719.203309709206, 67810.18948625682, 56926.590597892704], "classical_tts": [13394.556005840774, 6694.9748898559665, 6849.600586201742, 4972.803679292036, 3420.190988417833, 2692.346842134742, 2377.2627196375583, 1993.0781354808655], "initialization_stats": {"phis_precision": [8.822632344762438, 95.63726993152096], "psis_precision": [60.632059351408564, 55.55277562000194], "phi_angles_psi4": [1.5708534688949276, -1.4656292156051838], "psi_angles_psi4": [-2.6402479591396975, -2.640173861951892], "phis_initial_rotation": [-1.2935680150985718, -1.328570008277893], "psis_initial_rotation": [2.4061570167541504, 2.2466607093811035]}, "final_stats": {"q": {"step": 2, "value": 22386.29274480314}, "c": {"step": 9, "value": 1993.0781354808655}}}