{"initial_step": 2, "final_step": 50, "quantum_tts": [502.0285679321316, 1037.1254089196464, 750.6356022564339, 622.8789074185771, 1340.7769961653312, 2008.0587106832108, 1718.7663083858793, 2412.9270157666033, 2691.8072727225626, 2085.0794856752887, 1549.8072488459854, 2047.1993316591638, 2394.225304115154, 1731.2140987535881, 2066.163821586066, 4010.3443569864985, 4558.487525398832, 4590.591558458094, 5687.511930413911, 4434.043566995978, 4624.189296760274, 4043.889580955775, 4052.8017950003023, 4069.068013929327, 3782.1690674958377, 4723.745855780073, 5285.711483671489, 5543.090538527788, 5632.910867790048, 5230.727408341505, 4547.4316797310485, 4305.707824185768, 4051.317527118014, 3869.600665013812, 4329.732718597999, 4784.321105399675, 6738.1442305535265, 7911.195414094956, 8724.734607155196, 9396.049106771403, 10383.611569244504, 9790.505396245742, 6530.18649300159, 7007.857233705391, 8962.762000357428, 7578.5123402365, 7101.920184094013, 9020.284778859788], "classical_tts": [381.45696405967004, 287.3851397791737, 220.69222687657967, 168.94743030589774, 169.83713756144073, 128.80241971172896, 115.7497573788407, 96.99295338303014, 86.53612857583067, 78.25757959773955, 70.43301475024913, 66.48942601038306, 60.48707901553612, 57.64133182509107, 54.25844354179942, 50.55024317179032, 49.19366650998299, 45.52331391891776, 45.27534221899834, 43.46618046591636, 39.97610190337204, 40.03435732686604, 39.8918986824676, 37.86156789196641, 36.650227949515724, 36.50471737536327, 35.782013407846726, 34.53381495502041, 33.63445037631893, 33.36781038304192, 32.01737035486344, 32.946242749180975, 32.174031231682434, 31.471947142745247, 31.066700966411435, 30.705663244613337, 29.787004176273065, 29.80062381783301, 29.859461184728772, 30.030670281373528, 29.24338248420523, 28.568581616000888, 28.157371279110187, 28.31572825726137, 28.35905938178226, 27.96997188825255, 26.727843473028756, 27.43839575519832], "initialization_stats": 3, "final_stats": {"q": {"step": 2, "value": 502.0285679321316}, "c": {"step": 48, "value": 26.727843473028756}}}