{"initial_step": 2, "final_step": 10, "quantum_tts": [13.679560524137058, 19.59003608525472, 29.23986289537691, 41.8763321615709, 49.03201273023142, 49.214331397093076, 51.98087146804811, 64.08184446219815], "classical_tts": [10.586046672322704, 12.346503877255682, 13.461720932645946, 14.140420504416184, 14.181613006233466, 14.839115701396238, 14.168482907394905, 14.152762369132244], "initialization_stats": {"phis_precision": [93.23194061150582, 96.88338888646982, 69.8564831250733], "psis_precision": [92.61688838078194, 87.12742157662402, 88.93563568386824], "phi_angles_psi4": [-1.3857516559879381, -1.53034294940253, -2.575240686862454], "psi_angles_psi4": [2.5636492861779496, 2.6374006802705794, 2.58059372029764], "phis_initial_rotation": [-1.5983765125274658, -1.6282541751861572, -1.6282541751861572], "psis_initial_rotation": [2.3317019939422607, 2.232996702194214, 2.2329964637756348]}, "final_stats": {"q": {"step": 2, "value": 13.679560524137058}, "c": {"step": 2, "value": 10.586046672322704}}}