{"initial_step": 2, "final_step": 25, "quantum_tts": [1956.179050918896, 2270.0026931374887, 2513.6083812452143, 2697.783579688572, 2828.332747077913, 2984.069470792863, 3166.2634312404016, 3328.6808797729627, 3531.5989753199674, 3865.510347979319, 4016.0981781653413, 4118.0614950484305, 4552.3181715304345, 5013.7071583831475, 4693.753390292671, 4866.520697850456, 5259.807328926578, 5700.022968145791, 6915.339105858937, 8106.998940487397, 8310.785519661258, 10016.981728744322, 12804.389842464938], "classical_tts": [1532.7529905469282, 2006.0729485991646, 1514.6215640771684, 1516.606563576362, 1720.021817097087, 1349.2382245285155, 1449.8339775161119, 1157.1153732491382, 1285.683748054598, 1311.6576919081358, 1131.4555592316328, 1170.45875826957, 1019.4978896378503, 1031.2498175627059, 917.1096176292614, 997.0258469435194, 896.329350741549, 848.5666767699356, 827.6003722971053, 817.4436970494767, 754.4747282806588, 791.9220785883346, 751.7418283603464], "initialization_stats": {"phis_precision": [40.15095602553262], "psis_precision": [42.99149681799423], "phi_angles_psi4": [-1.4946345856773129], "psi_angles_psi4": [2.5811839587457355], "phis_initial_rotation": [2.9083375527566817], "psis_initial_rotation": [0.7902090108583391]}, "final_stats": {"q": {"step": 2, "value": 1956.179050918896}, "c": {"step": 24, "value": 751.7418283603464}}}