{"initial_step": 2, "final_step": 50, "quantum_tts": [83.22653362457345, 143.238102173747, 162.9565580950641, 164.7238994040069, 265.7817774213529, 383.7080166404471, 510.37368788246084, 640.3830263790503, 647.1881136861432, 681.5317412943568, 625.5618192652471, 697.7840623748098, 769.7991510738212, 711.4654630693511, 785.5258493461366, 894.7098020839334, 974.3597975454695, 954.6238277475229, 979.9379647753279, 1118.0543515673246, 948.7680206854543, 749.1793808869684, 952.2995505020224, 1191.6055347301633, 1118.4575369056324, 1335.911071188603, 1580.5933903878617, 1743.381381189222, 1762.70585518123, 1829.4505793926487, 1893.046008386478, 1532.1884267224968, 1381.1340759470822, 1693.2014827982414, 1806.1163043108422, 1761.3961213796324, 2007.6073918623983, 2171.150073987204, 2251.848848165199, 2091.542961561985, 2222.500478005025, 1844.5213702822552, 1376.2928849527939, 1636.2219439878772, 2042.795547475147, 2175.74120500752, 2296.5524341349246, 2411.246991914193], "classical_tts": [71.35537202923584, 73.89013309686878, 79.13113816871343, 72.61100625168008, 71.591066086511, 66.23523098972998, 63.69900061459465, 61.548661600919345, 61.63184613652476, 60.90113714896198, 60.29383974183297, 57.28252411435493, 58.390250844906255, 56.860663392964796, 59.142841513238594, 58.516161040809706, 56.71011243954878, 57.65923872655055, 58.68594151031883, 58.129682415835305, 58.79628712457947, 60.361562696846725, 60.31059827357072, 61.38460586195277, 63.21293686554541, 63.643967992456034, 64.88917708975396, 67.25233592456348, 64.24982525789821, 66.95921597340379, 67.51283047692209, 68.9840211547387, 71.39054648555471, 74.75408052022247, 75.95193428653735, 75.36169834615515, 79.92569168699606, 82.39360487048788, 82.65134279501672, 81.41554617912558, 82.80110443152996, 85.94621187284051, 89.52728516544255, 90.65643812238955, 90.84307555340865, 91.13823028572284, 92.82063046588024, 97.40188387632999], "initialization_stats": {"phis_precision": [99.48117327542893, 66.74839108120302], "psis_precision": [87.81224577229129, 95.50718603942168], "phi_angles_psi4": [-1.5706998662947471, -2.5417641924632437], "psi_angles_psi4": [2.0233704221250455, 2.6041066333872416], "phis_initial_rotation": [-1.5544004440307617, -1.4971340894699097], "psis_initial_rotation": [2.4062600135803223, 2.462960720062256]}, "final_stats": {"q": {"step": 2, "value": 83.22653362457345}, "c": {"step": 18, "value": 56.71011243954878}}}