{"initial_step": 2, "final_step": 25, "quantum_tts": [2141.702226836436, 2939.4890718488637, 3371.8942327501327, 4261.61309404439, 5153.083437978912, 5314.742753478288, 5544.05887505964, 5492.614714701802, 5307.683603904987, 5785.176837102453, 5659.707295593992, 5795.032247991544, 6114.178116558837, 5868.278006089533, 5076.5520648935735, 5538.8776405675535, 5792.5155589097385, 5775.191645278344, 6039.533488241765, 5309.340299521452, 4912.604635043384, 5164.547827339792, 4700.202372314832], "classical_tts": [1565.4137960644873, 1470.1978771917297, 1193.4819631663531, 1077.8027445366272, 1092.8198239999679, 987.6315043764932, 1047.1457811881887, 816.4580093328564, 900.3528909765921, 845.8636319281579, 788.4564985559548, 734.4427995564039, 722.7005657855468, 691.984162074598, 672.4565952626408, 651.510878616384, 602.2951920887571, 606.7807243886558, 573.770891593796, 563.3711102053317, 551.1590415543517, 560.3182518707116, 543.0843554906558], "initialization_stats": {"phis_precision": [13.452503784108561], "psis_precision": [2.2028941250576417], "phi_angles_psi4": [-2.5265337703537245], "psi_angles_psi4": [1.524110953093236], "phis_initial_rotation": [0.19243601263062526], "psis_initial_rotation": [-1.5482757404973853]}, "final_stats": {"q": {"step": 2, "value": 2141.702226836436}, "c": {"step": 24, "value": 543.0843554906558}}}