{"initial_step": 2, "final_step": 50, "quantum_tts": [149.80428513407793, 207.04205323225852, 353.27875294961575, 634.2544289508702, 709.1241248482038, 564.1525825094063, 539.427575510802, 717.4929618671422, 1219.757429562792, 1565.4973390672442, 1147.7202157368229, 903.7597551755227, 993.0521663241965, 1478.918321750375, 2119.8341792290603, 1790.5541489256514, 1330.9201627149364, 1306.2389000005358, 1795.6159144468156, 2861.9399051947034, 2889.551503524344, 1983.470613639605, 1648.4910532707117, 1916.5061936942, 2862.5993986467174, 3550.937466971121, 2681.416896023773, 2050.039343705773, 2136.5884816269295, 3082.6181538635974, 4612.510482478592, 3907.082883789927, 2647.6057991876914, 2353.8469703822734, 2957.949897856245, 4474.790157812069, 4713.787634197578, 3306.1129476322376, 2705.5669928635834, 3116.484651909977, 4786.869195774645, 6261.506266363129, 4563.561211216756, 3272.170432745508, 3214.8485041906497, 4343.296529096657, 6230.216102673245, 5589.372561675143], "classical_tts": [75.39836819795671, 73.03190741769912, 58.4666998093846, 48.58000792741816, 39.48279760484021, 36.821997855882906, 32.51581341805228, 29.682700351431976, 26.506353776744152, 24.960744175633817, 23.43041230538033, 22.221209845587577, 21.21045206827269, 20.501435423035254, 20.1378191244894, 19.059521879925, 18.661160013503657, 18.481973863012858, 17.8701241027092, 17.237917215533503, 17.737184274243944, 17.530148693173746, 16.05512235471159, 16.45522123141504, 17.032281736317323, 16.66884021874219, 15.591242025980824, 15.836540863596067, 16.045644668831162, 15.063227067329716, 16.171329569328684, 15.63463619564041, 15.777979987685764, 15.21057963871026, 15.179554715474813, 15.429910617583635, 14.351442370991084, 15.879918786204318, 15.372435736889079, 14.871442088914803, 15.561491951671453, 14.81180404089987, 14.66666666684134, 14.400282307462984, 16.28947824461398, 15.040294854461338, 14.540916036536913, 15.680307401459695], "initialization_stats": 4, "final_stats": {"q": {"step": 2, "value": 149.80428513407793}, "c": {"step": 38, "value": 14.351442370991084}}}