{"initial_step": 2, "final_step": 10, "quantum_tts": [10696.364737904714, 13595.775888061487, 17516.88121378611, 24478.050069924022, 15924.199411389505, 20038.752333547738, 23173.808226772504, 21511.692755576605], "classical_tts": [5665.598870341873, 4801.940270956981, 5890.011467677764, 3343.4549143319414, 2563.413585503732, 1860.694030213472, 1601.3233231537322, 1264.8879716000213], "initialization_stats": {"phis_precision": [4.276436773118331, 99.1714077985027], "psis_precision": [64.62684398339232, 60.51594626245831], "phi_angles_psi4": [1.5133512835752025, -1.5018371599342764], "psi_angles_psi4": [-2.6203515870598526, -2.570279024300119], "phis_initial_rotation": [-1.4938931465148926, -1.5278681516647339], "psis_initial_rotation": [2.551553249359131, 2.472478151321411]}, "final_stats": {"q": {"step": 2, "value": 10696.364737904714}, "c": {"step": 9, "value": 1264.8879716000213}}}