{"initial_step": 2, "final_step": 10, "quantum_tts": [13.67956052413662, 19.59003608525408, 29.23986289537594, 41.87633216156952, 49.03201273022978, 49.21433139709139, 51.980871468046345, 64.08184446219605], "classical_tts": [10.34600211732575, 12.571444650816371, 13.889757020466767, 13.88828120103497, 14.444391990527713, 14.301621489150175, 14.329088837837837, 14.404752902368944], "initialization_stats": {"phis_precision": [91.96913950617002, 91.225294602441, 75.9267186270516], "psis_precision": [71.88125953020399, 93.6304867777974, 95.335476241104], "phi_angles_psi4": [-1.5706602347944765, -1.5320728039943232, -2.5640227432287306], "psi_angles_psi4": [1.5130337035222294, 2.6041909876899587, 2.550627163966238], "phis_initial_rotation": [-1.822957158088684, -1.8077383041381836, -1.8077383041381836], "psis_initial_rotation": [2.3964099884033203, 2.4040868282318115, 2.4040868282318115]}, "final_stats": {"q": {"step": 2, "value": 13.67956052413662}, "c": {"step": 2, "value": 10.34600211732575}}}
