{"initial_step": 2, "final_step": 50, "quantum_tts": [1625.7449153743128, 1716.3474978838917, 1769.458438303007, 1841.4256423835395, 1930.7386904512528, 2010.090920319485, 2047.5999909239983, 2035.202493369204, 1996.3672480708465, 1970.3055452985998, 1983.5348359881618, 2027.12924159245, 2138.1060551243277, 2296.708586223319, 2256.9964418226577, 2250.6520776834004, 2335.5100010220394, 2329.651975510075, 2515.4088244994, 2680.3752547076797, 2642.9802720187645, 2616.2663493548744, 2442.99230049076], "classical_tts": [1599.49463555716, 1808.4141606254793, 1233.754192023234, 1444.6831942443316, 1374.6317296601655, 1243.8144709050925, 1043.3728866675324, 1022.5387371614229, 928.2701286438962, 923.2016076128759, 852.9654650701988, 785.8373443483886, 717.444079968792, 762.0365832001673, 689.9031015254467, 681.5880061005605, 652.9848671903171, 650.2969697330968, 581.6187865974772, 569.2400798476912, 563.7540787713564, 508.34251735214156, 498.4771738758145, 480.0640889251364, 489.19306116807553, 456.7744020191731, 428.9171648571337, 436.21434899144003, 419.53270339490126, 418.12658042764735, 399.47517067669094, 382.01163549201175, 383.4187225524641, 385.981041994463, 371.0888292397388, 362.39646648566344, 356.2908793176472, 353.31464093782097, 337.63054192699724, 327.30720931647136, 342.39691993642333, 317.9781243580419, 325.5513809636629, 317.00899214032836, 313.60333313085374, 314.85048567988076, 312.0579611751618, 320.5722383810689], "initialization_stats": {"phis_precision": [39.66241822726588], "psis_precision": [71.22944293177946], "phi_angles_psi4": [2.5582163491776195], "psi_angles_psi4": [-3.13370422391806], "phis_initial_rotation": [0.6626553128516699], "psis_initial_rotation": [-2.2298505166659846]}, "final_stats": {"q": {"step": 2, "value": 1625.7449153743128}, "c": {"step": 48, "value": 312.0579611751618}}}