{"initial_step": 2, "final_step": 50, "quantum_tts": [459.2558382543839, 919.1393626606603, 947.8018205878049, 865.0268997635641, 1494.6146514713785, 1839.7502490407821, 2000.4688235150497, 2978.834828281507, 2569.5266748520935, 1946.4924673896924, 1850.580278037905, 2776.92697193316, 2741.9403669008584, 1812.5160173055226, 2228.2585953786484, 5094.07479793764, 5685.5196899081475, 4185.343824731963, 5084.564222134951, 5975.003630548669, 5628.634048572724, 4018.822174516538, 4702.603202881279, 5175.030505370041, 4352.014396959464, 5527.17301799761, 6212.798234717833, 5411.952879133539, 6011.363853421021, 6393.527176067645, 4818.7437891310565, 4014.98114228838, 4450.666127405569, 5420.359248233304], "classical_tts": [287.780734336269, 285.86227625954433, 233.8200112563033, 206.90009307427633, 184.55560881827415, 160.58202706424663, 149.0574727221042, 134.9273396060091, 128.22390907242126, 119.49835236396355, 115.05132823564554, 106.76256128105486, 113.83150749911422, 101.68112359672935, 99.67484034597705, 101.30472202906213, 99.79275290368504, 103.72372383371719, 98.27411220688512, 100.0520071103806, 101.7223289589192, 100.53322031066162, 101.32871880487542, 105.30075314640071, 103.57033278065477, 105.18677516719255, 105.2232501259548, 108.69453797610701, 110.52030882254542, 113.48205155451777, 113.92929299240984, 115.68749038175659, 115.84501633284538, 118.04636192654036, 118.77354069412925, 124.61114906363349, 127.47042831473046, 131.72822666708115, 133.06900586531546, 134.92961686323963, 136.5437299331732, 136.10158093955923, 145.1676608483802, 145.77380522892622, 149.4943162120459, 147.81370912002197, 156.77914356812312, 154.43237722081344], "initialization_stats": {"phis_precision": [98.46536845831795, 14.060939168778274], "psis_precision": [44.4242997885572, 11.307721721651943], "phi_angles_psi4": [1.5709780337958965, -1.5708685744949595], "psi_angles_psi4": [-2.6403339054427915, -2.6403960229037677], "phis_initial_rotation": [1.6191899055690513, 1.1289866471427654], "psis_initial_rotation": [-0.8943717904190165, 0.14595407579023068]}, "final_stats": {"q": {"step": 2, "value": 459.2558382543839}, "c": {"step": 20, "value": 98.27411220688512}}}