{"initial_step": 2, "final_step": 50, "quantum_tts": [443.37742055963895, 729.5094354626275, 709.6642772910601, 485.97372910156435, 581.1283386588034, 727.5235368247121, 786.1465278769888, 954.5528553047895, 1004.9255856989412, 977.7783850756113, 941.0518503220246, 998.8499986466945, 918.9550720107593, 635.7034207726642, 571.6105561345648, 705.0954166282364, 771.2550327428131, 756.1196092872383, 796.4286363174664, 981.350092382931, 1318.643602116165, 1460.0894074056955, 1636.4874353905757, 1922.1049219754004, 1971.0837099039957, 2030.146389559828, 2143.754068142486, 2248.3949725322004, 2276.312751786268, 2215.2856753925585, 2320.196217688184, 2932.099631492068, 3484.5067146462598, 3595.659232430938, 3807.618920472919, 4408.191271364245, 5237.914363773574, 4841.153888260215, 6196.303353701273, 8204.390805094186, 7567.50684900022, 9662.355846034454, 24691.68421687851, 16819.854529577602, 11187.408860692087, 19853.383357100727, 18066.228627345798, 9513.032092956524], "classical_tts": [389.6222565182411, 321.60459478902413, 279.8588483011733, 247.92737192967934, 208.04319821393347, 218.06056587239647, 166.2637774397332, 157.5513703627425, 140.78880962544648, 132.39345186426272, 135.68073435118606, 128.19004886323168, 128.66331893770052, 123.33310767334721, 121.80679526987613, 119.22118123875252, 125.0424009136155, 120.18218636232857, 121.42858534271893, 122.10371742877614, 121.91333145861795, 123.43318373628084, 127.8259500051731, 128.5352714839342, 130.2431345567693, 131.7141010763516, 136.9410402859699, 139.9811615164218, 135.7249825089582, 144.28792652924648, 149.25146005642347, 147.723972360108, 149.69503773604504, 156.295531045234, 163.5374526981202, 165.9670294709917, 163.59023552792067, 163.30004307911648, 170.90205678213078, 173.9274735130594, 183.21409104943507, 188.255880920651, 186.50602263262834, 181.8391918117744, 192.30713888661202, 195.4858755831729, 201.69910492562963, 202.68818557851577], "initialization_stats": 3, "final_stats": {"q": {"step": 2, "value": 443.37742055963895}, "c": {"step": 17, "value": 119.22118123875252}}}