{"initial_step": 2, "final_step": 50, "quantum_tts": [39.71844177985417, 65.14989155976664, 81.54625829100647, 127.43093585522567, 137.34780541196966, 186.24789767017387, 195.088665311211, 194.79641093377387, 254.81088500672502, 237.23645085280708, 335.51359033941264, 325.6716972701804, 358.7459511386812, 415.43121268424335, 493.9229955274926, 528.4935067164301, 468.7506483176125, 437.96065766646984, 516.6284147141066, 460.4563109700779, 549.5880254088065, 594.9574394028244, 503.03797856891424, 475.9524098122532, 482.9232268737558, 608.0441040109849, 662.0860207941263, 718.1584970623634, 713.7000871580959, 788.140653459519, 813.9689440368161, 782.2707543214385, 685.1406051745715, 735.3185096401035, 789.1355689953058, 867.1916677418164, 802.5934913474321, 728.2306455884523, 769.3691118948648, 598.8017396615463, 678.9043221983137, 691.7386374424925, 781.5633265347551, 944.1043667891707, 936.7856884020015, 1007.7031603140963, 997.7682271304827, 970.225062783608], "classical_tts": [27.488388597480533, 29.70275587541978, 27.948549346044494, 25.068342643328812, 24.67371206388546, 23.60927238530713, 23.133190684761374, 21.770013600707347, 20.76903326643579, 20.262477417421728, 19.759492504460923, 19.238807844969593, 19.34935858362742, 18.510078327105777, 18.05753621019592, 17.734060377800155, 17.706091944027364, 17.235546927807256, 16.77673789335687, 16.82757632963899, 15.706848891493753, 15.627906633166218, 15.02123046690383, 14.714797751709552, 15.20498612006658, 14.056505823094787, 14.911192227083767, 14.500000000025594, 14.577316516770694, 13.209547171216158, 14.161564712758766, 13.761812172439457, 14.336246120170657, 13.873040892528367, 13.596103298833658, 13.70893338599628, 13.456525506420245, 14.729111907069797, 11.104756749718076, 14.122882922718482, 13.440263486965453, 13.76026976046463, 3.3628381967574574, 12.492851343432836, 16.28947824461398, 14.237980285775727, 3.6685507600990443, 13.603327018404643], "initialization_stats": {"phis_precision": [98.85281965935934], "psis_precision": [71.90116603243943], "phi_angles_psi4": [-1.4946228033161004], "psi_angles_psi4": [1.5243986496296744], "phis_initial_rotation": [-1.5306625366210938], "psis_initial_rotation": [2.40714955329895]}, "final_stats": {"q": {"step": 2, "value": 39.71844177985417}, "c": {"step": 44, "value": 3.3628381967574574}}}