{"initial_step": 2, "final_step": 10, "quantum_tts": [149.80428513407793, 207.04205323225784, 353.27875311231924, 634.2544297640208, 709.1241215537228, 564.152573352926, 539.4275611107681, 717.492939519842], "classical_tts": [77.76460624414543, 74.9903231145029, 58.03518706964271, 46.69797775330188, 39.72417146217965, 35.864455077184815, 33.1568695097623, 28.638865244054877], "initialization_stats": {"phis_precision": [19.24025638209268, 95.97360151061625, 76.6856841270967], "psis_precision": [43.026977813591394, 82.21866112602434, 20.166587318536568], "phi_angles_psi4": [-1.5708764784949825, -2.5625475142359893, -2.5307221416786176], "psi_angles_psi4": [2.5812911860139165, 2.604221159834326, 3.023425797416132], "phis_initial_rotation": [0.9662656940631456, -2.436054475089259, -1.7982813069807693], "psis_initial_rotation": [-1.912033841629374, 2.045603924059601, -0.7517188818525771]}, "final_stats": {"q": {"step": 2, "value": 149.80428513407793}, "c": {"step": 9, "value": 28.638865244054877}}}