{"initial_step": 2, "final_step": 10, "quantum_tts": [3178.028809919443, 5702.208015714364, 6808.064842336894, 6142.005446091715, 8799.649500099798, 13055.555603359211, 13357.851027555655, 14567.835048742572], "classical_tts": [1711.248079264382, 1197.8915470142879, 1271.2805760690596, 1080.9991449148315, 1016.4477488962214, 903.1874077808875, 800.4545865071955, 743.1635148268912], "initialization_stats": {"phis_precision": [97.58588802462407, 94.69568782106178, 0.5926950432031952], "psis_precision": [65.54855693268476, 99.90818159615456, 96.8354343529995], "phi_angles_psi4": [-1.4774586970296562, -1.3856666511228104, 1.570666056794528], "psi_angles_psi4": [-2.6204384244557595, 2.5407428079868097, 2.6372760096411523], "phis_initial_rotation": [-1.5533002614974976, -1.5523065328598022, -1.5523065328598022], "psis_initial_rotation": [2.580422878265381, 2.537858247756958, 2.537858247756958]}, "final_stats": {"q": {"step": 2, "value": 3178.028809919443}, "c": {"step": 9, "value": 743.1635148268912}}}