{"initial_step": 2, "final_step": 50, "quantum_tts": [543.4540913978218, 507.68471362206327, 360.4657130592222, 339.0510829866837, 398.04683816335194, 387.84841799701894, 407.83900918135714, 470.5040088594151, 417.4716599537413, 394.40435525792077, 496.2304061888507, 395.4758316728119, 355.8460429211272, 466.0942657256667, 466.3558962762786, 459.200354660667, 392.5365004353035, 386.00312409380876, 381.6842955592329, 482.4117655631571, 393.36472799583345, 346.8302370164615, 430.18039674050834, 375.59761549466555, 396.8004837821988, 364.5944160303145, 402.7147240169199, 395.3011362302213, 358.20079481117534, 373.98896414271195, 343.9123125045601, 349.6701093694679, 371.9271569891674, 391.1237710393088, 443.7358415346187, 369.0922121781642, 392.94264876033355, 438.672694773026], "classical_tts": [488.9119533244176, 566.2508755933351, 510.64478325346136, 536.0076579817069, 504.74630908052313, 414.65846524329277, 381.60533999997506, 350.72615233801116, 319.06101110105817, 283.386174898396, 258.50089131461414, 231.58596744479718, 199.25462416712955, 183.72903510485563, 166.49934642672233, 156.53495644654376, 140.87718649406824, 127.54152263471978, 119.8660702207775, 114.22877797303225, 102.27070390726705, 98.93617774043493, 94.43435216552447, 92.1691182225651, 87.69158314542999, 87.40169109825754, 82.96830683732921, 81.75910203157218, 81.48279510117898, 78.0075405429945, 78.1987167735273, 80.45052765841785, 79.22355444149122, 79.60969319519377, 79.823193759015, 80.82181057526218, 80.80275719788675, 82.92914554519956, 84.6504919066156, 83.3374716755099, 86.72459245547418, 88.03342415698415, 90.82327799144969, 92.63368616378129, 92.0372121480753, 93.65127645573985, 95.31576138043971, 98.6470950489724], "initialization_stats": 2, "final_stats": {"q": {"step": 16, "value": 339.0510829866837}, "c": {"step": 31, "value": 78.0075405429945}}}