{"initial_step": 2, "final_step": 50, "quantum_tts": [4371.068102511855, 2776.2035988146695, 3281.578534261358, 3485.141193189191, 2561.8872397914247, 3023.576274771618, 2692.470756033084, 661.1226261477045, 3943.941317080871, 1828.562584657653, 3251.269620818475, 608.002771015245, 1472.0923078867063, 3593.8353494851804, 620.7220802936193, 1533.16595365165, 1758.68672479098, 920.3420971418494, 343.6945625029965, 2059.137676596013, 1379.403248426496, 176.39181405360193, 2234.496173612926, 2628.022607010859, 2157.557871555634, 2190.969044248676, 3001.078345485299, 2900.674195002183], "classical_tts": [159.98311491545977, 174.21475224180318, 189.7710971819925, 186.06626822872352, 199.59963685482393, 183.4199119066157, 191.4123176398882, 190.40332710862702, 198.546338216705, 204.48587673396713, 214.47962846400486, 218.77690109721868, 224.74042749364096, 225.52079918016474, 236.50064589871135, 238.26825506592667, 246.95969271576368, 261.3702578954149, 253.27948469104297, 268.1529164940527, 274.3038197931311, 307.4172774321889, 310.5809413649755, 310.4446621177535, 321.29741825702365, 325.48066967829436, 354.00738199033185, 358.9503590601383, 378.0480187994978, 362.188776354244, 381.21994205299706, 380.5521773918835, 390.8885432531489, 410.82594525217047, 408.88734393519337, 433.2936658931551, 443.6306396791784, 435.061772231265, 436.4475454621492, 478.28487117422327, 469.92694088284765, 508.27324164075316, 494.887998454024, 532.3288787755507, 533.3187646729535, 573.3828608842211, 537.4603792091375, 563.7692220859072], "initialization_stats": 3, "final_stats": {"q": {"step": 2, "value": 176.39181405360193}, "c": {"step": 2, "value": 159.98311491545977}}}