{"initial_step": 2, "final_step": 50, "quantum_tts": [111.30068138367542, 160.5355138348056, 182.70932748000925, 225.9850525001728, 242.2064592067502, 271.03423421374816, 281.32169797901355, 322.9439566967423, 341.0635370465386, 337.5528025163053, 326.0490523828905, 353.13111004842835, 409.0882907057299, 421.15500074468713, 415.5722481601822, 445.6392016244541, 479.3184751875206, 495.19172016943975, 521.2370230721664, 518.9870012787819, 526.2157559553657, 550.6920056265479, 555.3554121604834, 534.9383540788118, 587.8916239029891, 611.1329381717742, 653.9580075778716, 686.2909816252846, 695.3700783767395, 760.5487617574584, 851.5023244350446, 959.1333107149883, 1049.327695026984, 1073.002860167029, 1210.1347564811444, 1277.985862667734, 1295.5204741107066, 1248.193693697757, 1270.9929175653551, 1190.9768312857673, 1127.228763129622, 1139.3729004292654, 1075.129726632179, 1100.5977386269635, 1051.0184153755333, 1037.8213365863915, 1041.5224158397014, 1040.7062676489768], "classical_tts": [76.0600562547042, 79.84782512660479, 71.33572154563234, 67.76333569704133, 63.058815546695044, 58.24229043259385, 59.11011801855222, 51.91557161721142, 52.46351643797401, 49.826881409822306, 47.838564747004426, 46.42068774588674, 47.5796948959393, 45.90684799036663, 45.35927619536112, 43.55933823043531, 42.314105921301504, 42.373114034556544, 41.66596974301708, 42.16145121108825, 41.610847531938056, 41.50116843345381, 42.11676857017977, 42.62642296585079, 43.4347201615301, 42.77238696520022, 43.98206783820691, 42.88466403514993, 44.39724887299128, 45.75495332050343, 45.07261975320538, 45.60920237567522, 46.358438765059425, 48.5078827571735, 49.400376208663914, 49.642366933401966, 51.52200684033724, 51.66959775426288, 53.08116430951471, 54.78633612815859, 54.89455150749646, 55.99269387217356, 57.5085777697582, 58.08769737197954, 60.122604032019936, 60.94788022741621, 61.934367108546994, 65.05098687328822], "initialization_stats": {"phis_precision": [97.94481852732996], "psis_precision": [96.0000754991755], "phi_angles_psi4": [-1.5018168587694598], "psi_angles_psi4": [2.581223687401196], "phis_initial_rotation": [-1.5663822889328003], "psis_initial_rotation": [2.4555623531341553]}, "final_stats": {"q": {"step": 2, "value": 111.30068138367542}, "c": {"step": 23, "value": 41.50116843345381}}}