{"initial_step": 2, "final_step": 50, "quantum_tts": [683.2562142506551, 1438.8623455401241, 1993.0487602515443, 1463.679113090535, 1968.155695174241, 3470.0034858060735, 5651.46770868719, 4825.874052550257, 3565.193466922521, 4280.379749804186, 5035.94303707167, 5413.065839239743, 3925.7937505847763, 3398.876022428172, 5679.603386078788, 10303.258917733037, 6453.6003970108095, 6120.436113521288, 10249.078340431472, 10277.0016186153, 6484.411963389133, 5546.7922700950085, 9367.666294162203, 10608.21453304753, 7201.602072825682, 8744.385193647793, 12997.765608936723, 14986.459751736027, 12851.32996454409, 12999.015452011587], "classical_tts": [555.896682510324, 498.9203544369242, 416.4219851998722, 308.55382784280744, 275.70484885992107, 238.87094978085963, 231.06769933259898, 215.3388573448742, 214.85811717322025, 205.18885398698418, 199.64557297520068, 200.98417778267228, 209.48931490832578, 195.754891017429, 207.2278803722736, 198.46633880384297, 200.4991804791585, 207.31258409452087, 212.91441939900818, 218.83883169794237, 217.08376663968022, 224.8197117025403, 239.4065727464966, 240.48568020884358, 254.65697644937558, 254.81073418544938, 254.06448367050524, 252.50130929358826, 279.28155106919155, 275.6706632248913, 288.3439363176853, 281.933745199726, 289.77308859352377, 300.1135880583872, 295.9994584160333, 322.95202656282197, 329.0389683763267, 337.69788859675634, 339.26318171424566, 364.14112290073064, 344.31549108458285, 358.84242871183966, 375.000467591619, 372.1957515916907, 390.86078437990005, 393.86808979126386, 422.87293327299153, 416.85589288602705], "initialization_stats": {"phis_precision": [3.6454896325488706, 98.89006128160601], "psis_precision": [70.45643258440369, 68.03087713348464], "phi_angles_psi4": [1.5709780337958965, -1.5708685744949595], "psi_angles_psi4": [-2.6403339054427915, -2.6403960229037677], "phis_initial_rotation": [-1.4560881853103638, -1.535998821258545], "psis_initial_rotation": [2.7147128582000732, 2.6384496688842773]}, "final_stats": {"q": {"step": 2, "value": 683.2562142506551}, "c": {"step": 15, "value": 195.754891017429}}}