{"initial_step": 2, "final_step": 50, "quantum_tts": [562.2162665118989, 812.3476646711931, 1102.0896267242183, 1228.8213751475673, 1085.9927083756193, 1447.795819987922, 1801.7546851568536, 2284.2376645377226, 2256.751972140885, 2278.840216352974, 2113.3280789772753, 2261.773914622939, 2499.973659376699, 2534.9333153799616, 2216.229303752169, 2561.1073915882266, 2902.0375996502266, 3125.638640995634, 3795.1717733393702, 3656.2406043532164, 3950.165844673975, 3676.2176389046062, 4237.236099634814, 4287.90720475202, 4171.670965345353, 5105.737423657497, 6250.679723431897, 5890.008059124367, 5424.248115649867, 6668.224418651864, 8196.186439227857, 7982.870847213595, 6372.3890483925425, 6143.3859971765805, 7026.06133219251, 7551.865185694506, 6114.2900384839295, 5813.137221546349, 7706.132611675547, 7149.288870371195, 10399.979173742577, 11180.082684056402, 10528.62488689597, 11487.08810669356, 12679.635533888382, 12500.785780245538, 9743.428655765321, 9921.260453129897], "classical_tts": [326.6327318333251, 341.9222567755482, 307.5867752466029, 255.11640018591066, 216.75183213820256, 232.8662429972946, 188.9784734841515, 183.80023569470612, 167.2383311675065, 154.17357680736433, 144.54356588601766, 139.39370568994676, 128.49856712803515, 123.18757070890945, 113.7077882144547, 111.13474706859137, 107.21277610181603, 105.7704370380201, 98.02329533642845, 96.34109462357996, 93.28996349265289, 94.21397399829704, 93.14321646326115, 89.66747639861464, 90.01969019037702, 91.06433634333114, 89.32119030396657, 92.44531650224579, 91.91086874642303, 91.05854581303845, 93.57036955970786, 91.91638749762558, 94.8983550773511, 98.46996561882204, 98.15037937301778, 97.63728061861582, 100.03581676427916, 102.84443679437845, 104.68936798105078, 106.42866294753641, 104.64779284565321, 115.07799142745759, 111.21251499402466, 117.81588103798903, 118.06798772091574, 124.15336309566455, 119.43455353901666, 122.84055441526158], "initialization_stats": {"phis_precision": [21.545035518252153], "psis_precision": [11.79796478793953], "phi_angles_psi4": [2.5307920507564523], "psi_angles_psi4": [-1.5085147862884132], "phis_initial_rotation": [0.06605665022138041], "psis_initial_rotation": [1.2624338722503614]}, "final_stats": {"q": {"step": 2, "value": 562.2162665118989}, "c": {"step": 28, "value": 89.32119030396657}}}