{"initial_step": 2, "final_step": 50, "quantum_tts": [389.8673859766191, 524.1421882891987, 631.5930572544393, 739.8637991939142, 799.3714093826695, 898.9713868159411, 881.9735088703588, 971.8268248916289, 949.7804812403116, 1033.8449957070673, 1075.0335097252682, 1287.1697988633514, 1249.8675742088494, 1225.264560779541, 1241.6681464049907, 1364.4044634062227, 1492.9458758283247, 1612.0405778062848, 1863.235978025628, 1734.7398101040822, 1960.5419894071679, 2244.8257063944006, 2517.5513746809374, 2633.8814933261415, 2943.2208122546695, 3276.112999101332, 3967.1379321545282, 4948.46801999584, 4850.043987536217, 5473.5863432669485, 8638.303683909935, 8159.909266392241, 7722.443318108252, 9919.928565018148, 13869.051953389157, 17165.604494651183, 13539.209195936168, 17234.868066471063, 24833.2931791509, 19592.081007874393, 22634.428912442643, 44853.34902834848, 49450.210947036336, 50794.15550886346, 43281.89161831385, 30040.995280540872, 52879.18614741028, 40478.028725092845], "classical_tts": [243.29922764417663, 174.7880253363801, 205.88256053697955, 186.06626822872352, 144.3849552418767, 138.31260460531888, 125.76255413800203, 115.88400230264111, 110.89347607343956, 92.29240322365364, 99.48816421517205, 88.7651464836783, 86.45263276230084, 79.11415609462264, 71.53648601257743, 77.8942435486303, 66.2626563842199, 63.80443532743222, 59.721412226628274, 58.492246589395855, 56.621901188794176, 58.19335707589073, 55.770693889401144, 58.29221671600347, 53.81527105304295, 53.81815424651639, 54.85968292954378, 52.64041901433552, 53.507667862692514, 56.27079273946211, 49.21282880668508, 53.633398039467046, 56.26931987196703, 52.42962318586599, 55.15804440966219, 56.267147483530046, 61.087686866231635, 59.30861491507221, 62.90116608502365, 58.88570063372311, 60.79006391999643, 59.14728368516695, 64.91775239120764, 65.38358510667503, 64.03130908971116, 67.76484427346675, 71.63175440964281, 72.29476970839033], "initialization_stats": {"phis_precision": [67.61749752528472], "psis_precision": [61.53382143408952], "phi_angles_psi4": [-2.5641235943374006], "psi_angles_psi4": [-2.6001305374449513], "phis_initial_rotation": [-1.546797275543213], "psis_initial_rotation": [2.4746041297912598]}, "final_stats": {"q": {"step": 2, "value": 389.8673859766191}, "c": {"step": 32, "value": 49.21282880668508}}}
