{"initial_step": 2, "final_step": 50, "quantum_tts": [149.80428513407793, 207.04205323225784, 353.2787529496143, 634.2544289508664, 709.1241248481996, 564.1525825094042, 539.4275755107982, 717.4929618671366], "classical_tts": [87.09790521131919, 68.2567614727357, 57.18952781785082, 52.698692636404935, 47.472559731674124, 43.14229229556502, 37.26647343100357, 34.401581894892324, 31.12801098501933, 28.91807028687246, 28.61502642624525, 27.371002975874617, 26.150557231646275, 24.627917607702955, 23.804903417934007, 22.31106116762483, 21.86627385617646, 21.60499975405233, 21.463507773647102, 21.36389853245434, 20.00667729505801, 20.6030685710241, 19.642365724519046, 19.279581841401896, 19.647755190423688, 19.27658727592415, 19.354072299180217, 18.814527125692404, 18.41697349152044, 17.4551005259227, 17.47480371155428, 16.84870660391661, 17.000000000030006, 17.208672090607795, 17.597393711706605, 17.758186805770602, 17.50590410785004, 17.552949995735716, 17.545085522807153, 17.470691419995564, 18.0776845336158, 14.81180404089987, 13.32917303349217, 15.935359152339766, 15.333333333515947, 17.414050517346627, 16.534106836353345, 15.680307401459695], "initialization_stats": {"phis_precision": [66.95828577421028, 5.779773378572917, 17.95515589828629], "psis_precision": [69.77230797184033, 67.09034116200749, 38.96845519031569], "phi_angles_psi4": [-1.3857681938974296, -1.5709479245954774, 1.5707698410948936], "psi_angles_psi4": [-3.1351843511205786, 2.637464056281541, 2.6041865464583553], "phis_initial_rotation": [-2.4238042606349723, 1.3890677931389304, -2.134900671136056], "psis_initial_rotation": [2.198370003952596, 1.603576631905704, -1.7616362326078259]}, "final_stats": {"q": {"step": 2, "value": 149.80428513407793}, "c": {"step": 44, "value": 13.32917303349217}}}
