{"initial_step": 2, "final_step": 50, "quantum_tts": [297.7645596890979, 273.3235945492657, 506.2638938322399, 871.2503748869624, 524.992415303384, 417.5955938768305, 491.45373574144975, 701.9116422227173, 1087.4091891495573, 656.3491142693225, 777.544790819275, 1022.1942365089818, 1520.4833058440777, 2100.3432287589885, 2563.6829892587157, 2506.001527870746, 1971.6441393075838, 1590.2705870804455, 1048.4670500204868, 1316.4112463537072, 1129.9690133541496, 1145.6293979959949, 2075.830626651119, 1996.3091375955205, 2982.443161158163, 3420.2683633812485, 1906.5120532475312, 3492.3303690445923, 3224.5271852724018, 2652.340291711946, 4190.604980351742, 2665.2757750694827, 2812.3541745041794, 5230.165360828901, 2767.5842180492687, 2933.963910482026, 3544.454254922858, 3008.5269060246446, 4155.722742612139, 3590.3881950640716, 3200.646216296793, 2630.472302031068, 2273.9085486882127, 3879.1735693828173, 3486.124730575299, 4197.514950386273, 3670.55185409545, 1848.5192710530441], "classical_tts": [155.1277382919914, 131.9621726210549, 115.33797999070748, 107.56870962808742, 102.80246542373196, 87.63509639219097, 79.20734900111941, 81.71545899221812, 87.5542728673409, 81.27641227550441, 80.84296700547506, 79.42526204232396, 88.24983149098907, 79.96245317223631, 89.80738251822193, 91.68400016120577, 92.7073077829189, 95.01394768843595, 94.9687550353307, 105.28703910198102, 107.59653165325699, 111.82078752386036, 116.78152832404072, 115.40282602717895, 127.37606412512855, 131.93808065289198, 134.528726938529, 133.64657941157571, 140.68089129522437, 154.0933334867819, 150.56023074999365, 148.0246479065535, 160.90754689235266, 167.31421576439, 169.09831057863823, 173.7954858724893, 176.13841945059406, 178.99280540142405, 186.6417410312527, 188.63736102668713, 197.11720203028452, 190.8561307786444, 203.276711814015, 204.8409022959109, 221.94536503786242, 227.53804122540924, 230.03897201402907, 228.4465228993298], "initialization_stats": {"phis_precision": [8.149850358258492], "psis_precision": [66.71385027326599], "phi_angles_psi4": [1.9959093756563866], "psi_angles_psi4": [-2.640326184228101], "phis_initial_rotation": [-1.4017183780670166], "psis_initial_rotation": [2.5971438884735107]}, "final_stats": {"q": {"step": 3, "value": 273.3235945492657}, "c": {"step": 8, "value": 79.20734900111941}}}