{"initial_step": 2, "final_step": 50, "quantum_tts": [563.3778871483748, 1039.786289479561, 612.3972608537891, 526.4921320311344, 1371.5555876933977, 2428.0142427972464, 1984.0262359755457, 2585.5821452449777, 3310.1435695487653, 3594.893195960477, 2647.4207655367304, 3381.5914085162567, 3542.8575313027914, 2350.4395884977553, 2336.1658829608214, 3995.805448861181, 4854.134592420261, 3539.1835102089126, 4619.85874282847, 6071.725900934562, 4844.185098035157, 3715.4769671832814, 3878.0399530280924, 3004.4051395109286, 3047.0738073951234, 3805.463296626035, 4042.646922769998, 6157.722708300368, 6416.524594481789, 6715.683190572305, 7033.051706372417, 4493.4485056355425, 4354.670595258175, 5583.91843960796, 4192.820407664482, 4742.1113044387375, 8132.194793081031, 9531.431960504686, 7888.260676547759, 6081.990657848042, 8464.624186002537, 7830.083021156717, 5220.927264168829, 6920.126224132996, 7328.990763513756, 5723.747444000339, 8026.447404238032, 12212.654282830346], "classical_tts": [307.2829365612335, 266.1021170205571, 216.63163682171083, 199.31819842613055, 152.70498436303592, 132.85546110994807, 120.50699479512534, 103.78695747051367, 96.96550374789219, 89.28207357777593, 84.78288610337688, 75.55257679522501, 73.44892301316361, 68.8150675882714, 66.05442226653209, 64.61280574046908, 61.151676053634446, 60.07378625111101, 59.88915807102831, 58.83710666332564, 58.59477695036291, 56.28190642090347, 56.28475002266643, 56.03911416309778, 55.09792462182607, 54.693057481786596, 54.61444991856519, 53.32609349992136, 54.09397475360085, 55.05799416029258, 54.8155754637686, 54.259977433194365, 55.399492336733914, 54.7949940846161, 54.890312289943424, 55.404639448396146, 56.08671697352034, 56.86214300233503, 55.65740074660845, 57.048835765273665, 57.381059899769134, 56.78274718553612, 58.938503961516865, 57.43427962357536, 61.79257524352792, 58.19914907923653, 61.26323159848038, 62.01354087648277], "initialization_stats": {"phis_precision": [45.96893473205521, 27.851253365537854], "psis_precision": [96.66387293574607, 29.49023717708148], "phi_angles_psi4": [-1.4944116283524846, -1.3860101521822206], "psi_angles_psi4": [2.5683378968403323, 2.5431541339339163], "phis_initial_rotation": [3.0913377017130417, 2.63055543107199], "psis_initial_rotation": [2.46353037407531, 0.3280246050255209]}, "final_stats": {"q": {"step": 5, "value": 526.4921320311344}, "c": {"step": 29, "value": 53.32609349992136}}}