{"initial_step": 2, "final_step": 50, "quantum_tts": [30.348779087807756, 55.54475808102151, 69.87607036634644, 95.48083905946662, 112.7734337911941, 148.95475075773805, 137.42755111398756, 144.72478355743894, 212.61434703909748, 193.39041629577747, 260.10530056999363, 272.85716352511196, 267.4740923516105, 281.2619247153872, 353.4695057333142, 354.0785996064513, 296.9345834332943, 328.3902753489768, 366.202602006896, 360.1478207196796, 485.15909633934274, 500.0310529718081, 414.53639914713006, 415.6612496723582, 433.1634456346433, 509.1263403678448, 567.5860172766568, 588.1782214984796, 558.2054481617023, 493.9980302949038, 614.6301173993629, 667.8582567073474, 562.1199681985115, 602.7873453429971, 654.1885110295984, 678.8924194258711, 613.6671012363375, 634.6289628284675, 585.239690259868, 513.2319128237107, 611.4012406802952, 675.5512346876993, 672.9060364458122, 786.2576606734651, 795.9979026813907, 731.2025353065853, 787.5281250614796, 829.7755597735053], "classical_tts": [22.715963551954303, 24.842515428912563, 23.700851717655862, 22.355151878931427, 22.005257557486992, 20.93182448362679, 20.70273209457206, 20.091955710418045, 19.700983877144633, 19.785766765447303, 19.403858357717628, 19.88840993971682, 19.333997915334656, 19.556615296530452, 20.10353275786092, 20.361619359587536, 20.008237727561898, 22.31221229414529, 21.655764866360872, 21.8616579935519, 22.94996048891785, 23.52272444083712, 24.052098330364576, 23.961245944308974, 25.51868650707355, 25.008897660486053, 27.02149302906002, 27.53887724474934, 28.322338610511466, 29.300790132256434, 30.776122049842133, 31.117962378381108, 32.8118129638586, 33.77686628632503, 34.781478711995625, 34.4368612985218, 34.42810361449744, 36.47226718920316, 38.426119641014246, 39.657273437137576, 38.99666468273505, 39.44314967221995, 43.37757404876542, 42.4835079157672, 43.98725365605827, 43.32339902012135, 46.42802743860009, 45.93322801092611], "initialization_stats": {"phis_precision": [97.94481852732996], "psis_precision": [96.0000754991755], "phi_angles_psi4": [-1.5018168587694598], "psi_angles_psi4": [2.581223687401196], "phis_initial_rotation": [-1.5663822889328003], "psis_initial_rotation": [2.4555623531341553]}, "final_stats": {"q": {"step": 2, "value": 30.348779087807756}, "c": {"step": 14, "value": 19.333997915334656}}}