{"initial_step": 2, "final_step": 10, "quantum_tts": [54.9363977906829, 79.11145201533333, 116.4295178483411, 164.24708066828998, 192.6952026829716, 196.57242272045983, 209.53179527284314, 255.13724082079347], "classical_tts": [23.0285577028505, 23.070659636372696, 21.669846033785877, 22.10300792799351, 21.11148432332066, 20.12919150929059, 19.898976637902965, 18.858837418681453], "initialization_stats": {"phis_precision": [97.87613050782839, 96.58900228447146, 3.4070114791294737], "psis_precision": [77.84354933620135, 94.27332623664306, 95.3325746839738], "phi_angles_psi4": [-1.3857681938974296, -1.5709479245954774, 1.5707698410948936], "psi_angles_psi4": [-3.1351843511205786, 2.637464056281541, 2.6041865464583553], "phis_initial_rotation": [-1.4524915218353271, -1.4637882709503174, -1.463788390159607], "psis_initial_rotation": [2.4519355297088623, 2.4575552940368652, 2.457555055618286]}, "final_stats": {"q": {"step": 2, "value": 54.9363977906829}, "c": {"step": 9, "value": 18.858837418681453}}}