{"initial_step": 2, "final_step": 50, "quantum_tts": [139.8839874521417, 204.24480073181508, 299.2173270370648, 371.61562984619707, 415.9245953036091, 511.94895677687794, 477.59488301000624, 454.72738725039846, 507.8775608174107, 548.8508501755553, 810.560822737226, 816.0268199760526, 936.3942575250082, 937.6377048708487, 1069.2507795582228, 1351.1126255194358, 955.03925284509, 1170.5209001581231, 1473.798724830945, 1608.9836950741228, 1163.0293799879353, 821.0391956913929, 1057.869387006268, 1188.5495040116614, 1385.0340652050954, 1944.2560873141288, 2134.037999616621, 2348.652300128897, 2416.22291057588, 1824.2948830642322, 1545.2680154528473, 1706.4429183361597, 2138.39804655505, 1948.1425956344733, 2084.471768839888, 1864.756079186408, 1349.7183628264218, 1473.7671023119515, 1771.8397233081305, 2157.201932322843, 2277.261181009699, 2669.312805407605, 2394.4515709695943, 3140.049594132382, 2970.2455951302895, 3105.8994531465587, 3427.812891983128, 2870.5030271173778], "classical_tts": [79.54489070808934, 77.05143475490814, 79.61122815734677, 74.46472495907736, 70.48194647903853, 63.39534729126302, 61.039896273690616, 55.84827315697231, 54.56677505311495, 50.98743720938249, 49.42465037951578, 48.98263668844068, 45.67805777689818, 42.95447028046133, 42.091484676545434, 44.26507560623933, 42.922539639367876, 42.560783077864386, 42.45533648038551, 39.747009077266185, 42.22057628536906, 42.99152727251955, 42.32574993515508, 43.376826429640346, 44.31564606291505, 46.118808176058586, 46.40641692693367, 45.166755841716615, 48.50964589429407, 47.67492790648282, 49.28630744688719, 51.20624024302202, 52.09370860913269, 55.69077205169934, 56.23554415604128, 60.79289436469997, 59.711997711028744, 58.95303879938186, 59.01613853747013, 64.28343804524515, 64.20679514263787, 65.78474056983256, 66.71155695827315, 71.54984981774004, 72.38975852300165, 73.90887014991283, 72.61222112486433, 73.29045853205251], "initialization_stats": {"phis_precision": [69.56312053186832], "psis_precision": [53.16017747907284], "phi_angles_psi4": [-1.5397375218596674], "psi_angles_psi4": [0.3374117187594318], "phis_initial_rotation": [-2.495940291212472], "psis_initial_rotation": [-1.1341047045125134]}, "final_stats": {"q": {"step": 2, "value": 139.8839874521417}, "c": {"step": 21, "value": 39.747009077266185}}}