{"initial_step": 2, "final_step": 50, "quantum_tts": [54.93639779068424, 79.1114520153353, 116.42951784834409, 164.24708066829447, 192.69520268297705, 196.57242272046562, 209.5317952728495, 255.1372408208014, 332.16406096000554, 382.7335791430319, 365.96162740894925, 346.56247214146634, 374.2482350710404, 454.41641807493323, 532.4118003612749, 527.4712609158868, 489.4481182683618, 502.49817108682515, 594.0225290446203, 721.7562354640814, 748.45664788058, 672.8309934524971, 633.6443155766489, 688.905890314629, 818.6810536665018, 897.9301877084827, 839.9612956956307, 773.8124719217062, 809.0642989687308, 962.0917545948569, 1121.3726418541862, 1087.311493944327, 955.8196061414551, 919.0230153238699, 1024.6364348039438, 1203.524028466326, 1245.9584810718193, 1124.2192453532407, 1053.4021730325994, 1141.8514706464252, 1369.394539879297, 1515.782844007755, 1390.825551744854, 1228.8511387947935, 1226.3417386158217, 1399.1172990111588, 1600.1314526511705, 1570.1373327550295], "classical_tts": [22.888677646976152, 23.7090283344357, 22.70149540495052, 22.373325175957493, 21.298804014403782, 21.020119512261996, 19.298533503268953, 19.57924101378166, 18.58817061875215, 17.968999070990087, 17.32842071234004, 17.399521833103755, 17.06683068143882, 16.46581122726215, 15.65134447276952, 15.954927536095003, 15.438752037823708, 15.733578375354227, 15.752725914912027, 14.666870573181278, 15.919512066715985, 14.811552279140528, 14.816746861104168, 15.303838965298846, 14.692992089429366, 14.68483091388367, 14.64539386645524, 14.578167151118777, 14.11805407997356, 13.952344868405312, 15.160859341227063, 14.604113610032478, 14.634316051022312, 14.251209167106438, 14.058835333056702, 14.449358536752722, 14.83988174044874, 13.433961804537093, 15.10678144314851, 14.122882922718482, 14.467343481809177, 11.937613505946933, 14.080276033963807, 13.632108784253356, 13.93504453501454, 13.04808918091874, 13.325708099661693, 13.603327018404643], "initialization_stats": 4, "final_stats": {"q": {"step": 2, "value": 54.93639779068424}, "c": {"step": 43, "value": 11.937613505946933}}}