{"initial_step": 2, "final_step": 10, "quantum_tts": [444.93039799849373, 781.1425668112844, 933.9451239779883, 1281.801081667287, 1389.5071813773704, 1825.3192441715169, 2096.22290379668, 1707.1281687437474], "classical_tts": [327.3686292925026, 321.1272330371654, 289.80689288654963, 269.96131670977525, 222.4428193271375, 199.64036265396032, 179.74426765093511, 162.1565941009584], "initialization_stats": {"phis_precision": [98.62187378934233, 98.27844464714623], "psis_precision": [95.22597982169867, 97.45181023513274], "phi_angles_psi4": [-1.5124112700065733, -1.5020097939146737], "psi_angles_psi4": [2.581346472417863, 2.5715472059688316], "phis_initial_rotation": [-1.5557063817977905, -1.5560940504074097], "psis_initial_rotation": [2.431366205215454, 2.4914934635162354]}, "final_stats": {"q": {"step": 2, "value": 444.93039799849373}, "c": {"step": 9, "value": 162.1565941009584}}}