{"initial_step": 2, "final_step": 50, "quantum_tts": [272.8788277731559, 404.04846793785345, 523.2187405836518, 681.6352878719456, 764.7133529315394, 994.4958726371043, 1075.3652082871595, 1409.4100041752972, 1575.1729770328768, 1935.7478828862543, 2389.877640443324, 3450.1970065051364, 2780.3223826011626, 2533.492932771583, 2873.106409778285, 3975.9048501143416, 4522.6748985967315, 5031.08201008984, 12334.419754715902, 7360.473154870678, 28555.36470003234, 26553.127354061322, 17975.76196193378, 12397.640626386472, 8081.9510205222705, 6254.322070962827, 5320.6468894644, 4941.559057044642, 6446.979581780029, 6265.101127589803, 6089.822763550471, 6213.614728780679, 5676.059846109912, 5187.142033976741, 6440.896167176829, 9544.40400272927, 16051.11951408273, 24756.22288191378, 18126.854294403318, 22620.620188789442, 17773.24239455368, 11546.679096253114, 9716.518022999062, 7207.678045058721, 5391.194843045565, 4940.2771568167245, 5105.120134768237, 6358.393449604797], "classical_tts": [179.17209066701466, 195.31008781979392, 162.8121468162651, 165.05492184741598, 170.1206886951444, 144.02770022122962, 142.2014060379602, 132.90697853247133, 129.30019201391374, 119.5855209668001, 118.65005644644934, 112.70417465422742, 110.51520768672785, 111.13573153894144, 104.3339872566872, 105.59426969014278, 102.77358649417721, 103.34984673750537, 103.41469251259394, 100.81160495781158, 103.2948485899929, 106.61009598325917, 108.18181324666298, 106.09537713491133, 106.62750726328593, 111.03170428748935, 113.10051746506392, 114.94391947961498, 115.457992505997, 118.71918575300745, 122.54883690633027, 124.95180474083642, 126.14993810924044, 133.0263647597893, 129.55210953449932, 138.36678051760674, 139.10703093779597, 142.1310747076618, 141.62625532812274, 146.7829543076298, 149.3116928322528, 149.64313676897495, 157.5814295373821, 162.4812646177952, 164.80515956277563, 166.22711546625536, 174.28120923323334, 174.7119992105006], "initialization_stats": {"phis_precision": [68.98349608349442], "psis_precision": [96.16333051642177], "phi_angles_psi4": [-2.526347046736313], "psi_angles_psi4": [2.568298115398991], "phis_initial_rotation": [-1.551934838294983], "psis_initial_rotation": [2.447765588760376]}, "final_stats": {"q": {"step": 2, "value": 272.8788277731559}, "c": {"step": 21, "value": 100.81160495781158}}}