{"initial_step": 2, "final_step": 50, "quantum_tts": [54.93639779068424, 79.1114520153353, 116.42951784834392, 164.24708066829447, 192.69520268297674, 196.57242272046562, 209.53179527284925, 255.13724082080097, 332.16406096000554, 382.7335791430319, 365.96162740894863, 346.56247214146634, 374.24823507103986, 454.41641807493323, 532.4118003612749, 527.4712609158868, 489.4481182683618, 502.49817108682515, 594.0225290446203, 721.7562354640814, 748.45664788058, 672.8309934524971, 633.6443155766489, 688.905890314629, 818.6810536665018, 897.9301877084827, 839.9612956956307, 773.8124719217062, 809.0642989687308, 962.0917545948569, 1121.3726418541862, 1087.3114939443285, 955.8196061414551, 919.0230153238699, 1024.6364348039451, 1203.524028466326, 1245.9584810718213, 1124.2192453532423, 1053.4021730326008, 1141.8514706464268, 1369.3945398792996, 1515.7828440077583, 1390.825551744854, 1228.8511387947951, 1226.3417386158217, 1399.1172990111588, 1600.1314526511705, 1570.1373327550325], "classical_tts": [22.277686719905585, 22.610817514016766, 25.21423756885402, 22.120878161934854, 21.080480388194893, 19.83780418942746, 19.128644603509425, 18.83310358641424, 19.138133893530334, 17.864792982680918, 16.8757289549087, 16.334120365761997, 17.365849378296463, 16.353860388357777, 16.398153329318287, 16.01159591367174, 16.571745128133685, 15.9830380967691, 15.752725914912027, 15.16709757025179, 14.717195491818956, 14.662417885359794, 14.691685406686894, 15.1270369957243, 14.083094646303511, 14.441080201948047, 14.779704686161667, 14.500000000025594, 14.664494759755506, 14.488269687115597, 14.283596262383243, 13.436854357557499, 14.178836783725503, 13.450881269777943, 13.596103298833658, 13.70893338599628, 14.079445099131316, 14.146005889455543, 12.800250939967096, 11.382375668461028, 15.862120515305934, 11.937613505946933, 3.3628381967574574, 15.000000000178645, 12.770470262175788, 13.04808918091874, 3.6685507600990443, 14.843851787298098], "initialization_stats": {"phis_precision": [97.58588802462407, 94.69568782106178, 0.5926950432031952], "psis_precision": [65.54855693268476, 99.90818159615456, 96.8354343529995], "phi_angles_psi4": [-1.4774586970296562, -1.3856666511228106, 1.570666056794528], "psi_angles_psi4": [-2.6204384244557595, 2.5407428079868097, 2.6372760096411523], "phis_initial_rotation": [-1.5533002614974976, -1.5523065328598022, -1.5523065328598022], "psis_initial_rotation": [2.580422878265381, 2.537858247756958, 2.537858247756958]}, "final_stats": {"q": {"step": 2, "value": 54.93639779068424}, "c": {"step": 44, "value": 3.3628381967574574}}}
