{"initial_step": 2, "final_step": 10, "quantum_tts": [13760.061587048152, 17689.83145941986, 17796.859282940703, 25912.46512489218, 25539.057596866463, 29641.59589173535, 32647.81081390244, 18515.10327146105], "classical_tts": [6696.126512416088, 6497.962243571064, 6266.263742172432, 4228.8801768017465, 3474.1611928551038, 2448.022874407641, 1995.7475448912005, 1811.4441786993561], "initialization_stats": {"phis_precision": [3.4593604254533394, 65.4070686945677], "psis_precision": [64.24299610651036, 59.786442803922924], "phi_angles_psi4": [1.5708750043949777, -2.564153317394988], "psi_angles_psi4": [-2.640328001158329, -2.6404028940591564], "phis_initial_rotation": [-1.4620386362075806, -1.477384328842163], "psis_initial_rotation": [2.5195178985595703, 2.3794362545013428]}, "final_stats": {"q": {"step": 2, "value": 13760.061587048152}, "c": {"step": 9, "value": 1811.4441786993561}}}