{"initial_step": 2, "final_step": 50, "quantum_tts": [76.5682427619909, 80.8874633842853, 84.30685330802828, 91.17360146162741, 105.44979131937384, 173.56093631118168, 633.4487904768042, 4286.287639023908, 2529.208878829584, 1733.7778917072053, 1250.0852567060442, 1829.132039518096, 1484.295328045697, 1386.1340118266187, 1380.9433533498739, 1926.524996572596, 4311.596279141018, 3086.2710318765903, 5440.206927536721, 4792.4616140375, 1491.3414651969144, 914.4680573997956, 699.4081483383682, 587.6253705921231, 619.3187381648803, 824.8286001687512, 1149.6170282295677, 1641.6793041338929, 2571.2804432781295, 2904.0385200204214, 4325.043970267456, 2917.12389958427, 3672.4885508101797, 4419.905046729275, 3819.0475433062916, 4700.406017454432, 6506.241506697423, 8250.038757867454, 8683.09932644301, 12823.636274353674, 5870.0010883649975, 10120.583925546616, 6362.149165828863, 5228.588555085464, 4110.162054950036, 3811.5208733247446, 2462.032008564906, 2344.73723107615], "classical_tts": [93.1223791135436, 103.19106987952055, 90.76089671691624, 79.38537614528602, 71.03259799882267, 69.1188600469887, 63.36955992487626, 56.06709769460903, 57.44245145873536, 55.436618380219755, 58.04571729549874, 54.51922170254675, 55.341038198564355, 62.659504572188304, 61.57759600319582, 60.74884820867441, 67.5163497663757, 68.90945660973506, 76.44795976642739, 73.89019513162232, 76.61769504229062, 79.98309550883637, 85.4469697443039, 89.27055335747087, 86.3078569388008, 98.50837606164531, 98.30333977348346, 101.59017018353707, 103.18851158516954, 109.63916126497246, 107.61580466156721, 118.88817592742357, 117.03232208161472, 126.093519923025, 127.79282408642268, 131.53649130459831, 124.87697964987524, 135.42513094955098, 134.91012791604075, 139.695460871955, 144.46391621923735, 147.79570508172515, 155.6168740535093, 158.1036029114617, 161.14302856698984, 167.45721136818813, 169.3894124495625, 169.15739892016825], "initialization_stats": 2, "final_stats": {"q": {"step": 2, "value": 76.5682427619909}, "c": {"step": 13, "value": 54.51922170254675}}}