{"initial_step": 2, "final_step": 50, "quantum_tts": [250.12048305912626, 296.15954276729605, 323.5545148629267, 343.78994754442056, 343.5675284259668, 364.00060144824135, 360.99401192736843, 388.893365510685, 388.84401256355375, 425.79146579186937, 443.30588573879083, 469.2765813264174, 460.10422470595375, 440.38326088270946, 476.356169481869, 527.4728027525158, 590.3856407447495, 708.5099547069185, 942.2516003037755, 1275.1517044660327, 2058.7869573427574, 2892.4207228865043, 5799.02083025129, 6988.493721127836, 4334.661359545853, 2579.6278056371702, 1584.6637661540462, 1118.7977117960274, 888.2497358515323, 728.2707327505875, 644.406432093968, 559.7570146795906, 476.00175707833847, 426.1091909211398, 397.58178848213856, 388.20273438781, 381.3120085883611, 388.34181052323095, 425.2680737315476, 487.9639692591881, 597.9191726592437, 751.1569821241592, 939.0341634572169, 1237.835900710657, 1716.5724181362268, 2440.8809703131783, 3312.23115639816, 4537.4596026455965], "classical_tts": [186.6180037714431, 167.61231312781112, 165.9140831630671, 161.6359406638749, 149.75780134112344, 139.31964927535685, 130.65452957392807, 117.35374379582817, 115.0549432828382, 107.95728352544239, 101.7789545142737, 99.6920036178387, 93.73717506995008, 88.37451044946903, 89.76615388063051, 87.48039132745075, 84.16329654018745, 81.69729862961353, 80.6609187323734, 79.6350083431783, 78.81985892132747, 78.7086345207924, 80.04340353282785, 80.43701855866459, 80.76111886991633, 80.25757345178802, 80.29318805225212, 81.44829967780196, 85.37374888912068, 84.98560571479652, 84.6750000751756, 87.44096948225747, 88.31833172010981, 89.0400650003585, 94.7383008907656, 91.81351150465493, 99.0471166723628, 98.0715957299583, 98.61751808805346, 103.80681072857854, 104.93353814763522, 106.73855061799641, 110.00534892193126, 109.44424169163592, 116.42643862986101, 114.23066315725704, 117.61793878145329, 121.3425723268278], "initialization_stats": {"phis_precision": [68.5886971133387], "psis_precision": [71.14268258095015], "phi_angles_psi4": [-2.5641579325261574], "psi_angles_psi4": [1.5391379706873562], "phis_initial_rotation": [-1.5773427486419678], "psis_initial_rotation": [2.4457173347473145]}, "final_stats": {"q": {"step": 2, "value": 250.12048305912626}, "c": {"step": 23, "value": 78.7086345207924}}}