{"initial_step": 2, "final_step": 10, "quantum_tts": [83.22653362457415, 143.23810217374805, 162.95655809506513, 164.72389940400802, 265.7817774213547, 383.70801664045024, 510.3736878824641, 640.383026379055], "classical_tts": [72.40193496015979, 74.76779363679495, 78.75097618242975, 67.5277352025448, 71.98673452736074, 65.08144125772455, 67.16199557443912, 61.04021994587304], "initialization_stats": {"phis_precision": [99.48117327542893, 66.74839108120302], "psis_precision": [87.81224577229129, 95.50718603942168], "phi_angles_psi4": [-1.5706998662947471, -2.5417641924632437], "psi_angles_psi4": [2.0233704221250455, 2.6041066333872416], "phis_initial_rotation": [-1.5544004440307617, -1.4971340894699097], "psis_initial_rotation": [2.4062600135803223, 2.462960720062256]}, "final_stats": {"q": {"step": 2, "value": 83.22653362457415}, "c": {"step": 9, "value": 61.04021994587304}}}