{"initial_step": 2, "final_step": 50, "quantum_tts": [4262.243832382786, 3146.87205293088, 1042.8666273531653, 860.076071887387, 1467.7252558801429, 667.2518526827928, 2850.5549170364043, 618.9614431966698, 643.2443226370501, 862.6026881031584, 3889.1277565502287, 715.6092166000386, 2264.892907298448, 3298.1684708156226, 622.2604118560932, 631.9411077040402, 1850.3171671475045, 3060.619989645226, 2156.6347446234713, 3607.986089232455, 1002.7400876351568, 2376.594477403446, 632.5011511739418, 944.7824256522399, 1379.4599510627331, 868.8502430609446, 1713.6044183645663, 655.2197188777092, 2692.4244962167236, 820.2169446133807, 2390.4941432616447, 2470.0849436570234, 2831.9803603658934, 3129.26616876542, 611.5445366040358, 2180.882642649814, 2701.8788904666676, 3550.8285035784747], "classical_tts": [655.576174254772, 603.8147262331188, 787.6731988755366, 633.8330809361318, 654.8888223280443, 567.5490804818814, 461.5445169312624, 436.4192420665283, 386.22756203603666, 334.1406794307902, 336.30938676559947, 291.78868862230667, 248.579397795537, 236.50565688579667, 204.64671943732364, 191.49365627443677, 184.9618702603683, 172.5104134280257, 154.76230548589496, 150.76701326922904, 145.80367047295357, 137.32073969799976, 128.22556103160625, 122.26878596961599, 115.86992250307443, 120.37527520322075, 115.73111095403937, 109.68184310465801, 106.69055544994555, 108.87581802912949, 104.29470586969715, 106.5189878909241, 106.66373441807109, 108.17994072788541, 107.04757377555597, 108.03988673847991, 110.49665986747932, 111.44912939156478, 114.98396860574721, 114.63427997633181, 117.91878604812206, 121.81855694634892, 121.33399893427094, 122.09805781742544, 126.36880484854981, 131.27376808880854, 130.91225261734957, 133.59357192438532], "initialization_stats": 2, "final_stats": {"q": {"step": 5, "value": 611.5445366040358}, "c": {"step": 32, "value": 104.29470586969715}}}