{"initial_step": 2, "final_step": 50, "quantum_tts": [124.71731575258784, 157.26937508337528, 233.7399507118881, 580.6641935779159, 808.633810822874, 707.4071840389805, 531.4777332023743, 477.89036902936846, 365.030675715357, 354.94546558121993, 482.9475710410953, 1305.4045303558123, 25408.746707212656, 3798.6821585103576, 4764.719771250882, 6734.802055670953, 14090.786769582559, 36898.52381921487, 6878.630964823464, 6624.512656732131, 7541.409093053495, 8603.493866161934, 4157.83900188699, 4792.944593451971, 4356.15351011451, 5182.248957851216, 3388.7369840694896, 3191.3333922174083, 2253.7655440945146, 1684.8455705781682, 3068.393873005859, 5140.4313387382235, 11201.141580074185, 5378.6638866589365, 3870.5846832381276, 2725.1595979750673, 1699.7988800575451, 1386.5170389764328, 1401.257213058602, 1925.0489155669504, 3161.280361605221, 10208.860191301965, 13677.969971834096, 13889.499836220773, 10853.091203997987, 9399.9805307881, 4318.585357014462, 5140.592908973294], "classical_tts": [123.85219200382755, 146.68760827535306, 148.8530145829788, 158.64428208192297, 177.20930470995884, 177.08418135655955, 180.53698597113402, 186.3419895929036, 181.3323819922388, 212.22558974675582, 203.43894448180683, 219.00630415226965, 235.85294293321348, 241.03574815698536, 246.1657812315527, 260.0369732219958, 255.9520146116882, 269.1939757545954, 295.62580737338453, 300.7934600544121, 320.3761411132209, 336.18352390396143, 355.41741495367853, 358.08745244572873, 370.38069970690907, 378.4260521635227, 395.9901654289357, 381.6829081202838, 438.5002485703845, 446.47364251153954, 445.30850917056176, 474.4078170522538, 520.0739464439916, 495.8836395479389, 512.8348149787972, 518.5838492611236, 564.8656589719556, 521.2727747763072, 527.3567119206941, 544.2492998531014, 547.1886262217333, 569.8210911786277, 611.2093928125041, 601.4685862803544, 695.5653933085845, 636.9753555521731, 678.8402835924612, 678.2495571449796], "initialization_stats": {"phis_precision": [77.71130252566407], "psis_precision": [54.165519095765816], "phi_angles_psi4": [-2.5641235943374006], "psi_angles_psi4": [-2.6001305374449513], "phis_initial_rotation": [-1.1636834294682175], "psis_initial_rotation": [0.2797348323519242]}, "final_stats": {"q": {"step": 2, "value": 124.71731575258784}, "c": {"step": 2, "value": 123.85219200382755}}}