{"initial_step": 2, "final_step": 50, "quantum_tts": [319.5490472615116, 619.674561351916, 1049.4085318703987, 909.3671874501495, 1016.8411963478043, 1340.0144393338533, 2398.9027788204585, 3539.505804490889, 2214.7485139487603, 1842.7688692417285, 2151.56686105133, 3584.281070487853, 2894.17498746229, 1854.3903223798532, 2414.6190823229285, 5801.423371420062, 5117.197725745766, 3061.431564762234, 3239.184026320488, 5173.571869573234, 5306.256593798307, 3108.050804860598, 3220.399306531852, 4509.942145463341, 5402.729476884954, 5240.282242876632, 4308.506563277303, 4871.513929250889, 7039.725223338027, 7546.438517982947], "classical_tts": [278.9228458605005, 284.3552751243586, 247.7043840076551, 207.88739966183454, 203.53616959585946, 198.80600784733534, 196.4634136187133, 176.55323542823336, 178.14305188061323, 191.1120077214093, 193.60802297762922, 193.24351491146138, 188.4221612558521, 190.43057868624427, 198.04157741249008, 211.96204256741947, 216.9871131188629, 228.31828013546033, 228.713000978109, 233.04895934794115, 246.52005355361413, 248.05055635988876, 262.44432950036605, 261.44443932370393, 270.75225692338546, 283.362066550822, 297.4398254671091, 286.9320217659273, 305.70697718090514, 324.42063027783286, 313.21327846184926, 337.9170627152899, 343.3693526119018, 365.5049094136579, 362.8178147368402, 365.8376740432188, 374.45618013021743, 386.66022500974077, 387.3448398301498, 431.51481563364877, 428.28673780175194, 436.3635835030883, 428.0763217420293, 444.0349772175277, 460.43235308587504, 470.4417520660028, 470.13595652192413, 477.36014467523137], "initialization_stats": {"phis_precision": [0.06386099476578533, 98.88983018574055], "psis_precision": [98.52887705020686, 68.0256536969878], "phi_angles_psi4": [1.5707569039948863, -1.5708759537949808], "psi_angles_psi4": [2.5812542080635814, -2.640232400643676], "phis_initial_rotation": [-1.572842001914978, -1.5359989404678345], "psis_initial_rotation": [2.5350375175476074, 2.638449192047119]}, "final_stats": {"q": {"step": 2, "value": 319.5490472615116}, "c": {"step": 9, "value": 176.55323542823336}}}