{"initial_step": 2, "final_step": 10, "quantum_tts": [5701.546756644543, 7046.764308375417, 6274.464358659384, 11462.633805074092, 16381.994733159761, 16705.998672700796, 20584.42310376802, 14727.255905483817], "classical_tts": [3272.484562672462, 3109.8993356619812, 2228.2014443581284, 2029.672431547955, 1533.4872308764748, 1086.9933514471277, 941.504438787133, 874.9706390086727], "initialization_stats": {"phis_precision": [1.0086152437937312, 99.9221081780385], "psis_precision": [71.88358678771678, 78.8368865946419], "phi_angles_psi4": [1.5708205637948989, -1.4946869265041298], "psi_angles_psi4": [1.486213677587783, 3.1278197744944416], "phis_initial_rotation": [-1.5390855073928833, -1.4971339702606201], "psis_initial_rotation": [2.3695168495178223, 2.462960958480835]}, "final_stats": {"q": {"step": 2, "value": 5701.546756644543}, "c": {"step": 9, "value": 874.9706390086727}}}