{"initial_step": 2, "final_step": 50, "quantum_tts": [39.718441779854125, 68.9267599781356, 79.51578569114773, 126.54428196166805, 161.4767633165137, 185.09278376487183, 192.37679809259274, 225.87154106479943, 284.5728940190667, 234.98105181229107, 289.4860625316168, 321.8609828494128, 354.45152181793463, 391.970006408269, 414.3844627866623, 455.4333064398456, 437.7146422914986, 448.2540361656601, 434.13244958712426, 416.08931283708324, 485.6988712143105, 515.3958967514681, 564.403426319009, 525.2083709527133, 540.610955036468, 634.533060822087, 693.8265261259012, 748.0484957557844, 752.6648752620207, 750.1190238612677, 877.7148937005716, 805.5704860163278, 741.5002950173891, 856.6597886672079, 893.8451773293033, 963.2017399920912, 951.459264520635, 881.3305442077942, 896.9284917048626, 716.8471326663707, 767.6287000517586, 887.2237072325717, 822.7456800144954, 983.9707763044349, 1012.2330378048155, 983.7424597931141, 982.2163218846714, 945.58712908458], "classical_tts": [27.683655393672634, 26.998135137817314, 26.428962257712723, 28.246175191416633, 26.438088052778006, 27.480079532131096, 26.923441865291892, 27.975566911071564, 27.301583482805142, 27.850607756450128, 28.888783981055425, 29.0414521420538, 30.22935109701752, 30.458000336558186, 31.36999509757401, 34.613789079829616, 33.99802527643513, 36.011497513176685, 35.94885634229334, 39.22583584746941, 39.73857883593001, 41.10927267495652, 43.01750825255647, 44.46425082328249, 45.143946062449054, 46.780461947549966, 49.345160230964844, 53.531217927322494, 52.981988239785316, 54.67076033290865, 58.863135767968714, 59.77533880078288, 60.25855449127312, 61.594310941299575, 63.21986901059862, 66.17886074178985, 65.00068076559698, 66.94953626282118, 67.35301552399251, 73.74694885303086, 73.18404611609222, 75.08605906029605, 78.367442147911, 79.47298235967797, 79.47374123719248, 83.005114908997, 85.37136158070238, 88.01282992905338], "initialization_stats": {"phis_precision": [68.98349608349442], "psis_precision": [96.16333051642177], "phi_angles_psi4": [-2.526347046736313], "psi_angles_psi4": [2.568298115398991], "phis_initial_rotation": [-1.551934838294983], "psis_initial_rotation": [2.447765588760376]}, "final_stats": {"q": {"step": 2, "value": 39.718441779854125}, "c": {"step": 4, "value": 26.428962257712723}}}