{"initial_step": 2, "final_step": 50, "quantum_tts": [], "classical_tts": [318.0515233937527, 278.4810385931688, 242.62315363132637, 176.2033919554774, 150.20412462931304, 131.47813579928365, 111.03014954229901, 98.34455397052682, 88.0438379483101, 76.8179958318868, 68.96304806767094, 65.94271973208419, 61.21873180474543, 54.341619527611954, 53.381543514280594, 49.6572646919624, 47.94118114120602, 45.10732944645529, 44.01566660224206, 40.89027704205679, 39.86419777925683, 38.561453511090434, 36.90962160500697, 37.068172715978406, 35.5500360830179, 34.92532279612061, 34.4624173416697, 33.76245152654276, 33.63445037631893, 32.75427273673776, 32.05210256091245, 30.584890059529585, 30.20441733294578, 29.608217897894956, 30.539165987977146, 28.27238669896978, 29.810911188185884, 28.90586925960392, 28.107987209624458, 28.22057157244972, 28.1918885988516, 27.306608535165644, 26.97320685624593, 28.012515800012302, 26.680385184003637, 25.61441731655188, 27.31988587688447, 26.09458639730446], "initialization_stats": 3, "final_stats": {"q": {"step": 0, "value": -1}, "c": {"step": 47, "value": 25.61441731655188}}}