{"initial_step": 2, "final_step": 50, "quantum_tts": [489.6363493402226, 990.0055128608503, 798.2592326597727, 816.0602741014178, 1766.5336538821116, 1846.5848840705467, 1628.5206841678462, 2531.4658820457817, 2718.0207628676276, 2125.029464616443, 2022.3968030558804, 2788.1364212997332, 3000.3362571195808, 2145.0661113923165, 2471.6408358374697, 4508.449323199325, 5611.728227616377, 5554.774316982832, 7310.619934564691, 5933.244670623802, 5433.382794630508, 4661.071661595857, 5108.696516607177, 3799.9427551344647, 3484.144508059394, 5132.032549376745, 4915.901529106519, 4555.668450139747, 5018.4491974395305, 4521.631892997095, 4373.513214177547, 4365.865292525408, 3813.5642853910413, 4493.414542716486, 4853.560307595437, 4314.832563119946, 5444.344600005364, 7846.336593318225, 9204.086381930261, 8961.602717363226, 9993.636881456083, 8732.503866613564, 5845.373486193485, 6212.529249724292, 8443.35230778008, 8584.093945566578, 7469.907980711214, 7389.04329261701], "classical_tts": [307.2829365612335, 290.4794664650051, 221.38352145574385, 200.69837817094523, 177.516984117879, 153.79111743203052, 139.140371021743, 124.57644927152958, 114.44338823488515, 103.27120577566842, 93.38518731695783, 86.11285783103445, 82.5218878000616, 79.07911638313041, 72.20953027931976, 68.08592543810802, 65.62337616403435, 65.49593691525291, 62.34427485847996, 58.49224658939809, 55.549367332943966, 54.88277436022334, 53.106999623464276, 51.4631589798785, 48.41345593151609, 47.75117639025351, 47.33343472837105, 46.995309137468475, 46.05099186262091, 43.646979904654636, 44.490730256056494, 43.43460554297289, 42.283279819318224, 40.878070477060405, 41.39519127664615, 40.773381010375616, 38.740576104893435, 39.29607303595868, 37.82963911636037, 37.05324896205682, 36.342297327517514, 36.78072196048907, 36.488461755867455, 35.64049997855827, 34.70131480694005, 34.897859150528724, 35.2872532375649, 35.423513578963], "initialization_stats": {"phis_precision": [37.63614984696143, 18.899488785747486], "psis_precision": [20.048783481490993, 4.859268696853891], "phi_angles_psi4": [-1.5089041861744306, 1.5707790854948958], "psi_angles_psi4": [2.0690155554647496, 2.4956133910884564], "phis_initial_rotation": [2.815062986101549, -2.1645585193539674], "psis_initial_rotation": [-0.4427259891363984, -0.7986376908998869]}, "final_stats": {"q": {"step": 2, "value": 489.6363493402226}, "c": {"step": 46, "value": 34.70131480694005}}}