{"initial_step": 2, "final_step": 50, "quantum_tts": [1102.226610175496, 1326.8588872950352, 1593.725963874561, 1645.144153833753, 1788.7180509823907, 1765.5056551509047, 1669.5516130806302, 1830.819647914307, 1439.0987000255245, 1476.9718328735553, 1441.145675865535, 1454.8708172332242, 1391.8981368097488, 1496.528002620462, 1341.4925443173365, 1184.8083258755846, 1216.6491040246556, 1096.9237071330688, 1177.6165797488059, 1130.5396737933308, 1270.798344977, 1312.7556168599522, 1405.5462255100333, 1594.366315846308, 1699.5149168119933, 1773.629434872459, 1897.7322492543008, 2067.9809419299027, 2039.1133107958187, 2445.0363703578155, 2992.1676754664645, 3079.9480897367253, 3373.9765139675123, 3708.144683944747, 4297.2177902741805, 4728.709038474187, 4257.922926459811, 6614.467109068519, 8396.13579701838, 8801.310779366964, 15715.539533194635, 15227.83019663354, 14997.375122295212, 18747.10259094746, 21061.786547207495, 19163.912304520203, 23278.703806696736, 31073.162686050022], "classical_tts": [896.2652354471629, 549.1593037690775, 461.7258674858861, 545.7406852733702, 410.12547979157733, 343.2260123016723, 340.74336679930417, 288.7673809764129, 272.15650430766823, 252.3431853866733, 217.3559070462262, 195.82386654207866, 174.69919758353674, 177.8591524363663, 151.69290681639794, 152.02936022829246, 135.8157308665377, 136.62834957451759, 129.43779916464786, 123.95865044571687, 116.08552279280295, 115.36407340407459, 114.68156605230467, 111.32306629502762, 111.39613338263436, 109.14584037406239, 105.14406131232782, 108.2867968671091, 106.65120916589485, 108.95583240894041, 107.88899992864772, 107.63109230596359, 109.70759831771984, 112.01038066137373, 113.4605220397813, 116.6536384148611, 115.23736806422974, 117.93768023831775, 120.15713216260639, 120.72710640721597, 120.02213934476207, 131.78537974442577, 127.4098393474828, 130.89691470295693, 132.2315638966093, 132.64390172716406, 139.23476875020614, 143.32962581037108], "initialization_stats": {"phis_precision": [29.34891928195058], "psis_precision": [57.62881505304564], "phi_angles_psi4": [2.5308350215445605], "psi_angles_psi4": [-2.601582346553618], "phis_initial_rotation": [-1.5327811241149902], "psis_initial_rotation": [2.350472927093506]}, "final_stats": {"q": {"step": 19, "value": 1096.9237071330688}, "c": {"step": 28, "value": 105.14406131232782}}}