{"initial_step": 2, "final_step": 10, "quantum_tts": [6838.102572235649, 11081.94360489583, 14143.193541580597, 13803.056091781174, 19376.71901480227, 25725.5657058307, 24934.39843165449, 28073.451354104018], "classical_tts": [2495.416129597497, 2373.4064784307316, 2178.5833768310536, 1791.3769560527462, 1538.873299900838, 1222.8995277087895, 1098.7747967285932, 922.2922601897739], "initialization_stats": {"phis_precision": [97.18833520692284, 0.8058094134222205, 99.19553136859332], "psis_precision": [66.68404636182493, 81.16776960908577, 64.50075414589058], "phi_angles_psi4": [-1.5707710493948939, 1.5707952455948966, -1.570755405294885], "psi_angles_psi4": [-2.6205204667113717, 3.1391986187660397, -2.620377193467711], "phis_initial_rotation": [-1.4824399948120117, -1.5454821586608887, -1.5454822778701782], "psis_initial_rotation": [2.616013288497925, 2.5475666522979736, 2.5475664138793945]}, "final_stats": {"q": {"step": 2, "value": 6838.102572235649}, "c": {"step": 9, "value": 922.2922601897739}}}