{"initial_step": 2, "final_step": 50, "quantum_tts": [433.3911471192828, 802.186462895887, 997.9133221923794, 876.3110775921372, 1370.2375896101437, 1887.0482071736276, 2275.771287005308, 2888.2115115070023, 2662.4854975741964, 2871.815358036881, 2704.5510437690514, 3347.394652632003, 2782.908331263255, 1930.5254054183088, 2537.2364454933786, 5452.065292709005, 4888.107028423213, 3528.218972773022, 4382.780869638196, 5862.558584397378, 4454.0720739476665, 3460.1496306061117, 5009.78784042131, 5682.4149928936895, 3756.9565892004084, 4326.787238935605, 6338.416615793772, 7494.952316457669, 7185.942527102467, 7488.461209426463, 8770.262140510778, 6214.707201251929, 5422.124071776937, 7230.458981414829, 5915.25231635163, 4864.3636498989035, 7311.764759420888, 9831.78962220237, 8522.478141275704, 7394.533183587876, 9163.550282204185, 8551.502576083478, 5088.740433919337, 5827.7985934393, 7973.163394833399, 6697.654929115493, 6551.951236317962, 8723.840831242256], "classical_tts": [329.5962104595224, 301.84809933615395, 279.8588483011733, 242.45513448140463, 208.88345647864438, 190.50955301536771, 171.8864937385762, 151.14422464063608, 147.53617656207206, 143.06977149287601, 131.80137800170772, 124.39192411683408, 122.65180924473685, 125.10290139335717, 119.59350752544404, 116.92659525259481, 119.23318776604769, 117.67202898246036, 113.35024009718776, 119.62490417550487, 117.54009761230571, 116.26430180616117, 117.17868280901865, 119.20949648009214, 119.87049224407018, 123.35910017764371, 126.67665034169431, 123.31489050063738, 131.55283814816391, 131.6626163146991, 135.37246520643112, 137.25604030307886, 138.1384920194144, 146.26306349395833, 144.51674585874144, 146.48349034212507, 151.43039059391597, 151.30002484617245, 154.06106280367413, 159.48431181839922, 161.7026363499864, 169.3247216530504, 169.9836653609873, 170.32450380117086, 176.03038867903828, 174.57988739910556, 182.16049152207626, 186.80151270313232], "initialization_stats": {"phis_precision": [54.365798914368945, 5.443147392253634], "psis_precision": [92.7348353052386, 16.4548491609821], "phi_angles_psi4": [-1.385694098666425, -1.3856865179633286], "psi_angles_psi4": [2.5631574542466224, 2.630315795292456], "phis_initial_rotation": [-2.819334807497004, 1.5849046170273597], "psis_initial_rotation": [2.334915573924799, 0.0056674741033582166]}, "final_stats": {"q": {"step": 2, "value": 433.3911471192828}, "c": {"step": 20, "value": 113.35024009718776}}}