{"initial_step": 2, "final_step": 50, "quantum_tts": [4476.579628814659, 5642.048771755311, 10079.412284687247, 3962.7782799151555, 3929.2277208401074, 1647.78855252266, 1607.793972583664, 980.1684514615654, 7836.618033317852, 1779.5710870650503, 5634.25352774751, 889.874319207732, 2524.921626133254, 3074.521678245622, 1406.4105056604058, 3158.922498386897, 1425.3473513052857, 1409.2475916063295, 803.7143610870812, 2173.969425778846, 1732.6907307435547, 356.7583636214031, 1475.9876864974963, 1410.7550503664434, 992.2682135920239, 1080.286343306006, 4039.1740249973786, 1536.9738878077947], "classical_tts": [283.28312582043117, 245.45804072232158, 275.53161849231014, 242.45513448140463, 225.21507944143073, 216.8756315052005, 208.00690091864675, 216.57743286281504, 206.2691426050041, 203.09339389543177, 187.53163340792463, 197.13803169261746, 211.4916379955759, 208.18153039181064, 216.08875264814336, 214.57960449347289, 222.97722157936926, 222.15825770949837, 236.9603010757261, 249.0028134109128, 246.33600713752134, 242.06928681887615, 254.40163956543407, 264.81233667341326, 271.51793270728876, 280.57207510863805, 294.06558327672377, 305.65241729116235, 297.2291295758547, 297.0193576458651, 317.2596718028642, 331.2159888097478, 332.1191165571239, 328.80434098385746, 339.3038353188931, 352.40761812750094, 373.6984097618021, 356.1347231535088, 377.74437014948944, 394.658325775896, 400.55768836679385, 397.2156873476461, 414.163495670931, 420.8277566412908, 418.72029272410094, 423.5051564666003, 448.3005864317221, 448.3090420128488], "initialization_stats": 3, "final_stats": {"q": {"step": 2, "value": 356.7583636214031}, "c": {"step": 12, "value": 187.53163340792463}}}