{"initial_step": 2, "final_step": 10, "quantum_tts": [433.3911471192827, 802.186462895887, 997.9133221923795, 876.3110775921372, 1370.2375896101437, 1887.0482071736276, 2275.771287005276, 2888.2115115070023], "classical_tts": [351.93625373570455, 290.47946646500515, 286.60622423969846, 237.85689918702786, 219.50356702118046, 179.51289324681534, 173.0092272275978, 159.97658179270522], "initialization_stats": {"phis_precision": [54.365798914368945, 5.443147392253634], "psis_precision": [92.7348353052386, 16.4548491609821], "phi_angles_psi4": [-1.385694098666425, -1.3856865179633286], "psi_angles_psi4": [2.5631574542466224, 2.630315795292456], "phis_initial_rotation": [-2.819334807497004, 1.5849046170273597], "psis_initial_rotation": [2.334915573924799, 0.0056674741033582166]}, "final_stats": {"q": {"step": 2, "value": 433.3911471192827}, "c": {"step": 9, "value": 159.97658179270522}}}