{"initial_step": 2, "final_step": 50, "quantum_tts": [149.7334002845952, 206.93115752211568, 352.9922417199428, 633.4050260273502, 708.1177865304593, 563.5398098791194, 538.8967909203714, 716.6271738916954, 1217.5218986010852, 1562.2572305836406, 1146.2001062997401, 902.9476700104631, 992.2092011010948, 1477.3030438079757, 2116.8023747121174, 1788.3782741511882, 1329.561875624804, 1304.6953786085714, 1792.2780442063922, 2852.8543420885144, 2880.0694464652624, 1979.08505463914, 1645.634735451034, 1913.1587956308838, 2856.6893552367424, 3544.5117427555024, 2679.0552682573452, 2049.423248933261, 2137.0622255829617, 3087.7391297759195, 4638.32294952815, 3939.9678059816174, 2670.744733473681, 2379.280796353801, 3009.573608895832, 4619.365370293329, 4901.022739342624, 3409.171786324374, 2781.244721851036, 3225.760069241706, 5070.920151272201, 6804.463134828442, 4875.576573587981, 3445.544079625634, 3394.844451733583, 4694.366079146825, 6997.98392102628, 6206.817962754102], "classical_tts": [77.07397232498049, 83.1159070122012, 70.1749379734581, 66.14502157525604, 60.55288889270581, 56.09244218315443, 52.27231853075845, 48.364843758183966, 45.78248896782037, 41.13606988361111, 39.01249426661974, 35.66370466723833, 36.428647963447865, 33.486592850696745, 32.35520439080922, 30.836558832082826, 29.33980382960391, 28.655878744040027, 28.015893517997995, 27.992893888255562, 25.390638093886302, 24.14127560260465, 24.44181174472338, 24.591794366704672, 23.995288400723066, 23.347196044075307, 23.38739183354509, 23.09455916885024, 21.62604590880747, 22.089166199821236, 21.455338672890875, 20.92907160003506, 19.883443387779373, 20.988730645744315, 20.417296642154792, 20.445735808400066, 20.05817064550512, 20.207650360223006, 19.07568744101882, 19.677990784772835, 19.203628776057734, 20.637892774273947, 19.63994486077696, 19.175149119507328, 18.23313945875157, 18.354590573712915, 18.745113777408935, 19.951692833949014], "initialization_stats": 4, "final_stats": {"q": {"step": 2, "value": 149.7334002845952}, "c": {"step": 46, "value": 18.23313945875157}}}