{"initial_step": 2, "final_step": 50, "quantum_tts": [1698.4320345479662, 1838.7775234388105, 1982.003227270984, 2197.838432199498, 2492.4841157406727, 2814.8585436755334, 3086.4228298596263, 3233.9070833105143, 3298.1451200086703, 3354.5674922803423, 3469.765118631385, 3730.9617433205476, 4158.240346161156, 4739.839757663428, 4844.005737310716, 4962.812361634269, 5366.93662720294, 5753.533997954794], "classical_tts": [2945.005733838882, 2122.007411227468, 2297.976846538772, 1873.8989432152057, 1655.0989423402834, 1699.8059006578287, 1494.4997794270826, 1310.6160546861352, 1272.1234754214122, 1207.9390436230674, 1227.9763244607857, 1147.438267668967, 1021.5819681965359, 1000.3484059846892, 914.1482889480167, 881.4387737619105, 863.3035982736365, 846.4058267737888, 737.9198218445656, 700.6324946090692, 690.3600271397319, 655.411136448579, 632.304618284829, 610.8171198904647, 587.941567797371, 584.6696158825043, 563.7707636551388, 523.5227220424857, 520.0942994680588, 511.24093491040867, 505.0456284782451, 473.9736282039769, 485.00522899444655, 479.5656469649091, 472.2052192228347, 476.2129757607081, 478.07546762979007, 463.7020537369961, 462.68962214185905, 456.35323009990634, 468.7025134935476, 468.495594751001, 473.67301473436316, 486.02075131969406, 477.0039357902127, 471.5702566458153, 463.576952634133, 482.85139016792994], "initialization_stats": {"phis_precision": [28.14390400773653], "psis_precision": [82.71654701448476], "phi_angles_psi4": [2.5582163491776195], "psi_angles_psi4": [-3.13370422391806], "phis_initial_rotation": [-1.467543125152588], "psis_initial_rotation": [2.6065053939819336]}, "final_stats": {"q": {"step": 2, "value": 1698.4320345479662}, "c": {"step": 41, "value": 456.35323009990634}}}