{"initial_step": 2, "final_step": 10, "quantum_tts": [23.585301114993072, 31.739991039305803, 61.79651512326223, 143.08223668964774, 149.8519609968742, 93.67343483881774, 82.20944037740243, 117.49747675416441], "classical_tts": [23.493982159679508, 23.84582333724116, 23.41137618203317, 21.611164271051912, 21.095974694461773, 20.887848119786234, 19.206860545834466, 18.923310801864723], "initialization_stats": {"phis_precision": [0.03236498221889095, 98.38749057386012, 85.95314880594664], "psis_precision": [83.48973530711294, 56.50530914165242, 93.14846689751805], "phi_angles_psi4": [1.570808363094897, -1.515371190184256, -2.007324632236669], "psi_angles_psi4": [2.535603445053016, -2.6318493308643593, 2.5001569857950545], "phis_initial_rotation": [-1.5718010663986206, -1.566029667854309, -1.5660297870635986], "psis_initial_rotation": [2.016918182373047, 2.284909963607788, 2.284909725189209]}, "final_stats": {"q": {"step": 2, "value": 23.585301114993072}, "c": {"step": 9, "value": 18.923310801864723}}}