{"initial_step": 2, "final_step": 50, "quantum_tts": [377.05191536756075, 392.6935058154153, 408.5671697086843, 439.57203844721766, 468.6802661830069, 533.5466293449865, 544.8814690526112, 609.2368302170727, 631.0295954029447, 758.0187339878935, 826.0033111719883, 895.9142189600403, 944.999415432559, 857.3568049135854, 898.1065014812112, 1238.3287054128682, 1492.7603413174227, 1721.883589782806, 2275.828303288464, 2772.6803221256187, 4638.482137579096, 8536.700023511195, 14350.761340909085, 13874.646497589047, 8057.244739367898, 4317.75393822049, 2526.9526687611706, 1714.2234902483544, 1480.4722225963517, 1270.2845806615633, 1186.0997741051406, 1183.0169295240432, 1085.816901427943, 1049.9791424918646, 1076.3167700122233, 1149.964168983557, 1233.5488107936694, 1363.7292353408811, 1631.787404555666, 2045.8142092135126, 2826.172828614718, 4426.557168853393, 7030.207780697647, 12571.775362164339, 20143.399610816305, 34590.29991805851, 47348.18188685709, 33772.91035355808], "classical_tts": [441.56523771806104, 457.05444088315846, 339.6858086870257, 332.825805387631, 300.90591775732423, 262.1828389984368, 234.24820863430867, 217.8296456099928, 201.22339987265843, 196.60632609200448, 189.58004096845204, 164.76751751960123, 156.29236037534892, 151.27809243631742, 141.308606255761, 139.61258013676405, 139.05004775270658, 129.8685424878983, 131.27646242671494, 128.98766335577966, 123.82615832993812, 123.87626036209494, 125.35815297035927, 123.63184144595982, 123.82198175739929, 119.11549845684614, 120.01283874200958, 125.04465804124871, 122.64841809293635, 119.67009925599575, 128.85764881177306, 126.57042924244497, 130.10941771928916, 126.42119919809726, 133.12119056686163, 134.04266150144284, 135.79154305468955, 137.67954154093593, 138.89757020467331, 140.15355553597914, 146.16306382085926, 141.3081611827585, 151.73017050025183, 148.36010267059345, 149.97741715319484, 156.86492968500474, 163.78397636771072, 162.5398638679993], "initialization_stats": 2, "final_stats": {"q": {"step": 2, "value": 377.05191536756075}, "c": {"step": 27, "value": 119.11549845684614}}}