{"initial_step": 2, "final_step": 50, "quantum_tts": [1658.7686281114832, 1500.54033345749, 695.0450841428385, 618.8003061283634, 772.9392265929675, 647.8415295676264, 1418.4930176093596, 585.2771180806247, 683.5289500032886, 702.3060690111399, 1663.6131700455148, 773.6546575335186, 1086.7777281179776, 1443.9659761722983, 589.8033902451948, 611.7407807182191, 897.5820368815108, 1359.7783292067202, 1027.4895936576675, 1571.9151189794688, 764.1391560241268, 1185.5560507713928, 663.2736238644693, 734.0749508977008, 836.6407479447314, 683.9981394041706, 855.1500111881162, 677.263230903249, 1234.299298772094, 618.9147242560844, 1164.413632060856, 1161.3529965306084, 1326.1730650009872, 1446.1841754073885, 616.8068719919722, 1042.6218899419725, 1437.317243108546, 1501.8175268924906], "classical_tts": [611.7172172958117, 549.1593037690775, 503.5375010017669, 428.667787800996, 380.8542875713099, 338.50271110763777, 282.5023369772828, 263.0768120414055, 247.02566874183543, 196.17323425048897, 180.07399256978732, 166.96921533000767, 161.69353195611424, 146.81872427899185, 136.69514918774593, 125.81570613871283, 121.07742953092863, 116.75975876309316, 111.13406140845613, 109.15871720017871, 106.05822563850381, 102.8336986430892, 101.00890802980746, 101.13940874057165, 94.89524296088108, 99.43112171916113, 96.02883064300414, 101.36682826010116, 98.3747374592984, 95.88427857560589, 100.63912110299368, 98.23008970893721, 102.4208339202597, 102.66454876820714, 108.065541028111, 109.33033250266016, 108.55375887615915, 110.41002365438253, 111.52939290601356, 114.63427997633181, 120.14725012071433, 121.90305477503301, 120.29262365699029, 123.15379036794116, 127.4636490821342, 126.43285330125063, 133.23542009138328, 135.07534131179912], "initialization_stats": 2, "final_stats": {"q": {"step": 3, "value": 585.2771180806247}, "c": {"step": 26, "value": 94.89524296088108}}}