{"initial_step": 2, "final_step": 50, "quantum_tts": [485.4398835147261, 934.1680118156128, 849.9581326663301, 677.5120533566452, 1239.8623900473976, 1853.738927043149, 2009.8433757078706, 2883.0634680543103, 2950.3656346094817, 2765.932479885274, 2186.8960305441024, 3081.7033819217536, 2900.2328949703756, 1762.8113503343939, 2224.2067441104086, 4775.197003050861, 4431.521737414674, 3240.1179648039247, 3976.55132341044, 5555.555382889995, 4558.444518386019, 3026.2046739160533, 3703.8475077191924, 4609.299529537582, 3598.5585266151334, 4209.876415847369, 5567.523796722018, 6144.359649758833, 5774.796714129556, 6053.293520728516, 5578.148522774502, 4149.089044244855, 4346.048239367508, 5879.559869698115], "classical_tts": [318.0515233937527, 260.9425691658367, 268.2674530111445, 218.83551315638752, 171.84125491729486, 160.36121946791852, 141.42441610168032, 130.82065700267168, 123.37645998551122, 108.76255174257857, 105.58704855136308, 104.65681361245964, 102.65451394444308, 97.12705075505778, 97.37724819159546, 96.61530268093512, 92.82903088394123, 96.67101438286386, 96.78376709285756, 95.55325845510401, 98.9244407381507, 100.53322031066162, 101.89194341145102, 99.97179360133252, 104.09119468978274, 105.10647148358716, 110.9376577802003, 109.59909292734928, 114.10888026666176, 113.99123375126591, 117.93238904349454, 116.92777098034219, 120.38231702890434, 121.98110949791402, 123.60069104390668, 129.1405889339843, 134.39639122803624, 134.78307123101524, 142.93846637335741, 140.3577925889134, 141.1435148563764, 145.60803010937897, 148.9402140601658, 149.54069293317346, 158.8588222407095, 154.39759428744253, 162.42129886503244, 162.89194898736477], "initialization_stats": {"phis_precision": [97.03653592553502, 23.748233336254476], "psis_precision": [26.484468827666575, 67.84463690553966], "phi_angles_psi4": [1.5708750043949777, -2.564153317394988], "psi_angles_psi4": [-2.640328001158329, -2.6404028940591564], "phis_initial_rotation": [1.477775034739813, -0.16863341765432782], "psis_initial_rotation": [1.3332987794637159, -1.6302123693484671]}, "final_stats": {"q": {"step": 2, "value": 485.4398835147261}, "c": {"step": 18, "value": 92.82903088394123}}}