{"initial_step": 2, "final_step": 50, "quantum_tts": [489.6363493402226, 901.9429839890672, 686.8820271628271, 803.82946220436, 1848.8529663303812, 1736.6644916210112, 1494.5283048731928, 1961.475288499656, 2325.601604270025, 2341.03277078889, 2160.9239983023263, 2495.078076241841, 2786.4494067278188, 2365.988079868619, 2799.0340860726487, 4017.9341404632146, 5156.050851999601, 5123.36674641359, 3574.1202000041685, 3021.5528060397323, 5021.742063815995, 5578.113376494888, 4892.980785297667, 4217.931772222084, 3798.286473987332, 5193.957191941297, 6426.461150711462, 5748.9220910984395, 5006.341048125847, 4940.821154374941, 4704.204322886499, 4274.140299118384, 4500.810309564611, 5186.388133239927], "classical_tts": [285.51436167903506, 310.52219318160843, 253.90285838087328, 211.41630278857048, 186.23076792120855, 159.48372672339877, 134.49104329041265, 125.91615953609751, 107.6919294487623, 100.96315988631332, 93.59774194039072, 85.45940863195433, 79.9721091230806, 76.58509407408746, 71.24676242881766, 70.12790543802566, 63.59118681738934, 62.30400039088899, 59.7423488322325, 58.39126932751966, 56.31316120124226, 52.17291436470607, 51.08553550988083, 50.55500686063027, 48.90410880501022, 47.97064406169799, 48.13488423160288, 46.53439080090792, 46.49926150566314, 43.818295550266974, 44.913655584176794, 43.25620616598168, 41.792756637226304, 41.6228547385292, 41.56745769062081, 39.964409012272185, 40.23181556159592, 39.16926503499209, 39.17209711433661, 38.04525805388576, 38.478628994016745, 37.00712571240838, 36.725365195538544, 35.892176219220495, 36.31764098603134, 35.45569121578657, 37.04747196697046, 34.536467624393545], "initialization_stats": {"phis_precision": [66.17153110529304, 3.6047403846887094], "psis_precision": [99.3122102834814, 9.828393086586507], "phi_angles_psi4": [1.5133512835752028, -1.5018371599342764], "psi_angles_psi4": [-2.6203515870598526, -2.5702790243001186], "phis_initial_rotation": [0.4505985899571803, 1.7530017527618815], "psis_initial_rotation": [-2.641959138266147, 0.8800817044638034]}, "final_stats": {"q": {"step": 2, "value": 489.6363493402226}, "c": {"step": 49, "value": 34.536467624393545}}}