{"initial_step": 2, "final_step": 50, "quantum_tts": [83.95151953892989, 147.03395579251477, 157.92396696207012, 166.85167816149854, 290.2141482372928, 380.4101838932612, 443.25032303350406, 611.52348710847, 658.9887128817941, 638.0778199075417, 555.9894081376127, 614.6002132517493, 745.317235280225, 690.740964402511, 729.0625704939646, 895.0460185547967, 1035.0668802709747, 1033.1960532199803, 999.240589832822, 1066.7817742417483, 1016.6488431575721, 813.122812394611, 944.3782564469789, 1082.980748668833, 1036.2578772905752, 1262.2411606636424, 1565.699481284838, 1690.4468550284794, 1724.9431126889544, 1846.2781007503331, 1855.55827320127, 1503.507332283879], "classical_tts": [67.44651981757451, 72.82031219407153, 73.76837860006975, 72.88023996879915, 67.082359917737, 59.47881501433262, 56.82358017769068, 55.20007289898207, 53.047927518344636, 50.777243451961034, 49.91128738293777, 47.892133823103016, 45.38433561742466, 44.618777376015466, 44.42715016703664, 42.328578264331426, 42.34287744604892, 42.734732923248316, 42.19551904807631, 41.05978965559918, 41.13663498590493, 40.54784899213157, 41.258472198516756, 41.13581997146644, 40.96126168286171, 41.72498762197228, 42.261552179479025, 40.83104571725757, 40.364782464708696, 42.47135507175804, 43.78888718916827, 41.923564420942995, 43.35826414749129, 44.276615804082276, 45.07872573005434, 46.29129959093393, 46.46616223105468, 47.87628668469741, 47.39867934516973, 47.58051338067175, 48.651686119339196, 49.16990147093321, 50.10282312677987, 51.193665655463185, 52.037747480250744, 53.019013193379294, 53.02303626564823, 55.118750985649335], "initialization_stats": {"phis_precision": [99.51142904478209, 66.78671367315575], "psis_precision": [95.66627612770267, 97.51547229958274], "phi_angles_psi4": [-1.5303269645197095, -2.5640913320220897], "psi_angles_psi4": [2.580510591179819, 2.580680158780095], "phis_initial_rotation": [-1.5456758737564087, -1.520665168762207], "psis_initial_rotation": [2.4443626403808594, 2.502626419067383]}, "final_stats": {"q": {"step": 2, "value": 83.95151953892989}, "c": {"step": 30, "value": 40.364782464708696}}}