{"initial_step": 2, "final_step": 50, "quantum_tts": [1648.1360953622993, 1811.4595534828925, 1902.1911879668833, 1969.7090117250423, 2004.896144174077, 1992.66218149101, 1930.5610780284017, 1839.0246015879197, 1765.3581373824647, 1694.7851271460718, 1657.390007510386, 1696.7955465129248, 1739.8938062376176, 1685.9070007141174, 1551.778711255633, 1564.7466439002733, 1612.3142794150092, 1601.3179538009617, 1617.2415903483588, 1552.795348922135, 1473.0484488848967, 1418.73073434683, 1354.0596218849785], "classical_tts": [1532.7529905469282, 1531.600254769911, 1385.629784171291, 1090.702502117816, 1016.4477488962214, 957.7967399974257, 1024.9055504844064, 839.781016971494, 808.9527587807729, 768.1042870298771, 669.3913596529273, 690.2824659374179, 652.7233769876225, 610.5455505609941, 566.1630706216677, 543.4153280027306, 533.4770760387962, 496.69677946277557, 467.15997096830745, 454.4459443637852, 447.345976305644, 429.2771392697734, 421.73654260053047, 409.75908532064074, 382.3409100356896, 367.8456769918005, 355.3236159450713, 340.7949304519065, 325.54857896746523, 320.3329240868297, 322.83763512612535, 310.6226217532096, 295.2176944902052, 291.2982107028287, 280.15556195087885, 277.1719560324141, 268.0517614660535, 261.19193645566145, 262.02234105379, 252.81345844987993, 249.62827829249753, 240.8593676663384, 243.16128029532953, 238.2389296881344, 238.53272866260423, 232.0307832618655, 238.95465957586194, 232.23574567306292], "initialization_stats": {"phis_precision": [0.27578971937252117], "psis_precision": [56.686076554432454], "phi_angles_psi4": [-2.5641235943374006], "psi_angles_psi4": [-2.6001305374449513], "phis_initial_rotation": [0.5861332488155555], "psis_initial_rotation": [2.322307732787178]}, "final_stats": {"q": {"step": 24, "value": 1354.0596218849785}, "c": {"step": 47, "value": 232.0307832618655}}}