{"initial_step": 2, "final_step": 50, "quantum_tts": [97.99692098754029, 132.82549921287486, 138.66190678750974, 210.1127345357952, 222.49915677362605, 253.2250976726473, 268.53441745781345, 318.4291058540023, 367.9562782007111, 325.4369380808832, 405.7229870258591, 524.2325105752795, 608.94617236436, 802.9413023595076, 868.546759490441, 828.8369686334634, 968.5990889264536, 1476.5248229495242, 1651.919851985681, 1528.0171566292408, 1456.6609554821398, 1908.7469535745083, 4651.450720426889, 3650.372959119694, 2991.325654598027, 1930.4583220521802, 2166.9621653372683, 5495.710438130924, 5132.403398206102, 2600.9712102942926, 3615.2527719997, 5928.885547399753, 5037.34916076831, 4576.520890698412, 4697.99087623597, 12812.700842217158, 28166.786227710727, 5722.8500179949815, 8006.684654545271, 3573.696827982573, 3468.6422701663405, 3792.4767413568998, 3071.545749565215, 2790.6690956107605, 3702.445622606399, 3022.9730234497624, 2383.154591280724, 1433.5504274715972], "classical_tts": [63.93121505914402, 68.44381874835142, 59.1251614746769, 54.080780649327444, 48.75636345171149, 48.961593933693486, 45.86850344909037, 44.39348310023371, 42.40452886029489, 44.67449636037366, 41.82209468499739, 42.96772204241325, 44.10786523075946, 44.261166969430775, 45.97760095700999, 47.05736195567814, 48.371193389454255, 50.50048641740369, 51.863163339130026, 50.72762526713021, 53.68847396463987, 55.445552183170165, 55.01781163809126, 57.85807320865732, 60.954427525806686, 61.01794224964215, 63.40702328517841, 65.1823738933687, 67.5676897081424, 69.20562522477327, 71.87650157359695, 75.75237995737405, 75.59391578137601, 81.05636810239216, 78.63743731648273, 85.33948239051011, 84.60229447783355, 88.01729579782544, 85.90022106345147, 90.47796676409254, 95.95457005253313, 93.6089581873566, 96.57131109165034, 102.25102798627161, 99.66375436275857, 103.57763911420356, 104.2805512910507, 112.02310226356047], "initialization_stats": {"phis_precision": [67.33479032647647], "psis_precision": [69.3933317137779], "phi_angles_psi4": [-2.5265435207424933], "psi_angles_psi4": [1.5130992354923083], "phis_initial_rotation": [-1.500335693359375], "psis_initial_rotation": [2.4746360778808594]}, "final_stats": {"q": {"step": 2, "value": 97.99692098754029}, "c": {"step": 12, "value": 41.82209468499739}}}