{"initial_step": 2, "final_step": 50, "quantum_tts": [3740.83162215236, 6529.8657356820795, 5721.915507677556, 5725.802341493811, 6117.0415540764725, 4953.600966182323, 4707.904782076609, 1665.8228476027484, 7208.777017250504, 1493.8206188949378, 5511.863978800944, 813.6255642126252, 1540.7495182756472, 4259.234261302204, 767.1846266622906, 1915.014801402501, 1496.5836584169408, 1747.21292033134, 890.4037701070131, 2152.2473463461542, 1713.8777984412843, 460.5206555694409, 2377.050945237558, 5296.493555667118, 1937.9502254444217, 2422.1836934587664, 6918.750945099388, 3656.4719920669545], "classical_tts": [332.6135696246161, 237.84836599304987, 241.79610595335032, 195.2861140819093, 170.97681820397332, 155.4371851596116, 134.2100741712645, 113.60096708477975, 106.61016519454418, 94.84075439158005, 84.15612793323707, 79.00466468464165, 71.54166717568805, 67.72406865869884, 62.28531643471832, 59.77192830097747, 55.556814082132476, 53.34421273605522, 51.03664538664602, 48.07519892918052, 46.225422755758004, 45.67213566146069, 43.56448470151396, 41.53907949781966, 40.88575795525819, 40.32341007826035, 39.90349836735255, 37.52800599443927, 37.32482018786103, 36.305208854836536, 34.88823549514217, 35.55582400057321, 35.26714094902647, 33.37198300991818, 33.38546645432115, 32.975268017589585, 32.28057995490629, 31.32332392727629, 32.02784000481553, 30.551675251069145, 30.247549524613255, 31.203621351053897, 29.831414682883064, 30.442258013877744, 28.438374461322574, 30.038983697192833, 28.476404795523983, 27.889050165986227], "initialization_stats": 3, "final_stats": {"q": {"step": 2, "value": 460.5206555694409}, "c": {"step": 49, "value": 27.889050165986227}}}