{"initial_step": 2, "final_step": 50, "quantum_tts": [51.78147261771648, 87.66171947347432, 98.63005774820077, 156.36229590675455, 191.946569710199, 227.28877177520786, 230.50239516358786, 266.9855714360211, 344.257389084454, 280.19345648087926, 359.1005331116909, 402.1846327035235, 427.9138803266049, 472.77480531150195, 504.3909703760586, 548.5461747506083, 537.7208477666946, 549.2277884459745, 501.1628663908837, 485.1989746847328, 586.9725290019289, 551.1941078130756, 627.9486620649661, 620.2012494208162, 588.9924884690602, 702.289356397798, 878.0937380424294, 1008.3174840559499, 971.4919375536116, 958.7885239091338, 982.1271122875527, 816.5014329624894, 845.2615822327483, 1026.552378772358, 1090.7369871980331, 1205.1173976806535, 1188.1606830970159, 1094.322905226838, 1100.7911801143168, 780.3774296090304, 745.9722799889248, 1017.9830158886163, 986.990550947989, 1063.8780240585097, 1174.8280293608186, 1172.3006091120824, 1153.8147304837694, 1157.708703178282], "classical_tts": [34.63572336324077, 33.61637093912786, 32.850018855707134, 30.666707166099503, 29.294670702253285, 29.683170202206426, 29.252966096445746, 28.67970440185366, 29.179609669903822, 29.92849474660121, 29.929956858392067, 29.100745298272532, 30.979083113691814, 32.234535095981485, 33.25316731021286, 33.815723672793425, 34.639786315277334, 35.73761797289979, 37.021221843021735, 38.44045066111289, 40.299112522807086, 42.10144596217127, 43.22962781958054, 45.69848147272452, 46.73351324498134, 49.25087912741748, 48.85860316781982, 52.19912887025936, 52.49708791391052, 54.47785599547695, 56.23520618887943, 57.624184860227196, 58.90872985987774, 61.94338212498856, 65.57597453202459, 65.66805907355528, 67.72866413267161, 69.7070275792741, 69.55090038456379, 70.58369538429722, 76.98846533487476, 75.08605906029605, 78.64382598687334, 78.57843390030982, 81.69895907658315, 82.42032076902558, 83.99534066225684, 87.211367166481], "initialization_stats": {"phis_precision": [67.21732344679319], "psis_precision": [74.14279914831393], "phi_angles_psi4": [-2.564113370113935], "psi_angles_psi4": [1.5004190792674215], "phis_initial_rotation": [-1.5342152118682861], "psis_initial_rotation": [2.312747001647949]}, "final_stats": {"q": {"step": 2, "value": 51.78147261771648}, "c": {"step": 9, "value": 28.67970440185366}}}