{"initial_step": 2, "final_step": 50, "quantum_tts": [139.84006871467403, 176.4910238954787, 245.04597430152634, 367.70075393824726, 401.49610359462184, 514.3449820596153, 443.71173174502604, 437.1219087740034, 544.8316117662753, 479.69707464710825, 657.32739503231, 743.3143698471899, 664.2978465521003, 732.1140017130118, 738.6851625349263, 1206.3291829773789, 1205.5978346415222, 1384.0046975706503, 978.3854629682564, 1114.059487534619, 1204.9008039094454, 1328.768312436096, 1520.0776401694288, 1302.8321463217608, 1111.2063308618417, 1284.6655261537444, 1235.866093825539, 1512.2288311892378, 1805.1721888488787, 1410.6999260223763, 1466.4690013741176, 1430.7140997051968, 2006.300655761069, 2691.6537062489765, 2781.0197990130646, 2341.7588361283065, 2674.797281819635, 2040.421723672348, 2868.6177213598653, 3898.353484184876, 1855.8980291457972, 2320.384592271611, 1809.495684459318, 2170.290001848245, 3620.0022010617495, 2765.193195878538, 3594.328285410433, 2978.7600188476317], "classical_tts": [83.75426236369229, 78.97643933492745, 76.81025422801773, 64.48779209656988, 57.75487694281105, 58.591025549421786, 51.74916700289583, 50.74949848039222, 47.64381290970285, 47.35506817913286, 47.80169205260784, 47.89213382310105, 46.70885057499365, 47.901837918757465, 48.181115509036495, 50.162655898688215, 50.13621136234315, 50.08652840825469, 53.67194701249673, 55.47277925551311, 56.854683600648045, 54.659324856233205, 63.440951958372096, 62.184301993446766, 63.105482914578005, 64.69102504267933, 66.40620280487576, 70.33900380429314, 69.66600647254134, 75.80659569374114, 73.9075026719973, 78.10499296177008, 79.70963599528567, 83.80172393140904, 84.74333789689649, 86.74283917134028, 89.87796127038621, 91.8677076539724, 97.54898453781718, 95.33970634750482, 96.80603593430322, 98.03911743303529, 103.29396659067434, 107.08768062766472, 109.46740686383505, 110.86298271662696, 111.61721718732272, 116.13187491331095], "initialization_stats": {"phis_precision": [38.87812056663584], "psis_precision": [27.628915482702144], "phi_angles_psi4": [2.5308350215445605], "psi_angles_psi4": [-2.601582346553618], "phis_initial_rotation": [-1.8321498116204467], "psis_initial_rotation": [-0.32797767203492834]}, "final_stats": {"q": {"step": 2, "value": 139.84006871467403}, "c": {"step": 14, "value": 46.70885057499365}}}