{"initial_step": 2, "final_step": 50, "quantum_tts": [23.58530111499304, 31.73999103930576, 61.79651512326218, 143.0822366896479, 149.85196099687437, 93.6734348388179, 82.20944037740267, 117.49747675416478, 254.04626779348592, 368.0824102313118, 205.30015492100972, 139.78181027223118, 156.19415992968086, 278.25848113296803, 503.22566213282363, 353.6655544620188, 213.86419173174716, 201.00659502837382, 311.55535727034754, 658.6197644056101, 646.3112421915639, 338.1354516013233, 253.93337040808237, 314.5304365412503, 592.5278228633834, 858.8868967548239, 500.714754546225, 323.8090314039227, 338.29319589458726, 581.8488930566317, 1162.9247112685018, 823.046514091566, 438.0521538188974, 368.5154050768439, 518.6849722413381, 1038.6167148808886, 1120.2317514911015, 591.3490456484586, 427.7620641371109, 517.5490835635741, 1013.2808742292755, 1673.9824053402947, 907.593535995896, 533.8954091495525, 519.5543146869423, 835.0574799548137, 1631.5767949904134, 1276.0401611953478], "classical_tts": [23.348981035745368, 23.280162093374337, 22.891649733783048, 22.797455152367334, 20.987834957210033, 19.89291681278663, 19.509796907563434, 18.871716210284426, 17.773168692692476, 17.144926634535807, 16.822767211398308, 17.089511106265217, 16.41079251881329, 16.705470235242142, 15.982625357643515, 15.841314148614483, 16.226454929459624, 15.596210814054121, 15.474728012409017, 14.963628716007936, 14.616483617515048, 15.10297525085187, 14.521955515895328, 14.279173260755767, 14.311426443616194, 14.68483091388367, 14.29587226998985, 13.91857884776615, 14.488686471940953, 14.281132298509245, 14.161564712758766, 12.46309469059752, 13.066570376355717, 14.066864652263195, 13.596103298833658, 13.97377283491237, 14.603813950044625, 15.458531280245895, 14.16476369096868, 15.484450979227223, 13.440263486965453, 13.026237282730984, 15.156264599990566, 13.632108784253356, 12.770470262175788, 13.04808918091874, 14.540916036536913, 3.744978900934441], "initialization_stats": {"phis_precision": [0.03236498221889095, 98.38749057386012, 85.95314880594664], "psis_precision": [83.48973530711294, 56.50530914165242, 93.14846689751805], "phi_angles_psi4": [1.570808363094897, -1.515371190184256, -2.007324632236669], "psi_angles_psi4": [2.535603445053016, -2.6318493308643593, 2.5001569857950545], "phis_initial_rotation": [-1.5718010663986206, -1.566029667854309, -1.5660297870635986], "psis_initial_rotation": [2.016918182373047, 2.284909963607788, 2.284909725189209]}, "final_stats": {"q": {"step": 2, "value": 23.58530111499304}, "c": {"step": 49, "value": 3.744978900934441}}}
