{"initial_step": 2, "final_step": 50, "quantum_tts": [542.4726964844702, 712.9193729407375, 815.2839736456572, 1150.4443350275562, 1250.9761109180638, 1498.1790403237947, 1495.3331487010166, 1725.7179055523052, 1932.1713485671805, 2379.6268613187494, 2010.0401401260874, 1698.9773827780045, 2025.632242368943, 2401.8463234768565, 2506.224889270627, 3072.961552273688, 2940.45756451695, 3251.99104466303, 5029.748345212197, 7004.132537233106, 10798.614522275668, 16707.825704069404, 29166.997527911335, 41147.51577411003, 23773.01741912403, 19906.029164941385, 18661.466476378453, 15226.221898499534, 13255.6959401939, 10688.800743060987, 9849.58379289238, 12998.32049804213, 13140.817930456387, 9486.663384259296, 8145.367655493528, 8458.307261601034, 7355.233433649416, 7878.994438003212, 5761.401181500943, 5021.688570167207, 6346.47692398962, 6837.873431793316, 6726.386727222174, 7883.140689151159, 7140.786971463785, 6993.648285749734, 7500.825879817188, 9975.533653919178], "classical_tts": [389.62225651824116, 453.24844205426166, 458.7927737085034, 370.1459565711213, 426.4827325350994, 394.8385139035968, 343.2561992520359, 349.15871031612375, 356.04124782299544, 353.5995923531643, 322.4379855591593, 316.01250888660405, 294.2979891313064, 283.0434734531251, 259.7175864938284, 260.7920250157832, 263.5897621174226, 267.98108691774115, 245.9585329545891, 254.76516294626725, 244.5090138848337, 248.05055635988882, 252.0562142371918, 251.61077185995637, 241.1073032931776, 250.70417216679292, 236.76883158344347, 253.59375545097527, 250.65440461484727, 255.03903999056888, 271.57457682555645, 268.47440878099644, 264.4411686519366, 273.45995765780003, 279.83765483716144, 282.78457847845124, 298.76936560165984, 296.40664623931065, 293.29861126983735, 304.60650815889414, 323.90096774777015, 319.11436804534264, 319.66297316247, 334.324216271957, 341.00337558224237, 338.339182472427, 348.91215468484745, 351.6008304786902], "initialization_stats": {"phis_precision": [80.81897971227896], "psis_precision": [89.80172362192232], "phi_angles_psi4": [-2.526485730943371], "psi_angles_psi4": [-2.6403019589286636], "phis_initial_rotation": [-1.9238962067007583], "psis_initial_rotation": [-2.319913657442192]}, "final_stats": {"q": {"step": 2, "value": 542.4726964844702}, "c": {"step": 28, "value": 236.76883158344347}}}