{"initial_step": 2, "final_step": 10, "quantum_tts": [761.0117226738963, 1360.4846721106974, 1536.960647751393, 2020.3596694548464, 2132.164757121909, 2805.5267009282443, 2970.0606888911952, 2623.0200079212646], "classical_tts": [551.6996474467611, 458.9813268575662, 417.0243618397095, 358.97872355048935, 315.7399272209118, 275.4132351865938, 245.6320708872894, 219.89416316057617], "initialization_stats": {"phis_precision": [99.4747686069209, 68.63598514956007], "psis_precision": [74.03576484478505, 94.71659448884351], "phi_angles_psi4": [-1.5178665728531433, -2.51274581566028], "psi_angles_psi4": [1.524092687483897, 2.576093076193505], "phis_initial_rotation": [-1.5343672037124634, -1.5274162292480469], "psis_initial_rotation": [2.339783191680908, 2.4101099967956543]}, "final_stats": {"q": {"step": 2, "value": 761.0117226738963}, "c": {"step": 9, "value": 219.89416316057617}}}