{"initial_step": 2, "final_step": 50, "quantum_tts": [137.47674002130532, 195.5795309526859, 233.43929702690536, 327.09917443178546, 332.9838392805304, 414.174687315324, 374.7881884116696, 429.63522039386635, 559.5498426458719, 436.0111933442248, 576.977402598193, 690.1801648918947, 742.3392365506293, 820.9643049868854, 943.672779880168, 1072.7870156729898, 908.7388476445523, 974.0577198660812, 989.290276178608, 987.1071547025421, 1009.2314512270168, 791.7645852955443, 949.1870722004803, 909.0692742928221, 888.1158139570309, 1115.1161362020596, 1022.7198424601354, 1289.7563564536786, 1366.953848534729, 1538.8679090627884, 1772.6088914220438, 1457.0614215560713, 1124.5976445670976, 1630.658513514104, 2165.439750331556, 2232.1233247275454, 2023.9586155267286, 1707.963492588061, 1870.5640917408914, 1298.5752993250578, 1292.1822807931692, 1343.9275316481217, 1161.874665028951, 1478.9652832777674, 1655.1295182087874, 1655.3664345836323, 1428.2278056266045, 1496.5656030667853], "classical_tts": [87.534205262555, 88.91284600646425, 68.82780367028144, 65.03171431494184, 59.164637936873206, 56.5509604409709, 52.484022583971836, 51.31535412624767, 48.7416033739654, 45.80596948476228, 43.91216541264693, 47.96378596270018, 47.15016451056214, 45.36064624550693, 46.71995102204618, 49.05549721431523, 51.58119199950444, 51.340116954822975, 51.68607600058913, 51.70371892023723, 55.96804085737255, 55.10716948080091, 59.941585174752305, 60.47226000196485, 63.92699608181494, 65.0439947195821, 66.81381226462679, 70.24334444885596, 70.81172546477188, 73.42125415857431, 74.20947412366507, 81.3040566998843, 80.800741091823, 84.08718865077198, 88.0334659669252, 87.39385010498788, 88.72468736742695, 93.0620956543016, 95.18904944681309, 94.50113031681981, 99.74484069459255, 102.11971785398761, 99.36908305486173, 106.14540898400453, 111.57221293094774, 112.61030285207143, 113.68452256811507, 112.17546416810183], "initialization_stats": {"phis_precision": [89.28713880018036], "psis_precision": [64.9281536803614], "phi_angles_psi4": [2.5582163491776195], "psi_angles_psi4": [-3.13370422391806], "phis_initial_rotation": [2.221661888734814], "psis_initial_rotation": [-2.0318896764619914]}, "final_stats": {"q": {"step": 2, "value": 137.47674002130532}, "c": {"step": 12, "value": 43.91216541264693}}}