{"initial_step": 2, "final_step": 50, "quantum_tts": [684.4252175622776, 1436.524672445657, 1912.3455104192162, 1282.467903335312, 1509.7092868914328, 2376.690088239872, 4097.433030026059, 4291.178645297953, 3138.186650263212, 3278.069317524099, 3787.8755896147604, 4383.135048410925, 3347.3368225815557, 2762.166651659223, 4223.538165974067, 7617.232830001458, 5383.464407238199, 4728.893494047832, 6426.315229448717, 7483.875184302301, 6143.041842248111, 5144.878887414823, 7450.296159190082, 8498.190993858956, 6191.347411892763, 7120.7608074050895, 9590.981966168732, 10506.752680982154, 10211.28720688312, 10945.501391415599, 11679.426223890057, 9855.999807905686, 9363.869698767108, 11259.77264840025, 8561.60858038234, 6672.717120641497, 9588.15665643085, 13447.241252867574, 10448.945061568511, 8403.27898136427, 11834.09139160344, 14433.25740765058, 10327.110365754043, 11855.651554767488, 14320.740079015648, 11758.649204816787, 10203.396926184323, 12634.390058698835], "classical_tts": [591.9099370222231, 445.8220992844757, 377.15185307721094, 324.3292077580521, 287.76786609121217, 233.317767914416, 226.44951674858763, 225.30618694396958, 222.35042057142982, 209.01598337321678, 201.94790870512495, 191.25973448029626, 198.89325554901896, 203.8230760879448, 199.33138848220693, 196.49251392664058, 208.05089709879593, 210.38579443648737, 199.2336280903827, 208.20165962062964, 211.48707904255178, 221.2468257921361, 221.559208238179, 231.23687795407128, 229.34102039865536, 239.50090018344062, 250.24412097564226, 250.80102284994717, 256.30340472702363, 267.11517898081405, 272.23241984393604, 267.2205512025583, 288.1996029138508, 295.6046440148664, 287.6411661399423, 305.66495375728346, 319.4024268955667, 330.38240104291344, 328.1128768510559, 330.4559084531817, 346.97102858934875, 341.00352797320613, 361.35020741280107, 389.65140991933424, 367.54149006770405, 390.35760647689887, 396.5383183878272, 406.00208796819084], "initialization_stats": 3, "final_stats": {"q": {"step": 2, "value": 684.4252175622776}, "c": {"step": 13, "value": 191.25973448029626}}}