{"initial_step": 2, "final_step": 50, "quantum_tts": [410.81850947773376, 401.8562543792602, 174.65040165993696, 170.31121882429218, 192.33184700559008, 110.32246045726171, 351.32822035920464, 101.59208588695157, 99.99173602198293, 111.11865487107181, 387.10478403726, 93.7662432417794, 269.9092696152194, 362.33624828733514, 97.5791575298345, 105.73391846630271, 242.1286202786929, 324.7065315436552, 260.4570970753205, 373.31059054532193, 127.35968847628382, 257.1104587547275, 91.68614961053812, 142.92757352459918, 179.82858549865566, 151.29719383656888, 217.18007368690647, 89.7516049270951, 284.23216173180793, 146.14466498021625, 265.8405663561462, 284.73529424508934, 306.94267709254905, 322.39967317530915, 101.81227770617369, 271.88180195347206, 341.34455713466457, 349.05085917756037], "classical_tts": [98.33890166276647, 87.39214299881864, 68.100070221736, 68.35896947214222, 61.48225803136455, 52.817228670316965, 48.40813447233566, 46.597847053016494, 43.29151837708917, 39.92460451686921, 39.37818212889932, 36.714169392381976, 37.03261076272476, 36.630704123639056, 36.15878059238053, 36.80718755781712, 36.750427342206095, 36.463224973727826, 38.0911993735558, 37.90567066983939, 39.85022586718859, 42.27834229886223, 40.73162369058302, 44.182846861413466, 45.36870294154698, 46.184694228187325, 47.18095324545945, 46.96107758162737, 49.72116099314322, 50.163195647285605, 54.503371606408614, 54.10292804790264, 56.799249442016645, 58.34364755950842, 60.2269937783904, 62.212159637646494, 64.53789813159733, 64.824335359028, 64.82111605169973, 68.73998234587577, 68.858272060967, 70.24245091387034, 70.01125629356488, 75.22959758586093, 73.89420337163214, 78.51660952278772, 79.72627427730932, 81.85774184290635], "initialization_stats": 2, "final_stats": {"q": {"step": 8, "value": 89.7516049270951}, "c": {"step": 16, "value": 36.15878059238053}}}