{"initial_step": 2, "final_step": 50, "quantum_tts": [125.8278978221364, 162.7479004295967, 185.02690582184798, 223.7410169782713, 235.93480869748157, 280.4675608495289, 234.5024779830936, 251.96203072148427, 345.44535197753333, 330.0595442627307, 369.3039124115752, 404.10217715052363, 481.2518090142042, 625.7276437306422, 1016.5690650995822, 1711.9636894870175, 2522.3105778927556, 3818.48850174567, 3675.7227918200306, 4485.597171928228, 4970.058413948408, 5908.651824818261, 8849.39771318331, 13901.60664043093, 42346.635537381124, 23144.763579534294, 15739.314533425832, 6069.720196043149, 1913.3787778255237, 2425.5585815293834, 3934.109887200527, 5107.548134574233, 3867.1244077356005, 7202.401024583107, 7853.771818246942, 4022.461507340801, 6398.927457786739, 7753.351871617824, 5334.95464366353, 7755.713300987118, 5242.531780330316, 3262.4272069253625, 4310.581515557699, 5205.287440255471, 7409.305629177032, 9819.061625238965, 8604.303358786641, 4193.057933534433], "classical_tts": [87.09790521131919, 96.2557936588043, 87.18748389525052, 75.0308302374103, 75.85872471221168, 70.93784954970502, 62.79102759966436, 64.23455782687621, 56.59667500919411, 55.293200447291476, 56.41306547149817, 53.00291458240612, 53.59478574324723, 52.46958739302508, 55.07403392075987, 53.826743067813425, 55.204901964056994, 58.27184096206016, 57.67220789231536, 59.844635093943836, 61.57493632047594, 60.881031584585024, 64.1414041359085, 66.0843249566376, 66.00870129845374, 70.6411274359424, 75.91985407863531, 76.81571245310325, 78.06138849310257, 83.42055042709048, 82.86759626707531, 87.17151025866346, 88.2881179143302, 91.00930820484348, 93.16229442557427, 98.88466470952561, 100.58605218322744, 100.99488295049804, 103.37215200117826, 103.10090833150316, 104.54085438620332, 110.97317238764971, 117.9161266093482, 116.85192076896644, 122.76895807738535, 119.32342157797409, 124.64204882023087, 126.45780109290315], "initialization_stats": {"phis_precision": [72.13000248667643], "psis_precision": [86.88197243283466], "phi_angles_psi4": [-1.5708471341949184], "psi_angles_psi4": [2.535740409371408], "phis_initial_rotation": [-0.6952853397606873], "psis_initial_rotation": [2.1236254190254584]}, "final_stats": {"q": {"step": 2, "value": 125.8278978221364}, "c": {"step": 15, "value": 52.46958739302508}}}