{"initial_step": 2, "final_step": 50, "quantum_tts": [149.80428513407793, 207.04404567661265, 353.2937852450154, 634.2860636736784, 709.0596489918472, 564.062079676023, 539.381335948767, 717.5551025890524], "classical_tts": [85.39424749616423, 71.77961911495808, 61.30350375390038, 54.15945962907671, 48.13504636884381, 44.168465408395626, 41.63915272974249, 39.24440557976994, 35.23758274502877, 32.4128432542558, 33.079675423299165, 32.24781232078622, 30.477335223790522, 30.646331762464662, 30.115746380547126, 29.60111006867821, 29.19075836231642, 29.329248640544467, 29.19367319820761, 29.047084988643814, 30.647872835685703, 30.309930375460738, 30.12958988306078, 30.876841718404968, 32.19527395874204, 32.569152532953495, 32.2260342802096, 33.808714630659516, 34.30458242160031, 33.930206924792586, 35.50205497711282, 36.96277834441408, 36.99621412921737, 37.41146800140769, 39.28766003833645, 39.86562084915216, 40.74004896050394, 41.9788582238529, 44.07933082205381, 44.43808126210757, 43.27147953477224, 44.995257782663835, 46.60777024444741, 47.18465023312508, 48.381228396019665, 51.24209588352103, 52.178738728686056, 51.74663060820913], "initialization_stats": {"phis_precision": [75.4226623027465, 29.131076110125388, 69.12466569615066], "psis_precision": [60.4796216088078, 83.1444798161908, 87.67761290065515], "phi_angles_psi4": [-1.3857856964184652, -2.037047049337555, -2.0359199983286067], "psi_angles_psi4": [2.044459532544857, 2.637386964029599, 2.491851602471857], "phis_initial_rotation": [-2.157905531963336, 0.18936585726488708, -3.0058972325896276], "psis_initial_rotation": [-2.9971564704261473, 2.107855180210705, 2.1047323946119425]}, "final_stats": {"q": {"step": 2, "value": 149.80428513407793}, "c": {"step": 21, "value": 29.047084988643814}}}
