{"initial_step": 2, "final_step": 50, "quantum_tts": [51.78147261771711, 89.73947994776363, 97.5926770785874, 148.95065681252117, 187.88698479330802, 229.16151815327217, 219.98862608977063, 263.7690984443355, 349.191916865086, 286.5701500388348, 338.98137932811244, 407.0448758534656, 422.144589020756, 448.0608307393039, 476.2852610792319, 570.6362948382312, 575.0641566105355, 664.7881689456638, 510.2876100484105, 503.3576450507058, 593.7987796603594, 523.9488670550072, 804.4340764641491, 876.3950658320194, 859.8827160508163, 790.696001369364, 812.6656489616316, 940.770518035111, 816.3059144213235, 944.2730302729357, 816.1651750775495, 836.53152374113, 862.1950453712336, 1148.1466350948874, 1416.8017486447463, 1535.861105120019, 1606.3540430479147, 1386.6018344314746, 1440.5584577167347, 1294.2159310601553, 1011.2085035900443, 1531.6110394809125, 1612.9433243842857, 1236.0502017974968, 1136.7213016446242, 1076.1749901566805, 1140.1098715190128, 1389.6454008985797], "classical_tts": [32.66363239348184, 34.073945327931455, 33.72245015776036, 33.0362028221409, 29.74792825588039, 28.651457806114873, 29.60463598240021, 29.385543286853036, 30.092055974867872, 30.65998301103631, 30.969257410506895, 29.821573783318534, 31.360577004742183, 30.89902267875397, 33.36694585579899, 33.86223075430535, 35.87876949768141, 36.9704539969166, 37.331954920475226, 38.521144642112, 40.72334402732391, 43.865603964243824, 42.957039967018574, 45.92263171537373, 46.471351719516065, 47.8186298124578, 50.43456578951063, 51.143614504979055, 54.99176095348197, 55.995270177901375, 58.904251554250706, 58.19790616083824, 61.45727066637911, 62.38166433272386, 62.77368250624209, 65.20610459091783, 67.72866413267161, 70.10026986747201, 69.00934767874449, 69.7825479134422, 72.09950059073051, 74.55516667651061, 77.8716803856999, 77.5802878536281, 79.02241580377951, 81.72230795186246, 83.99534066225684, 86.5983798483704], "initialization_stats": {"phis_precision": [68.28270975278933], "psis_precision": [70.32322016229769], "phi_angles_psi4": [-2.5265337703537245], "psi_angles_psi4": [1.5241109530932357], "phis_initial_rotation": [-1.530105710029602], "psis_initial_rotation": [2.456434488296509]}, "final_stats": {"q": {"step": 2, "value": 51.78147261771711}, "c": {"step": 7, "value": 28.651457806114873}}}