{"initial_step": 2, "final_step": 50, "quantum_tts": [193.61261643074047, 230.16765144406463, 268.74410902666045, 396.2618990989305, 641.0402978317861, 905.0039340091229, 907.6498037149108, 728.8544312871365, 471.9087064727134, 397.5483608316986, 462.2236371462445, 727.6133522961175, 984.5183817026181, 903.7024241550423, 1058.1010904761888, 1777.892430766899, 3542.9892513053387, 3733.057509369426, 2682.621563989753, 3691.580106374179, 5417.9916032967785, 15621.592298197294, 13151.981895716814, 11309.777511995266, 9168.911361411176, 8835.277897002119, 10791.988316951602, 11257.649397622097, 8387.6794948413, 8937.113505110878, 11028.59450961836, 11352.843867330115, 5332.548457501092, 2685.1299808055596, 2536.0364849734, 2343.5280350087933, 2030.1807071358405, 1446.2615728788542, 1051.8973556160004, 987.8541162236313, 1030.1368310079254, 1162.9091708425974, 1284.8075115275192, 1329.8330192725196, 1881.779191403043, 3072.6584704699458, 4881.173411560745, 7286.238053199832], "classical_tts": [200.11364662679884, 252.37315454026157, 312.9701865543517, 343.0878723842716, 330.0077203281564, 340.37671569361675, 304.2402250188168, 329.25535053177066, 364.29806155010533, 334.1406794307902, 335.75477998948963, 353.2354528561757, 338.8461153933221, 327.8151799017421, 329.61791332043344, 342.4992469816015, 349.7537278391798, 343.7629834621389, 350.8746898672905, 336.77186829712684, 357.8383483671072, 345.7985587429143, 375.0632668158454, 351.02394458285016, 335.8987428849342, 374.39374385026485, 366.02774622099736, 358.95035906012697, 381.8073434231753, 351.5663756242099, 368.456923245608, 356.9331522855611, 396.3207049868564, 380.7771015317772, 369.9237405207191, 370.34776226470757, 401.08101359535385, 355.4543251678313, 378.9835698603722, 405.937663630737, 394.3082402343494, 418.90788206191655, 386.6725371592892, 375.3087041800485, 376.4416950589866, 410.48955911172726, 388.2307725232399, 394.9351101025579], "initialization_stats": 2, "final_stats": {"q": {"step": 2, "value": 193.61261643074047}, "c": {"step": 2, "value": 200.11364662679884}}}