{"initial_step": 2, "final_step": 50, "quantum_tts": [149.8052326344811, 207.04748967351154, 353.3086495060246, 634.4111690087109, 709.4210379865777, 564.4139843990057, 539.7257021653106, 718.0874219818129, 1221.5861698654562, 1568.6783116249433, 1149.5358330515655, 904.941441705245, 994.5230810769484, 1482.3347384311187, 2127.591793218242, 1796.9263513773028, 1334.9544454958132, 1310.557380007181, 1804.5929689658474, 2888.0220026688676, 2921.783606875802, 2002.4444330095305, 1664.6783564863165, 1942.5235631924074, 2929.3312591106687, 3666.102052101371, 2752.825891350415, 2094.435644459612, 2186.7006762980454, 3189.819305610354, 4862.198137494226, 4093.3247783524566, 2737.633762193429, 2429.374125307847, 3083.4249498109775, 4775.029091643551, 5052.625091179701, 3470.668578710005, 2814.514606273772, 3259.403728848572, 5125.0979579700615, 6850.9629759399495, 4877.367213541902, 3438.273091674924, 3382.863698053019, 4665.987518498937, 6928.577353479801, 6150.124447989267], "classical_tts": [83.35379845562476, 79.7222173303492, 72.37115441308187, 65.25163033914123, 59.164637936873206, 53.83153915153629, 51.18357053595869, 48.45159359020435, 44.56535480887277, 41.44684642868057, 37.75307257506667, 37.51302728153518, 34.32859763118272, 32.4327322054023, 32.156093393798905, 29.664151923319178, 29.33980382960391, 28.203965296709846, 27.88371158506393, 26.904227996061085, 26.16293726423185, 25.026850734470575, 24.078134867450625, 24.700862916694504, 23.79084257334578, 22.808702482882662, 22.745880610528136, 22.40136528096559, 22.981553148141284, 22.643209299209733, 21.979049141579623, 21.87403028622228, 21.107079798861168, 21.177851794014018, 20.704682354737866, 20.984443771103535, 20.667539804725166, 20.39894145684837, 18.28917026291213, 20.38791352786498, 20.768674405694284, 19.353252559400914, 19.63994486077696, 20.086307243976435, 20.357249274590725, 19.600156730444077, 18.12813773177821, 17.351835521436634], "initialization_stats": {"phis_precision": [80.42531154842905, 22.659489772435993, 19.84978251768953], "psis_precision": [22.705133379345188, 34.028636147955325, 62.326024853796156], "phi_angles_psi4": [-1.4774586970296562, -1.3856666511228106, 1.570666056794528], "psi_angles_psi4": [-2.6204384244557595, 2.5407428079868097, 2.6372760096411523], "phis_initial_rotation": [-2.0924156713872986, 2.4677948684987623, -2.19452590612455], "psis_initial_rotation": [-0.19214857309923872, 0.46819128773798147, 1.4537131741327673]}, "final_stats": {"q": {"step": 2, "value": 149.8052326344811}, "c": {"step": 49, "value": 17.351835521436634}}}
