{"initial_step": 2, "final_step": 50, "quantum_tts": [488.2226397982968, 1033.0709228352587, 881.1878249012702, 891.9063186939984, 1872.3535989376028, 2076.7080442785436, 1818.6879638802145, 2477.653045977995, 2297.352988106743, 1619.7275264663087, 1571.4967770738615, 2310.6578399044693, 2469.6041191953245, 1986.1312959371626, 2588.4594876220544, 5082.648412976873, 6114.549240104519, 5803.270008897473, 8067.051533207903, 5766.062183792629, 6107.258541342569, 6415.645283729566, 7278.95545050974, 7747.342570417031, 5674.3985605182015, 7297.054820115016, 8827.738713057704, 5639.608112027772, 5845.209407140363, 4917.178715444644, 3916.8559978310254, 4515.061466097597, 4686.8940151802035, 4272.329641679748], "classical_tts": [297.21473285631714, 287.3851397791737, 231.52687131361986, 194.84786241000617, 166.2318140244024, 156.69381680900517, 138.54289345296309, 120.501432972353, 107.30334417532013, 98.55759086726184, 89.49739423630328, 80.39480303987263, 76.18686897205518, 69.90361431723802, 65.77085962869215, 61.041615301595776, 57.523212421012886, 55.34469247282377, 53.3045600948007, 49.872420347290884, 49.61704543642115, 47.834099412661004, 44.53397800968871, 43.856113153013055, 41.84268644562474, 42.85110867772435, 40.79275546427916, 39.54102129960951, 38.064034225676345, 36.68449090120614, 36.93183722745087, 35.62631302511479, 35.193995739362634, 34.809837488400426, 34.365218010585075, 34.787123594419775, 33.05765199938437, 32.38879892513218, 33.12332289544788, 31.408122635753788, 31.518586973011427, 30.759545998551094, 30.66752061644862, 30.103354415031216, 29.98942293425986, 29.691517123310998, 29.4671575863666, 28.5149215377665], "initialization_stats": {"phis_precision": [71.40048279006915, 68.6217201137446], "psis_precision": [10.437038269268516, 2.9329947269100876], "phi_angles_psi4": [1.5707569039948863, -1.5708759537949808], "psi_angles_psi4": [2.5812542080635814, -2.640232400643676], "phis_initial_rotation": [2.469237235624223, -2.556653689524424], "psis_initial_rotation": [-0.23244921800651674, 0.5935029998169004]}, "final_stats": {"q": {"step": 2, "value": 488.2226397982968}, "c": {"step": 49, "value": 28.5149215377665}}}