{"initial_step": 2, "final_step": 10, "quantum_tts": [14266.104469881722, 19132.125448403058, 19365.197658350993, 29852.36836245376, 30187.941530279404, 34286.102671062145, 40457.29123119988, 23877.499747947288], "classical_tts": [6404.890441221716, 4015.602748979646, 4088.877710696853, 3955.677464051219, 3084.669870556095, 2471.6392162718375, 2009.4803270181571, 1542.6467999929073], "initialization_stats": {"phis_precision": [2.7622894820200306, 66.54557542542865], "psis_precision": [66.38155167892445, 61.33625584533491], "phi_angles_psi4": [1.570709090494786, -2.5489826969983502], "psi_angles_psi4": [-2.6203661852996016, -2.6204219107225417], "phis_initial_rotation": [-1.4841036796569824, -1.4979809522628784], "psis_initial_rotation": [2.6066644191741943, 2.448106050491333]}, "final_stats": {"q": {"step": 2, "value": 14266.104469881722}, "c": {"step": 9, "value": 1542.6467999929073}}}