{"initial_step": 2, "final_step": 10, "quantum_tts": [149.80428513407793, 207.04008677701881, 353.2672018022642, 634.2376500091275, 709.1472159347635, 564.1577598742443, 539.3928629230727, 717.4018788227318], "classical_tts": [71.06171303463118, 68.44381874835142, 54.97677719496108, 47.372946232546525, 40.588507495774444, 36.274575801476246, 31.745288786735998, 29.962143627085766], "initialization_stats": {"phis_precision": [33.626177550235155, 82.14964579060407, 55.02668259001101], "psis_precision": [32.144714558780095, 93.82266730047346, 77.4640067244328], "phi_angles_psi4": [1.570808363094897, -1.515371190184256, -2.007324632236669], "psi_angles_psi4": [2.535603445053016, -2.6318493308643593, 2.5001569857950545], "phis_initial_rotation": [-2.627181814096144, -2.076156606666394, -0.5944461964088354], "psis_initial_rotation": [-1.6158451996328214, -2.437782700588233, -3.075039212225823]}, "final_stats": {"q": {"step": 2, "value": 149.80428513407793}, "c": {"step": 9, "value": 29.962143627085766}}}