{"initial_step": 2, "final_step": 25, "quantum_tts": [2131.59041926899, 3347.1574712700626, 3788.9924777469555, 4252.789403304938, 4463.383226025455, 5192.854842163227, 5881.798202561011, 6377.516634995057, 7185.1556924209835, 7814.727217808091, 8102.066434513601, 8325.344356394948, 8331.825457444324, 8639.16472886365, 7584.037207239814, 7449.148614078642, 7621.878032345817, 7015.67516748586, 6937.916255949933, 7902.784697249845, 7970.253524553089, 8533.944337884339, 9920.833323665076], "classical_tts": [1442.455463740654, 1252.4984528384, 1546.605479577418, 1379.2491186169027, 1162.6455955109693, 1118.076743806673, 1414.590404133193, 1094.8465243987948, 1139.740855918494, 1079.6177368568642, 934.8210193251922, 946.6766118065754, 913.1187102033902, 902.1219527366824, 861.241700101527, 858.6848641367756, 812.1966038932949, 786.2203536822501, 739.4962850089679, 722.3374891566477, 742.639515437052, 713.2374210437555, 640.8014410952972], "initialization_stats": {"phis_precision": [25.156574860996827], "psis_precision": [83.51352214867288], "phi_angles_psi4": [-2.526347046736313], "psi_angles_psi4": [2.568298115398991], "phis_initial_rotation": [1.4055627145813734], "psis_initial_rotation": [3.0862360924119923]}, "final_stats": {"q": {"step": 2, "value": 2131.59041926899}, "c": {"step": 24, "value": 640.8014410952972}}}