{"initial_step": 2, "final_step": 25, "quantum_tts": [1617.0414195827693, 1703.1820559994853, 1670.9998901525978, 1597.2791493571, 1510.7286488724362, 1423.4527202181448, 1339.947381018169, 1263.4346062624895, 1194.919170263333, 1136.3177094390335, 1084.4823447859612, 1039.7962896105419, 1015.9578691618667, 1000.4952034771068, 938.178282880277, 929.0170740996568, 916.2326161567983, 882.4295589536822, 898.1060734919771, 894.8396473080982, 889.2978610230199, 886.4791150814177, 839.7505061064982], "classical_tts": [1532.7529905469282, 1935.5630936387008, 1233.754192023234, 1138.37549543106, 1200.992492365299, 1048.8446160311123, 979.7906383667463, 864.4577952241832, 898.1011262442494, 744.7499369411813, 741.8189611657328, 684.1031756452873, 652.7233769876225, 587.8412718280331, 607.1486474548026, 522.907558318451, 521.2298460586312, 526.4007444106214, 458.8057916121517, 445.7010305989834, 438.39347908266836, 418.23289648406126, 417.19627010069155], "initialization_stats": {"phis_precision": [72.87006473134312], "psis_precision": [82.31685331825832], "phi_angles_psi4": [-2.5639700672519443], "psi_angles_psi4": [1.5129570644342083], "phis_initial_rotation": [2.8669031866038512], "psis_initial_rotation": [2.068489501511312]}, "final_stats": {"q": {"step": 24, "value": 839.7505061064982}, "c": {"step": 24, "value": 417.19627010069155}}}