{"initial_step": 2, "final_step": 50, "quantum_tts": [490.1061364675653, 1045.2306107008662, 873.1950970004017, 902.5735723744548, 1985.7858682652056, 2085.769588086859, 1753.5329739118697, 2354.9684118297337, 2136.006637792139, 1615.8426686561768, 1539.844195044304, 2243.5696307015296, 2481.0508547017125, 2031.6128602553695, 2614.5187968915034, 4220.7001617617925, 5611.205677271131, 6329.972638534497, 6538.878604839983, 5174.50104290069, 6179.597044935909, 6385.15522379527, 6626.394273262369, 6730.066163072533, 5971.780025834345, 7361.166546495898, 7343.738192817842, 5098.30435737688, 4929.124302735966, 4764.348866347852, 3880.953217169115, 3953.105129147816, 4813.674110857804, 4921.022369779081], "classical_tts": [345.252310095749, 255.97679589768427, 228.53707223700417, 215.59471922670207, 190.37313849830758, 154.8160116180817, 136.92426634990304, 117.65177557103804, 103.1885115851664, 91.79690036814503, 85.41749808692528, 78.39929838790898, 75.74221136221828, 68.05699276570155, 65.05691857898125, 61.35905119042717, 57.95605621360309, 54.61738508772992, 50.08774070707622, 49.77080353427069, 46.19388302006482, 44.738273158012234, 45.001319236594085, 43.73208260170145, 41.56802436670871, 40.292861855416064, 38.69871716723958, 38.10707564623917, 37.74233738610765, 36.73397649250654, 35.7916113773109, 35.291314233439984, 34.99266793419428, 34.007379377508435, 33.46593547333516, 32.975268017589585, 31.489966016371092, 31.41924850657433, 32.396426773091, 31.143119228372058, 30.131557291953264, 30.398590478877537, 30.509110853107362, 30.57633906483878, 29.097889046345667, 29.056599993090458, 29.25689503037747, 28.035982990158722], "initialization_stats": {"phis_precision": [72.13612623965936, 85.57861016395199], "psis_precision": [6.6838037961739705, 64.66286414623322], "phi_angles_psi4": [-1.570742789294871, 1.5707483436948781], "psi_angles_psi4": [2.0690073463376337, 2.6572763029666415], "phis_initial_rotation": [-0.6953733782344753, 1.1176870200600488], "psis_initial_rotation": [-0.8626074182112022, 1.547127438995659]}, "final_stats": {"q": {"step": 2, "value": 490.1061364675653}, "c": {"step": 49, "value": 28.035982990158722}}}