{"initial_step": 2, "final_step": 50, "quantum_tts": [13.67956052413707, 19.590036085254773, 29.239862895377023, 41.8763321615712, 49.03201273023185, 49.21433139709359, 51.9808714680488, 64.08184446219913, 85.18496117649781, 98.7675094567159, 93.09660379656134, 86.66159061996386, 93.78681089118444, 116.12022689725578, 137.90420637305874, 135.63700963375598, 123.75038718055762, 126.77432593389987, 152.8593445397538, 189.80479623792328, 196.96097814617536, 173.7954597545605, 161.52508531614896, 177.4693265611858, 216.02955662511224, 239.48799763103037, 221.07544531705162, 200.27623021221038, 210.49453344526208, 257.23906339794394, 306.645225548966, 295.31191652226397, 253.54641096541576, 241.79206408694407, 275.15304338362193, 332.80292497621826, 346.31580549785673, 305.9041936343855, 282.4459581974927, 310.99924352913496, 386.7045626075018, 436.6429157550816, 393.5738427020384, 338.80990664986234, 338.36862368560145, 398.3981955065544, 470.333142287217, 459.4290035424429], "classical_tts": [10.18474077587477, 12.751653453662893, 13.648664697308678, 13.994303709199079, 14.356243189881262, 14.598038811912058, 15.183776745732512, 14.701908330810072, 14.451505137478977, 14.519864724687078, 14.34734919002678, 14.422709834452084, 14.136606505438094, 13.977630131130425, 13.704601409073234, 14.24000237015444, 14.267417155622704, 13.538521219245274, 13.882217817150757, 13.657630499518676, 13.582017956012155, 13.537613931572787, 13.803121569825244, 14.076693972518306, 13.471766906815338, 13.785305403204498, 13.438627853015593, 14.500000000025594, 14.020906148821545, 12.92776294986737, 14.036068418245723, 13.60281340857172, 13.84403176233197, 12.967909959726212, 13.338421672861246, 12.745040686355702, 12.160238392968742, 12.48024466646792, 13.333333333492128, 12.420365781208613, 11.65999458720398, 14.333333333504036, 12.215232424689884, 13.632108784253356, 12.770470262175788, 3.5921226192636477, 3.6685507600990443, 13.603327018404643], "initialization_stats": 4, "final_stats": {"q": {"step": 2, "value": 13.67956052413707}, "c": {"step": 47, "value": 3.5921226192636477}}}