{"initial_step": 2, "final_step": 50, "quantum_tts": [848.6093395305916, 798.3848730890672, 455.1115284606019, 422.50020080108186, 474.2978534069867, 390.21600054228344, 776.8476285033519, 387.9900628135383, 371.72129931558203, 393.00726282891475, 801.2490620697096, 397.6082725307153, 543.3159665305727, 760.3745754859139, 409.80446854680116, 364.509630215746, 530.7967336133156, 699.565826579271, 535.0478858869022, 775.0051423795019, 380.3846719403601, 578.1924424599347, 359.62823098461973, 396.2963774399926, 497.28638089627174, 422.2597864393204, 510.5849616611049, 361.7766606748275, 662.9352504858356, 394.0979302775214, 603.3459908738186, 628.5423176880716, 685.988368593772, 731.2941356349386, 362.00492821523875, 534.4056708365711, 753.4281920935085, 777.3890196275979], "classical_tts": [436.28100084712645, 468.8627886757056, 383.1801863722316, 334.07543304295586, 272.84175957367665, 259.37775056505126, 213.93848214357996, 196.17183876431372, 191.57527477369683, 160.0398661668523, 150.84747367442813, 134.7107644899531, 131.86534345007624, 119.50459865715561, 116.11531233075121, 105.80093690880653, 105.6495221253737, 100.47821318849262, 93.7482608879799, 90.54957996090424, 86.56482281839743, 83.78970454192648, 83.55233790236153, 82.06736583611894, 81.22003541946137, 79.1154719874599, 79.10407622035018, 77.13260850271259, 76.50269689500048, 75.90988493720062, 76.69692104484801, 76.63260711978643, 77.86248880919223, 78.34816041841553, 80.64148372646909, 80.71187770496039, 84.9481332842871, 83.01399520355635, 83.7884488613026, 87.33063698849998, 85.95671217275711, 90.65849100338006, 91.66513343463757, 90.12917738309238, 91.75320136640839, 95.14119628283356, 94.27218312205135, 98.91810663298699], "initialization_stats": 2, "final_stats": {"q": {"step": 6, "value": 359.62823098461973}, "c": {"step": 31, "value": 75.90988493720062}}}