{"initial_step": 2, "final_step": 10, "quantum_tts": [581.9691831669812, 1044.4240489874546, 1215.5981718049459, 1567.0347219073633, 1696.9138655154889, 2187.446509857929, 2288.6202210009455, 2081.65954554236], "classical_tts": [426.0811913935009, 404.37423893543564, 350.4721196717298, 306.9525574703674, 273.19647126068725, 234.11201743508795, 211.59373940613565, 190.09901296495934], "initialization_stats": {"phis_precision": [99.51142904478209, 66.78671367315575], "psis_precision": [95.6662685386036, 97.5154495322855], "phi_angles_psi4": [-1.5303269645197095, -2.5640913320220897], "psi_angles_psi4": [2.580510591179819, 2.580680158780095], "phis_initial_rotation": [-1.5456758737564087, -1.520665168762207], "psis_initial_rotation": [2.4443624019622803, 2.5026257038116455]}, "final_stats": {"q": {"step": 2, "value": 581.9691831669812}, "c": {"step": 9, "value": 190.09901296495934}}}