{"initial_step": 2, "final_step": 50, "quantum_tts": [278.77814729396675, 383.19937678155316, 447.593942777308, 528.7969747429718, 546.1795978645177, 604.3736425174085, 589.6703852115561, 668.3144944709071, 621.7210936244968, 610.0564295302486, 662.7169656219055, 737.411282574882, 656.1968860260704, 597.8735344574424, 578.6292051899303, 598.5065923818541, 677.3869676031956, 748.1059582250892, 873.6439699200456, 823.7614314675832, 849.228825599323, 836.5976759752036, 865.9915944590416, 874.1063211951003, 842.3753879034027, 812.1234994868878, 833.7982277798623, 897.4778207117093, 899.3058505822197, 1020.7478257377473, 1302.4841976956302, 1308.4597294368632, 1258.6240350282505, 1292.9360976960797, 1379.0428944972373, 1456.874761585434, 1434.7188272098128, 1640.8100321600466, 1852.2618090309563, 1929.893923303459, 2252.99023165415, 2645.079761442873, 2818.1168272338246, 2964.2492874142717, 2975.76094691719, 2958.9678279445693, 3110.0962326148065, 3251.2775065125697], "classical_tts": [161.42585138951486, 178.30685556231248, 151.12548271451448, 134.13597862031327, 120.5863341929883, 112.37021374682048, 107.11238486431378, 96.36425351193442, 88.98166737295797, 80.08914908357032, 79.00563902825766, 74.1909459406206, 72.83648230847967, 68.70196548315988, 62.691448495809, 62.55802705311486, 58.897787372234106, 57.09467412210511, 56.13237253914814, 54.085141944079666, 53.39694708156075, 51.154449926243636, 52.122531421408134, 52.43932938814891, 52.46916484241213, 50.03094005289632, 50.16944972954595, 51.48771040967705, 50.225274104613476, 50.346234769358745, 50.283787546113786, 51.03518053216492, 51.085856255355324, 52.62810597803586, 53.88682466825649, 53.84260295988864, 56.55811099554902, 55.21254061807981, 56.27451133225007, 58.225559013919984, 59.1810122391388, 58.653281402611114, 61.00550388621574, 60.44925839040775, 63.87957134465524, 63.92973261728019, 66.10377408014995, 67.6421168645697], "initialization_stats": {"phis_precision": [66.92036242310245], "psis_precision": [71.60912621833799], "phi_angles_psi4": [-2.5639700672519443], "psi_angles_psi4": [1.5129570644342083], "phis_initial_rotation": [-1.524742603302002], "psis_initial_rotation": [2.4048826694488525]}, "final_stats": {"q": {"step": 2, "value": 278.77814729396675}, "c": {"step": 27, "value": 50.03094005289632}}}