{"initial_step": 2, "final_step": 10, "quantum_tts": [12585.19632920279, 22987.329502944096, 26181.240569108464, 24826.534076039672, 38320.850450769656, 53206.85490711094, 49113.81752892799, 56995.19112462032], "classical_tts": [4602.867216938907, 3807.7204043899915, 3270.1803559131936, 2418.012751310811, 1874.3447708745757, 1588.7665232592467, 1198.6795611784141, 1011.3972921764123], "initialization_stats": {"phis_precision": [15.34165820193516, 10.11125228730676, 85.11472778475932], "psis_precision": [3.1827867181787095, 59.1720652021301, 80.55452475539957], "phi_angles_psi4": [1.5708083630948968, -1.515371190184256, -2.007324632236669], "psi_angles_psi4": [2.535603445053016, -2.6318493308643593, 2.5001569857950545], "phis_initial_rotation": [-2.0527566975057474, 1.308567104361578, -1.539690013855825], "psis_initial_rotation": [-0.5059990148190434, 2.3686885760929153, 1.8892593640550661]}, "final_stats": {"q": {"step": 2, "value": 12585.19632920279}, "c": {"step": 9, "value": 1011.3972921764123}}}