{"initial_step": 2, "final_step": 50, "quantum_tts": [156.98295017617352, 237.3965305745881, 280.22422145087603, 354.1380899398232, 404.5478922329308, 480.83583383374366, 453.04013841588113, 521.104060844317, 572.9890966677696, 622.0047143388333, 633.7263713959755, 710.3463697847077, 783.7314640918172, 792.8759372646048, 758.9799058308114, 829.1484757994295, 913.9972085444181, 922.4541831141876, 1039.0138264705743, 967.6054769611886, 963.0939302218901, 974.870239410946, 1019.460821785842, 992.9813729938317, 1011.2114069211913, 1063.4261484456895, 1149.1106570764264, 1226.7334314070988, 1196.871548557043, 1311.2123011579883, 1522.5682198471552, 1626.9117364377091, 1742.153325040983, 1693.1437005983885, 1751.2823554256515, 1842.254752535223, 1771.4873363810707, 1779.79947698205, 1932.8782914877356, 1898.7491755143258, 1951.5021271941494, 2113.949512677155, 2031.617970141587, 2069.2526383381714, 1975.3926001937848, 1980.043252234145, 1959.8822100855946, 1937.394704692399], "classical_tts": [106.037694274789, 102.17076661125043, 97.8020076070949, 85.1250877771701, 82.03076336657259, 76.32248610607411, 71.4534613074036, 69.5643238950766, 62.57216781310774, 60.7074166462724, 58.267174799746016, 55.85359754512183, 55.10783655043423, 53.68122976237568, 52.54199424057577, 52.97386732724897, 51.10001556726326, 50.79605217282847, 49.34235659616063, 50.831271920331446, 49.381514488375245, 49.073913441096344, 49.84567983943751, 50.850355767746045, 48.73448754558207, 47.39813115791436, 49.799960922064244, 49.42898983939209, 49.29153597136424, 50.07182053568924, 51.25442103896672, 52.43135313752998, 52.288630607093204, 52.94641123686251, 54.172640134221666, 55.67743569350561, 55.21280520118057, 55.10467617114117, 56.31868374794146, 59.434249599718285, 58.763937435395995, 61.47131928529363, 61.12638053961044, 62.09563276866235, 63.19825600810353, 62.80384873227936, 64.27046755808433, 68.09949359727196], "initialization_stats": {"phis_precision": [98.85281965935934], "psis_precision": [71.90116603243943], "phi_angles_psi4": [-1.4946228033161004], "psi_angles_psi4": [1.5243986496296744], "phis_initial_rotation": [-1.5306625366210938], "psis_initial_rotation": [2.40714955329895]}, "final_stats": {"q": {"step": 2, "value": 156.98295017617352}, "c": {"step": 27, "value": 47.39813115791436}}}