{"initial_step": 2, "final_step": 50, "quantum_tts": [155.57360946057085, 288.0970176819705, 521.7644441469334, 540.7023176232126, 523.9066793273764, 621.5063210183196], "classical_tts": [149.92265796023844, 154.8644069540457, 148.53377391780066, 134.9926158320906, 127.75323457846284, 136.99102225263647, 129.46429398293762, 125.69104281873186, 129.4087255687398, 129.5182735328032, 122.70808041579124, 131.923874082329, 131.7792940771144, 130.20309350535192, 145.45667862254658, 146.12523390200323, 147.13003748662544, 147.77594718784692, 153.45856490875764, 152.8145912815581, 154.04185545979, 162.500531698139, 168.84757276085838, 171.59256505248305, 179.1092435893094, 187.7608389643711, 186.23176204557498, 193.47512119860622, 196.71555880181353, 213.6649373576462, 209.1948180114661, 221.51948668135537, 223.39604930242797, 228.23059712400322, 231.2462813147474, 242.37066547476917, 246.17867389154512, 249.5199063628123, 262.5529248534299, 264.1543548640203, 267.116453771638, 271.4544948290719, 282.4933526827692, 292.5543386017312, 290.39318051482115, 292.50847263022985, 315.38265783872185, 312.1000343797825], "initialization_stats": {"phis_precision": [99.94396935131363, 2.7240400298160217], "psis_precision": [77.09639015719048, 95.63083223037306], "phi_angles_psi4": [-1.5090061529896548, 1.5706674987945404], "psi_angles_psi4": [-3.1305107197857307, 2.4956793155219437], "phis_initial_rotation": [-1.5072458982467651, -1.4853469133377075], "psis_initial_rotation": [2.433136463165283, 2.6329407691955566]}, "final_stats": {"q": {"step": 2, "value": 155.57360946057085}, "c": {"step": 12, "value": 122.70808041579124}}}