{"initial_step": 2, "final_step": 50, "quantum_tts": [36.73475801006163, 50.85346298131639, 51.7603536413381, 68.82364374792701, 80.08078057214686, 94.94565013133425, 99.78056426260798, 105.2220672041669, 128.1065794761705, 118.82921387043737, 127.39027324563597, 153.33635149312306, 164.45668658803908, 177.39908692262702, 190.46205044731036, 201.97409413527663, 202.95972692279378, 211.79409830326335, 218.30386929775185, 214.8563393727096, 233.76101458062985, 231.12017966385235, 255.39708591040534, 259.02241062763864, 248.94405353587504, 275.81837124931434, 301.00017262717876, 341.2285259258179, 352.6576665148606, 369.8266713364424, 385.6784517057982, 365.39642590084605, 370.1174146042084, 413.57642678113405, 426.9104314162427, 448.86871838833133, 459.28512862439777, 447.1568205951255, 455.2284662870394, 384.4144625580642, 346.0957733642886, 419.6119310504282, 417.9082892077434, 441.369088838253, 470.61936130059, 477.27949359808497, 478.9027416561435, 482.8363104903156], "classical_tts": [33.48254912042461, 36.598906013885234, 34.550898243943095, 32.31082861949175, 31.928033506912136, 30.57249117804843, 30.37155892274846, 29.576126759180976, 29.179609669903822, 29.825656959463874, 28.82989325169325, 30.6225692179908, 32.978151465528555, 32.10302959642073, 33.162393879839286, 34.613789079829616, 34.90400308815617, 36.463224973727826, 38.51526570091958, 38.87228293517283, 40.10226906889, 41.45749229269882, 43.93194361270045, 45.34788063541592, 47.926569997989034, 48.08911222712721, 49.72980117705062, 51.61489077199896, 50.116984801779395, 54.67076033290865, 57.19550980863516, 56.36743221518271, 57.90983233180915, 63.17611778306564, 63.26460696248936, 65.43679727554873, 67.82411828190311, 70.05102790271596, 69.64967074983109, 71.0874845055101, 75.22771639864864, 74.55516667651061, 80.48559742024663, 75.06730902657556, 81.29643822500078, 82.88792695634537, 86.03501650511294, 85.5025555436847], "initialization_stats": 2, "final_stats": {"q": {"step": 2, "value": 36.73475801006163}, "c": {"step": 12, "value": 28.82989325169325}}}