{"initial_step": 2, "final_step": 50, "quantum_tts": [706.0421103347325, 684.3354835550939, 656.4444860812281, 608.9581941487108, 579.5715776856526, 561.4422548115593, 592.0819876561502, 507.5431394093263, 795.1517828389581, 487.03407498834355, 749.4844485099156, 698.9325648354493, 365.43391372181617, 365.34182713024023, 634.0131031015139, 347.7633872185597, 500.3073294258927, 349.3129506625436, 732.8438405861832, 372.26481925575456, 345.7884956840364, 355.2863602762439, 539.0432217291559, 345.31308537769405, 487.2881145695883, 781.8393297564133, 374.84184786259493, 462.9527779050897, 396.16356599607457, 416.0796168338151, 506.2188628314513, 444.6538905039181, 798.5219506019029, 408.25635786310045, 459.59650639744467], "classical_tts": [464.0399543545156, 391.26483250032464, 385.232156623042, 358.25778029962305, 295.84419378092775, 256.0874948580439, 240.86827914116654, 220.0545171159635, 191.12689541396531, 175.3465108000468, 166.3972194890103, 154.87060145903004, 141.87569909941683, 134.39671481899342, 124.86801264561593, 117.23235262752615, 111.58756878080149, 105.04926303252431, 101.93597205342374, 99.55042193933104, 93.54922727634559, 91.09232372340895, 89.08038501219019, 88.48381634457313, 87.94629589073534, 85.18614197506498, 84.28734801689703, 83.91621704409046, 83.35847949439618, 81.52431034814101, 84.4141106176838, 85.45720865041542, 85.26537244408654, 84.97859774203197, 83.74136355624026, 86.33113375633947, 88.36363027328677, 90.28926837645233, 89.60164858496566, 89.80340983839712, 93.98583907845419, 92.68934415133944, 95.36300604816404, 94.90753641520281, 100.41281127687944, 100.55522550845245, 101.7192454556789, 105.37123719797823], "initialization_stats": 2, "final_stats": {"q": {"step": 12, "value": 345.31308537769405}, "c": {"step": 31, "value": 81.52431034814101}}}