{"initial_step": 2, "final_step": 50, "quantum_tts": [217.56927490736334, 279.84050375114526, 369.3398328298556, 487.11403460072944, 311.1618434465885, 425.7068990209861, 445.65689817001595, 676.2920997761801, 1061.9439114075594, 684.3175850380612, 857.417521150982, 1053.3072999257165, 1310.8751001359667, 1055.8258985867994, 1459.3166260896905, 1401.3536082895325, 1239.9280287340396, 1797.82031086384, 1730.202151548452, 1454.8832079870879, 1530.7936104888377, 1505.576789000086, 1494.9689741978389, 1384.273883942412, 1542.1362289448602, 1399.08543576877, 1567.2314067109571, 2231.5431859869614, 3046.953144692888, 3480.613461990775, 4033.3271842940453, 4411.226296445121, 3805.850816266758, 3937.068745508657, 4061.7832494867866, 3316.9530166678396, 3789.1785928608915, 2777.059351934921, 2968.8593980965584, 2860.5952638593503, 3001.3381764144387, 3548.4157474842877, 3839.808159070475, 5010.294234824579, 4640.773481406915, 4227.683782245775, 3372.80479036025, 4048.679305344726], "classical_tts": [110.69176072787192, 107.47708332239038, 78.09390541347246, 74.46472495907736, 62.43725491001801, 54.32037821787345, 50.32917336880934, 44.4694198218466, 43.36087094065172, 38.477697421551724, 35.6325889404073, 34.246245632254166, 31.91971265261614, 31.08974426234933, 29.144877569788708, 28.25676156675579, 27.414309462688916, 25.740283286878867, 24.808356254709235, 24.169525710157206, 24.05604542174987, 22.574222679334294, 22.23013125376538, 21.14872706994612, 21.436334910037125, 20.89088281675217, 20.715575321455404, 20.785042224876193, 19.463303923130074, 20.45259399237847, 19.013870571014774, 19.108294329475303, 18.714942272421176, 17.86984033748731, 18.65321571712893, 17.869379982060508, 17.240440765075117, 15.879918786204318, 16.48825867705663, 17.647263473291613, 17.515033674013857, 16.52536841715576, 15.581240060065548, 14.400282307462984, 14.720288580962162, 17.414050517346627, 16.000000000190553, 14.843851787298098], "initialization_stats": {"phis_precision": [28.14390400773653], "psis_precision": [82.71654701448476], "phi_angles_psi4": [2.5582163491776195], "psi_angles_psi4": [-3.13370422391806], "phis_initial_rotation": [-1.467543125152588], "psis_initial_rotation": [2.6065053939819336]}, "final_stats": {"q": {"step": 2, "value": 217.56927490736334}, "c": {"step": 45, "value": 14.400282307462984}}}