{"initial_step": 2, "final_step": 50, "quantum_tts": [54.9363977906829, 79.11145201533333, 116.4295178483411, 164.24708066828998, 192.6952026829716, 196.57242272045983, 209.53179527284314, 255.13724082079347], "classical_tts": [23.099075993729723, 22.53568768473939, 23.257850938813295, 22.427976955538405, 20.637702317033906, 20.340467992841994, 19.102646146249135, 18.564789320266478, 18.848500393539865, 17.119513747050565, 17.274920689676883, 16.977133256890117, 17.201307462521942, 15.889012583334344, 16.05208991163375, 15.78436427634514, 16.08311169243828, 15.733578375354227, 15.372435736812704, 15.367373029737687, 15.706848891493753, 15.030931198974352, 13.989525502405586, 14.178678223718604, 14.477581881267907, 14.861865922216817, 14.779704686161667, 14.340275184884149, 13.921747047958029, 13.472227680000517, 13.6356615960941, 13.914591822518577, 14.634316051022312, 14.066864652263195, 13.83519216320017, 13.70893338599628, 12.666666666817521, 14.146005889455543, 11.104756749718076, 13.120257213466274, 13.440263486965453, 13.76026976046463, 12.215232424689884, 14.400282307462984, 14.720288580962162, 14.237980285775727, 3.6685507600990443, 13.603327018404643], "initialization_stats": {"phis_precision": [97.87613050782839, 96.58900228447146, 3.4070114791294737], "psis_precision": [77.84354933620135, 94.27332623664306, 95.3325746839738], "phi_angles_psi4": [-1.3857681938974296, -1.5709479245954774, 1.5707698410948936], "psi_angles_psi4": [-3.1351843511205786, 2.637464056281541, 2.6041865464583553], "phis_initial_rotation": [-1.4524915218353271, -1.4637882709503174, -1.463788390159607], "psis_initial_rotation": [2.4519355297088623, 2.4575552940368652, 2.457555055618286]}, "final_stats": {"q": {"step": 2, "value": 54.9363977906829}, "c": {"step": 48, "value": 3.6685507600990443}}}
