{"initial_step": 2, "final_step": 50, "quantum_tts": [1236.7067462162513, 940.0474224979773, 1214.3014079109048, 2316.3727917180477, 1457.0693843779875, 1316.1257554321237, 827.3000223719062, 1202.3627284302177, 1648.1307539425188, 2152.1201307065226, 3411.279847242642, 6481.416418145473, 5037.025091682778, 2279.400191147248, 2002.5545468309858, 2950.772683854195, 2746.484777324967, 1898.604124890384, 5661.76050344221, 8519.837107787944, 9585.085475208803, 3676.135057554096, 5739.883778266368, 3588.3466532329985, 2679.3876303905045, 3287.169309900597, 3156.3056805767146, 5114.1067732683305, 4841.907793620315, 4619.489181208617, 12259.727461768056, 5806.917427502838, 5388.562335330724, 3600.794008055402, 4321.761497759496, 8817.139150311008, 9041.598298632258, 9904.387516701492, 9965.029349395181, 5101.1612221027735, 5848.851688992952, 7059.422407256471, 5986.832143127528, 5933.450852086027, 6863.41397257957, 6120.147041981512, 3590.7328122611952, 3764.6931258691325], "classical_tts": [470.01880213284363, 375.04265840470475, 290.10135410012754, 223.30702020261458, 170.69052461428828, 142.7785414473987, 119.14355993452378, 100.10070753366968, 92.5543568702048, 81.4548289247449, 78.72603387595775, 71.58230338393321, 70.73895964492165, 70.69288307108256, 65.59132260841655, 67.40684426995023, 69.22216884474508, 66.12138601419554, 70.52701797027521, 73.45742235023512, 71.11433190730239, 76.90248696899198, 73.86675076817595, 77.7099080863099, 83.20771134844712, 83.6303038384942, 82.16031811444763, 84.6799112274587, 91.94328819378507, 95.07510893809815, 95.75546772738151, 98.81711081719735, 104.05552211149734, 101.84419846088305, 105.19324675070584, 107.21472864994243, 115.15632944405053, 118.77048668015371, 116.0693942976276, 120.05448059763543, 124.36540911122523, 126.52779150509083, 134.9453159121393, 134.5617288233151, 136.11447356532975, 137.91196254925137, 138.0287417779926, 144.48543814293083], "initialization_stats": {"phis_precision": [0.5177184031747273], "psis_precision": [26.496205382366433], "phi_angles_psi4": [1.5708577495949352], "psi_angles_psi4": [-1.534278440995215], "phis_initial_rotation": [-1.5544703006744385], "psis_initial_rotation": [2.4397170543670654]}, "final_stats": {"q": {"step": 8, "value": 827.3000223719062}, "c": {"step": 16, "value": 65.59132260841655}}}