{"initial_step": 2, "final_step": 10, "quantum_tts": [490.3993783824771, 1046.3507773157207, 906.4281054170764, 907.8077242211906, 1771.7630982051955, 1956.643053907263, 1716.5552286662466, 2107.1682070992642], "classical_tts": [338.81591629874043, 266.1021170205571, 273.4169865277182, 222.17254516230935, 192.1519697416655, 178.4256606875445, 162.3701458059705, 154.86255825813325], "initialization_stats": {"phis_precision": [16.578783820496156, 27.077263509611647], "psis_precision": [61.327486081546766, 71.43333162743019], "phi_angles_psi4": [-1.515288113221693, -1.5018352317513564], "psi_angles_psi4": [2.568302552522683, 3.023572617354488], "phis_initial_rotation": [1.1054666858088593, 2.490414743049546], "psis_initial_rotation": [-2.4999498984362862, 2.126124262386476]}, "final_stats": {"q": {"step": 2, "value": 490.3993783824771}, "c": {"step": 9, "value": 154.86255825813325}}}