{"initial_step": 2, "final_step": 50, "quantum_tts": [1805.2378339865295, 2084.5335809537723, 2310.773100749057, 2540.222195480849, 2769.442043303423, 2941.312783012898, 3006.232862123748, 2950.6813787061246, 2851.2348353661123, 2767.758483360631, 2717.557714988812, 2763.135842153596, 2909.7728407455825, 2987.926517307649, 2833.317896677559, 2886.5707383671274, 2951.0011163506647, 2918.450894746435, 2972.9905391568263, 2885.6407316535497, 2745.243603591087, 2793.8374775839325, 2630.376244071309], "classical_tts": [1672.303698461152, 1470.1978771917297, 1651.1820760675566, 1264.6265784299992, 1181.509798313305, 1214.1483839103194, 1239.6265604338246, 1009.8252458474919, 1044.071161040179, 966.1572036874403, 801.7810393030941, 806.4460972977179, 754.7373645863202, 711.6416144324719, 645.2123416525753, 652.9533712864127, 644.8624999343423, 616.5400010078368, 581.1222608815746, 552.8350753445089, 556.5502842634914, 498.70387394985573, 501.6356808213951, 470.37794343084187, 457.3786212939489, 452.0144131257598, 426.23823537522, 423.4901748084871, 432.6665976816514, 420.1326813216764, 398.0150184260478, 384.66421366374414, 382.9873125488893, 373.26962868222995, 373.4386679615058, 345.11715768160315, 348.5586087625214, 353.4266946902617, 347.742245354114, 337.8085943228137, 331.07070427355336, 326.98996598444523, 322.8043564040801, 319.71787737504644, 327.4337426665401, 330.4847215887531, 318.3602526498273, 315.46003553484775], "initialization_stats": {"phis_precision": [82.506901945736], "psis_precision": [40.98860419342638], "phi_angles_psi4": [-2.564113370113935], "psi_angles_psi4": [1.5004190792674215], "phis_initial_rotation": [-2.0145514867559187], "psis_initial_rotation": [-2.9288685524720526]}, "final_stats": {"q": {"step": 2, "value": 1805.2378339865295}, "c": {"step": 49, "value": 315.46003553484775}}}