{"initial_step": 2, "final_step": 50, "quantum_tts": [4790.380759429851, 7375.8212254908685, 6272.595235238856, 6678.668056524405, 6212.424606246982, 6070.36631012621, 5034.373728246546, 1643.0452700007827, 7468.001900831137, 1512.2139711213772, 5503.693800495221, 809.7405365257708, 1645.9375026829325, 5242.211705846447, 714.689560056201, 2087.697827602771, 1510.4846633554523, 1798.9650563632767, 841.5842014932051, 2154.075825504087, 1772.9642636463607, 440.56675703418443, 2309.8570554006164, 5194.186413506324, 1897.2997212026532, 2516.4668412941764, 7583.536046373505, 4373.46283048892], "classical_tts": [312.5751924504704, 282.8638898079082, 246.84306227424594, 215.06365169403813, 190.0211755203218, 152.5780968166884, 131.7297136262072, 120.08665502958085, 105.47246254631881, 97.51356113583677, 88.85981337245435, 78.85261494512909, 75.2679018232289, 70.6045240814558, 66.26175824517081, 61.564305051137985, 59.21609303047415, 55.22908176466943, 53.819709952958725, 51.19579032808409, 47.77898713629079, 47.378501440747925, 45.614521989478256, 44.13606762017252, 42.672925217220595, 42.09860355997104, 41.1695966521217, 39.778874489332246, 37.806638297089215, 37.939689732496056, 36.09805153591782, 35.59107086789918, 35.37679650220315, 34.29471381086727, 35.09734400517434, 34.746000372217274, 33.99655993517696, 32.50545525852964, 31.379906513879877, 31.434498457959094, 31.43562877176846, 31.40832257627909, 29.994668993912434, 30.509401380221316, 29.916714427460192, 29.456115716080443, 30.042460933743968, 28.325275836826503], "initialization_stats": 3, "final_stats": {"q": {"step": 2, "value": 440.56675703418443}, "c": {"step": 49, "value": 28.325275836826503}}}