{"initial_step": 2, "final_step": 25, "quantum_tts": [385.6388797585236, 430.86796617656347, 453.986349945008, 478.80162802953663, 501.17159172832885, 533.8220616168643, 562.1900831887498, 603.3605935170858, 638.9685799317907, 690.3813536402071, 742.6949185646312, 804.2123766660136, 878.1595437805985, 996.8836007214549, 1059.3906967057633, 1133.757331329777, 1268.7426420586082, 1470.3009530099025, 1750.3125683360427, 1872.8248312556425, 1873.805717783067, 2075.7180697126373, 2275.2729832638443], "classical_tts": [395.9779408496798, 358.9090906565357, 333.3677667727326, 301.7308161637019, 322.47387445352024, 294.5546993125463, 294.22691984942793, 275.8404633393438, 261.41935761198715, 240.2394482465726, 246.44278317418048, 230.44436335991253, 223.7274161173787, 219.3519960041183, 221.8629593186914, 209.82466367232738, 201.17206476391607, 204.24491418404347, 197.81710344084814, 194.67769812997022, 193.93720868095812, 186.46244419754544, 186.39975175372675], "initialization_stats": {"phis_precision": [97.94481093823089], "psis_precision": [96.0000754991755], "phi_angles_psi4": [-1.5018168587694598], "psi_angles_psi4": [2.581223687401196], "phis_initial_rotation": [-1.5663825273513794], "psis_initial_rotation": [2.4555623531341553]}, "final_stats": {"q": {"step": 2, "value": 385.6388797585236}, "c": {"step": 24, "value": 186.39975175372675}}}