{"initial_step": 2, "final_step": 10, "quantum_tts": [54.9363977906829, 79.11145201533323, 116.42951784834094, 164.24708066828998, 192.69520268297128, 196.57242272045983, 209.53179527284288, 255.13724082079347], "classical_tts": [22.244601674148818, 23.600554783301614, 22.065389794420934, 21.422333342813364, 21.568040795606368, 20.04541946421529, 18.38918991954933, 18.67936104713634], "initialization_stats": {"phis_precision": [97.18833520692284, 0.8058094134222205, 99.19553136859332], "psis_precision": [66.68404636182493, 81.16776960908577, 64.50075414589058], "phi_angles_psi4": [-1.5707710493948939, 1.5707952455948966, -1.570755405294885], "psi_angles_psi4": [-2.6205204667113717, 3.1391986187660397, -2.620377193467711], "phis_initial_rotation": [-1.4824399948120117, -1.5454821586608887, -1.5454822778701782], "psis_initial_rotation": [2.616013288497925, 2.5475666522979736, 2.5475664138793945]}, "final_stats": {"q": {"step": 2, "value": 54.9363977906829}, "c": {"step": 8, "value": 18.38918991954933}}}