{"initial_step": 2, "final_step": 50, "quantum_tts": [140.2593922730611, 204.95071366808668, 267.00564829706326, 332.78073754358496, 315.262460344607, 409.0106642184428, 389.6158595999928, 456.29260170433645, 579.6984054170683, 505.226390225245, 842.840793414882, 1073.7082472947648, 1160.8324867373356, 1276.5618237904528, 1297.713649470561, 1220.424531428529, 940.28978051462, 1101.1240292525551, 1444.1598375350645, 1320.6020926558078, 1928.315890079852, 1830.5121342928674, 1420.0724069282055, 1171.7554713084007, 1164.9103203770514, 1712.5760585089715, 1549.3528168790149, 1331.5833670101488, 1297.8837507334263, 1463.1964846197272, 1562.3687545964774, 1716.8213845210798, 1510.1188806532052, 1772.8131430407252, 2204.0992426707503, 2279.320162045801, 2231.0158700772704, 2004.0331063735466, 1970.3231384594403, 1333.3011369516687, 1511.9935767814518, 1617.721717569293, 1767.486331624784, 2276.138887212782, 1704.3757246767486, 2234.989500573983, 2017.9711425420937, 2214.9703074201843], "classical_tts": [82.95704158153355, 83.6627029998379, 75.91740634854176, 70.0788985488005, 61.74012573786486, 61.822515236891874, 54.68149157384875, 49.69229827529206, 44.92904359523465, 43.3488776150826, 43.104151858268736, 41.19092187209786, 38.38059612926468, 38.133980144429046, 37.004011190970424, 36.68207938522202, 36.10120110838442, 37.457642480937444, 35.74719363039697, 35.99838566813342, 36.14712637901079, 36.088107498538726, 35.65315005438731, 36.46408934598357, 37.0820995218367, 36.90258376146346, 36.7476301584409, 38.1541201528635, 37.69412392098922, 40.04935490758929, 38.94163076893528, 41.71113164627057, 40.32506275369225, 42.55507994825711, 42.81207915965212, 43.568184366241, 43.77574032592681, 45.71577915955132, 45.39912513423013, 48.36550226523792, 47.31167026398237, 49.764333188670854, 51.529973858505, 52.89258452956177, 53.334097208843865, 54.2936147757819, 54.17260863058776, 55.24907767896682], "initialization_stats": {"phis_precision": [73.65910217836522], "psis_precision": [8.082447746768029], "phi_angles_psi4": [-2.526347046736313], "psi_angles_psi4": [2.568298115398991], "phis_initial_rotation": [2.9293145495892015], "psis_initial_rotation": [-0.8272121228335001]}, "final_stats": {"q": {"step": 2, "value": 140.2593922730611}, "c": {"step": 24, "value": 35.65315005438731}}}