{"initial_step": 2, "final_step": 50, "quantum_tts": [139.84006871467352, 203.1573373528252, 228.82995472423832, 296.1192412216337, 391.2709298090916, 440.52118869074275, 461.3428882850811, 688.947762149553, 915.7173370077974, 763.3364368300334, 1009.065764101086, 1218.1706000697247, 1214.6210229442695, 1045.5832085221057, 1308.8258956635632, 879.2532454265884, 935.7520580207731, 1360.376184958898, 1391.1951930746366, 1049.6943971539056, 1046.587590429537, 2172.5737110163436, 2642.6000656791125, 3085.761635970995, 2435.7549763201205, 2481.2524027678114, 2559.5855273923667, 2139.429711331617, 2201.5032927560615, 2069.5853789817643, 1958.170887318611, 1618.6316533793643, 1521.2703602603947, 2613.403110687352, 3139.6598773174746, 3187.4668809072778, 3514.0860059524466, 3467.839572078338, 3399.566432975086, 3545.184984705174, 2887.889715679626, 2999.0664874367076, 2778.118647566546, 3474.76540741008, 3584.836308267695, 2713.807675200588, 3257.3041111896932, 4516.530158896041], "classical_tts": [69.9101008370334, 80.73779532500362, 77.35549559184716, 75.46064896216566, 67.33333298243195, 69.8745768305124, 70.74232877214261, 74.17504227746197, 76.98890561429548, 76.61595542052157, 74.82936300833603, 76.95473594322146, 77.15869894240701, 84.7385255742499, 88.42228374376249, 84.35803454055763, 91.42418533849425, 91.67308555911708, 99.9286804958297, 105.55974630846555, 107.87153306249559, 111.16030098164111, 121.05720419753285, 119.40980714965512, 124.70933847087858, 127.5661858582466, 134.9831962671804, 133.8672781915276, 147.09754508522127, 142.86358488823612, 153.74711650117598, 148.99295104913068, 156.30216596734311, 160.76684706398547, 164.81696028415334, 168.5628703191046, 184.59089225978994, 188.33003586440245, 190.41551224448705, 182.4218807331779, 191.65580261453803, 198.32913796451444, 203.276711814015, 208.75758889035293, 214.6380021859406, 222.24522142131013, 215.83514342868276, 229.20638733922107], "initialization_stats": {"phis_precision": [71.51474435879605], "psis_precision": [2.9834671908553934], "phi_angles_psi4": [-2.5265435207424933], "psi_angles_psi4": [1.5130992354923083], "phis_initial_rotation": [2.8617510878567574], "psis_initial_rotation": [-1.5347650320073098]}, "final_stats": {"q": {"step": 2, "value": 139.84006871467352}, "c": {"step": 6, "value": 67.33333298243195}}}