{"initial_step": 2, "final_step": 50, "quantum_tts": [149.80428513407793, 207.04205323225784, 353.2787531123192, 634.2544297640208, 709.124121553723, 564.1525733529282, 539.4275611107698, 717.4929395198449, 1219.7574166861605, 1565.4973883078808, 1147.7202199343174, 903.7597124866834, 993.0520871480667, 1478.9182536141625, 2119.8344110351636, 1790.5543793829852, 1330.920156117043, 1306.2387515181272, 1795.61573033978, 2861.9405893799653, 2889.5531192603266, 1983.4711910255955, 1648.491045513571, 1916.5060161457109, 2862.600341853467, 3550.9416542888284, 2681.419470171344, 2050.0400108482995, 2136.588478167371, 3082.6194843956027, 4612.520716764319, 3907.092949170996, 2647.6091957484705, 2353.848143184901, 2957.952241377029, 4474.803889265087, 4713.810667840532, 3306.1233146468035, 2705.571208547987, 3116.4892160001527, 4786.889558493196, 6261.562944668561, 4563.594058319761, 3272.183509891875, 3214.858302798066, 4343.320673237559, 6230.293622821489, 5589.447170486686], "classical_tts": [88.41969786469464, 68.2567614727357, 58.79423149241169, 45.98065481282548, 42.27907500574872, 36.72446150658002, 32.040435500284765, 30.02711822678163, 26.762323587782326, 25.666012738374175, 23.624912207093118, 22.604042624983233, 21.853184469202557, 21.6270779596203, 20.550080386344746, 19.113788312168246, 19.3556268085303, 18.62751255316142, 18.210469735785647, 17.69036836318853, 17.520010403955354, 17.1691901812419, 17.72412324669481, 16.09951334689188, 16.8681967333794, 15.992928624087806, 15.708133404546107, 15.96274487941806, 16.045644668831162, 15.241966708824046, 14.74181398555793, 14.852496150237911, 15.302571791154213, 15.21057963871026, 16.460253236620915, 13.97377283491237, 15.062158683316513, 16.263959840155724, 16.48825867705663, 14.871442088914803, 15.862120515305934, 13.026237282730984, 14.080276033963807, 14.400282307462984, 12.770470262175788, 15.66666666685325, 3.6685507600990443, 16.333333333527857], "initialization_stats": {"phis_precision": [19.24025638209268, 95.97360151061625, 76.6856841270967], "psis_precision": [43.026977813591394, 82.21866112602434, 20.166587318536568], "phi_angles_psi4": [-1.5708764784949825, -2.5625475142359893, -2.5307221416786176], "psi_angles_psi4": [2.5812911860139165, 2.604221159834326, 3.023425797416132], "phis_initial_rotation": [0.9662656940631456, -2.436054475089259, -1.7982813069807693], "psis_initial_rotation": [-1.912033841629374, 2.045603924059601, -0.7517188818525771]}, "final_stats": {"q": {"step": 2, "value": 149.80428513407793}, "c": {"step": 48, "value": 3.6685507600990443}}}
