{"initial_step": 2, "final_step": 25, "quantum_tts": [1874.920956973, 2205.548608253058, 2457.375381748425, 2652.6560793105045, 2813.234153017125, 2946.093206374027, 3055.036354656681, 3122.289741434151, 3271.9448648177777, 3424.944886550668, 3426.119531525138, 3434.400398855723, 3615.9955514753788, 3838.638231274242, 3458.1360959134954, 3385.4697181661563, 3660.9555576258335, 3711.246773934685, 4174.349564924279, 4446.819128963686, 4050.2695644820133, 3864.3699611835114, 3782.997223910702], "classical_tts": [1387.9361977255955, 1413.518751065938, 1514.6215640771684, 1273.448804046633, 1194.4276723392798, 1015.2907813395312, 1074.332794957107, 961.9538133559738, 984.1546537479403, 887.8421826423317, 879.2360440615246, 787.1790459249054, 797.3049360117349, 691.0744894003589, 694.1875940311063, 642.9841044875496, 625.3875260730099, 626.0057375381008, 588.1485740447799, 575.227263832637, 550.7484569741662, 529.814622639895, 520.7274468244941], "initialization_stats": {"phis_precision": [42.723667017878896], "psis_precision": [72.46732226176266], "phi_angles_psi4": [-1.4946228033161004], "psi_angles_psi4": [1.5243986496296744], "phis_initial_rotation": [2.9891734346515415], "psis_initial_rotation": [2.389363230790691]}, "final_stats": {"q": {"step": 2, "value": 1874.920956973}, "c": {"step": 24, "value": 520.7274468244941}}}