{"initial_step": 2, "final_step": 50, "quantum_tts": [2666.288363193199, 1398.5879169650227, 534.0574756641594, 475.5880525441581, 567.3413204212663, 328.59255473913413, 893.5638426678514, 193.5260202708456, 165.328703760937, 277.3142464549547, 1950.031077774076, 288.4003723118905, 683.7884010763718, 1304.5571806859443, 220.42220309266438, 232.67386031086568, 551.7620013940965, 852.8662621428026, 515.4855322686366, 1596.1667131265076, 273.8285704890954, 646.765895335034, 195.51740557590546, 289.77497021447806, 583.0816343532142, 409.4891659085398, 576.1366964167763, 228.7643384972396, 688.9867771953886, 361.5027405689636, 732.3401989789927, 776.7540672664919, 788.1450322519486, 852.8983351093549, 282.66095178205325, 519.3899300886796, 1050.4121437329934, 996.8659492945947], "classical_tts": [148.67471450248217, 175.94573769591517, 124.15384528080571, 115.3364735995026, 104.8070091616608, 95.70255726099911, 97.4411816872964, 96.64277467355927, 88.53818171466288, 92.40314189678924, 93.22631056525448, 85.63285939957082, 96.49384267764108, 94.18160759050824, 98.32400737944157, 100.06314462058202, 101.68623068909989, 105.86718651368963, 108.83838424578767, 112.34774525303273, 116.24001839788647, 115.61305548070035, 128.2828082718093, 131.27474553044735, 133.09476423222824, 138.3343267262843, 138.8236651941085, 148.0645152098953, 146.10077996577053, 153.0415804493332, 155.7087044320543, 162.22141738946695, 166.14424971104916, 170.74050139526258, 193.8063743608174, 188.58154829882483, 186.00668279190805, 199.816249715744, 189.9375100706614, 207.34347463067297, 204.54109195207874, 200.14131744378437, 218.9008271952197, 233.1937015809187, 221.1977780659861, 241.22468429501552, 242.3238522312061, 243.56688196297782], "initialization_stats": 2, "final_stats": {"q": {"step": 7, "value": 165.328703760937}, "c": {"step": 13, "value": 85.63285939957082}}}