{"initial_step": 2, "final_step": 50, "quantum_tts": [523.5753367716571, 1098.38738661867, 800.3326069524148, 689.3301685182097, 1602.3418861879532, 2200.699256283214, 1772.5251644522887, 2537.559061890973, 2838.179021426981, 2214.3839314174934, 1696.4951621492617, 2337.8463434169134, 2548.1995580623015, 1636.0476294407608, 1915.606948723614, 4259.426223496379, 4958.454422023442, 4336.382155300263, 6161.528816885926, 5838.890753337067, 4667.9023222161295, 3497.2614647086416, 4839.327338890258, 4517.628942088336, 3093.654066234946, 4432.740713141613, 6632.267421501155, 5343.810800274556, 4893.410926426491, 5178.313640813041, 4450.8864105172715, 3544.1585502997946, 3404.806151328932, 3926.964687228228, 3828.18188239954, 3762.11474777261, 5714.4899711073185, 6452.9011171731845, 6744.272288502875, 7094.925724147674, 8069.166502267448, 7361.038118015286, 4716.32686824487, 5397.386915589435, 6954.276088851872, 5786.043044984197, 5725.679839712448, 7300.356100074841], "classical_tts": [362.45849437902797, 255.97679589768427, 222.77891047448747, 185.66721739725082, 134.8537585241777, 137.81420831925206, 103.78825953633522, 91.39508194505305, 84.8670552579864, 73.87776379061839, 67.29371649094423, 63.069338364531546, 55.76864072804487, 50.390156056331215, 49.175018002370855, 47.073611806045776, 43.971808873375736, 42.38752159530307, 39.61944087784789, 39.636843935474005, 37.39078317708351, 36.2483285616617, 35.47723853790104, 34.64848768369536, 33.92619711466789, 32.38217782558366, 31.362357383121186, 30.982566603056625, 30.617057138224904, 29.967744597120497, 29.154807713877513, 28.784411315416413, 28.64154877846681, 28.389639076881622, 27.854510422302184, 27.075847719023805, 27.961285103391862, 27.013969353476334, 27.029874057058215, 27.396348467850576, 25.893054218149018, 26.284931887141845, 24.546718665563553, 25.475984522032935, 25.270495706330912, 25.083975153869538, 25.39342936434965, 24.89089235124105], "initialization_stats": {"phis_precision": [34.179478757084716, 60.7126629653941], "psis_precision": [52.86578604725043, 84.87806198490237], "phi_angles_psi4": [-1.5706998662947471, -2.5417641924632437], "psi_angles_psi4": [2.0233704221250455, 2.6041066333872416], "phis_initial_rotation": [0.4971127936271884, 2.5071730206461016], "psis_initial_rotation": [0.54260541925817, 2.129036939624532]}, "final_stats": {"q": {"step": 2, "value": 523.5753367716571}, "c": {"step": 44, "value": 24.546718665563553}}}