{"initial_step": 2, "final_step": 50, "quantum_tts": [702.6475350478879, 795.4457273022147, 827.5660314697034, 805.5184043461337, 759.5766336525755, 711.1987150003897, 589.4388937059798, 574.2871511133009, 534.0706219262701, 449.3603554737185, 380.11254567724365, 341.3304996803438, 289.5690497802494, 252.70779251820449, 234.41123775956652, 232.23095864282163, 232.637312785602, 234.24011107830304, 246.46599919928616, 255.18036970332963, 275.38912955205603, 308.11242634537086, 351.3821089086558, 408.5058025900966, 468.8353986822717, 537.9812433364306, 662.8737132619468, 821.317262275783, 1019.5524483644926, 1287.5087130374181, 2029.9658306692154, 2601.1436216278935, 3247.9381035150286, 4677.354815183287, 4943.028054348784, 7051.854286606068, 6933.341888218214, 7251.9617390143085, 10703.00154777326, 13839.64871657186, 31740.270023353223, 105789.42046612661, 131775.3672698521, 81747.42230468715, 19154.443025751563, 14445.133713018353, 20025.67828155587, 21333.302282767287], "classical_tts": [679.9422506797889, 435.1246205740848, 402.46413244820525, 384.4834690582536, 294.19372483000484, 264.46959475040035, 250.58060945344553, 225.30618694396958, 207.82972179966652, 188.07094267229755, 172.03906914018322, 168.7978821275087, 147.55633938194046, 136.71320198763502, 131.63305289835813, 127.49025992344315, 120.33410362681104, 118.24810595690143, 113.82299613738539, 117.44039176763908, 105.87945506912263, 106.47796061638675, 106.87014364322651, 109.62736512346993, 106.33674069573618, 104.86607778990596, 107.39309147843817, 105.84469407175197, 109.94424585705332, 106.43392839891965, 110.91503797390686, 111.62414478439486, 111.05189336075388, 115.76568650346073, 119.7621052787839, 121.32884286646802, 124.0722938778279, 128.8567565434922, 128.9755024179575, 128.12314996408443, 136.98502657122637, 134.23027405081967, 132.5911697570337, 143.96198252733484, 146.95135539671764, 144.19699054098902, 151.49585677431216, 154.98223011293445], "initialization_stats": {"phis_precision": [32.37970527085845], "psis_precision": [58.71821685110648], "phi_angles_psi4": [2.5801230429979163], "psi_angles_psi4": [-2.6017795753816184], "phis_initial_rotation": [-1.5787080526351929], "psis_initial_rotation": [2.38450026512146]}, "final_stats": {"q": {"step": 17, "value": 232.23095864282163}, "c": {"step": 27, "value": 104.86607778990596}}}