{"initial_step": 2, "final_step": 50, "quantum_tts": [171.93158072340597, 344.60431575429504, 297.34714652043755, 260.3666935899759, 569.6163700910517, 928.1011795750139, 843.6418025942622, 1173.1037175443048, 1277.2278092521653, 1027.6196789508504, 695.5200324396787, 1013.8153736192019, 1179.60082399693, 787.6063309676963, 1065.2511943100415, 1562.7449221149184, 2042.9541209360611, 2090.303231421773, 1811.201132410502, 1709.7298021708648, 1826.629938187335, 1659.7439948558824, 1798.396906360953, 2079.3295021077265, 1842.355098111004, 1755.6412682515677, 1701.3179158155076, 2368.963328114342, 1990.0824164266862, 1518.6003379408303, 2026.5832915177568, 2178.216566432092, 1918.911397977531, 2162.9139538177965, 2682.2762649699744, 2660.873823455423, 3157.9328294011407, 3331.155172827571, 3426.8085848827905, 3435.496312897033, 4011.143353875243, 4050.5196895188415, 2637.7156758882074, 3378.614160201007, 4058.719731417608, 3120.7646415865306, 3585.6194503135453, 3918.934245673919], "classical_tts": [120.07924728625983, 113.34411203588586, 101.95752039288257, 91.89768785861065, 81.81513078286525, 71.23282053346517, 64.32933376906261, 57.154191568402666, 51.95750634343138, 47.98464289389966, 46.53610888424263, 44.261490482793114, 41.542262079118785, 39.70502059864, 38.47909727383508, 36.29675365848651, 34.85584280624209, 33.662021034485484, 32.70650438239171, 31.517292549594064, 30.89027441451163, 30.509203608954756, 30.33536847000093, 29.025801182594975, 29.34349634155173, 27.48245489176989, 27.93917866400642, 27.168836312708006, 27.821222045267618, 26.114353298013857, 26.479439638949536, 25.512263487558453, 25.559712892784873, 25.635938045074962, 24.93597171090123, 24.35372742244944, 24.863550780142152, 24.540297822959854, 24.34543347477824, 23.70074100632422, 23.734833375163305, 24.033804254110656, 24.59272993443881, 23.964416079157157, 23.891556660090817, 23.996642738813204, 23.323706426718196, 22.573402665248302], "initialization_stats": {"phis_precision": [89.90148662358723, 76.94781002732414], "psis_precision": [66.04625013601935, 70.1634567693003], "phi_angles_psi4": [-1.5707040711947657, -1.9921571567494418], "psi_angles_psi4": [-2.640311092556928, 3.119238383100443], "phis_initial_rotation": [-1.2534499168395996, -1.267951250076294], "psis_initial_rotation": [2.576185703277588, 2.1818957328796387]}, "final_stats": {"q": {"step": 2, "value": 171.93158072340597}, "c": {"step": 49, "value": 22.573402665248302}}}