{"initial_step": 2, "final_step": 50, "quantum_tts": [4276.465263264679, 4726.960055642045, 5102.5799603540745, 3819.0096203602006, 2936.386719535748, 2805.614175454461, 4644.093363170049, 921.3117492825394, 4070.1472832010027, 1962.5805405934366, 4963.67675077885, 854.902086936134, 2116.1397330433288, 4370.31888236402, 1031.1982869002475, 3141.513651082927, 1595.0423183806417, 1193.944641956868, 600.6843590751324, 3285.698445603324, 1940.4655215784492, 312.204857866676, 2621.187560526435, 2760.273656397084, 1693.6569105975436, 2163.0745085250787, 2880.8299637675527, 5049.336528921944], "classical_tts": [250.02843893646983, 233.70525483129805, 229.27740440731534, 211.41630278857048, 201.54934219895733, 201.8414649837381, 184.79403989089866, 190.15980218682512, 182.76155326836007, 190.29212397256924, 190.33523246759435, 187.2308823435522, 190.73479547722053, 200.4895287601232, 204.4767233127085, 209.57080437394433, 232.15605154765808, 215.8016537435743, 228.02026573511895, 238.87834508574275, 237.43783576398366, 252.80518739296892, 260.53373957830064, 261.07493529546997, 273.0608987569578, 272.86355385984933, 281.4174370980358, 280.6378631305454, 308.2697837672805, 322.8199986394211, 301.99790718275483, 334.6523439604692, 349.86071251458384, 350.56870811836563, 355.7091521140425, 375.99535082806096, 376.74586026590123, 408.43120525824423, 401.47392582999726, 399.1563893941665, 398.979086128663, 431.58447026724707, 455.94412596599517, 452.2780239075575, 451.15377934630385, 482.6191264780903, 462.0390155425124, 492.48051492156264], "initialization_stats": 3, "final_stats": {"q": {"step": 2, "value": 312.204857866676}, "c": {"step": 10, "value": 182.76155326836007}}}