{"initial_step": 2, "final_step": 10, "quantum_tts": [11473.227981751597, 17718.099057031162, 24710.246410219526, 27007.406759688572, 37059.366710503054, 41998.55773254238, 40481.03854150151, 49804.75648133912], "classical_tts": [3980.546861507352, 5020.367351380106, 3504.0939064894565, 2941.548701264923, 2203.566715841306, 1847.2495950780108, 1435.5292359021337, 1167.4842796781295], "initialization_stats": {"phis_precision": [46.82850064390717, 91.21409458921677, 80.35040783993455], "psis_precision": [84.75158033020817, 36.67898835774991, 9.88173654568637], "phi_angles_psi4": [-1.5708764784949825, -2.5625475142359893, -2.5307221416786176], "psi_angles_psi4": [2.5812911860139165, 2.604221159834326, 3.023425797416132], "phis_initial_rotation": [3.041876911110047, -2.286530155299475, 3.1351530217399963], "psis_initial_rotation": [3.0603344181486376, 0.614932909902659, 0.19227705319271937]}, "final_stats": {"q": {"step": 2, "value": 11473.227981751597}, "c": {"step": 9, "value": 1167.4842796781295}}}