{"initial_step": 2, "final_step": 50, "quantum_tts": [902.1184277415647, 871.8461775319128, 400.9099269739099, 383.89056876683026, 453.8448415416957, 362.374236723814, 755.7558879728766, 405.0809803151252, 399.00741502412717, 368.4388661777808, 891.869679220878, 354.7213202860511, 517.9845098806172, 785.8657606321752, 392.8726990481267, 419.8085612618773, 464.6590772103246, 697.353096226122, 475.5535844160639, 828.8922871454682, 347.81845943034574, 503.3749006409792, 370.96743955806573, 360.3934953012945, 428.69907516060323, 358.8261977559674, 474.1755642366976, 359.1815875415652, 635.3459368785335, 360.02135079602255, 534.4800215289422, 590.6783843477841, 663.3150672882645, 725.1658527651385, 378.2005659333374, 496.3955092766426, 758.1201449101598, 763.5972666221242], "classical_tts": [389.62225651824116, 377.65312575132515, 346.2445226856151, 326.7129921621563, 286.2040049999813, 256.63024255973835, 221.64241869920323, 212.0012982428074, 199.75481183930836, 173.2658441292279, 161.64483901006582, 152.3562098011064, 142.36701558179763, 131.331409301019, 119.13276699106771, 116.98764039575855, 107.57093211468322, 105.24081244771912, 101.89167501011991, 94.81369612217837, 89.94217326815333, 89.87791445746913, 86.56032830886694, 88.02920541379378, 83.26710603715041, 82.11000643297788, 81.47535876870487, 83.24754761680104, 82.98508571911842, 79.51319724021263, 81.8820751134246, 81.66484963540401, 83.48306397225578, 81.3322619220412, 81.05367524497031, 83.58876797370019, 88.21362838450534, 85.24855063913768, 87.94154845499861, 87.47958482978044, 87.73791001045961, 90.44223006686397, 91.04087428905149, 93.78045656012347, 95.70088517825006, 94.91316969503221, 97.69958541755062, 98.71478817771309], "initialization_stats": 2, "final_stats": {"q": {"step": 12, "value": 347.81845943034574}, "c": {"step": 31, "value": 79.51319724021263}}}