{"initial_step": 2, "final_step": 50, "quantum_tts": [5078.713608101121, 3993.324272063985, 1797.9696509217526, 1769.596685330095, 2106.2874010728656, 2068.5341648224316, 5629.138905255418, 1182.3537015902461, 1209.8513691925575, 1684.8318887787282, 3623.463299657687, 1290.6627391022255, 3915.8495365972494, 4387.133106060795, 961.2791983859224, 1252.236552354467, 3232.6278357696256, 5508.714459284242, 3291.8998040110932, 4056.2097696183064, 1309.9173414016304, 3822.344235864231, 1203.3065743224033, 1564.0452837239457, 2229.7023510935855, 2135.488769449367, 2320.58991789883, 1105.8753276818534, 4884.786041441708, 2147.068175979905, 3762.7620793461992, 3961.124296157059, 5721.265895849124, 4627.983039774346, 1234.6393255798878, 3364.121212628214, 4787.581626459832, 4761.528682872999], "classical_tts": [1021.0668365132741, 1378.0942927071233, 1095.1305086701739, 1065.2029784837523, 788.2093635946565, 681.4533819655967, 594.6988580099287, 387.1145730492686, 330.10984369483197, 293.70066050200296, 273.7752749934057, 245.30434365937512, 243.49564928805023, 242.25474243881106, 215.15306973131325, 218.34435850847157, 217.67663875582153, 216.9478529350413, 230.63768326780817, 226.97437443052033, 230.23399568104264, 241.8972644046151, 238.59249698480625, 237.80004160570783, 244.7329747146411, 251.51616242992486, 253.420713916281, 275.8480482626211, 274.6503604459013, 290.46933018496196, 297.90032114047096, 296.6051136388671, 312.0679487395139, 306.62952311184216, 327.9027973304216, 317.649696248406, 335.8168875683848, 331.5825105518623, 351.08508746111943, 369.2074626506614, 369.0965127429793, 365.5909731725661, 384.2880978918521, 391.8123764900507, 404.75035278022517, 421.63998391773265, 427.3794000580598, 440.69144422627613], "initialization_stats": 2, "final_stats": {"q": {"step": 2, "value": 961.2791983859224}, "c": {"step": 16, "value": 215.15306973131325}}}