{"initial_step": 2, "final_step": 10, "quantum_tts": [514.088210796062, 907.878625992641, 1075.3624706210453, 980.6777645041816, 1432.2672261127873, 2131.7277971160834, 2120.870632789799, 2351.4405500601374], "classical_tts": [300.2899812669725, 304.399589842245, 325.41889833179226, 283.1563842423695, 247.3986915587529, 232.30420401153268, 208.8926621713211, 185.06287418190615], "initialization_stats": {"phis_precision": [91.96913950617002, 91.225294602441, 75.9267186270516], "psis_precision": [71.88125953020399, 93.6304867777974, 95.335476241104], "phi_angles_psi4": [-1.5706602347944765, -1.5320728039943232, -2.5640227432287306], "psi_angles_psi4": [1.5130337035222294, 2.6041909876899587, 2.550627163966238], "phis_initial_rotation": [-1.822957158088684, -1.8077383041381836, -1.8077383041381836], "psis_initial_rotation": [2.3964099884033203, 2.4040868282318115, 2.4040868282318115]}, "final_stats": {"q": {"step": 2, "value": 514.088210796062}, "c": {"step": 9, "value": 185.06287418190615}}}