{"initial_step": 2, "final_step": 50, "quantum_tts": [1321.1794730395081, 1071.0865042419873, 846.20306951824, 1397.7901131599826, 789.6542932266153, 1075.9546947313313, 1059.8272211010476, 304.20991939618796, 1031.4628238851433, 422.7867304473093, 924.473675955528, 161.30469699987103, 422.72109018154157, 1012.8144845638244, 168.00565204114724, 533.105777035017, 524.0915235363254, 429.5637036796199, 166.3834564463384, 524.7161626811029, 586.7104476528862, 86.0429927994319, 608.3827648341248, 1007.4993833928514, 451.29307842797846, 513.8807327805533, 990.4915653476502, 892.738518086087], "classical_tts": [68.52039662979911, 71.88241164797716, 71.81014493775093, 66.94524054019611, 64.15035312972658, 63.75887725869309, 58.40494470718302, 55.79378439040074, 51.86632159419603, 51.09302480950098, 48.4904511498065, 47.377024902553934, 44.233432391066955, 42.9097321859694, 41.789799537242104, 40.57932353936854, 39.573696804749375, 38.712505390699846, 37.91998470812303, 36.917407405159445, 35.04420007755608, 35.09509949076322, 34.68361232993691, 34.26477117798426, 34.02446412756051, 33.563460112997376, 33.000307880656784, 32.34354845197936, 32.787704160061196, 31.838267801972115, 31.599664851140524, 30.861149160069935, 31.24492253589717, 30.58964348762634, 30.411603310479705, 30.214647930521146, 29.036505258401395, 29.164500584820672, 29.026624512608276, 29.09998585061777, 27.114590266356522, 28.50252431229879, 28.19306832789042, 27.22866659223997, 26.85726310603662, 27.077278777936908, 27.747208983013717, 27.64057431509677], "initialization_stats": 3, "final_stats": {"q": {"step": 2, "value": 86.0429927994319}, "c": {"step": 46, "value": 26.85726310603662}}}