{"initial_step": 2, "final_step": 50, "quantum_tts": [2794.69859770003, 3095.6808645137608, 3724.798714444961, 2545.935396192447, 2238.4551546637895, 1739.4098686439759, 2468.091338855212, 955.4638571096853, 2836.8199965782114, 1742.3151252361847, 3164.143869955854, 877.0516105375348, 2433.760155470876, 2399.5925751707227, 1362.4422135421019, 3092.82665996609, 1360.0634217131274, 1358.7937219410042, 792.6525732431455, 2387.219095914405, 1719.6723599585332, 356.25017235997376, 1774.6218332301107, 1754.2206196747177, 1243.3073858096595, 1439.9851993872032, 2007.1214664329186, 2502.1421977564546], "classical_tts": [285.51436167903506, 260.9425691658367, 240.97457124932052, 217.74476302829797, 217.20580488047938, 196.5050226792349, 187.91557442580023, 170.22002483610794, 165.17145074086199, 166.3308549216203, 163.91754059895533, 166.69108179414764, 169.30405236563897, 166.83451255612295, 160.47957393579782, 171.44850476115977, 172.0076201059363, 175.8532780533987, 181.01479565448642, 178.86905891159626, 178.25115554035227, 179.59996340846695, 183.22230635866197, 194.11136240623745, 193.37772658274815, 195.4156892914196, 207.68128434684553, 216.7632323898673, 213.77201698559458, 218.5577949911647, 216.91973033968927, 229.00375574162146, 233.97528079151706, 238.6112317300067, 250.21623590201855, 257.708213687224, 258.79505064057014, 267.6844014818736, 268.2329303788186, 273.8138321588634, 278.7782492480547, 281.95896761593275, 297.0355863264382, 292.5543386017312, 288.3979326736094, 327.18688438923454, 312.84430206546597, 323.2617789642045], "initialization_stats": 3, "final_stats": {"q": {"step": 2, "value": 356.25017235997376}, "c": {"step": 16, "value": 160.47957393579782}}}