{"initial_step": 2, "final_step": 25, "quantum_tts": [776.6065168396174, 1214.7508129472649, 1274.1653000710126, 1632.3899007829343, 1698.8872651791853, 2057.050043072058, 2169.427202798122, 2343.446180709445, 2642.8914540881224, 2823.647515453017, 2933.0612205696143, 3165.2328545559, 3245.10154403417, 3483.470156089509, 3218.2373145309484, 3284.5142919725913, 3723.2556229227384, 3784.149415979951, 3801.933436118504, 4025.470255473175, 4241.139882024301, 4516.729271917612, 4555.4375619284], "classical_tts": [433.6857834897869, 496.64709532266386, 491.56040146020393, 504.4898074732554, 479.9493447463793, 495.5877577108406, 465.3358060747569, 475.739468427695, 414.7852079076677, 434.5140515232922, 394.2376525866686, 388.32677967088347, 376.47678614648055, 366.49027193427884, 376.6256520938739, 351.75836548788345, 337.11503946781505, 346.4670335320679, 327.9751833504696, 328.8267729610447, 317.580504353375, 316.9551452297669, 295.8646649985228], "initialization_stats": {"phis_precision": [68.98349987804396], "psis_precision": [96.16333051642177], "phi_angles_psi4": [-2.526347046736313], "psi_angles_psi4": [2.568298115398991], "phis_initial_rotation": [-1.5519349575042725], "psis_initial_rotation": [2.447765588760376]}, "final_stats": {"q": {"step": 2, "value": 776.6065168396174}, "c": {"step": 24, "value": 295.8646649985228}}}