{"initial_step": 2, "final_step": 50, "quantum_tts": [503.0851207990618, 1057.8450842068798, 761.467363151631, 634.380005769231, 1385.487425590924, 2087.1754686985228, 1773.5900749079528, 2486.885774164157, 2744.3819140322967, 2125.105816971097, 1562.0363694577784, 2072.8646093742873, 2436.088400212235, 1766.7983537853543, 2113.5190386123068, 4159.842249694215, 4704.188747534603, 4721.813024254889, 5866.556673242884, 4578.737695865486, 4714.1184251658215, 4089.4951022705895, 4247.959530020546, 4268.873685270304, 3869.114779350775, 4928.142381552902, 5622.295460476719, 5735.692702192152, 5748.822449255476, 5421.645916450896, 4704.480750407604, 4332.099191460472, 4092.322211374867, 4027.606713892547, 4459.182599011561, 4879.668028771209, 6926.885264317099, 8070.804126196269, 8875.38477816536, 9537.806799856173, 10590.154360956532, 9906.286678324015, 6487.338755150508, 7080.161590909262, 9110.121108807725, 7755.503762663223, 7367.981794176123, 9260.995124042973], "classical_tts": [355.3755631157407, 259.68339201421134, 217.9688124521091, 190.5681031740329, 151.78644116276533, 132.85546110994807, 118.25032294935568, 98.34455397052682, 86.74876227878102, 79.48498171816084, 74.71955769454685, 66.95527784322245, 59.015033993338655, 56.625067430598726, 53.768958040524346, 48.344899701038315, 48.23841543109433, 45.74057463666642, 44.80082429248283, 44.29018366042797, 41.236874077030976, 39.32848111068059, 39.41894692766029, 38.7061877182532, 37.22648509914681, 36.902583761448604, 35.48136527397859, 34.672760542546996, 34.35243589675327, 33.66569139358871, 33.31300265681905, 32.280897975063176, 32.6434813264795, 31.01261446140239, 30.70866091913147, 29.989306629614518, 30.660267366607684, 29.649248884532078, 29.108410406964328, 29.21470368359091, 28.755104876339903, 28.235997208062074, 28.19306832789042, 27.858804645678738, 29.1738573818075, 28.396788827098632, 27.12552385732949, 26.758293183230748], "initialization_stats": 3, "final_stats": {"q": {"step": 2, "value": 503.0851207990618}, "c": {"step": 49, "value": 26.758293183230748}}}