{"initial_step": 2, "final_step": 25, "quantum_tts": [608.4927927405118, 795.1391964601645, 908.0427520614267, 1044.9478702486256, 1114.7674938991793, 1216.6756240279663, 1260.171857376898, 1323.3151552616937, 1397.86983018362, 1495.4589734051742, 1514.7588218897863, 1568.6948549558556, 1654.8673885770231, 1731.2841296246454, 1716.1375873389838, 1777.9984630220877, 1897.6289100824692, 1939.2418614743158, 2050.3501491710167, 2111.738183118019, 2080.036627559491, 2128.474885130368, 2178.3697839307633], "classical_tts": [485.6588287593796, 485.58255493361554, 491.56040146020393, 460.5659027498337, 457.44438398910415, 433.48267201339644, 395.012854015267, 391.9405734509363, 347.43751448500547, 355.5990694605289, 315.41375531858444, 311.4904504745792, 293.3639889718655, 283.0434734531403, 289.000994243556, 273.72490630801786, 264.204144174091, 266.4192626202253, 250.79566123807908, 239.7844690334767, 246.24407636343972, 245.46782042093443, 240.47224385519428], "initialization_stats": {"phis_precision": [98.85281965935934], "psis_precision": [71.90116603243943], "phi_angles_psi4": [-1.4946228033161004], "psi_angles_psi4": [1.5243986496296744], "phis_initial_rotation": [-1.5306625366210938], "psis_initial_rotation": [2.40714955329895]}, "final_stats": {"q": {"step": 2, "value": 608.4927927405118}, "c": {"step": 21, "value": 239.7844690334767}}}