{"initial_step": 2, "final_step": 25, "quantum_tts": [2044.3565846580416, 3026.7391114740826, 2985.269193125666, 3726.558904090949, 4017.442811144412, 4318.515901632911, 4325.836062390365, 4470.679794475402, 4902.7888413443525, 4856.4798616323405, 4879.743349146642, 5380.018152334043, 5595.395781341423, 5312.788485970741, 4858.651317708132, 5365.328362200721, 5572.465018209716, 5508.1949998788405, 5852.078619304397, 5630.426581426876, 5667.94142736733, 5726.893467571925, 4764.282648811767], "classical_tts": [1599.49463555716, 1266.934759189577, 1347.3661515027318, 1529.2930432395292, 1081.984780377868, 1208.3830853351217, 1102.956067388351, 1055.753194133309, 1000.5682331339943, 1005.5111985996421, 1041.245912325382, 876.8245758995403, 787.1660712293794, 789.3498180522545, 792.250565485051, 750.6184971808225, 751.0820838776114, 732.2027370873146, 657.691807765291, 669.4049862757432, 646.405416211043, 638.7878213633408, 621.1463074731074], "initialization_stats": {"phis_precision": [28.796587534201212], "psis_precision": [86.61701744378615], "phi_angles_psi4": [2.5307920507564523], "psi_angles_psi4": [-1.5085147862884132], "phis_initial_rotation": [-1.5154720812923606], "psis_initial_rotation": [-1.9289535831056306]}, "final_stats": {"q": {"step": 2, "value": 2044.3565846580416}, "c": {"step": 24, "value": 621.1463074731074}}}