{"initial_step": 2, "final_step": 50, "quantum_tts": [78.62679425380652, 83.77828416181411, 85.3289556174782, 91.1836840932046, 106.71879968864042, 165.1823680805164, 503.3293667128724, 2931.325262258054, 2333.1396297006877, 1212.046814560693, 1154.2877708865635, 2544.202460173678, 2156.6461553394124, 1413.5060244224062, 1316.399842423864, 2044.8943193802531, 6051.644104283904, 5047.047041028952, 11969.446630523182, 9941.48646045567, 2272.164064830808, 1341.9852732605025, 1030.2277777742827, 786.7248203545395, 809.6579782770524, 1045.5620291412197, 1516.2270256096858, 2098.757528765641, 3581.6847717954415, 3851.374186613225, 8139.443977793637, 5449.937270315962, 5249.49238577898, 5745.456375719322, 4534.163051429492, 4954.858137891546, 6742.027126347553, 8488.976808954583, 8285.006397166919, 19430.779264992103, 10132.118514407446, 9175.573958466202, 4054.945499017447, 3194.555475990267, 2881.5626329274046, 2757.9226805930593, 2226.083937805771, 2345.300246689368], "classical_tts": [89.32280808104585, 120.41902690256714, 128.34105821173907, 133.28968692508286, 140.7387183078135, 136.0153386041255, 140.3498759469162, 139.2785508979879, 135.29069553085554, 137.0403295815129, 136.29578131172582, 140.61002968825136, 152.98041728747967, 159.2287052686784, 156.71198550730017, 162.1304929103605, 159.9667811619079, 160.37450741530859, 169.42687232968896, 175.56297279639458, 187.50023379579818, 181.14488427045458, 188.58855001391467, 185.94012171416963, 185.5665003887535, 191.88189261188103, 206.6589667902466, 193.17863335586225, 215.49718482056159, 222.20268984870776, 231.60377990092783, 229.3648829101703, 230.95452006371292, 237.99360670020496, 231.47727783757193, 225.4022818342995, 240.72114612984652, 256.8985781987125, 261.36159265379223, 268.9806157428557, 264.7494944729672, 263.2232036883062, 278.1791626485893, 287.335263316694, 297.2596232993242, 309.9100561659995, 299.02452103791484, 306.15273491828816], "initialization_stats": 2, "final_stats": {"q": {"step": 2, "value": 78.62679425380652}, "c": {"step": 2, "value": 89.32280808104585}}}