{"initial_step": 2, "final_step": 50, "quantum_tts": [2329.4502193516723, 2576.8623123935763, 1275.7805218545868, 1361.4309235164708, 1275.0604485726683, 908.4530416716098, 1878.8033869183832, 404.05615693875234, 467.6527651946259, 634.7095489126357, 2234.821840992698, 729.7825859131387, 1095.2812864691064, 2335.875687959169, 373.0704878867812, 435.88975764160983, 1225.9571110307427, 1473.852041648891, 1132.5822809218025, 2323.179933798559, 618.7198515096502, 1051.6369904738392, 374.8970150166799, 633.3448506397028, 1117.2157460252656, 997.4540070563073, 1189.5506913747058, 562.9964138679713, 1420.9352406241994, 810.6745872870536, 1224.6838410089572, 1344.6546969987683, 1618.710598501195, 1495.7071789027555, 556.1253601476631, 1001.0427952971329, 2014.708655220852, 1910.1564552505756], "classical_tts": [230.86293374294306, 181.96736522349477, 152.7902810518598, 127.25415363586325, 116.8620941694032, 104.05420033693918, 91.00127431837466, 84.2749917047066, 76.90219878790899, 70.44753128667972, 76.16785071471577, 70.80881132320425, 69.9500763470808, 66.52385199829664, 63.295529902192726, 65.67550707128777, 65.57455138063541, 66.36406964054527, 64.74199340611489, 70.46967448203112, 70.40652498714756, 73.92279258008855, 75.45254856733678, 74.6517652832907, 77.31213661568005, 81.30563242149908, 81.98842577399493, 89.88869834547806, 90.53019319524195, 91.53705659392395, 97.3841050819463, 99.44337731777564, 102.09772334527254, 100.71597136076191, 104.53525736140419, 107.36418972530552, 112.2852063540848, 115.07903412052002, 112.65406750598137, 121.74467887972496, 119.10939189084598, 123.65074784278504, 127.67633372739036, 132.41280506346715, 136.4004988740632, 132.00241671920088, 136.5032462147004, 139.25041768950643], "initialization_stats": 2, "final_stats": {"q": {"step": 2, "value": 373.0704878867812}, "c": {"step": 16, "value": 63.295529902192726}}}