{"initial_step": 2, "final_step": 50, "quantum_tts": [41.975309017126904, 78.69634616898163, 95.28177324784959, 109.60887196987619, 177.37431119429667, 199.4581679069848, 216.15938202762266, 273.3990140025068, 275.82581736078254, 247.7328408170321, 223.46690323818814, 266.4454504379569, 314.69434590799773, 266.29672148241985, 298.9111025144947, 459.1012491865224, 514.4709113801234, 542.2281025290919, 560.4250029824266, 510.6782745220203, 504.2697830324539, 439.8722870855956, 544.422684743559, 600.5138705671034, 552.4829761575133, 642.9594616846119, 742.3769516845032, 681.5023400271541, 665.2619661424262, 648.4340148098346, 608.3350511111277, 541.952886272049, 513.2261251744113, 575.6892823587455, 652.2700484198069, 708.6738163140219, 859.1610717038119, 852.3614803015317, 838.0141173100816, 837.7624561866194, 947.3848572035286, 880.2291397461182, 700.3233947130033, 763.6873114382565, 933.2250977447887, 990.5961717305424, 943.2010082650669, 940.7304489819683], "classical_tts": [41.04819947323921, 44.552678098570425, 44.4232092462485, 47.31087927837856, 47.01266717632521, 45.46271556636026, 46.71271890952434, 42.593174177389436, 42.556134371152524, 44.62244824110897, 42.42534419709168, 42.067237682980036, 41.96654855104591, 40.797535359478566, 40.001945062520456, 39.949742773055874, 41.249340281994705, 40.955756718033705, 41.495510032822594, 41.67198703560136, 41.78434103083134, 40.461954478470524, 40.775359844259846, 41.62901915066577, 42.25661663714904, 43.10355437315622, 43.30257742123084, 43.952457081887715, 43.80731517354424, 44.83425586996463, 45.03727677061096, 45.71788200194048, 47.62701898057825, 47.1684381266803, 48.86922895110317, 48.37946516711265, 49.33846101767564, 52.050306784766654, 51.59043834189891, 53.34414919127348, 54.87187451719937, 54.62767485153178, 56.60740047451077, 56.90294575560342, 58.21679347588178, 59.70931902376729, 60.05357784769808, 61.72458347119512], "initialization_stats": {"phis_precision": [97.52187451767647, 98.99069171353682], "psis_precision": [97.2639046195319, 82.93252808560037], "phi_angles_psi4": [-1.515288113221693, -1.5018352317513564], "psi_angles_psi4": [2.568302552522683, 3.023572617354488], "phis_initial_rotation": [-1.593140721321106, -1.533543586730957], "psis_initial_rotation": [2.4823455810546875, 2.487382173538208]}, "final_stats": {"q": {"step": 2, "value": 41.975309017126904}, "c": {"step": 17, "value": 39.949742773055874}}}