{"initial_step": 2, "final_step": 50, "quantum_tts": [4653.33797923237, 5212.00048131691, 7400.573215445425, 9760.360893735595, 11355.012484683826, 12046.918200077644, 10861.632742764623, 13228.32483909336, 10154.651859019452, 12346.857775917906, 14798.041723981267, 9154.60608372769, 7841.194645767688, 18160.227618696525, 8365.060177222516, 7847.864103806449, 6330.76712360291, 5336.263861389376, 8344.22589180763, 8631.066517861505, 11135.51591645872, 20774.71614590932, 22592.686097073565, 13507.773735677014, 13966.954646226864, 15687.9001848749, 15184.43842775662, 14972.24351849283, 20820.479219702505, 36896.98705388386, 36989.29291891137, 33257.67933142092, 26739.730751126004, 25947.507049379212, 31562.552963181155, 22816.062601049845, 16507.954199345644, 31064.330519848514, 43347.560802671134, 46239.1951011749, 55744.808121846545, 31351.091772085976, 32353.44374079878, 61218.13351310982, 64058.90242865218, 67695.6935045185, 75466.09930265427, 46828.30140471503], "classical_tts": [2629.2225632959758, 2299.1294858203923, 1597.188729352384, 1610.0858650710202, 1571.9976189313197, 1363.6778978138439, 1160.3323215308928, 786.6415592104603, 861.4538316040462, 671.8085313736316, 593.3524567342604, 508.88833614012736, 471.2019765369112, 412.8796030913121, 341.99638272442775, 316.38499057291796, 284.9354110898627, 264.63780426370533, 228.36616098425398, 219.14804655058072, 191.7888704329063, 185.70198796243182, 172.21265166303195, 161.23093460989904, 155.52855829367962, 149.48460936563393, 140.62496407064702, 137.76236177410254, 131.07760919374974, 131.50613850987418, 127.47117880695971, 128.16965063210728, 124.97597407878585, 126.46810517193745, 124.50607824376793, 119.51583901297285, 122.48293386313651, 125.12374589657662, 125.88826924176722, 129.67900887000638, 127.50211753085163, 126.92637448807177, 131.1571014719288, 127.44034965083807, 131.95608397558414, 132.41437771834927, 137.7890443312569, 140.95334001447821], "initialization_stats": {"phis_precision": [27.76951216254272], "psis_precision": [27.18173932686767], "phi_angles_psi4": [2.5307920507564523], "psi_angles_psi4": [-1.5085147862884132], "phis_initial_rotation": [-1.4832055568695068], "psis_initial_rotation": [2.4870173931121826]}, "final_stats": {"q": {"step": 2, "value": 4653.33797923237}, "c": {"step": 37, "value": 119.51583901297285}}}