{"initial_step": 2, "final_step": 50, "quantum_tts": [51.781472617717036, 87.66171947347524, 98.63005774820179, 156.3622959067558, 191.94656971020092, 227.28877177520977, 230.50239516358994, 266.9855714360236, 344.2573890844571, 280.19345648088154, 359.1005331116937, 402.1846327035268, 427.91388032660825, 472.7748053115059, 504.3909703760627, 548.5461747506129, 537.7208477666981, 549.2277884459778, 501.16286639088696, 485.1989746847363, 586.972529001933, 551.1941078130791, 627.9486620649695, 620.2012494208194, 588.9924884690637, 702.2893563977999, 878.0937380424336, 1008.3174840559534, 971.491937553615, 958.7885239091383, 982.1271122875573, 816.5014329624926, 845.2615822327517, 1026.5523787723612, 1090.7369871980368, 1205.1173976806574, 1188.1606830970195, 1094.3229052268427, 1100.7911801143198, 780.3774296090337, 745.9722799889277, 1017.9830158886188, 986.9905509479916, 1063.878024058511, 1174.828029360817, 1172.3006091120824, 1153.8147304837694, 1157.708703178282], "classical_tts": [37.26436818052605, 34.91562625669151, 33.32100043213278, 30.875940272250965, 31.478109862782876, 29.264129830570116, 28.80002506440552, 29.1130522570384, 30.219179097483565, 29.01735052483061, 30.13473786877858, 31.147530576104863, 31.574483459544865, 30.877895387932423, 32.80149167174791, 34.54272645409956, 34.639786315277334, 36.236803274810114, 36.22747806108053, 40.02347387844843, 40.1303459556735, 41.167163301726134, 42.29585162654129, 44.214052213208596, 46.602300606936176, 47.381364641464124, 50.96783834827817, 50.99921210106024, 54.18897113990455, 53.520308619238165, 54.97211534175966, 60.61787386429333, 58.57450917890419, 59.7409661256231, 63.713193042845376, 65.25219781669742, 66.68488356946803, 67.42784367284061, 69.79800452545689, 72.20436194257161, 72.97662826745, 77.94370228765325, 77.98165875341226, 79.81024982440175, 82.33432660345227, 81.14369371303852, 83.87641557771582, 87.39585750907482], "initialization_stats": {"phis_precision": [66.92036242310245], "psis_precision": [71.60912621833799], "phi_angles_psi4": [-2.5639700672519443], "psi_angles_psi4": [1.5129570644342083], "phis_initial_rotation": [-1.524742603302002], "psis_initial_rotation": [2.4048826694488525]}, "final_stats": {"q": {"step": 2, "value": 51.781472617717036}, "c": {"step": 8, "value": 28.80002506440552}}}