{"initial_step": 2, "final_step": 50, "quantum_tts": [1593.670570076103, 1671.1921854188142, 1696.0796178881872, 1721.2609190228093, 1748.6784786847186, 1757.2168967392415, 1731.583423340637, 1672.9398825751948, 1606.8428378259664, 1556.9383153682859, 1532.973108429519, 1550.6960548451889, 1596.8970625852826, 1634.7330112389843, 1598.2006653629712, 1611.8114509080344, 1619.577489899004, 1543.4959442600493], "classical_tts": [1565.4137960644873, 1344.3978531707444, 1412.36526644105, 1214.147071898449, 1234.9230104999378, 1011.2457507795759, 1066.4233336483492, 985.3145187887324, 992.2943610118193, 889.8480346588501, 788.4564985559548, 702.9745075670968, 703.1158740118864, 641.2411717358175, 625.6190660749459, 590.6437746245093, 570.063526560972, 518.765367625938, 525.2805057660198, 503.1768815358587, 511.0147227660515, 462.530553697462, 445.3878113111515, 419.18750836433907, 403.93496690425883, 398.7209355974346, 386.199874070098, 376.2324408192327, 364.8214915482591, 354.37061340589213, 345.48940001332124, 337.44722114343887, 321.3980746424742, 321.24641782009917, 316.76114565410006, 298.042763586955, 292.72282133234944, 298.57240146709995, 283.73956867221216, 274.44566054582117, 277.0815248264466, 273.0700263823498, 264.14691232615746, 256.0424613223627, 266.27779338836024, 253.76388761385076, 257.3693293077221, 248.55332822089457], "initialization_stats": {"phis_precision": [32.36048625513666], "psis_precision": [57.81787181139162], "phi_angles_psi4": [2.5801230429979163], "psi_angles_psi4": [-2.6017795753816184], "phis_initial_rotation": [0.4551650482654317], "psis_initial_rotation": [2.356215091496818]}, "final_stats": {"q": {"step": 12, "value": 1532.973108429519}, "c": {"step": 49, "value": 248.55332822089457}}}