{"initial_step": 2, "final_step": 50, "quantum_tts": [151.13749361059965, 194.8456247337738, 216.32402152007856, 248.47312289889157, 263.01295143136485, 289.93221929361783, 289.56790624687505, 333.3444645501536, 356.6220649897155, 368.17182081602704, 366.7330840069692, 408.4300261266659, 474.45109607643565, 543.2761431122716, 562.1276887780758, 617.8714634168058, 714.3666902394299, 802.495368134194, 944.5292721077142, 1002.3851521756113, 1052.8689127772725, 1151.1985963325697, 1417.0974590097032, 1618.1468741900342, 1620.2731716010533, 1728.446861066339, 1856.9997546232416, 2103.1762093324505, 2746.115136011906, 3914.269808364436, 6146.362450746725, 7539.334436606041, 9085.660027014654, 9995.458872194513, 10673.960223561198, 7519.802546526423, 5287.153539431673, 5260.425088101225, 4162.799016999936, 3153.2724697655585, 2631.0122572480745, 2351.890034836666, 2262.1935774094927, 2060.2674522512348, 1819.9169235040638, 1644.4415705525219, 1607.6367200063924, 1628.1423556423802], "classical_tts": [117.68683313656504, 118.50383223362516, 106.80024018254653, 98.08513079346298, 94.69605533966578, 90.6621976628697, 83.84014195980053, 80.08350063566218, 76.77244952302948, 72.56897078788265, 69.8062901332102, 67.19010656807664, 66.7573180288516, 64.65245415345063, 63.14980132642219, 62.7687957585627, 64.29854819464859, 62.55085260873406, 62.72111646055655, 63.393405920254594, 62.99988974467497, 60.65184734027447, 63.63707424535967, 63.77402299178063, 63.66635510861987, 65.9577133100636, 66.29343337349641, 67.02420675586289, 67.77467673543258, 67.83087031587358, 69.4257770451623, 72.45312618809245, 72.5440459564033, 74.98367174006552, 77.28386880710661, 78.08834323457957, 80.06215967482079, 83.58170458694106, 85.25872010641685, 86.05922446489589, 88.55015400330147, 90.04184017232957, 90.66813390802496, 95.4593908534196, 97.48094356169227, 98.14937960309508, 99.01220970807091, 100.76434585430476], "initialization_stats": {"phis_precision": [70.72298253846454], "psis_precision": [93.77099303665794], "phi_angles_psi4": [-2.5412670292063786], "psi_angles_psi4": [2.581330407918674], "phis_initial_rotation": [-1.62150239944458], "psis_initial_rotation": [2.3856403827667236]}, "final_stats": {"q": {"step": 2, "value": 151.13749361059965}, "c": {"step": 23, "value": 60.65184734027447}}}