{"initial_step": 2, "final_step": 50, "quantum_tts": [127.87733964496425, 183.68871386258772, 186.01035882704087, 207.7193071777723, 235.06252632754905, 286.1343634460871, 244.18817044968273, 257.7442739741307, 347.986452155223, 347.4992912252677, 383.5341139304145, 408.81478410976365, 632.8298524815025, 789.5029189852468, 1161.6239375991208, 1368.3547625880037, 1591.2044783348217, 1853.2565618377412, 2341.2174858946273, 3321.00744406217, 3210.005992149982, 4188.842047228511, 6786.628463497358, 3981.237855547235, 3252.5469046646017, 2252.408987893789, 2052.269722468081, 2492.770318404289, 2825.306230824523, 3173.05835214686, 2251.671553764568, 2494.2346480972124, 3017.8681175709153, 2882.4853595141135, 3324.06316362481, 3792.7962300161253, 3496.498103469263, 4385.074832642965, 4653.883125117635, 5463.44863303894, 22021.438648871583, 10578.232807849588, 5917.978287160048, 3534.7086674562706, 4220.094108430008, 4808.279520686489, 4425.481235772151, 4755.862392542485], "classical_tts": [82.17444487684388, 101.16977972636177, 79.99926858256227, 68.11956981329146, 68.04510495952451, 68.74639808614609, 62.647802172164845, 62.4883707269794, 59.59101295826869, 57.91437129089983, 55.07470935428432, 57.98198457533111, 59.83950882544249, 58.43709731510452, 60.104940218542986, 62.208901001249814, 64.08522730822793, 64.97285313267041, 63.64192276456639, 68.27186496658454, 70.10594409342005, 72.2061041443663, 71.66569467195907, 74.8089591620168, 78.23934553465647, 81.93681292720345, 83.37594076216479, 86.71755857502528, 90.21279924363623, 89.64111390345032, 94.02875007286835, 93.71585902136448, 97.97456942604889, 101.34873584459076, 104.38971353712178, 105.0024997125634, 108.89362755450938, 108.92929692476005, 116.31227354471733, 114.75329041543245, 121.70320549452924, 123.65074784278504, 126.17500979639942, 131.1252379589303, 131.81860177651134, 136.95302631266054, 140.64972797770872, 134.14701550025222], "initialization_stats": {"phis_precision": [78.2069203133832], "psis_precision": [86.40968925383042], "phi_angles_psi4": [-0.21227810415439521], "psi_angles_psi4": [0.7435842040063046], "phis_initial_rotation": [0.4723716862713281], "psis_initial_rotation": [0.316632000004617]}, "final_stats": {"q": {"step": 2, "value": 127.87733964496425}, "c": {"step": 12, "value": 55.07470935428432}}}