{"initial_step": 2, "final_step": 50, "quantum_tts": [292.5655424927905, 420.59135377120054, 515.1038640786306, 639.1909462411568, 699.0506213964666, 828.4731216160977, 808.678479776875, 955.7690614047931, 930.9999851196283, 986.003412201542, 1137.6589833734058, 1383.2086603316766, 1335.7773470224715, 1295.9378661675614, 1224.431119764627, 1249.2526240453021, 1450.5618486008666, 1629.6660116454393, 1955.4540326793685, 1793.51618468208, 1928.7122077346417, 2015.588303432895, 2349.1922483124476, 2601.602655864026, 2704.008268064564, 2530.4495737048683, 2629.2891998263576, 3108.6459707568956, 2828.4588961175828, 3357.7798506126874, 4791.39219283449, 4374.727888219781, 4198.442589645424, 4692.076036568726, 5759.430600812382, 6623.554346385757, 5912.668455753482, 8156.128508965621, 9511.978492446899, 9130.974882718132, 11809.065999119817, 20317.450525695665, 24833.82480084099, 28634.40200032073, 24020.8896414728, 19048.32566695065, 24081.166762753543, 19043.8173299488], "classical_tts": [180.97800540203934, 175.94573769591517, 159.82096406871833, 132.87036221724864, 126.77320145788342, 119.93620966102063, 111.03014954229901, 94.65545128876244, 90.22142721907178, 85.16744027490046, 77.5459886867845, 76.15868385381567, 67.777288875657, 67.06545563679731, 65.97691252884087, 59.77192830097747, 57.770042098629595, 55.47994183867887, 56.600902574549664, 53.29652428682399, 51.875676459642385, 51.485933989244494, 52.94470274278882, 50.93750709302611, 49.98338514747398, 50.3981391426305, 49.24061858032174, 50.801118619210776, 49.63146947539899, 50.29128243261846, 50.04269905777061, 50.675011699213336, 50.39354182191999, 51.30477288634703, 52.22639014627711, 53.0995847454914, 53.7547857957577, 53.64521078420837, 55.23999404379148, 56.19422473189418, 57.47291443578336, 59.59539881595601, 61.029672697209946, 62.36727783065164, 62.3687451225135, 62.5232685711139, 62.78847107628648, 66.14253230061381], "initialization_stats": {"phis_precision": [67.21732344679319], "psis_precision": [74.14279914831393], "phi_angles_psi4": [-2.564113370113935], "psi_angles_psi4": [1.5004190792674215], "phis_initial_rotation": [-1.5342152118682861], "psis_initial_rotation": [2.312747001647949]}, "final_stats": {"q": {"step": 2, "value": 292.5655424927905}, "c": {"step": 28, "value": 49.24061858032174}}}