{"initial_step": 2, "final_step": 50, "quantum_tts": [4493.52416066029, 7742.572104893079, 9033.054313123945, 5316.838173505007, 7616.9602780194045, 5725.127519391616, 4428.79327907269, 1717.9232621179108, 10119.522629333438, 1545.5611950823684, 6339.869110378096, 838.2502517635247, 1619.424371183383, 5104.586696093388, 722.7399509880388, 1948.0275357114172, 1461.4061206175593, 1773.525366364372, 870.3921135123808, 2219.997352105737, 1585.7148437749959, 441.9341147851705, 2350.91231891, 5342.635818596048, 2047.8174733223182, 2783.9074156580386, 9665.062155163225, 3734.2535910205142], "classical_tts": [320.86174456130254, 260.9425691658367, 266.2606443101048, 211.41630278857048, 173.89126708406752, 153.38475243032812, 132.13716059268958, 120.501432972353, 109.83448166808977, 97.21015166453246, 86.43097658692, 81.18438435630694, 76.46255362353097, 70.57510816406278, 66.23578992071212, 63.71748777909722, 59.280022144757076, 55.65442281624941, 52.77690844249504, 51.26553414079168, 48.64831813281573, 46.926735929822286, 46.202348078965315, 43.9648380181444, 43.41909063144021, 42.11420840659759, 40.448596799401706, 39.82649964667031, 39.404893805903825, 37.80737500232377, 37.18705605348434, 36.13684339514868, 35.97867841616481, 34.75272550880405, 34.84078509759142, 33.98104289195174, 34.083113520929984, 32.41215600419695, 32.90661608239424, 33.03049201973199, 31.518586973011427, 31.40832257627909, 30.793483912752702, 30.34115107840771, 30.134036918043694, 29.297418411150925, 29.674825524858342, 28.74856499123314], "initialization_stats": 3, "final_stats": {"q": {"step": 2, "value": 441.9341147851705}, "c": {"step": 49, "value": 28.74856499123314}}}