{"initial_step": 2, "final_step": 50, "quantum_tts": [100.17569762830668, 136.22005275299873, 154.06996873351346, 250.8293508960997, 265.11653225848835, 361.1162296451825, 366.23660946629735, 370.1536475092961, 464.917515481813, 340.2277476131604, 427.26779323487096, 585.4715203601072, 808.5415172395923, 1180.2190271646793, 1334.0796683925214, 1429.676052186711, 1392.9448373125658, 1130.533011714659, 670.623653752835, 636.8469299326647, 626.6906202453274, 601.3944077239388, 617.2600571671948, 510.9445500203974, 407.2789376059002, 351.83114658447005, 352.8165055716303, 407.3746772588133, 471.07969071340796, 656.4220259042738, 812.962504137202, 958.579825168267, 1254.1850563073167, 2436.5108319211, 4339.734717814001, 2642.443375385673, 3246.7677220885057, 3741.47005203854, 4486.4464014737105, 12037.55017422337, 6665.517214751872, 5236.411143985758, 3524.511630610367, 1441.090280218339, 1177.7364791774567, 1587.707515141027, 2015.0600810260348, 1972.7692421042975], "classical_tts": [61.188123359847765, 80.22693080384249, 52.82570372050293, 58.01396324454507, 52.20949910581583, 52.35106348237052, 51.64556988650301, 42.27457764465743, 40.33045936618241, 48.391713432095706, 45.868775859853315, 52.429597176037134, 50.400043862705985, 51.29435773631477, 49.488659909985564, 52.21159291013474, 53.0021442763348, 61.76978258880958, 53.45117011325201, 58.08956000337994, 62.56398784839871, 64.0629367407659, 72.67917567689724, 81.27602972211787, 87.6280568968368, 84.10517376045372, 76.92014208172226, 83.04530920888445, 99.65784284662077, 77.90118943669425, 95.55425956260379, 86.9923914459077, 101.52640078526653, 98.84584067178866, 89.85110167278197, 98.88466470951623, 115.88823348567954, 96.67753894971293, 99.83455741420218, 120.72710640720705, 120.27251678528093, 122.28415806732475, 132.31210555732173, 130.66907170174363, 140.28575632476995, 134.59067354543342, 140.3555543395518, 167.56156860529492], "initialization_stats": {"phis_precision": [67.61749373073518], "psis_precision": [61.53382143408952], "phi_angles_psi4": [-2.5641235943374006], "psi_angles_psi4": [-2.6001305374449513], "phis_initial_rotation": [-1.5467971563339233], "psis_initial_rotation": [2.4746041297912598]}, "final_stats": {"q": {"step": 2, "value": 100.17569762830668}, "c": {"step": 10, "value": 40.33045936618241}}}