{"initial_step": 2, "final_step": 50, "quantum_tts": [293.93911025122003, 446.4709660300787, 484.27850220023777, 582.5284721024113, 637.7311182048421, 741.2011075506402, 745.6138309616146, 879.0670629771147, 846.0068422325959, 901.169686664912, 1047.1197354215217, 1126.0013011478572, 1080.143203141419, 1141.9023967678618, 1206.4400943716641, 1215.758328326689, 1348.7038686376618, 1471.1397059060912, 1583.7259204893712, 1533.9404297138426, 1959.6310352754012, 2028.759132576009, 2093.592707751407, 2266.1767541394934, 2341.299458358062, 2750.9485068604913, 2955.562477484379, 3813.082386218566, 4889.772754375329, 6477.063992297701, 8140.55515552858, 8063.132350491485, 6537.067805516712, 6677.890770498309, 7412.028552302378, 9343.354090631692, 9755.71102307834, 16878.938650009666, 26004.53682290415, 23218.36001784906, 37626.38049334974, 23803.51015313049, 30868.02826050306, 29366.049505943505, 26090.777557365458, 25147.2644954778, 33950.49595638668, 48117.78660299875], "classical_tts": [204.6627207434643, 169.75794103310403, 173.33163923193337, 158.0587204236628, 151.78644116276533, 130.42528863184117, 130.12303576985798, 119.26487954901819, 105.62290328650968, 104.15216874927637, 99.54730615158641, 96.21201057666275, 91.47655742883241, 83.92444923967686, 80.5306731357769, 83.42629395608768, 80.77357754518823, 74.87533406241857, 77.56018147373771, 74.32640572944143, 74.28129611975014, 74.34680153945455, 74.76015445374375, 76.24225887216421, 76.05245451162546, 75.51698091133733, 77.1592845667582, 76.52651724161781, 76.97455352035222, 79.70363565417777, 78.4386577798667, 82.36350986671795, 81.76808170689955, 84.05859670788249, 84.2837895711564, 87.15654315888716, 89.84741649565139, 90.38135380358587, 93.71232669621642, 93.76547166705711, 93.92196386010278, 98.33939711423064, 97.39594703116325, 102.1815583573134, 104.09790491592436, 107.08623415303315, 104.28055129103527, 110.77390500844393], "initialization_stats": {"phis_precision": [68.28270975278933], "psis_precision": [70.32322016229769], "phi_angles_psi4": [-2.5265337703537245], "psi_angles_psi4": [1.5241109530932357], "phis_initial_rotation": [-1.530105710029602], "psis_initial_rotation": [2.456434488296509]}, "final_stats": {"q": {"step": 2, "value": 293.93911025122003}, "c": {"step": 22, "value": 74.28129611975014}}}