{"initial_step": 2, "final_step": 50, "quantum_tts": [1521.0861200285872, 1553.2358403256035, 1513.9822244485154, 1453.4083850683046, 1383.3327800862444, 1299.6926896852694, 1201.7965205468865, 1100.7177007199339, 1011.6539222949702, 942.607867739747, 894.3788752682324, 863.8076052948073, 846.8787408508633, 838.5423572384532, 788.7333290067172, 749.2323067910909, 721.9811516162391], "classical_tts": [1035.4805388095745, 925.3156440174255, 805.0863016441583, 736.9979348490945, 648.9970214411682, 620.9049397146333, 559.7176966023466, 536.7206230663276, 476.3593806481239, 428.66529730201364, 409.8992163651884, 391.75654963155154, 379.4933865651274, 360.44419873042165, 337.6299832636708, 316.2042122740372, 295.17766501542263, 295.9067064253515, 276.836553936746, 260.1400918426091, 251.77545411675783, 239.00584175921952, 232.02004653250987, 226.05360179289247, 215.94250571063196, 217.30094165701342, 211.151550516238, 200.193872531223, 204.0473568013127, 197.25518954201465, 190.82749818773794, 195.16153112786657, 190.75307699631773, 192.0234498897188, 183.92425147301847, 187.84598187907255, 186.88007884902967, 184.30074499796046, 189.18438231357229, 189.96552013587777, 190.59856913261225, 186.07908444938454, 191.40029328722207, 188.60883208368398, 192.19362905789922, 187.62082509286608, 196.62046747466206, 192.1764344182166], "initialization_stats": {"phis_precision": [67.61749373073518], "psis_precision": [61.53382143408952], "phi_angles_psi4": [-2.5641235943374006], "psi_angles_psi4": [-2.6001305374449513], "phis_initial_rotation": [-1.5467971563339233], "psis_initial_rotation": [2.4746041297912598]}, "final_stats": {"q": {"step": 18, "value": 721.9811516162391}, "c": {"step": 36, "value": 183.92425147301847}}}