{"initial_step": 2, "final_step": 25, "quantum_tts": [925.637624987233, 1045.7829788910137, 1108.7196266138658, 1134.1718488067486, 1142.7213485847933, 1145.0274038748803, 1133.3911571439298, 1129.9789397725094, 1111.774836330173, 1111.462725773306, 1098.868782609998, 1103.1513761248875, 1095.602793910598, 1148.5897506025221, 1097.1786960975205, 1087.8280836172662, 1119.6720280652266, 1147.6201173400545, 1182.8805517285393, 1177.158834795867, 1151.389107216156, 1199.24052002503, 1212.3789621850976], "classical_tts": [781.553908706567, 917.5758259437175, 755.0011674577801, 622.917980866685, 564.247954847253, 538.276856681555, 466.10140089701355, 439.4514419830984, 443.78135779769315, 409.3457901031917, 387.19653703356335, 334.39949727313564, 339.58211364271165, 312.72984492863594, 294.40553076968246, 281.37145570586097, 274.6703071167733, 258.0631346545947, 247.9532598593681, 236.19654471670302, 232.12208123058315, 217.70136004617248, 211.50214758426011], "initialization_stats": {"phis_precision": [68.5886971133387], "psis_precision": [71.14268258095015], "phi_angles_psi4": [-2.5641579325261574], "psi_angles_psi4": [1.5391379706873562], "phis_initial_rotation": [-1.5773427486419678], "psis_initial_rotation": [2.4457173347473145]}, "final_stats": {"q": {"step": 2, "value": 925.637624987233}, "c": {"step": 24, "value": 211.50214758426011}}}