{"initial_step": 2, "final_step": 50, "quantum_tts": [86.4499066666313, 166.9565608204495, 155.58526641085908, 136.11688427103505, 271.6995963516426, 433.08315695672025, 422.97413279938354, 499.64609397238473, 594.0123747286714, 571.8130334944094, 399.92469420512737, 476.72569727655934, 544.8770419945905, 414.51739940768135, 450.8833418410605, 657.2361355407338, 716.8075552690501, 693.952792065075, 722.4638999486195, 741.3545901485724, 740.2390345296044, 616.3523981751853, 710.5757485494536, 760.1148480531358, 669.0911140264493, 785.833198315661, 963.0660485610786, 993.5777819230223, 916.1335691248771, 948.8208046539517, 977.4754280759338, 832.7541021342826, 782.5902278396873, 922.5521457650012, 893.8085174413471, 870.6774843804808, 1093.616356333022, 1098.924298086317, 1092.9548830437966, 1130.8524844647486, 1176.6098275473591, 1084.257953206353, 894.1021800767926, 981.4280762830527, 1077.233208535994, 1054.1516305843984, 1110.6769880336058, 1183.7931829321278], "classical_tts": [71.06171303463118, 71.47291385303512, 66.13674885293139, 65.25163033914299, 56.47684031876332, 53.29047293057081, 50.106908775363046, 47.00930736388472, 46.21833155196424, 42.27031000506678, 40.60532471625811, 39.409445233930576, 37.04531253288933, 36.5684216629172, 35.84065943398626, 34.330295421607396, 33.0412033938531, 32.349814063220585, 31.311425191209203, 31.45777391151339, 30.297563120068723, 30.19798533422954, 29.078262431529396, 28.68019953136048, 29.66151457576904, 28.45557440868363, 27.32858606438721, 27.683092286304646, 27.197054491227796, 27.945561267378253, 26.51786611904934, 26.44333423226002, 26.864722726661874, 27.25863796176463, 26.000738691822676, 26.672123287490525, 25.70679565616343, 25.609392816614438, 25.202888902101517, 25.730174991870427, 24.481669629145507, 25.54988857973789, 25.262355522294833, 25.791993380943385, 26.18155729868095, 24.91971810994363, 25.506128090584383, 24.826832070059297], "initialization_stats": {"phis_precision": [99.4747686069209, 68.63598514956007], "psis_precision": [74.03576484478505, 94.71659448884351], "phi_angles_psi4": [-1.5178665728531433, -2.51274581566028], "psi_angles_psi4": [1.524092687483897, 2.576093076193505], "phis_initial_rotation": [-1.5343672037124634, -1.5274162292480469], "psis_initial_rotation": [2.339783191680908, 2.4101099967956543]}, "final_stats": {"q": {"step": 2, "value": 86.4499066666313}, "c": {"step": 42, "value": 24.481669629145507}}}