{"initial_step": 2, "final_step": 50, "quantum_tts": [891.1342153003053, 831.5034346600205, 459.6626709239542, 419.8124817499526, 488.1901197406486, 347.2011778734603, 840.0549828587464, 365.5029753507109, 325.2111159224155, 343.30658945960727, 842.2053358169409, 349.26666094513183, 583.4753622966468, 824.839008245127, 398.1195556609564, 334.031267047643, 565.8024051145654, 760.3167913827864, 564.8810334886665, 811.3368553527638, 352.7889071349842, 625.4694082447899, 317.7929911003994, 390.65797617947993, 498.43073672909725, 403.81991265015665, 537.5506589560486, 317.0707541858318, 717.1093874671409, 388.1780755778697, 660.4622225971716, 690.0661585026834, 756.7731867634026, 797.4946625883606, 324.18091316746813, 567.6044888546314, 826.0684768839433, 840.7115286864964], "classical_tts": [488.9119533244176, 431.6711015044036, 339.6858086870257, 291.31337556063346, 263.9243452421098, 228.87718872043047, 224.20625784373297, 196.68910794104528, 177.9472035236994, 154.72840927164452, 146.86536576593758, 139.59511897292506, 129.24287147227108, 116.99717742548843, 119.99083286912297, 105.08046877049033, 102.91678260220884, 98.98002919634929, 94.33584259141247, 89.04951060662322, 87.8055744349851, 85.88263199805205, 83.46062140052828, 82.4519454206474, 79.51578729913349, 78.37413634782558, 75.37349821646119, 77.6373999055666, 76.29400313463438, 79.16085441975284, 76.15123955744231, 77.5231496362579, 76.83740875879863, 81.83126324410492, 81.80082238900685, 81.84545397971598, 81.91151343606741, 83.26902309888081, 85.28778309358303, 87.33063698849998, 88.61059000096026, 87.04407319493284, 91.22775332611299, 91.56199619192988, 95.60285601684589, 94.88063289286507, 97.69958541755062, 98.41048177641152], "initialization_stats": 2, "final_stats": {"q": {"step": 8, "value": 317.0707541858318}, "c": {"step": 28, "value": 75.37349821646119}}}