{"initial_step": 2, "final_step": 50, "quantum_tts": [4767.616815401837, 3805.661241897533, 3078.7755812754317, 4619.986240972856, 2957.7499045615477, 3406.7064187388614, 4055.121012235324, 1043.0996004263204, 3537.6732868021095, 1997.8497740908138, 4368.810650206272, 618.5198342636742, 1663.4834456713083, 4504.068706330908, 781.1590048728945, 2324.0732106113255, 2370.9194042659074, 1519.0083108702208, 839.5954067495604, 2691.0106598614284, 2447.1766690446616, 443.3744565880931, 2786.9476751313655, 3026.5197131955133, 1724.6334851706783, 1742.671429086902, 3283.355152636194, 3505.161106983088], "classical_tts": [312.5751924504704, 296.86991402569697, 224.90459177982268, 199.7762050858979, 165.96055401947658, 148.47167260589046, 125.14410328379462, 121.76162597777291, 104.80017744975069, 101.6133153680025, 97.22790302201034, 93.58317813067131, 86.83269458087433, 86.60678945100861, 85.10352372802348, 81.26690479985034, 79.82862239795955, 81.72988595948972, 78.3043433277352, 79.7554851762531, 79.28816367745154, 80.1296589814522, 82.19058354801771, 81.4510256317423, 82.94110528225468, 83.48259881906186, 86.69706016766699, 86.47474605115869, 90.84896959612922, 87.48853092642736, 88.57856368127284, 90.37504962842573, 93.6610999001329, 96.58230977552302, 96.60950462248884, 98.78285470303354, 100.24175635849952, 103.55224711881142, 106.57253200997656, 109.12442432359855, 109.06179271769449, 110.48111144883207, 111.4024310257916, 116.65220469304664, 119.16292289613344, 122.84162872262931, 123.20137849139033, 124.14650737470392], "initialization_stats": 3, "final_stats": {"q": {"step": 2, "value": 443.3744565880931}, "c": {"step": 20, "value": 78.3043433277352}}}