{"initial_step": 2, "final_step": 25, "quantum_tts": [1623.1067771507794, 1705.2980184586, 1702.3219750127696, 1675.4107905353135, 1651.7229429012905, 1619.5340198576657, 1605.2327394731979, 1583.5730242198333, 1565.2908778324982, 1553.0890159799862, 1552.405509517654, 1560.393776049942, 1570.055150971661, 1632.1355466003124, 1620.1368306869138, 1615.9291279982915, 1652.1419883437757, 1698.057536975904, 1821.3818924602356, 1795.4021307147573, 1706.8537923920935, 1711.584824029958, 1756.506653093702], "classical_tts": [1635.0901779565968, 1378.0942927071233, 1579.965043193751, 1348.6971668404976, 1293.3632934439524, 1148.3773933987527, 1151.1229373450763, 1025.7667703266445, 900.3528909765921, 895.9195561169006, 812.4544766631068, 773.9609400131865, 757.0494696876426, 743.782115789038, 695.0507154669403, 666.9724993819807, 606.4243339881681, 638.8634007987954, 550.9536724787952, 531.2525440696963, 527.5153625697678, 523.301837957662, 466.0615602253189], "initialization_stats": {"phis_precision": [10.451074680909645], "psis_precision": [23.782908687805858], "phi_angles_psi4": [-1.5018168587694598], "psi_angles_psi4": [2.581223687401196], "phis_initial_rotation": [1.9681059892169737], "psis_initial_rotation": [0.18679314595748053]}, "final_stats": {"q": {"step": 12, "value": 1552.405509517654}, "c": {"step": 24, "value": 466.0615602253189}}}