{"initial_step": 2, "final_step": 25, "quantum_tts": [1062.3365803932354, 1510.7537169404918, 1586.2397043710644, 1686.0138621160463, 1763.402390946158, 1830.1708846985907, 1826.0131327456684, 1895.3776613527516, 1965.9696741218113, 1940.5135932818657, 1994.260584464956, 2040.7244451525785, 1954.3326331407218, 2034.225495747024, 2024.0556266241806, 2005.6166910653085, 1951.1173517003317, 1971.9930447886131, 1935.8438912398396, 1826.2968555324692, 1749.2427635586698, 1799.885360837512, 1836.5688291241038], "classical_tts": [864.5509351473553, 678.7876992062376, 656.2156533707158, 606.208065504087, 607.0887364625806, 522.5364152863068, 509.62659084770524, 500.46401454905026, 475.7137983740557, 423.43663545985873, 433.95717722699834, 412.4751334130052, 365.987100656782, 342.453676288171, 335.6993323281853, 311.74690847643205, 304.67656891654525, 294.4630522832017, 261.5590705880424, 267.59742897632725, 257.1365021368195, 243.9760149984954, 228.438295629386], "initialization_stats": {"phis_precision": [68.28271354733886], "psis_precision": [70.3232125731986], "phi_angles_psi4": [-2.5265337703537245], "psi_angles_psi4": [1.524110953093236], "phis_initial_rotation": [-1.5301058292388916], "psis_initial_rotation": [2.456434726715088]}, "final_stats": {"q": {"step": 2, "value": 1062.3365803932354}, "c": {"step": 24, "value": 228.438295629386}}}