{"initial_step": 2, "final_step": 50, "quantum_tts": [37195.07158417993, 23187.929070111313, 2192.699504505184, 1330.642690951953, 2932.5059054797725, 869.2757432279466, 22387.700134395698, 485.79516545647635, 540.6274837117497, 1170.5978918862622, 19439.124165860638, 746.1828809327684, 16183.483392882834, 15132.689195308789, 476.30957780705336, 493.0441937345362, 4194.76540241456, 25594.324954939686, 6150.8564201547415, 17688.101793663267, 1651.7343793729187, 37954.77232177662, 519.236143817826, 1890.4759402097725, 3146.4500974389352, 1423.3559181893788, 3711.542652600062, 600.955382792499, 35529.308904441496, 1761.5305831664566, 45743.173307507954, 29959.698857604017, 25052.83047736442, 12211.99869436738, 520.9214935692199, 9659.972899484805, 8735.984109253252, 32715.291570286594], "classical_tts": [509.3795216186532, 597.2138361696399, 467.7048625378716, 459.3881989760249, 502.3881631244833, 381.44542179119094, 352.7867734140421, 338.5560911165463, 313.8000123362371, 316.64255407924657, 295.12722168793005, 268.8229310855528, 259.66147539860367, 241.03574815698707, 220.68564232575952, 217.43713940215636, 212.26891650086242, 208.22606764847941, 210.7947705456292, 195.8773057111732, 187.3866331454818, 182.6074001929547, 183.22230635866197, 177.5736880552834, 180.9018250956695, 178.75877157981844, 178.43143430113034, 181.81608798988415, 175.42008403833793, 178.57017589303734, 178.7928912734681, 183.53875346038893, 183.0393535630033, 185.33808815275046, 183.24570648316276, 189.0744061071756, 191.50831804076824, 192.4539440533967, 197.3043693343814, 198.82680998424988, 206.19983480736073, 206.1632917059715, 199.55219079604169, 214.57709366416586, 214.90542146854173, 222.24522142132045, 217.9606957387186, 226.09622620656984], "initialization_stats": 2, "final_stats": {"q": {"step": 2, "value": 476.30957780705336}, "c": {"step": 30, "value": 175.42008403833793}}}