{"initial_step": 2, "final_step": 50, "quantum_tts": [489.6363493402226, 953.4386566600233, 861.2236985697452, 706.7455879227658, 1332.5977161234946, 1941.1214865758552, 2012.0825912739256, 2983.0326257109996, 3262.189687278068, 2966.407440449518, 2379.733057117918, 3402.4704977390384, 3445.0261267397386, 2018.5716014148238, 2184.258606722472, 4678.502825783743, 5160.065744212737, 3633.474936830236, 4420.328411267088, 5926.949598591434, 5485.1680459127565, 3604.9653456569604, 4098.401896037288, 4443.41616370865, 3735.186322268421, 4751.175286589276, 5872.360564312126, 5842.574359208172, 6002.163058356536, 7360.875210230288, 6131.492824045104, 4218.2134972583, 4490.146854130544, 6480.074734592546], "classical_tts": [309.90664010845614, 308.74817115054475, 234.5943169278869, 202.09724578399872, 169.27274714578465, 150.59619347932238, 131.4593784805539, 123.04614504985888, 104.13548343207133, 100.5123670131389, 97.11437292654676, 91.79934721021048, 86.83269458087433, 86.52595269535237, 82.19075898648332, 82.37064417236427, 79.25031409555326, 81.27538830489902, 81.51120708946902, 78.82837342375393, 77.95184732022813, 81.52514364866829, 79.21086667806053, 81.9495027100938, 82.91154986154945, 83.3352211231987, 84.82219541870519, 87.82067060959159, 86.44814949357053, 90.17343012870366, 90.93904828702192, 94.27036955034873, 92.28362060626401, 96.11702990456618, 95.0310085352753, 100.66857323856281, 100.44817393408299, 103.33932756994065, 105.33695465409224, 108.89997593030293, 109.43566333545904, 111.20109534074143, 114.25521141853709, 117.77553897868214, 118.47221568703165, 120.18216010135245, 120.00583518756136, 125.98316603402293], "initialization_stats": {"phis_precision": [8.833221337302199, 21.544210176211067], "psis_precision": [97.24608849015914, 64.91193679066167], "phi_angles_psi4": [1.570820563794899, -1.4946869265041298], "psi_angles_psi4": [1.4862136775877832, 3.1278197744944416], "phis_initial_rotation": [-1.2932682571868817, 2.3237370512554545], "psis_initial_rotation": [1.3996969959082595, 2.0254957584229256]}, "final_stats": {"q": {"step": 2, "value": 489.6363493402226}, "c": {"step": 22, "value": 77.95184732022813}}}