{"initial_step": 2, "final_step": 10, "quantum_tts": [993.5017836666035, 1733.9492336528454, 1909.5406230709461, 2490.9174090880397, 2823.8690878220464, 3861.6224567998524, 4144.9098652216135, 3468.282422356704], "classical_tts": [655.576174254772, 628.1059884925533, 503.5375010017669, 459.3881989760249, 376.4813398338806, 313.02936637561953, 276.55637548245716, 247.92915261546895], "initialization_stats": {"phis_precision": [89.90148662358723, 76.94781002732414], "psis_precision": [66.04625013601935, 70.1634567693003], "phi_angles_psi4": [-1.5707040711947657, -1.9921571567494418], "psi_angles_psi4": [-2.640311092556928, 3.119238383100443], "phis_initial_rotation": [-1.2534499168395996, -1.267951250076294], "psis_initial_rotation": [2.576185703277588, 2.1818957328796387]}, "final_stats": {"q": {"step": 2, "value": 993.5017836666035}, "c": {"step": 9, "value": 247.92915261546895}}}