{"initial_step": 2, "final_step": 25, "quantum_tts": [14643.133375133993, 23283.842220438557, 25244.804804735362, 29475.684691308958, 33410.41691599265, 36818.50188394099, 39911.535462290034, 42908.0549064401, 43258.657884547356, 46562.33965175736, 48650.53374002148, 47536.16212394091, 48371.72662725627, 46783.299119296156, 41132.043779112355, 39262.3010792643, 42752.60454890119, 39942.359761383625, 36541.22011992764, 52428.09316145342, 60519.504896260354, 59908.35715316233, 54297.03366192088], "classical_tts": [10523.800529232425, 11048.954208840767, 8663.949658094753, 8765.995012429317, 15782.246160287545, 9910.766860638001, 10906.746026411281, 11423.161213169975, 11501.408698020916, 9636.258242846005, 9008.551668892282, 8854.241418327121, 7918.933443148286, 7766.104041071809, 8650.121887684962, 7618.254501300885, 7430.319342304005, 6064.932780249437, 5058.506313719997, 5203.275891414607, 5342.247116353175, 4680.977641887491, 4803.969969461196], "initialization_stats": {"phis_precision": [27.76951216254272], "psis_precision": [27.18173932686767], "phi_angles_psi4": [2.5307920507564523], "psi_angles_psi4": [-1.5085147862884132], "phis_initial_rotation": [-1.4832055568695068], "psis_initial_rotation": [2.4870173931121826]}, "final_stats": {"q": {"step": 2, "value": 14643.133375133993}, "c": {"step": 23, "value": 4680.977641887491}}}