{"initial_step": 2, "final_step": 50, "quantum_tts": [523.936387295448, 1100.660776704605, 812.5310069894383, 706.8981292119726, 1617.3255953015068, 2171.0596722292003, 1732.9473969864898, 2478.6947103280963, 2839.116183181032, 2223.1687699420654, 1804.4994399638613, 2486.951721616441, 2673.9421361523205, 1799.5284548810048, 2052.8307930170927, 4212.164991078763, 4927.737320857428, 4361.399978766309, 6222.95954447015, 5966.74022787528, 5110.087386929773, 4100.173799815446, 5240.162589000939, 5048.656540207092, 3763.8272391666696, 4997.586701170697, 7255.119122592963, 5779.03753107537, 5061.329679193986, 5192.81003930498, 4350.172699331968, 3629.034328708271, 3679.660085245167, 4169.714271594483, 4294.502609470087, 4742.758259084455, 6926.5264908993395, 7487.391407172876, 7706.288392530942, 8897.888759590522, 9948.842986235266, 8114.639220828895, 6006.7946712314, 7385.934927804756, 8552.98644105637, 6881.836033309808, 7710.124096188125, 9856.434036593408], "classical_tts": [369.827600732249, 251.19408156224165, 244.2940114085933, 200.69837817094523, 153.86819421155602, 130.57472526444448, 114.17082595253598, 100.8491128173876, 89.54149009198757, 79.18576611056803, 72.92738278582306, 63.310337985170186, 62.41680936463297, 59.1121058387515, 53.15084951820412, 51.77175060416961, 47.56440208118396, 45.69392801267916, 43.83635847754364, 42.19039454974679, 41.16525556345114, 40.1054082678667, 38.45489081099422, 38.61986801663463, 36.1487183330459, 34.91077927425488, 35.166184728685195, 33.63908966905725, 33.73021466851293, 32.45507910015099, 32.761792251852015, 31.50144984303632, 30.572748652952527, 29.999310408869782, 30.411603310479705, 30.52783883662232, 29.377757955370342, 28.592084242967353, 28.051105956736656, 28.693928191428654, 28.81674762741658, 26.804021099563613, 28.19306832789042, 27.42833909097888, 26.85726310603662, 26.269506975423276, 26.472755562381565, 26.32006822571836], "initialization_stats": {"phis_precision": [62.81525111734037, 53.197380240504145], "psis_precision": [55.294956055877854, 7.652554879016094], "phi_angles_psi4": [1.5708534688949276, -1.4656292156051838], "psi_angles_psi4": [-2.6402479591396975, -2.640173861951892], "phis_initial_rotation": [2.739046808048376, 0.004718448446702883], "psis_initial_rotation": [2.2384869717072586, 0.7418308935289981]}, "final_stats": {"q": {"step": 2, "value": 523.936387295448}, "c": {"step": 47, "value": 26.269506975423276}}}