{"initial_step": 2, "final_step": 50, "quantum_tts": [161.5213255821744, 300.893684755594, 392.3492007911066, 617.4769950312362, 575.8941996711876, 573.0122214619176, 772.9610330114166, 950.7106512853635, 1156.670816511143, 957.2556793991266, 1056.18978875835, 975.9941054638947, 789.3734791899684, 1004.5962721026423, 889.1675668718071, 1003.3866034202119, 1185.034321493459, 1081.684726904036, 696.0962440029466, 831.7349589201103, 886.8974182838966, 1138.6766453464056, 1164.5832471709177, 1849.5208592181111, 2293.929898563933, 1128.5848568686565, 1569.3072462768732, 1682.9433102680232, 1601.4422692514681, 1750.112756882367, 2303.8411538551168, 2165.325581301176, 3414.427614459407, 1383.5124870275724, 1748.2125511587637, 2263.209926095873, 2138.1600012204235, 3118.623126226566, 2467.126620532456, 2460.656533487853, 4519.43087834615, 3264.5284890950597, 4168.435452203762, 3647.8480793282665, 4134.178229255469, 3802.3282149641655, 4514.318862371041, 3543.3905705270126], "classical_tts": [112.095815491036, 157.16629403903485, 208.3167428201633, 209.38565590923074, 254.9352700863403, 309.46894252643125, 368.57306101352475, 440.06282482605917, 424.89211681056713, 481.43812894405255, 527.8486904842196, 701.8994234453946, 638.2881937462574, 691.0744894003589, 737.1461220270495, 783.2177546537401, 795.7772807822518, 844.2556716167755, 983.3890166276648, 1021.1301470808502, 962.8762578881051, 1032.4830520481614, 1123.4350050700582, 1128.0508387406871, 1330.4603765028924, 1212.0453219695808, 1354.010844430551, 1329.0873994043588, 1299.9872942395002, 1532.8271798968394, 1489.9580658166976, 1444.3143868321577, 1558.2403993016621, 1587.4542997905437, 1599.6423251686272, 1644.076834201089, 1723.5218112011619, 1657.079255561212, 1852.6059845399234, 1961.056351755816, 1997.9979531710342, 1970.715799116808, 1906.648031551267, 2062.376999075729, 2188.2834725206562, 2036.6467609752171, 2090.3497250716605, 2112.82824842168], "initialization_stats": {"phis_precision": [24.083044329340474], "psis_precision": [56.15170116797995], "phi_angles_psi4": [-2.5641579325261574], "psi_angles_psi4": [1.5391379706873562], "phis_initial_rotation": [1.3340258724749692], "psis_initial_rotation": [2.9166729055181975]}, "final_stats": {"q": {"step": 2, "value": 161.5213255821744}, "c": {"step": 2, "value": 112.095815491036}}}