{"initial_step": 2, "final_step": 50, "quantum_tts": [13338.960839342964, 12200.12117457231, 8284.462242905485, 13171.302944732462, 7473.388634789146, 13104.793419884063, 12713.466302967252, 2522.8260326299405, 7278.4712195129205, 4921.108204026192, 8679.446452787213, 1037.6374945748294, 4416.374988517723, 10768.455812732609, 673.3088292391512, 5732.969296902327, 6466.804865753547, 4849.599147163524, 1237.7081304489486, 6203.520282714069, 7346.769189712126, 1001.196548671085, 4971.588589380333, 9420.478577257649, 4713.937195084609, 5563.666182266426, 9709.984435858478, 9107.731258230566], "classical_tts": [495.55008489662924, 346.2944006144146, 290.10135410012754, 219.93695436842484, 179.0709123542248, 159.04839167850707, 135.19828327169276, 116.5656827094039, 103.84246679905046, 94.72491782388272, 86.29158920495848, 79.69481044851219, 75.33537388908304, 67.11997552787548, 64.13041428976526, 63.52617184395905, 59.64398963879758, 55.09457103347979, 52.23724942155263, 51.457848216885814, 49.71832331451676, 47.736144898229256, 48.0523966022117, 44.073748904490834, 45.03184998177169, 44.26603203918034, 43.51230667487389, 42.95002817203192, 41.38063825364968, 40.015969300697016, 40.104243009344934, 38.80544858059821, 37.59419992438755, 37.46760499978967, 37.070451080630335, 37.24080058999548, 37.317294170157766, 35.9710713207242, 35.00580866704635, 34.68391239467695, 34.27220028789913, 35.91635174433589, 34.738613117073456, 33.74031457165115, 32.74535411947017, 32.21284733844447, 32.86297700153132, 32.62991567504353], "initialization_stats": 3, "final_stats": {"q": {"step": 4, "value": 673.3088292391512}, "c": {"step": 47, "value": 32.21284733844447}}}