{"initial_step": 2, "final_step": 50, "quantum_tts": [523.5753367716571, 1098.4744423110642, 800.5931280381034, 690.2079206742895, 1606.3946766259382, 2209.118613184469, 1782.1973490974538, 2556.209826154753, 2867.2492186256527, 2237.770063487237, 1700.233573275234, 2341.2689709855936, 2561.585542129132, 1636.7642046088313, 1909.151974910533, 4241.77896928464, 4926.36301206062, 4250.234182380696, 6036.7471715651345, 5728.467207673498, 4495.348355052916, 3379.329139420318, 4689.260161388931, 4370.283932366328, 2970.4084886092896, 4226.487868564552, 6496.766602901038, 5238.871411862167, 4745.308181447264, 5169.185275672343, 4487.60593603655, 3465.8115310482617, 3309.941498690443, 3889.984389999003, 3742.876244430934, 3593.5218941282214, 5571.675825240655, 6448.163945666752, 6308.586187310893, 6511.610286821774, 7624.727221665736, 6718.040187660232, 4259.959134591208, 4874.408888915339, 6242.167740534722, 5129.96073011856, 5110.947865012055, 6758.586146879773], "classical_tts": [335.68629227939437, 317.82455428807884, 207.70293693513662, 190.5681031740329, 151.10442773548752, 127.50253320084943, 117.58846298482533, 98.20069772898357, 83.45172760740456, 78.93079867888964, 71.95401602125071, 66.43154809171034, 61.56463576567761, 56.475848865331756, 52.712312708334764, 49.22652883880018, 49.125925018037556, 47.01915585068715, 45.29073091797873, 43.62987370647175, 41.5243126943061, 40.07697763499269, 38.7511409114046, 38.67740353570831, 37.03882620309292, 36.799305864466646, 35.8723039947319, 34.6573201811558, 34.49599273053846, 34.01282249744451, 33.41612868909378, 32.91038967114692, 32.38093828320019, 31.650650718370013, 31.46363330155852, 30.616852082535402, 30.823036712042903, 30.595408851032882, 30.17505635386091, 29.385749352367924, 29.721225360172443, 30.398590478877537, 29.097548528359095, 28.76072907178037, 28.319257264259345, 29.416576330957632, 28.476404795523983, 28.325275836826503], "initialization_stats": {"phis_precision": [41.15619752015473, 32.08371453458031], "psis_precision": [39.38973806640287, 84.52428186640707], "phi_angles_psi4": [1.570709090494786, -2.5489826969983502], "psi_angles_psi4": [-2.6203661852996016, -2.6204219107225417], "phis_initial_rotation": [-0.2779234853049215, -0.4153296622256524], "psis_initial_rotation": [1.7586915856525662, -3.10660593469776]}, "final_stats": {"q": {"step": 2, "value": 523.5753367716571}, "c": {"step": 46, "value": 28.319257264259345}}}