{"initial_step": 2, "final_step": 25, "quantum_tts": [949.373372020903, 1062.6957807708563, 1132.6465104410718, 1182.1203578195905, 1227.288724139287, 1274.6552793782366, 1308.9155288022585, 1354.4207734950526, 1384.642952734057, 1430.5903296424067, 1471.6366944777371, 1550.314471209438, 1595.3364593394454, 1726.8694214059606, 1794.5640132429999, 1818.4709572469922, 1888.414298479435, 2091.712021264211, 2285.618381009667, 2344.7803659175297, 2326.5573280080416, 2447.09608853619, 2721.9088025948668], "classical_tts": [844.6231727930514, 1001.3065553443031, 721.3231869185787, 755.4140700904361, 692.5888012288292, 651.4717373684813, 608.6276698209473, 564.2235594770425, 550.012867213594, 530.4722399047957, 470.2730174624264, 464.28950156417034, 431.4060686759825, 412.54447392050224, 389.22079399146185, 357.81741445573687, 367.82869706735744, 340.9093254528667, 325.3075894246635, 319.9862716457139, 299.4638224106176, 297.51520751862665, 293.61299760773966], "initialization_stats": {"phis_precision": [66.92036621765199], "psis_precision": [71.6091186292389], "phi_angles_psi4": [-2.5639700672519443], "psi_angles_psi4": [1.5129570644342083], "phis_initial_rotation": [-1.5247427225112915], "psis_initial_rotation": [2.4048829078674316]}, "final_stats": {"q": {"step": 2, "value": 949.373372020903}, "c": {"step": 24, "value": 293.61299760773966}}}