{"initial_step": 2, "final_step": 50, "quantum_tts": [633.7932549173695, 605.7392981602678, 352.2963901822797, 333.4859431397595, 368.96027885635675, 369.65552571498256, 542.4820892081101, 439.9866821948997, 399.4329727584617, 366.03547824881474, 609.7245658744257, 388.0161320250492, 385.67738350336043, 567.1809967336707, 445.36238399457585, 419.8843584006231, 385.6955739673036, 499.90022970742035, 381.38695617225403, 586.1465185863781, 342.881262747555, 405.9509907995394, 401.7213184640044, 344.83065773477705, 383.02438025176843, 341.5350981275934, 383.07923501994986, 375.50274785542484, 458.8392875734918, 335.27024363675855, 417.857714240526, 432.51650636042075, 480.20180417729915, 518.5909122976866, 413.30958014900204, 378.6783059318723, 524.747752093106, 564.4053295922624], "classical_tts": [476.1529433942283, 428.27154251855256, 455.8963423673976, 352.5912136358186, 280.85875126751455, 278.40711747831267, 240.0211779599708, 203.1041092175258, 192.7049208244688, 174.12719566602723, 152.97620508851043, 140.30417567871763, 130.58487047411546, 123.84482390656137, 110.3363318847305, 110.35398304439397, 104.95552049446223, 102.24086456375557, 91.52735837991825, 90.87583194041608, 86.39906245199566, 84.8590059340115, 82.25047591769247, 80.7539452790357, 80.24873145196914, 78.894935063028, 78.5853215548074, 77.58408733721228, 76.03401161119977, 77.47735183478602, 76.95819454767017, 79.14751123487781, 80.58130096024779, 77.79081301730767, 81.13635993498804, 79.75594729301301, 80.50028100251299, 84.18166586905957, 83.04775342973777, 85.64891215306773, 84.35184152263845, 91.0613654302586, 90.54418712221914, 90.62534997633192, 95.70088517825006, 92.49906076461484, 98.64042506945393, 98.51182799061957], "initialization_stats": 2, "final_stats": {"q": {"step": 16, "value": 333.4859431397595}, "c": {"step": 30, "value": 76.03401161119977}}}