{"initial_step": 2, "final_step": 50, "quantum_tts": [891.2201026424308, 907.4985327285826, 1222.906740119185, 1689.2128845842828, 894.7784289723647, 1781.625981056105, 681.9123487474509, 871.9733399806513, 1588.0480088357692, 1476.447192305513, 2513.2940708080178, 3670.7655188904964, 4106.422769138083, 3442.862603199244, 3543.236629106304, 1824.3947265603106, 1875.8388881929784, 2146.81664684341, 2767.9204703180562, 5894.845940297633, 4732.966085486937, 4720.331601597309, 4262.157614419376, 2676.9626383246837, 3331.3309244612665, 6211.479186798431, 3493.715123104136, 2477.50419521368, 2712.762661642562, 3753.0823193954066, 9879.994584002268, 6865.849892644418, 5681.201401149391, 8231.848868743755, 9071.9325111167, 9865.894656887089, 7765.4308526863315, 8222.500256889203, 5231.739072338723, 5089.464315199677, 6116.678027417676, 5359.674381354176, 7076.250582584081, 9317.444832337032, 9895.01577522296, 11356.703586505808, 6443.804753008742, 8155.174351918166], "classical_tts": [407.0415340771731, 314.1314078519258, 213.35791962028924, 171.30099157449777, 136.5135229454714, 122.53995472657749, 103.0080020467921, 90.70445368420569, 75.20227972850263, 68.45942976451819, 62.56875162758482, 57.46782061278311, 53.59478574324723, 52.35429281107259, 50.37319334738982, 49.63994796092407, 48.238415431096996, 47.90902877237232, 47.27204335411155, 45.74712993044579, 45.22566252032201, 44.63035445989513, 46.8931400986669, 46.89266860251223, 44.47414999751372, 47.95373684929881, 47.48623020268444, 50.78313638053092, 50.69622522888734, 49.90758615885103, 51.70589717504941, 52.12361804997054, 53.54497185600222, 56.88390701156342, 53.92761241975562, 55.090643746748746, 59.40371281634913, 58.95303879938186, 62.022062478196375, 60.676240126442565, 63.77497996399407, 66.47564413288544, 66.21100460851554, 65.93803018218341, 69.37739064346533, 72.11961135668479, 74.592525728379, 74.85186936029518], "initialization_stats": {"phis_precision": [27.76951216254272], "psis_precision": [27.18173932686767], "phi_angles_psi4": [2.5307920507564523], "psi_angles_psi4": [-1.5085147862884132], "phis_initial_rotation": [-1.4832055568695068], "psis_initial_rotation": [2.4870173931121826]}, "final_stats": {"q": {"step": 8, "value": 681.9123487474509}, "c": {"step": 26, "value": 44.47414999751372}}}