{"initial_step": 2, "final_step": 50, "quantum_tts": [442.771322489255, 734.1973821991439, 703.7135144151857, 495.732493547942, 648.7834542085669, 891.2229038247597, 1009.8693816840694, 1292.7403472404512, 1345.403763967828, 1282.895182680927, 1254.0662564339505, 1465.7576581464289, 1471.5030034252277, 1083.5140621137234, 1104.5360062580128, 1748.5039606606472, 2004.3733283826255, 1782.0913589627714, 1857.0821233792392, 2171.6118907215387, 2392.839731057892, 2019.2469248559407, 2079.138241045529, 2295.701179781186, 1935.1902925546958, 2026.8905795454682, 2584.9575234121876, 2830.821844383848, 2833.0693749362795, 2877.8339130892596, 2755.104009330125, 2672.7753485839366, 2663.1055684212724, 2900.124604416376, 2764.9038590267974, 2808.4621030487338, 3527.0660539765886, 3738.4156164270494, 3793.456508649883, 4199.747716736452, 4423.6621612721, 4346.64777030242, 3779.017154699366, 3620.0376682143533, 4229.7612867323005, 3944.5246236260055, 3620.064940264825, 4208.52575119703], "classical_tts": [373.6249448567706, 306.9940811151964, 304.9629226594027, 214.53512453252245, 182.58332779368718, 182.5690796115694, 149.0574727221042, 143.32201719155555, 126.84890305378264, 120.81792983489873, 114.59609474109931, 107.39579456336986, 104.18379295181852, 98.90746473383514, 100.90670125121493, 96.03699565082144, 95.14766324257509, 93.75961376960352, 97.89825410100883, 97.25919764892902, 96.39447581269059, 101.14190161504177, 100.09757287698216, 101.96837709164134, 100.2539890344184, 107.30546119907339, 102.6146294665831, 108.61281988150793, 107.64079362361579, 112.05617373824576, 116.0580321848217, 117.27307075204858, 119.01834776237794, 121.93643758047072, 125.28262613216508, 126.02081237303979, 127.51655382463288, 136.47097427129657, 137.3341011598963, 137.78295497884363, 140.7355709067472, 142.8944399139213, 148.99426336773664, 152.7681832021203, 151.16687010248586, 150.5213070671565, 158.02320659048604, 163.77653706704845], "initialization_stats": 3, "final_stats": {"q": {"step": 2, "value": 442.771322489255}, "c": {"step": 19, "value": 93.75961376960352}}}