{"initial_step": 2, "final_step": 10, "quantum_tts": [4328.961066770738, 6107.047653281611, 6508.364286466402, 10881.41371548147, 13112.521840068483, 15064.427553185848, 20325.61341846142, 7991.8300312196825], "classical_tts": [2538.4802695933276, 2425.645240478857, 1860.7764225502326, 1444.6831942443316, 1197.701138555534, 963.2538081116707, 800.4545865071955, 655.3915004814752], "initialization_stats": {"phis_precision": [0.06386099476578533, 98.88983018574055], "psis_precision": [98.52886946110779, 68.02566128608687], "phi_angles_psi4": [1.5707569039948863, -1.5708759537949808], "psi_angles_psi4": [2.5812542080635814, -2.640232400643676], "phis_initial_rotation": [-1.572842001914978, -1.5359989404678345], "psis_initial_rotation": [2.5350372791290283, 2.6384494304656982]}, "final_stats": {"q": {"step": 2, "value": 4328.961066770738}, "c": {"step": 9, "value": 655.3915004814752}}}