{"initial_step": 2, "final_step": 50, "quantum_tts": [1386.863388608724, 2813.5518190337834, 3581.3187204167016, 3054.1034131961355, 4364.25703819827, 5516.7770951254815, 7223.872382977646, 12338.69074618745, 10084.468886752802, 7322.4765774549305, 7153.716099591239, 12554.683350749874, 12160.44123405386, 7063.921242421613, 9080.459129084931, 24523.0932503481, 24087.68731507649, 14113.91436228528, 15003.375336266432, 20358.133372277745, 24364.78192306133, 14324.348644361906, 13658.154381607485, 16813.38585272821, 17060.91573302437, 18633.285844517053, 18391.43629872915, 18172.643162531862, 19829.156641299902, 24566.484507045894, 19404.721797071274, 14678.577866333262, 18477.478801668916, 33306.117885066196, 23701.1477384401, 17515.65166194513, 25874.874441738924, 30361.5083994943, 27312.82032064351, 20489.87234905192, 17994.748346381795, 20996.083964288777, 19984.713385841555, 15901.550009564307, 14020.412456094446, 19007.63557400585, 25136.022436133142, 21876.718410798392], "classical_tts": [1021.0668365132741, 654.4215012706896, 529.3142496798612, 391.2127331929396, 326.95321867816364, 295.2670818904862, 249.21207528273882, 228.71153277379628, 212.10238943698639, 193.4010740797936, 191.47853729170552, 181.0679713383247, 172.58772124913062, 173.50860830318967, 180.36462225751436, 179.17555496378483, 174.3051779235674, 173.94522828240417, 168.9169394370665, 171.04783312208448, 182.50339461124173, 181.04118481009723, 193.2125789768486, 180.6476857230928, 190.956178549613, 190.2558375258804, 192.4845228104786, 200.29864491125323, 203.78340005622897, 207.13597406795157, 217.14415227736, 215.62331393939067, 216.4517608255301, 233.02755130672247, 230.90049528557083, 231.2899527703032, 239.18135195573657, 244.39118737159424, 252.5158091433227, 254.79299212289018, 272.36550946055786, 278.2912682039929, 267.0142805544882, 278.5610670542199, 287.8319719402956, 285.63224924447366, 294.257761656045, 308.4180591008182], "initialization_stats": {"phis_precision": [2.7622894820200306, 66.54557542542865], "psis_precision": [66.38155167892445, 61.33625584533491], "phi_angles_psi4": [1.570709090494786, -2.5489826969983502], "psi_angles_psi4": [-2.6203661852996016, -2.6204219107225417], "phis_initial_rotation": [-1.4841036796569824, -1.4979809522628784], "psis_initial_rotation": [2.6066644191741943, 2.448106050491333]}, "final_stats": {"q": {"step": 2, "value": 1386.863388608724}, "c": {"step": 20, "value": 168.9169394370665}}}