{"initial_step": 2, "final_step": 50, "quantum_tts": [4624.059543205065, 5007.912951267526, 5265.876520187153, 4096.062224367959, 3051.413727911295, 3036.8368478583816, 4975.544282499551, 971.6355095149768, 4328.266573132385, 2110.7162757636806, 5339.802099892176, 874.8644627158001, 2316.0952561554523, 4871.751135531543, 1031.8932565651403, 3439.752907555327, 1752.8889379765021, 1274.8894691888052, 605.7311170658378, 3486.640293351059, 2102.6324274581684, 312.8325871433163, 2792.336855492334, 2965.539019092046, 1786.3375596201306, 2292.720425954751, 3066.848588227466, 5470.86327589791], "classical_tts": [281.08621591111586, 263.49741918748373, 240.97457124932052, 219.93695436842484, 228.68172380883948, 204.26457275223953, 189.24598734963752, 189.43274882949893, 182.9674447147846, 192.35427401195236, 194.59056839082683, 188.09335574061615, 197.28189386868308, 216.43268841482475, 206.70691869842693, 208.56091244527363, 226.08589671814278, 215.96472930808628, 234.03166877302354, 238.51761729552948, 241.8136575063181, 249.31482905344367, 256.78625871315353, 267.8715259753079, 266.98079337085846, 284.3704885158222, 301.97459035116896, 297.7862695290345, 311.5274003971514, 317.43724073254504, 323.3938416116733, 344.3755017223411, 345.2703095702004, 355.4253186752063, 360.5849569217475, 372.3839423527354, 388.5755879833389, 381.7286831253788, 382.744381897951, 422.4811439398062, 420.10741263512364, 420.0330003516567, 430.66825788504275, 441.6434326040825, 452.3717591853394, 478.2775092961233, 474.9219670608452, 487.7899752801617], "initialization_stats": 3, "final_stats": {"q": {"step": 2, "value": 312.8325871433163}, "c": {"step": 10, "value": 182.9674447147846}}}