{"initial_step": 2, "final_step": 50, "quantum_tts": [523.5753367716571, 1097.3419444961448, 799.1424461215672, 679.858430683802, 1577.4837522161313, 2228.455335297843], "classical_tts": [342.0040370481872, 254.7643565152693, 227.07037450467794, 176.56396061080173, 152.47435518253084, 124.2896988977685, 110.5384031161533, 97.20415026393486, 82.7101670203757, 78.09077832177651, 68.67494920135265, 66.17206067447545, 59.34282538310902, 55.59188055935438, 51.64556988650865, 49.29514250363981, 47.04573014909207, 44.64971251106245, 41.87992566154864, 41.70064560394238, 40.38369303693157, 39.24433256674199, 36.93717091630107, 36.91322758185292, 36.17731048529549, 34.59115028063434, 34.02913352228822, 33.93209107777313, 32.787704160061196, 31.38636134432484, 31.651974377802848, 31.22773619545648, 30.9386076160704, 29.442438599281694, 29.178784828814127, 29.966694765109178, 29.45037546396548, 28.40722257156657, 28.474220973452322, 28.369616995877, 27.579346110200163, 27.86319422384949, 27.612870722982898, 26.94459313362212, 25.220560090136726, 26.98478885336039, 26.21220556724645, 26.151378351906537], "initialization_stats": {"phis_precision": [54.16643280483886, 69.48319299309821], "psis_precision": [29.89316090297408, 95.8070049162999], "phi_angles_psi4": [-1.5090061529896548, 1.5706674987945404], "psi_angles_psi4": [-3.1305107197857307, 2.4956793155219437], "phis_initial_rotation": [-2.9489101328709793, 0.611953731755539], "psis_initial_rotation": [0.9502032806576723, 2.6274061410368468]}, "final_stats": {"q": {"step": 2, "value": 523.5753367716571}, "c": {"step": 46, "value": 25.220560090136726}}}