{"initial_step": 2, "final_step": 50, "quantum_tts": [54.9363977906829, 79.11145201533323, 116.42951784834094, 164.24708066828998, 192.69520268297128, 196.57242272045983, 209.53179527284288, 255.13724082079347], "classical_tts": [22.923504088516655, 22.941343220452577, 23.4555396270544, 22.174617332765546, 20.36909109361522, 20.511418663415856, 19.496521917195874, 19.419924380411654, 17.86102135202733, 17.709143475721334, 17.021687334651666, 17.103571103007774, 15.904583837123809, 15.340907244024208, 15.105247258939448, 15.746342971417144, 16.165110077592235, 15.504090606447344, 15.087528176950038, 15.109300823285427, 14.717195491818956, 15.10297525085187, 14.521955515895328, 15.390900687131712, 14.198278015637852, 14.564112581482647, 13.845782937129524, 14.175678267763654, 14.664494759755506, 14.687082486813717, 13.77347393037394, 14.341403659355388, 13.277788925664662, 14.595861395011546, 13.83519216320017, 13.10240641414603, 15.062158683316513, 15.23040494414476, 14.508723989185173, 14.122882922718482, 13.440263486965453, 13.76026976046463, 13.32917303349217, 15.000000000178645, 16.28947824461398, 3.5921226192636477, 13.325708099661693, 16.333333333527857], "initialization_stats": {"phis_precision": [97.18833520692284, 0.8058094134222205, 99.19553136859332], "psis_precision": [66.68404636182493, 81.16776960908577, 64.50075414589058], "phi_angles_psi4": [-1.5707710493948939, 1.5707952455948966, -1.570755405294885], "psi_angles_psi4": [-2.6205204667113717, 3.1391986187660397, -2.620377193467711], "phis_initial_rotation": [-1.4824399948120117, -1.5454821586608887, -1.5454822778701782], "psis_initial_rotation": [2.616013288497925, 2.5475666522979736, 2.5475664138793945]}, "final_stats": {"q": {"step": 2, "value": 54.9363977906829}, "c": {"step": 47, "value": 3.5921226192636477}}}
