{"initial_step": 2, "final_step": 50, "quantum_tts": [441.81005762051416, 741.8328795843415, 706.2640177301084, 490.8174842759897, 612.4377014313033, 797.627862106857, 865.4893886038471, 1060.0635386741722, 1107.066805980934, 1072.7747940015622, 1011.2720979762669, 1102.3877190847402, 1051.5101288704936, 752.0977254990697, 706.9797886825012, 948.6165661940365, 1047.371054722747, 993.9248670418933, 1020.8157934468294, 1186.625954450061, 1417.4340963932423, 1374.3386815168592, 1446.5305938190759, 1575.2679199950483, 1480.7760928925727, 1538.6612858108654, 1718.5567432703003, 1800.9570255500882, 1819.8972443552848, 1809.7412641747023, 1795.4745800645626, 1928.044116886702, 1992.8970858030664, 2053.559722900438, 2056.9292298324217, 2143.7752789110737, 2466.9061790516175, 2445.662452702089, 2657.893320070391, 3080.2696572770633, 3302.2516418937744, 3677.4167284719992, 4051.7793537389307, 4044.2270466641485, 4513.08103610145, 4797.010206832525, 4379.962135462045, 4292.337295377928], "classical_tts": [358.8823089755334, 274.2303268908114, 241.79610595335032, 233.42583962137672, 197.68602238045122, 167.72562717861337, 153.8012504972524, 133.03161331802514, 127.26911447439551, 116.26809383079522, 110.14162896688725, 103.87042110609028, 102.37546789648218, 97.56717777632322, 100.95649236205263, 96.03699565082144, 94.22611448072954, 94.9322464710427, 96.3758999546154, 99.0939730174638, 99.69451546999339, 101.96197800733617, 101.56954429640686, 101.88900886183627, 101.60112069105203, 103.32218465943551, 108.25381292360335, 110.93361148121477, 114.97673427576682, 112.6403175102325, 115.4993904760982, 119.72931833766808, 120.33799022861946, 121.26897760991531, 129.60011278983018, 124.52091862698003, 133.06931815388313, 131.20425919667568, 134.81239522591878, 139.4924998276948, 137.1325353386519, 151.2989709838042, 148.77822129870725, 148.89522193062263, 158.1646948974414, 150.145950079255, 162.30351414404427, 161.0255790222132], "initialization_stats": 3, "final_stats": {"q": {"step": 2, "value": 441.81005762051416}, "c": {"step": 18, "value": 94.22611448072954}}}