{"initial_step": 2, "final_step": 50, "quantum_tts": [423.68201022212736, 483.24915832221586, 593.7598874626206, 903.6265053580894, 638.0971039133724, 906.8437639384096, 824.9738382353393, 1110.6328014489509, 1655.4374315961381, 1209.4293607555414, 1350.3705666530946, 1735.4813606430132, 2286.7619607659917, 2549.4237576717237, 3439.283213069733, 3218.2148790692077, 2669.8521410788394, 3260.919563219222, 3653.8667262931453, 3424.2674098312236, 2036.406444030866, 2046.5300383142585, 3048.6561861789896, 2623.1377437588976, 2827.8695498184547, 3807.282424064558, 3016.585979526957, 3499.690219836578, 3795.6371943721133, 3180.191403589237, 6088.3208655028175, 3768.974558030538, 2891.575397347105, 5786.395862828086, 6309.540230483434, 6377.754786714331, 5755.215728600031, 6235.525384148112, 5642.272249429223, 4678.487900012488, 4667.231540181532, 5208.1752602484785, 3647.979301492699, 5930.3663456021495, 6734.337080249101, 3998.416695136782, 3525.4049450648427, 3506.4693734139246], "classical_tts": [195.76022306895896, 153.51465882725682, 138.1396340760181, 121.01646978332934, 97.79120948164632, 89.68202444734493, 79.7477882890701, 78.50746494749785, 70.9160008786685, 65.05384370929164, 67.10879529579034, 63.90540685039607, 64.3067388255942, 63.7077175716258, 62.95623477701365, 62.3017393189943, 62.77912411644797, 66.36406964054527, 66.58254139352393, 67.39838244839956, 69.36162284126763, 74.18743263045101, 75.13197907669596, 75.17733270303019, 77.31213661568005, 79.55879707862788, 84.55424838405885, 90.97789112129463, 87.234205158538, 93.48215760493878, 93.57036955970946, 97.98961958612009, 101.1713196320956, 106.21438712785633, 109.24908390293794, 110.17535029286061, 114.83288057043754, 113.80047771262491, 113.752705178917, 119.80341991052609, 118.94432634078588, 123.13614813732248, 131.94114655181554, 129.13234191829505, 129.91167631150546, 136.76220936175724, 138.99255201543875, 147.2441595780613], "initialization_stats": {"phis_precision": [29.34891928195058], "psis_precision": [57.62881505304564], "phi_angles_psi4": [2.5308350215445605], "psi_angles_psi4": [-2.601582346553618], "phis_initial_rotation": [-1.5327811241149902], "psis_initial_rotation": [2.350472927093506]}, "final_stats": {"q": {"step": 2, "value": 423.68201022212736}, "c": {"step": 17, "value": 62.3017393189943}}}