{"initial_step": 2, "final_step": 50, "quantum_tts": [1386.8633886086777, 2812.208929368469, 3580.328297194793, 3061.5967222245845, 4398.263396364067, 5564.2225111758235, 7242.968342818973, 12346.739779460771, 10136.678296027187, 7368.382916477462, 7169.353500092448, 12566.915280618035, 12334.98127219346, 7150.795552504165, 9157.733056256015, 24555.74383629495, 24026.98474611554, 14200.102934556191, 15173.108360091523, 20436.977435838246, 24255.349770478944, 14378.643527226193, 13863.008849941458, 17126.89400456326, 16952.29880937763, 18191.74203987405, 18406.598843325148, 18650.611055688256, 20208.804338467213, 24194.707706374316], "classical_tts": [1114.1007221790642, 809.2183001042984, 517.9536849407767, 361.15878550232736, 321.9835747211988, 274.6357350396391, 241.72114979906698, 214.41874155910537, 203.71679721812126, 187.47354114081983, 179.22261065345424, 174.66054280259712, 179.0658795076582, 165.6036701367551, 170.94453577037729, 163.74750041715498, 158.8733138675201, 163.91604822611146, 162.90269821150903, 165.39315520346906, 166.55212192360213, 164.683314589041, 164.6430543831166, 173.4876937436526, 176.06525075804097, 169.0278018592393, 174.3456346206093, 184.89578046315106, 180.57491454788035, 188.03315871530782, 187.37923607250136, 190.89141768269803, 200.78998883516053, 213.42434121314258, 207.3718171661079, 214.1298811884778, 217.8753913831904, 220.72703253586826, 228.5978115130389, 228.24146939783287, 224.2946192640386, 238.50252788350105, 254.28405845294606, 252.0043306211268, 263.9894029826263, 265.1472463194337, 273.93580039613755, 267.98219497362516], "initialization_stats": {"phis_precision": [3.4593604254533394, 65.4070686945677], "psis_precision": [64.24299610651036, 59.786442803922924], "phi_angles_psi4": [1.5708750043949777, -2.564153317394988], "psi_angles_psi4": [-2.640328001158329, -2.6404028940591564], "phis_initial_rotation": [-1.4620386362075806, -1.477384328842163], "psis_initial_rotation": [2.5195178985595703, 2.3794362545013428]}, "final_stats": {"q": {"step": 2, "value": 1386.8633886086777}, "c": {"step": 18, "value": 158.8733138675201}}}