{"initial_step": 2, "final_step": 50, "quantum_tts": [1790.0950158288028, 1931.069339789164, 356.9223727712138, 399.93615534295543, 507.09525549758973, 320.10284895317193, 1337.981886847039, 115.95118307013473, 188.3291279130443, 299.9781318821895, 1839.043204503748, 226.00087635147676, 844.45138751992, 1659.1321926013627, 87.19073692106149, 123.80776532733748, 463.0715071027985, 1276.1339088685104, 548.5630218130511, 1597.9866918271987, 301.4319119989131, 879.3553997057261, 165.63524119042384, 344.88972424464527, 340.8442144409918, 370.81783897905336, 460.5570454684346, 181.08735051720842, 771.8041667400831, 379.2661957144605, 982.5200534661896, 913.3292599204867, 1152.0384002331912, 1246.605572942671, 167.5260123517157, 626.8349685887247, 1302.4190713984747, 1464.7063197551545], "classical_tts": [62.53070647262262, 58.570429060104345, 55.46573982966887, 51.235215026137126, 46.82550474210302, 41.953124577269904, 42.2316311376782, 40.011390090164966, 39.651084864676605, 38.39314806145323, 38.54087484746063, 39.009976303498405, 39.15695306513931, 38.977304576629955, 38.860579333260794, 37.84839489797817, 42.893363351699364, 40.525506218006925, 39.92010897016563, 42.90486446745053, 42.249787063226364, 44.599559501532895, 45.33070036858017, 48.210673252601744, 48.39660452229162, 50.18806067063081, 50.860856247371075, 53.15870225503257, 53.62079044559546, 55.21342514966457, 58.16742700178274, 57.46097836861065, 58.90872985987774, 61.85598560597885, 64.11881630283628, 68.0129854373001, 67.68097276410496, 69.02262579641582, 68.91118726929905, 73.23018754331204, 74.27960771819045, 78.82152403332415, 76.77780497800258, 77.24946491863983, 82.39226081756756, 81.95452993870495, 84.11438105831272, 85.92756846132454], "initialization_stats": 2, "final_stats": {"q": {"step": 2, "value": 87.19073692106149}, "c": {"step": 17, "value": 37.84839489797817}}}