{"initial_step": 2, "final_step": 50, "quantum_tts": [146.69569761186807, 195.93194404512482, 324.62870124403594, 606.1616312055687, 712.2415519055634, 525.7472664722842, 462.51916156534486, 590.1846426256556, 1071.3298009479504, 1595.553260038472, 1088.9571617955835, 782.3742819711402, 837.5461077992195, 1320.801464751808, 2095.556631709545, 1679.8715905702352, 1157.605837299122, 1110.154318223678, 1573.793176126646, 2753.8168653220746, 2916.736845507923, 1878.2839392567012, 1483.3998845186193, 1699.901585950651, 2629.8747014449564, 3560.971910957377, 2602.0516063941373, 1826.612648481417, 1806.6457855868427, 2614.618837677125, 4471.306750640039, 3979.771742490995, 2418.5405847836173, 2009.0158567408557, 2509.752659085885, 4179.139311481171, 4717.14169033282, 3005.3004821655013, 2302.5097602258247, 2619.4721861657526, 4305.9640249516015, 6366.811657257149, 4441.128328082262, 2958.8543991641177, 2811.2457539175653, 3871.801274252084, 6063.225684754403, 5596.22804114458], "classical_tts": [87.09790521131919, 69.97606439273645, 56.5700236327051, 48.38583847078121, 43.378844704896785, 36.0843890354652, 33.104918143632794, 30.310820042504236, 28.066186269575052, 25.31952558813723, 24.18334277545294, 22.39613586252219, 21.80464075117354, 20.912783688797948, 19.829579594784107, 19.710427229355343, 19.739787677696313, 19.08246245295832, 18.368131292962346, 18.232159731947558, 17.628889488193227, 17.350657403492544, 17.947384975298046, 17.46056020616819, 16.316696336342403, 16.240203545921197, 16.26728167189183, 16.959407595458877, 15.317006003560554, 16.062491311972135, 16.966616585554362, 15.202495672606616, 15.425657526646157, 16.242038222617698, 14.468775070899285, 15.60120901312689, 15.6638457432038, 15.23040494414476, 14.820468525401385, 15.484450979227223, 14.467343481809177, 15.59687828837406, 14.080276033963807, 15.935359152339766, 13.93504453501454, 14.237980285775727, 16.534106836353345, 13.603327018404643], "initialization_stats": 4, "final_stats": {"q": {"step": 2, "value": 146.69569761186807}, "c": {"step": 49, "value": 13.603327018404643}}}