{"initial_step": 2, "final_step": 50, "quantum_tts": [140.2593922730611, 205.5570560113867, 247.1921386277866, 324.5621216542174, 329.2379260840387, 392.1822806392865, 505.2828358354987, 679.1672714839577, 765.9294557354563, 667.8066518564525, 588.0050358829869, 610.4638837135033, 1156.0280724305098, 1443.0634417264782, 1411.9188000478475, 1428.172564953717, 1451.9619421516413, 1248.3126660797107, 1281.5731976353381, 1487.2819554870737, 1550.1934259095442, 1490.2721274726787, 1677.5415634356473, 1812.0729986199603, 2239.186022883873, 2492.784664274371, 2375.0790592536223, 3159.5073988585154, 1649.7908892323167, 2124.174236597577, 3484.2828302830726, 3044.589544462374, 2401.31234624546, 1857.7001677115659, 2467.513636427751, 3356.2471503037923, 2652.1293879713335, 2703.6464289577393, 2332.0109661936885, 2056.797371776651, 3264.857108479982, 3613.9119691481, 3533.483118424691, 2575.8495188069314, 3328.538952977754, 4154.972384388255, 3411.297121894685, 3012.297801658141], "classical_tts": [88.86901806492374, 86.50348499303061, 81.79048673681459, 80.18377816598259, 74.3859779578047, 69.30643037597949, 61.591124491436375, 63.824400790801654, 59.4211815730127, 60.3502271082018, 57.55815621732857, 59.71340033805175, 57.43722850785045, 61.01458539996342, 56.79681070507675, 59.947965274733924, 58.05972988470079, 61.24146693156664, 61.94837321369941, 62.707482837964186, 60.81373039420252, 65.00086773626063, 63.61524906418596, 68.9635633395528, 70.01374035791346, 72.15907965289706, 72.26160062451609, 77.23856961639196, 76.16388611360048, 81.05095052511932, 81.79820553175972, 87.77158898585049, 86.85124150320199, 89.40568978270792, 91.70923621241703, 93.48771006369644, 93.30460091017693, 98.07159572996642, 101.69061371847746, 106.7569470503419, 104.04335740063067, 104.0830805987843, 112.9345969504495, 113.39136173300787, 114.26326575105743, 120.46991252185293, 120.45676713733002, 119.25375315844266], "initialization_stats": {"phis_precision": [41.12489301387859], "psis_precision": [38.837797790203176], "phi_angles_psi4": [-2.5265337703537245], "psi_angles_psi4": [1.5241109530932357], "phis_initial_rotation": [1.9070355009567406], "psis_initial_rotation": [-0.3973562983034755]}, "final_stats": {"q": {"step": 2, "value": 140.2593922730611}, "c": {"step": 16, "value": 56.79681070507675}}}