{"initial_step": 2, "final_step": 10, "quantum_tts": [149.80428513407793, 207.04205323225784, 353.2787529496143, 634.2544289508664, 709.1241248481996, 564.1525825094042, 539.4275755107982, 717.4929618671366], "classical_tts": [74.10792873287178, 67.15449291814508, 61.30350375390038, 48.129064119009215, 40.46313248001243, 37.820089232845824, 31.69647365148446, 27.563539070648915], "initialization_stats": {"phis_precision": [88.48026081506434, 12.549907013052042, 77.12559791064861], "psis_precision": [63.638695662144414, 57.08607425986501, 31.741949151133998], "phi_angles_psi4": [-1.5707710493948939, 1.5707952455948966, -1.570755405294885], "psi_angles_psi4": [-2.6205204667113717, 3.1391986187660397, -2.620377193467711], "phis_initial_rotation": [-1.2088677694482501, -1.1765304512405037, -0.852134869703232], "psis_initial_rotation": [-1.4781964008838737, 1.7910178803469794, -0.47598728251615086]}, "final_stats": {"q": {"step": 2, "value": 149.80428513407793}, "c": {"step": 9, "value": 27.563539070648915}}}