{"initial_step": 2, "final_step": 50, "quantum_tts": [30.34877908780778, 51.1812910617031, 68.57319280013932, 103.90083842417553, 115.90888624570078, 155.89309533508157, 166.2375990297168, 168.80859694834447, 219.4419260107436, 203.91065026195815, 268.4783804993591, 260.3789900685235, 293.4463463517004, 322.96054131288463, 372.2208134773486, 394.8066364315863, 358.5056504259664, 361.2383731788648, 419.4227266647308, 381.22950452995923, 465.0854621063272, 505.34519779379804, 430.1877996058797, 409.87779996267415, 419.66793293366777, 483.69448265735355, 546.989009828785, 575.2920630538746, 531.2210993161184, 585.3444941358109, 614.1871868033031, 617.746621323181, 550.726141860652, 571.498326761718, 629.8946292466755, 694.2723828674734, 653.6053824222827, 574.8192856273639, 610.2826262609144, 497.7605831869956, 582.9442168815924, 636.936448258462, 668.29600439693, 795.9418043359932, 752.9341337898707, 836.0089558898147, 870.2103460567598, 853.3323797567431], "classical_tts": [23.241285193217482, 24.011768338953253, 22.513846969078518, 23.544652842111866, 21.79324940869198, 21.408096580535883, 20.632058261276814, 19.35390070983569, 20.500932294842443, 19.413012169714722, 19.24856666084084, 18.815972165715998, 17.755704274941227, 17.77450475444788, 17.580584399622033, 17.05534553111086, 17.706091944027364, 16.539837289630142, 16.585664434502526, 16.51402701719105, 16.509736033503874, 16.063715389674734, 16.86479232580077, 15.390900687131712, 16.316696336342403, 15.63405899684343, 14.36746606522932, 15.443734806622473, 15.763836815442906, 14.281132298509245, 15.260549952815056, 14.474695556315902, 14.015019875498137, 16.003023980048113, 13.83519216320017, 15.60120901312689, 14.83988174044874, 14.988124843466851, 14.508723989185173, 15.756746630311305, 14.000000000166734, 14.81180404089987, 14.66666666684134, 14.400282307462984, 13.93504453501454, 16.6435973368882, 14.540916036536913, 3.744978900934441], "initialization_stats": {"phis_precision": [97.45229254839906], "psis_precision": [93.17376321075525], "phi_angles_psi4": [-1.4946345856773127], "psi_angles_psi4": [2.5811839587457355], "phis_initial_rotation": [-1.5746731758117676], "psis_initial_rotation": [2.3667314052581787]}, "final_stats": {"q": {"step": 2, "value": 30.34877908780778}, "c": {"step": 49, "value": 3.744978900934441}}}