{"initial_step": 2, "final_step": 50, "quantum_tts": [7581.124861665216, 10227.235943491052, 5827.946593790442, 3275.2868709153813, 4989.829716321017, 15103.670515094045, 4373.518719050407, 3916.74499756626, 9741.397917246552, 6453.650493083371, 6788.84097675815, 11391.832669733592, 564.5318706696422, 474.9584692047597, 2277.5105940322474, 406.6505497895939, 7401.611295202405, 301.97663275168844, 10181.839822295931, 394.2813612572831, 529.4056492985176, 330.6300478838107, 4888.64839068493, 592.5053583370122, 3456.4472056573463, 8055.609338920754, 780.4312322468787, 3924.0372119961335, 1281.0080978666592, 6334.0362874050825, 5161.3445304765655, 3607.613767760888, 9678.995934181152, 2781.3028300594547, 9632.661575154418], "classical_tts": [106.67895981014462, 105.72203517328643, 115.73035908545567, 95.34024221267964, 87.7000497140769, 84.71930442769005, 88.84641849249337, 81.50830366019531, 86.06099220976273, 73.65063755495659, 76.77535580393803, 81.62405991177381, 81.55542509491048, 80.17675516988082, 81.0548106470071, 85.08567750230247, 82.3407857593845, 87.41731364651355, 90.29875821159436, 94.81369612217408, 99.40976782263175, 100.53322031065716, 107.39196084459596, 108.40217735162932, 108.78096846587644, 114.4922279227962, 118.17010567871151, 119.0700645184167, 120.80404576103204, 128.88686399400086, 132.31594608224063, 138.1769595284771, 141.80489490905188, 151.39916104567783, 151.5732061110834, 150.26876048489322, 156.87925288300693, 159.50511104359737, 167.48722367088135, 168.20902634441916, 166.9196063096626, 173.1524655908126, 175.00291524202004, 179.25634519727942, 190.05523415655077, 197.26345570259215, 202.2573297798299, 196.8555775585561], "initialization_stats": 2, "final_stats": {"q": {"step": 5, "value": 301.97663275168844}, "c": {"step": 11, "value": 73.65063755495659}}}