{"initial_step": 2, "final_step": 50, "quantum_tts": [751.797712609427, 722.6324286116195, 686.7028335869447, 640.6949981015345, 621.1177875785417, 614.1770504107152, 630.1383253426654, 632.065411698541, 877.3527610856651, 668.1857301718608, 816.6647642141309, 738.969927793301, 336.624008990672, 381.5941343854229, 654.010276587663, 350.8603945509751, 653.2541658631911, 398.03380149613025, 787.8520204232071, 331.7520775666455, 350.5761006718502, 384.2539223171948, 607.4120576228449, 367.98422024637273, 643.6476742188914, 853.6162106491712, 399.744291482084, 598.470487326006, 449.1967941076089, 462.1652406261118, 604.3232074599723, 525.4704210156577, 885.9227261805985, 457.90245377751717, 619.6742924362615], "classical_tts": [720.0745975982455, 687.3158648300828, 580.1661607654464, 580.8704053198742, 516.8722989624277, 416.0493296453959, 412.9717518774553, 388.07049460806377, 321.45417486651303, 311.36808552930796, 274.1508515247226, 233.90120195753695, 229.81804567517133, 196.91929010860312, 185.9302815457467, 168.08757996580323, 148.52579773744043, 138.41085373630088, 134.04766841454799, 120.74156203991004, 116.9132319796964, 109.077034551179, 106.65382932942025, 99.74057898207205, 94.89524296088108, 91.1634088742388, 89.00355202801379, 88.22328038522947, 87.50830877155536, 89.57873773917551, 86.46756539759213, 84.49860449168773, 86.79193415408078, 85.21024442746864, 87.22830596952794, 88.98291244574364, 88.66440764164595, 90.07476888148588, 92.51002797741498, 94.2125807983189, 96.34662299224799, 95.05301893755218, 98.19395218355649, 96.5061602941255, 100.96091614125635, 101.83035771845553, 104.77858568022202, 106.2358696710794], "initialization_stats": 2, "final_stats": {"q": {"step": 9, "value": 331.7520775666455}, "c": {"step": 33, "value": 84.49860449168773}}}