{"initial_step": 2, "final_step": 25, "quantum_tts": [357.9491978234487, 380.6671111347109, 376.87682885832163, 374.61637516563263, 369.3537825656166, 368.4405819143616, 364.3187002372135, 367.6280512910807, 371.70811170196424, 376.7854402328581, 388.6202707751443, 406.5631176179968, 430.8726210326032, 466.3768325379742, 476.8369814223965, 505.1132138748288, 549.0968757144595, 582.853097706063, 645.362179304964, 717.7265151937146, 781.0034166987764, 825.0642544744493, 875.9496559153895], "classical_tts": [326.6327318333251, 343.00501374892826, 300.47574646395447, 285.6713402962552, 290.54513224977046, 274.0167963831455, 256.2026263222237, 250.1653373292562, 233.74353018039312, 217.4794298585198, 219.56093365775382, 206.71090528733703, 196.92706634573932, 189.88132518768617, 188.02478921484496, 182.74544953309152, 176.59788654305143, 172.0185556088371, 166.55534941559583, 163.09978278451092, 165.76663031206715, 159.31586890269998, 160.32229249145746], "initialization_stats": {"phis_precision": [97.45229254839906], "psis_precision": [93.17376321075525], "phi_angles_psi4": [-1.4946345856773129], "psi_angles_psi4": [2.5811839587457355], "phis_initial_rotation": [-1.5746731758117676], "psis_initial_rotation": [2.3667314052581787]}, "final_stats": {"q": {"step": 2, "value": 357.9491978234487}, "c": {"step": 23, "value": 159.31586890269998}}}