{"initial_step": 2, "final_step": 50, "quantum_tts": [564.6916639055459, 817.1995006751113, 1054.9925886145038, 1251.2640092537138, 1419.4737320061586, 1769.3720645980677, 2055.7838517574687, 2322.9300097167616, 2108.5700996774085, 2564.956707435081, 2543.1789769185493, 3241.1090298782797, 3069.4928448423, 2886.4154421731228, 2622.403145584663, 2629.2866404990955, 3265.1959139204528, 3481.148821721213, 4809.710639759167, 3629.3893355298983, 3431.1550451495855, 3837.7740631864654, 3705.806816865649, 3588.888434088527, 3778.449550353071, 4432.671451823651, 4890.6092044980105, 5322.535431529639, 4972.773823581403, 4529.979649049499, 4606.17906248285, 5110.664112154865, 5282.4531584464785, 6002.104639077779, 6101.681373982884, 5731.869464705818, 5899.473523065663, 5832.536140191205, 6671.683672879601, 6530.5613505715055, 6815.733070455215, 7283.579300886497, 7307.068065266733, 6516.252349029486, 6257.440790002613, 6495.2023833688845, 6103.033851327493, 5998.92157717014], "classical_tts": [315.28975347005877, 323.528164375585, 296.11676525689705, 284.7517628613339, 267.28605056014385, 227.57666209908754, 208.97354356143927, 196.1718387643137, 166.7171125075865, 164.2873930989997, 154.9003460472498, 140.7122459215028, 139.55862950587954, 127.60894680184502, 121.80679526987613, 118.09560086285909, 113.46406905984931, 111.20403686466332, 104.0978818243613, 98.51759959255804, 97.72642398346906, 97.29895936712236, 94.43435216552449, 91.99709860752185, 90.15142657490733, 89.85399726667747, 87.31290781849486, 85.9314606529481, 87.7834557511467, 86.58482576070351, 87.45540712885865, 89.53857573277865, 88.65144529552232, 90.01873798713159, 91.36547020598398, 91.06601279879217, 92.04300307090557, 93.22044007058953, 96.82147032444085, 98.9722928071834, 98.83363162946435, 100.50139341448093, 102.94353017969894, 103.40405209571587, 104.06253454000228, 107.30478476755886, 109.77421073216442, 107.58191464292517], "initialization_stats": {"phis_precision": [10.551608419531123], "psis_precision": [23.98686173276672], "phi_angles_psi4": [-1.4946345856773127], "psi_angles_psi4": [2.5811839587457355], "phis_initial_rotation": [1.315469512968929], "psis_initial_rotation": [-1.313978180867398]}, "final_stats": {"q": {"step": 2, "value": 564.6916639055459}, "c": {"step": 29, "value": 85.9314606529481}}}