{"initial_step": 2, "final_step": 10, "quantum_tts": [4328.961066770738, 5481.763467008115, 4981.785921509686, 8421.901422492036, 11630.921536016027, 13094.61880526243, 17208.66923630776, 11180.98996905809], "classical_tts": [2583.055431623214, 2399.24195333574, 1837.459056942831, 1319.4639964842936, 1324.695713154183, 948.836615687472, 823.3284564014527, 660.1043818931527], "initialization_stats": {"phis_precision": [99.94396935131363, 2.724043824365563], "psis_precision": [77.09639774628957, 95.63083223037306], "phi_angles_psi4": [-1.5090061529896548, 1.5706674987945402], "psi_angles_psi4": [-3.1305107197857307, 2.4956793155219437], "phis_initial_rotation": [-1.5072458982467651, -1.485346794128418], "psis_initial_rotation": [2.4331367015838623, 2.6329407691955566]}, "final_stats": {"q": {"step": 2, "value": 4328.961066770738}, "c": {"step": 9, "value": 660.1043818931527}}}