{"initial_step": 2, "final_step": 50, "quantum_tts": [470.53103311745923, 543.8846404026365, 592.3157942022477, 633.9726017074261, 575.7350544216674, 626.0263370166873, 639.8294450681557, 626.9465404662195, 628.3813123266357, 678.2141576790568, 938.1322161316459, 1408.2859327945225, 1825.1903124399919, 2030.6666097214804, 2714.405413661631, 5233.347909898595, 10143.430184842346, 12644.239723457207, 41743.07522948146, 18866.562523235687, 45961.577541810824, 31657.868575027383, 33196.22558891099, 82290.16672995932, 42830.85928090917, 25674.155554701723, 21981.776337925196, 15367.555696867888, 40347.13876237697, 88385.88591358798, 30526.44270058768, 33057.851037430686, 28265.168007650704, 26963.468472542445, 16485.35214830148, 10032.697522397266, 13100.703125173324, 13451.75256959417, 10569.990792893059, 8924.192240597045, 7990.684577730421, 7404.927540734371, 10535.990792532355, 11170.291180312219, 10964.140919145346, 15385.637001713878, 24538.18254612227, 32758.69483540818], "classical_tts": [431.12109781465085, 415.18838009839624, 383.1801863722316, 352.5912136358186, 347.2903069704298, 364.5542999352858, 325.6242936325302, 309.57320963856165, 295.861640196465, 293.23731123518235, 281.0825679115373, 287.515450147866, 299.24683488387427, 287.70031000678324, 309.42198236738864, 303.17681656893745, 313.06583479892174, 324.1612131547719, 331.3673966015742, 331.4361936888302, 337.4955617851312, 335.24910385647604, 381.42984786614386, 371.97257929838617, 387.58229343677505, 397.2317562283076, 381.80394365337116, 401.76951794615377, 415.9930487225257, 447.2942227239712, 436.3473641752813, 471.3837710233952, 476.1095388993335, 509.217755985439, 529.6423416377435, 525.6464610938358, 548.2961439842227, 548.5825419631034, 566.7241594833703, 563.5119662483637, 587.0830409005939, 605.3918813894198, 594.2440697823943, 594.7967844172458, 642.9957114625552, 685.7096572933784, 693.2215036180677, 710.931041603136], "initialization_stats": {"phis_precision": [9.091878278156551], "psis_precision": [15.328994196911893], "phi_angles_psi4": [-1.8615956323184706], "psi_angles_psi4": [2.7170430047414986], "phis_initial_rotation": [1.5656268013312147], "psis_initial_rotation": [0.05702490671109528]}, "final_stats": {"q": {"step": 2, "value": 470.53103311745923}, "c": {"step": 12, "value": 281.0825679115373}}}