{"initial_step": 2, "final_step": 10, "quantum_tts": [588.9966517878437, 962.4443106329724, 1236.4585462029206, 1407.2929594450613, 1903.8791785682015, 2414.4918149088194, 2606.173994718173, 3004.791234880834], "classical_tts": [316.6646606810508, 321.60459478902413, 306.59763586196937, 284.981112952106, 262.1102848620144, 246.0565514581528, 215.55807027198014, 202.34901830072482], "initialization_stats": {"phis_precision": [93.2319482006049, 96.88339268101936, 69.85647933052377], "psis_precision": [92.61689596988101, 87.12741398752493, 88.93563568386824], "phi_angles_psi4": [-1.3857516559879381, -1.53034294940253, -2.575240686862454], "psi_angles_psi4": [2.5636492861779496, 2.6374006802705794, 2.58059372029764], "phis_initial_rotation": [-1.5983762741088867, -1.6282540559768677, -1.6282540559768677], "psis_initial_rotation": [2.33170223236084, 2.2329964637756348, 2.2329964637756348]}, "final_stats": {"q": {"step": 2, "value": 588.9966517878437}, "c": {"step": 9, "value": 202.34901830072482}}}