{"initial_step": 2, "final_step": 50, "quantum_tts": [2628.051862928354, 2531.1159024689555, 2109.289164267483, 4269.149842587521, 3336.1704270028504, 3935.7503695309883, 3893.4526975538342, 2118.088354829414, 3476.0693916989862, 1863.4251097717627, 5051.569116238631, 2771.1755587679095, 478.34946243339033, 443.33349587486214, 2048.995979897906, 355.69386827743523, 2491.207839052175, 314.03390204398045, 3447.0650516872224, 343.69706434784564, 427.2741842971767, 328.6627036774647, 3020.0149533281037, 434.8856703712112, 1338.3407069401355, 2525.1253474064756, 488.2504494343552, 1418.8332479941562, 591.8914752886826, 1005.9841841356728, 2207.609484905093, 1155.3899677335644, 4341.832043423905, 710.810991302159, 1743.1618024721859], "classical_tts": [118.0790543699726, 107.03305804385376, 97.65956966501057, 75.1735997267205, 74.02587599130433, 62.20930378518639, 56.7328007029348, 48.933123902970614, 47.60387806112176, 45.62647286675288, 44.17510425614911, 42.26353545550472, 41.08015905722382, 41.4067046915877, 40.704029714452766, 40.62073668778391, 40.320741863239945, 40.140474167680026, 41.086119799717274, 42.175920761326985, 42.57217908490119, 43.08131584877465, 42.86645124486559, 44.33902768022319, 48.29558993922813, 48.3606748277027, 49.51973847879363, 51.68766473282834, 52.45991483089942, 52.42365321571779, 54.89380870167995, 56.770823619178394, 57.579342649960495, 60.81385688954166, 62.50700224031407, 64.2889344260869, 65.93277617305333, 67.95661425065705, 66.00808890909087, 69.6329953525129, 70.06282175813719, 73.39604409719409, 73.71672433216223, 79.58529398377547, 79.53027715258122, 79.1397932406912, 81.52155553464925, 82.9819938190607], "initialization_stats": 2, "final_stats": {"q": {"step": 5, "value": 314.03390204398045}, "c": {"step": 19, "value": 40.140474167680026}}}