{"initial_step": 2, "final_step": 50, "quantum_tts": [539.8186561570077, 748.307055593067, 927.7094214502679, 1083.8607283693111, 1204.8601859417067, 1312.9216146282774, 1303.0332885617581, 1554.7622842532032, 1500.426766785703, 1498.2520828814386, 1368.0005116384273, 1533.169173232745, 1456.1856896167465, 1598.9514130299922, 1420.772012436455, 1500.4538147892406, 1749.573546737822, 1718.5860799013124, 2027.0379347695107, 1748.0596518119105, 1807.7139881350795, 1804.0093307439768, 1817.806683880744, 1807.557841407771, 1772.9882278766875, 1789.3527492603193, 1813.7506041591805, 1812.339898674889, 1860.659642452936, 1983.7839552452228, 2184.659463630239, 2186.610537072431, 1950.169220859645, 1881.6303574368912, 2043.0707998399685, 2053.3094681143, 1946.9169103597917, 2153.6982506666895, 2227.8200557808, 1980.5260038638899, 2197.440966411745, 2578.345602367019, 2518.83219839906, 2509.0353959584027, 2490.4280106303095, 2321.216587427489, 2350.6447635426657, 2406.011077483766], "classical_tts": [385.49663557957587, 279.92700565716467, 272.37159402368485, 264.2997046820528, 230.19930046634738, 229.31388965478286, 195.88968400877587, 175.71128718031306, 170.0702145868807, 150.2577455490424, 138.48846002831098, 138.49373002238005, 131.95149151290286, 120.3376159221172, 112.74420001533653, 107.31921888591218, 102.63070825250055, 97.47382268259844, 91.45218863838828, 89.29698967287534, 86.13477766050872, 84.32202985090157, 83.64418936999817, 84.349393287392, 81.22003541946137, 79.6144250991649, 76.73473769824903, 77.02681224338501, 79.95684014220105, 79.43173442020556, 80.11306602374697, 79.68772798712921, 78.36679099442642, 79.6638158302296, 80.23133013034136, 79.67450525422994, 83.34577019469342, 84.00984096447488, 86.57566778185935, 89.98690351720674, 87.97787130436772, 88.48636468762327, 90.7301634222224, 92.57034249384482, 94.20752585903595, 96.6845799380157, 96.17079484573696, 98.41048177641152], "initialization_stats": {"phis_precision": [58.219496721757146], "psis_precision": [71.69929954673198], "phi_angles_psi4": [2.5801230429979163], "psi_angles_psi4": [-2.6017795753816184], "phis_initial_rotation": [1.2675498213757956], "psis_initial_rotation": [2.7923130054436465]}, "final_stats": {"q": {"step": 2, "value": 539.8186561570077}, "c": {"step": 28, "value": 76.73473769824903}}}