{"initial_step": 2, "final_step": 10, "quantum_tts": [149.80428513407793, 207.04205323225784, 353.2787529221066, 634.2544288191698, 709.1241254352376, 564.1525839649245, 539.4275773668405, 717.4929634945071], "classical_tts": [88.41969786469464, 66.43823389931647, 58.4666998093846, 45.9217488835269, 41.13933017076582, 36.05284191557957, 32.13968613200917, 30.00543954893719], "initialization_stats": {"phis_precision": [92.42027941091521, 42.80962481243284, 27.826720646465898], "psis_precision": [19.252534947694087, 68.42029286645315, 75.7605550352978], "phi_angles_psi4": [-1.5504163499425228, -1.5118959224223978, -1.4948999845665516], "psi_angles_psi4": [2.581248097339818, 2.5812292392730343, 2.4911240443334], "phis_initial_rotation": [-1.7885402951318432, 0.28479270303065185, 2.5208948805875684], "psis_initial_rotation": [-1.1651807797965403, -2.709850308573872, -3.0305566405641606]}, "final_stats": {"q": {"step": 2, "value": 149.80428513407793}, "c": {"step": 9, "value": 30.00543954893719}}}