{"initial_step": 2, "final_step": 50, "quantum_tts": [169.320848962104, 352.4160345938463, 361.31871606011856, 441.89012352369514, 768.3957754738135, 640.5590522835474, 568.9156989668473, 768.5236959696459, 898.681346926543, 717.0876201680416, 759.2415171856009, 1223.0487525360286, 1479.1606483953542, 1336.9354843674319, 1878.9398701052323, 2885.17916104074, 2920.7488270331037, 2989.501967277757, 3426.545793065584, 2685.6542128946076, 2762.278000535037, 3042.2360769925663, 3637.7009712172885, 2929.176259287675, 2521.97004770936, 2623.9180929265585, 2442.4971288395495, 2241.520775403024, 2213.2451879503883, 2101.910812577393, 2303.5913234686445, 2614.4118832003005, 3043.120800398722, 2855.57269409837, 3207.444754033586, 4291.542591290956, 4959.8730346775865, 5191.534084551351, 5077.435844242446, 5597.118544069599, 6383.448494494457, 5554.222313093713, 5097.678743699571, 4571.813168568894, 4166.6922196581345, 4485.547870403375, 4844.155794749206, 4267.518503294037], "classical_tts": [137.76580924615507, 133.98421212156876, 124.37954568358577, 116.95364637540457, 112.56578889044582, 112.4833491399273, 104.31443892962504, 99.95222080405912, 93.76075771516696, 88.81399424290217, 88.42289181429993, 86.7302267442028, 83.86617723074589, 83.12272599451224, 80.7048027983591, 76.472761191389, 79.18644016161915, 75.30808517629946, 75.69977946718706, 76.38989256458498, 77.04013156277443, 74.55997994291194, 73.58057753718721, 75.60107707584471, 74.17055093508836, 73.89227422076469, 74.24325328625295, 72.52824693684877, 74.21548701192185, 74.35069237215792, 75.89280320556406, 73.22103811919172, 73.84025284699486, 74.57595794953305, 76.60218750969068, 75.33589387961577, 74.91528496186045, 76.62252846285419, 78.18217450925528, 76.58377474980446, 73.31388506083933, 75.9944966016124, 76.58746619052634, 77.773701364461, 75.85441797236345, 78.20616879476857, 77.33273191996155, 76.31624262908319], "initialization_stats": {"phis_precision": [92.48860521439569, 60.62256059306663], "psis_precision": [77.09458313992022, 78.05271919527263], "phi_angles_psi4": [-1.5120086824887173, -2.5155601078301735], "psi_angles_psi4": [2.0708819006822323, 2.4912138269513813], "phis_initial_rotation": [-1.276031255722046, -1.278481364250183], "psis_initial_rotation": [1.3512870073318481, 1.8017196655273438]}, "final_stats": {"q": {"step": 2, "value": 169.320848962104}, "c": {"step": 29, "value": 72.52824693684877}}}