{"initial_step": 2, "final_step": 50, "quantum_tts": [13.01053538498343, 19.19819244609906, 28.725678280106635, 40.65620204923596, 47.156982780320256, 47.96957174948273, 51.08639208653627, 62.236919748018785, 81.17200767845651, 93.68811433970413, 89.4015055682296, 84.17379710221302, 91.35362615889245, 112.7154351827877, 135.09119921855233, 136.03250208748315, 123.79108010642777, 126.96420386293578, 153.08898360967518, 189.71771932038732, 191.94834061705563, 166.63887640266566, 159.65994780985562, 171.9277328105707, 204.33993972228055, 231.1259501849713, 216.10568245494952, 192.88028660604542, 194.89828634341603, 231.84762672776762, 285.5401075281801, 291.9387591671577, 257.58926387122995, 246.02095335178907, 278.9332923629512, 338.2661777376165, 353.4081938375014, 312.6888175935541, 286.47137014977795, 314.4728504483541, 374.23312798983955, 415.5340009315852, 387.34123722904235, 332.4398630444977, 312.287759138806, 343.5933451361805, 422.24679517296005, 454.4741108532682], "classical_tts": [10.962830879060755, 13.050019996858165, 15.336049178811374, 15.641399685679719, 16.460171384879228, 17.340559566771777, 16.901252281128432, 16.893097389017317, 17.178786044299894, 17.438612129401854, 17.422207567537008, 17.682692000531485, 18.0868054421371, 18.09397362941861, 16.811093781906713, 17.404702133808218, 17.509238396538496, 17.32138441138231, 16.441233816389044, 17.74010193113096, 17.737184274243944, 17.380706514605567, 17.366740436417437, 17.56749200604247, 16.61731013039518, 16.89888427526681, 16.892123025618783, 17.28473805247956, 17.014413868462327, 16.791382078284954, 16.500780881863925, 16.22531939971592, 16.90705024261974, 15.752647432070512, 15.495158171670683, 16.91748249319372, 15.846935228869679, 16.618462570239682, 17.044576995117623, 15.484450979227223, 16.141057523733533, 16.23979005138465, 15.95959638810369, 14.400282307462984, 16.685032587562947, 16.6435973368882, 16.534106836353345, 14.843851787298098], "initialization_stats": 4, "final_stats": {"q": {"step": 2, "value": 13.01053538498343}, "c": {"step": 2, "value": 10.962830879060755}}}