{"initial_step": 2, "final_step": 50, "quantum_tts": [992.936421711964, 915.20447318196, 421.0971631024052, 397.1330374717164, 438.3351427987792, 275.7488690987109, 662.5043957838622, 185.49952697794978, 153.82113457015532, 248.8005024951224, 957.274602037205, 255.31274994422412, 510.11573944671227, 820.9718062496302, 217.96058368230553, 212.24266164649475, 404.33155322600913, 721.7885139565727, 404.9236765742422, 818.3812225656004, 237.49491712104032, 479.79167735184075, 177.5399900100873, 242.8909778557658, 446.0259438859656, 356.1255017326378, 429.2839792374079, 216.883669837741, 608.9561664306789, 298.80866318253703, 548.4079392391171, 619.1063056238488, 671.5018082251062, 655.0983489397195, 238.41127606471886, 426.48112299187557, 744.0629714420351, 688.7817190063458], "classical_tts": [200.11364662679884, 170.30278087850846, 190.2855193496223, 135.4248735109861, 119.41684223602016, 109.82518355788041, 112.52975219755731, 101.60761924186824, 98.60772989478868, 101.28732475952276, 96.94450361309296, 93.08187346336544, 94.41397578669566, 93.72022497498617, 92.85713260836278, 95.4203439256108, 95.52872793318838, 99.24187110152955, 107.86352960141855, 105.83354418041952, 109.0757369382281, 114.81921193176893, 114.53720450047118, 115.88053911223292, 124.29056028211829, 133.06676782698253, 130.10882637444985, 137.3594595753705, 138.48339123261474, 147.3248974410819, 152.97299727029943, 159.35618419295594, 160.10363932636068, 163.99124940776503, 173.40346305500583, 167.18915497442612, 176.13841945059406, 172.40346183834933, 191.69914334502423, 190.83241895802695, 192.76148273999513, 196.3801553066526, 202.7741204865287, 210.3208755808372, 215.1733432164116, 214.4719695924592, 215.65940925712636, 227.5020153613395], "initialization_stats": 2, "final_stats": {"q": {"step": 7, "value": 153.82113457015532}, "c": {"step": 16, "value": 92.85713260836278}}}