{"initial_step": 2, "final_step": 50, "quantum_tts": [1396.9726636216058, 2831.1919038350316, 3481.2937286335386, 3050.46940057524, 4299.879286102165, 5358.611651225864, 7098.705798540224, 12064.096694260475, 10440.922890651562, 7492.843200444694, 6944.8597184406935, 12524.868395951524, 12468.372113520214, 7057.908791511261, 9092.613517725938, 24462.867630051594, 24956.650921784218, 14745.407328950088, 14717.384524014458, 19542.003893242527, 24293.192911704802, 14243.567364609384, 14037.309937483918, 17135.025522485346, 16775.621209473975, 18035.832737506615, 17885.060864331772, 18157.489819757262, 19154.14131127054, 23463.673027913886, 20043.374693073805, 15127.078289524237, 17946.448587767918, 32749.58239313528, 23068.079533923097, 17317.750266017345, 26902.982290243348, 30110.12643644742, 26969.05295340766, 20977.96734137303, 18378.79386146952, 21192.28329839093, 20176.286850688382, 16058.928804449062, 14295.485549488432, 19350.1971244175, 25259.733793163818, 21903.28616531912], "classical_tts": [781.553908706567, 743.3251273449439, 549.3873983642967, 445.7060283779409, 321.0073392594071, 274.6357350396391, 233.846055147916, 216.88919879022, 202.71247981114828, 191.73126157047312, 181.10555750920008, 175.57211152661648, 171.06851316843856, 164.38900077511533, 160.25998085411, 159.8090958728811, 164.4747823851364, 162.81965858098522, 163.86317479952524, 168.86450114378937, 171.498297717011, 165.12577643772704, 170.92626398915164, 170.87966116828719, 172.57701143927196, 175.4443593969626, 175.63286498730884, 175.39518475015942, 184.89553840957427, 185.70367815379447, 189.87698683902994, 195.7176996190497, 204.26003613323084, 210.77169123778526, 209.41887039963058, 214.43066132217922, 219.19908016155935, 217.20699868861388, 227.54062508700426, 232.79793156001602, 240.9216812395358, 248.5048753062882, 250.8750646172236, 251.7733477190306, 259.5058155466798, 264.294508168019, 266.47838776903336, 264.97861717646447], "initialization_stats": 3, "final_stats": {"q": {"step": 2, "value": 1396.9726636216058}, "c": {"step": 17, "value": 159.8090958728811}}}