{"initial_step": 2, "final_step": 10, "quantum_tts": [41.47644013018767, 75.1097405857069, 100.47056459503162, 114.07539404875477, 155.57458455174776, 179.32852873078565, 226.72152850891072, 284.2304959278557], "classical_tts": [41.46141145336271, 45.888877627411574, 48.68170010243074, 48.93957475966395, 49.39157624823111, 50.094149003322784, 51.87914465915387, 51.96407367060516], "initialization_stats": {"phis_precision": [98.89230799390411, 99.89121789206543], "psis_precision": [99.57178840115078, 97.79224713176714], "phi_angles_psi4": [-1.385694098666425, -1.3856865179633286], "psi_angles_psi4": [2.5631574542466224, 2.630315795292456], "phis_initial_rotation": [-1.3508949279785156, -1.3891040086746216], "psis_initial_rotation": [2.5497047901153564, 2.560957193374634]}, "final_stats": {"q": {"step": 2, "value": 41.47644013018767}, "c": {"step": 2, "value": 41.46141145336271}}}