{"initial_step": 2, "final_step": 50, "quantum_tts": [41.47644013018729, 75.10974058570622, 100.47056459503068, 114.07539404875381, 155.57458455174645, 179.32852873078394, 226.72152850890907, 284.2304959278534, 264.3904047521657, 247.67067807300836, 254.5540518347812, 304.28951837439035, 321.06997439222727, 299.0837229336527, 351.77924971873443, 515.4751916124102, 544.0839439762534, 482.2561158900731, 510.24186085823874, 593.8482353870867, 620.69579138485, 527.9556301948126, 544.5781111756614, 623.4944776377756, 721.9977251268499, 754.8410401346002, 714.1833563052999, 762.2441256383499, 880.2894281414567, 922.3072880823116, 823.5673869502057, 735.7036940281268, 799.2905133311109, 997.5516661810415, 932.0368607861187, 853.7324550830144, 981.1467245595384, 1073.3088994276707, 1050.328021958786, 931.1146416191103, 993.498957717856, 1073.7619644261624, 954.1336255546405, 891.0896743793227, 918.2096648532558, 1055.0607015011997, 1161.0103283652388, 1120.1871945960747], "classical_tts": [40.89524336840729, 45.84462125958587, 46.987964319360735, 48.25715047018147, 48.47225180654958, 49.29943807045518, 51.03107590311288, 50.51665266650242, 50.85739222375061, 51.84144758546294, 51.39313821630677, 50.722938788023136, 52.492965710557996, 54.91067010702472, 52.42884560582682, 54.01863387038848, 55.341424263844715, 54.92220859697328, 55.457266852100545, 56.64685368141398, 58.735751445046965, 61.19513503743678, 60.9935417364382, 61.86731032985151, 62.74157184174818, 65.2212324863037, 65.7101889633017, 66.61552803177929, 69.0532516040022, 71.04053048565756, 74.33566171574766, 73.94649123482844, 75.33731983590694, 78.34816041841552, 78.21041346827644, 81.78980699277746, 82.19090027481491, 85.27756142270032, 87.58328011139022, 89.46792579299327, 90.50295232761712, 92.3427376431962, 96.40718455303248, 96.76950354916369, 96.19238134441729, 98.04888210965902, 102.48495150631484, 104.40634112934626], "initialization_stats": {"phis_precision": [98.89230799390411, 99.89121789206543], "psis_precision": [99.57178840115078, 97.79224713176714], "phi_angles_psi4": [-1.385694098666425, -1.3856865179633286], "psi_angles_psi4": [2.5631574542466224, 2.630315795292456], "phis_initial_rotation": [-1.3508949279785156, -1.3891040086746216], "psis_initial_rotation": [2.5497047901153564, 2.560957193374634]}, "final_stats": {"q": {"step": 2, "value": 41.47644013018729}, "c": {"step": 2, "value": 40.89524336840729}}}