{"initial_step": 2, "final_step": 25, "quantum_tts": [2144.5719666705304, 3362.8417808799195, 3751.2208144034007, 4336.776364379264, 4800.478040523623, 5245.897351503404, 5356.331668574765, 5784.193239968487, 6382.793881144709, 6209.809012585835, 6645.293386084935, 7021.5715950826025, 6544.498805147855, 7051.403411399975, 7264.876869622034, 7577.165644203426, 7324.322714156331, 7439.708482531618, 7653.452057590235, 7366.170655057531, 7259.145199770206, 7550.220880863689, 7740.542445169322], "classical_tts": [1471.3506732825397, 1266.934759189577, 1359.8845013595778, 1264.6265784299992, 1098.318607538155, 1123.0161059645588, 1146.5724169442017, 1144.911127879271, 1136.154152401581, 1010.6540377472548, 926.7463447628476, 904.2168379740173, 883.9219137194054, 811.1244318081885, 763.2106799999501, 750.6184971808225, 728.3960422237832, 689.9857171359539, 644.7211144750763, 646.5263622084497, 626.3897064779025, 576.2117252613676, 591.121064774971], "initialization_stats": {"phis_precision": [98.97593620150089], "psis_precision": [70.25886345046786], "phi_angles_psi4": [-2.5265435207424933], "psi_angles_psi4": [1.5130992354923083], "phis_initial_rotation": [-2.5587154338042133], "psis_initial_rotation": [2.4474445964265197]}, "final_stats": {"q": {"step": 2, "value": 2144.5719666705304}, "c": {"step": 23, "value": 576.2117252613676}}}