{"initial_step": 2, "final_step": 25, "quantum_tts": [577.6385507030695, 637.4437331914165, 650.7342210534046, 652.3593038770352, 640.1843751856584, 630.1938354580168, 612.5527557737691, 601.360740511171, 586.4058691572599, 578.9635764137879, 572.070461843532, 571.1061397399515, 571.6911885576709, 580.3262537062619, 565.5154745580365, 594.8548198113466, 596.1967274316133, 583.0877176813876, 615.9685527767385, 642.5840260281012, 664.2809977017092, 669.3276890735476, 668.4686197772315], "classical_tts": [452.5251328041584, 423.27064473278284, 443.2981717124855, 426.6279931628071, 386.3752231522993, 346.1222664283186, 333.0170548835362, 314.9145786740337, 295.60502695784714, 266.42872948472154, 249.3956661596115, 245.16247353961754, 230.05391234098238, 210.1424720715934, 211.3930228365497, 201.10202087077218, 192.93706165829093, 185.72063140645324, 183.86366376817637, 172.41172565205915, 168.14218179799985, 163.76059403771887, 157.3724470414422], "initialization_stats": {"phis_precision": [70.72298253846454], "psis_precision": [93.77100062575703], "phi_angles_psi4": [-2.5412670292063786], "psi_angles_psi4": [2.581330407918674], "phis_initial_rotation": [-1.62150239944458], "psis_initial_rotation": [2.3856406211853027]}, "final_stats": {"q": {"step": 16, "value": 565.5154745580365}, "c": {"step": 24, "value": 157.3724470414422}}}