{"initial_step": 2, "final_step": 10, "quantum_tts": [4639.614347591092, 4830.529364886888, 4619.586265863768, 8015.708989123788, 12205.723417399877, 14008.100380436432, 14827.071900773137, 8685.081720073333], "classical_tts": [2374.5587021203905, 2323.3672416841964, 2146.711915635762, 1589.1007200863246, 1249.0350156302102, 1057.5796981266105, 841.3502557027387, 763.3890449875959], "initialization_stats": {"phis_precision": [98.70954400807493, 1.1091625576366226], "psis_precision": [85.41211831316195, 99.40071444660373], "phi_angles_psi4": [-1.5707427892948709, 1.5707483436948781], "psi_angles_psi4": [2.0690073463376337, 2.6572763029666415], "phis_initial_rotation": [-1.6112836599349976, -1.5359989404678345], "psis_initial_rotation": [2.527299165725708, 2.638449192047119]}, "final_stats": {"q": {"step": 4, "value": 4619.586265863768}, "c": {"step": 9, "value": 763.3890449875959}}}