{"initial_step": 2, "final_step": 50, "quantum_tts": [5027.678849936873, 6546.589004334347, 9466.05034297245, 8740.884665048907, 13149.494811841065, 12508.199954886253, 6535.492821041201, 12429.781580291523, 13143.223265436083, 7339.8657062870925, 5525.733208194217, 6980.321121098269, 13786.370630596013, 10523.498806401443, 9759.61464847763, 22612.06347420069, 20474.16158326207, 12783.73717807398, 19998.98748258248, 12188.724410229479, 14217.044981688912, 14335.178801618777, 14871.157119431027, 14945.528916816502, 13133.196483085294, 17013.22966822129, 30521.660921062045, 24110.50430511497, 14390.086719683977, 20230.368569831644, 20571.088446988426, 17855.854010127598, 16888.332025510776, 16085.747006183168, 38056.85122052463, 34783.53503517153, 38086.15883852998, 34973.67804064703, 65786.19066515901, 47224.90624723846, 26672.692705599497, 37236.74540130124, 30942.923491938636, 42078.04969548452, 45766.02728994709, 43911.34342942568, 48830.46085477386, 39282.31040959051], "classical_tts": [2831.6476744680003, 2759.646793035992, 2372.253881342708, 1800.1864939956138, 1507.1102452636178, 1094.0131735766465, 1142.0574467161402, 959.1105666696253, 900.3528909765921, 703.2579563213936, 710.8430832742162, 571.8360813579045, 511.0939324571825, 439.2153911893287, 409.69120168045754, 366.20959602903673, 342.0261546107183, 334.4202308845466, 292.3334990469278, 274.7533283338097, 264.99653745769905, 260.4466237901487, 244.3960933781675, 230.34630983314952, 226.5199545659816, 228.0378682400398, 223.72090699773292, 215.69054118844988, 215.61302660112275, 212.33201482435072, 214.80677496373858, 207.60784014634987, 222.71898989573384, 226.85733964993366, 218.7821483574692, 224.3186949372314, 232.95406131103562, 224.23432950269006, 232.9061291241122, 240.41928117732007, 242.0466626375369, 244.49298585217136, 248.91048644085413, 248.57454147498282, 248.42042258415384, 260.2139496364739, 264.6643508447804, 270.7932439652862], "initialization_stats": {"phis_precision": [0.5177184031747273], "psis_precision": [26.496205382366433], "phi_angles_psi4": [1.5708577495949352], "psi_angles_psi4": [-1.534278440995215], "phis_initial_rotation": [-1.5544703006744385], "psis_initial_rotation": [2.4397170543670654]}, "final_stats": {"q": {"step": 2, "value": 5027.678849936873}, "c": {"step": 33, "value": 207.60784014634987}}}