{"initial_step": 2, "final_step": 10, "quantum_tts": [2122.289968703815, 3211.111328775425, 5673.246445625741, 9224.439215676257, 9359.398090781278, 8174.5869781949605, 9420.265697568757, 14596.49741963075], "classical_tts": [1414.6716074849785, 1490.1121627907987, 1299.5083806394464, 936.4660514465393, 875.5018973504415, 741.590626672184, 654.5547752595243, 607.0323986996879], "initialization_stats": {"phis_precision": [0.03236498221889095, 98.38749057386012, 85.9531450113971], "psis_precision": [83.4897201289148, 56.50530914165242, 93.14847448661712], "phi_angles_psi4": [1.5708083630948968, -1.515371190184256, -2.007324632236669], "psi_angles_psi4": [2.535603445053016, -2.6318493308643593, 2.5001569857950545], "phis_initial_rotation": [-1.5718010663986206, -1.566029667854309, -1.566029667854309], "psis_initial_rotation": [2.0169177055358887, 2.284909963607788, 2.284909963607788]}, "final_stats": {"q": {"step": 2, "value": 2122.289968703815}, "c": {"step": 9, "value": 607.0323986996879}}}