{"initial_step": 2, "final_step": 50, "quantum_tts": [592.900522764247, 1039.6624658846222, 1000.9491550732747, 1116.8259268480363, 1781.2691622765287, 2264.558178153469, 2126.3427879808683, 3019.736437681354, 3380.9549774274947, 2979.6794110988153, 2817.231154202866, 3013.85147805607, 4660.444180453108, 5088.291956630979, 4520.7786719350115, 5190.465149248522, 5738.648384439403, 6209.448691705233, 5094.999280678421, 6305.631751468661, 6957.550616523398, 6286.933231341712, 5860.96604136602, 4065.6425536202837, 7102.204938397581, 5989.807848892903, 5298.624205609265, 7963.074590303641, 7022.082076712476, 7763.15433025141, 8905.277066697392, 10732.583742330859, 9010.410093124674, 8053.708798574474, 11920.055962449675, 12746.873334229365, 10618.855806925527, 15019.054111720125, 13678.234877066101, 14468.616927289942, 16517.548090071617, 15248.114599796398, 14451.755237556043, 23802.905002145144, 22432.15225581547, 16783.462821126464, 13902.507283355062, 17126.95882098646], "classical_tts": [329.5962104595224, 377.65312575132515, 373.2360075428862, 386.1443103178532, 348.42950448360637, 370.01958655487385, 353.67879145877856, 329.25535053177066, 300.0264724499635, 337.1383440814148, 350.769082721874, 324.9580668295126, 312.54560892917556, 280.76779090097307, 318.4449126293871, 316.02362767976734, 332.71238887007814, 317.7528292182624, 319.7707915960847, 321.84339470798096, 327.33586978257983, 322.36293332448906, 331.02846348863926, 343.90823407291435, 346.02325400699846, 371.4208927987475, 354.8838838883718, 369.38623317666435, 371.327957648419, 362.188776354244, 389.7647267491987, 380.84326507785516, 405.3642223842634, 421.9193866200112, 417.37990278752886, 436.67035344693306, 445.34892095708017, 446.6685397372338, 449.56129686423003, 482.7499286222665, 474.8825702291512, 509.0669523249142, 522.1282742200148, 522.1256692009251, 524.8441196707556, 544.077177821933, 548.9112023474615, 562.9101097188544], "initialization_stats": {"phis_precision": [65.41866717938053], "psis_precision": [67.41842520452346], "phi_angles_psi4": [-2.526485730943371], "psi_angles_psi4": [-2.6403019589286636], "phis_initial_rotation": [-1.4400811195373535], "psis_initial_rotation": [2.619302988052368]}, "final_stats": {"q": {"step": 2, "value": 592.900522764247}, "c": {"step": 15, "value": 280.76779090097307}}}