{"initial_step": 2, "final_step": 50, "quantum_tts": [140.2567958312406, 204.93775435227388, 266.59268697663197, 340.5089943711571, 318.07381396707797, 452.1313875600275, 423.2360943926236, 427.5925509454207, 625.3036747166537, 492.02534496213883, 629.9007591219445, 794.3547445891061, 868.2135258699958, 866.7421486036519, 1093.7247248493447, 1055.5968633837563, 1027.065969351604, 1513.0963419586242, 1381.0849452955085, 1361.2729680423147, 1257.8599612631767, 1341.60213905055, 1472.1199081847574, 2036.6289220141844, 2113.9649909167297, 2047.6214042643724, 2264.5739878992663, 1523.5385834179745, 1682.6873509388088, 2100.5228351405235, 2879.4328976180873, 2923.3675595087693, 2947.714509163903, 2226.8470446432557, 2755.951273344424, 3065.772064740915, 2221.0875087422937, 2507.402558698044, 3269.1347926052076, 2868.680872610418, 2880.232611001282, 2810.4996846910785, 2407.7545480065787, 2277.3586661999457, 2582.935156044248, 4657.145100822836, 5569.058522611456, 5063.654525492489], "classical_tts": [82.56394049171925, 89.84991474356622, 74.5287363610521, 62.18984662906516, 60.1386415716334, 55.89788002181165, 51.49081188133341, 47.72192033809991, 46.93266715006774, 42.495916340245024, 40.00725273191626, 37.48693513000499, 36.180253200412395, 35.261754934421894, 32.20024927183027, 31.90918395703271, 31.01003427118457, 29.15473650589385, 28.36947889108611, 28.381116311772825, 27.101111367694244, 25.664020859961276, 25.78185769968915, 25.00000000000775, 23.732264445744423, 24.21694908068217, 22.882134063106754, 22.841452576622437, 21.91278319278361, 21.29220385590526, 21.40682980628212, 21.357078746285335, 20.327134553257608, 20.600716852393372, 18.65321571712893, 20.445735808400066, 19.68950547919165, 18.9505114718019, 18.28917026291213, 18.144504788222168, 17.896805844873505, 18.508105593939984, 18.137084544762295, 18.54929101168871, 18.23313945875157, 17.047750687292577, 16.534106836353345, 14.843851787298098], "initialization_stats": {"phis_precision": [96.90101004804377], "psis_precision": [97.36155919133155], "phi_angles_psi4": [-2.526485730943371], "psi_angles_psi4": [-2.6403019589286636], "phis_initial_rotation": [-2.4291280902772274], "psis_initial_rotation": [-2.7231910215431068]}, "final_stats": {"q": {"step": 2, "value": 140.2567958312406}, "c": {"step": 49, "value": 14.843851787298098}}}