{"initial_step": 2, "final_step": 50, "quantum_tts": [1911.6952462864233, 2245.570966259791, 2542.9141789005253, 2864.382328498418, 3212.096641746788, 3499.0061110197607, 3655.3867320584363, 3657.9464048409973, 3552.9516690539986, 3440.90347605953, 3412.344985610878, 3438.016039396224, 3517.9680011834057, 3864.258501061644, 4053.066377261125, 3956.9398237942155, 4020.7572129740333, 4631.685106212751], "classical_tts": [338.81591629874043, 399.9087501181309, 370.351431645843, 370.1459565711213, 340.6055617570169, 332.999658861839, 307.2721747230177, 291.7693689125806, 285.20051807707256, 277.2324318559883, 262.7716781848966, 253.0506293333108, 246.01298318364277, 234.41454175991865, 228.65386555584482, 226.34317841484247, 221.7196313382047, 218.1881284458074, 212.45701819080062, 208.34309818735093, 207.7594035822267, 213.56281332727565, 208.51708564673368, 200.91237516997919, 202.67980639283533, 210.23605978043392, 203.69757608350767, 192.78448378521242, 200.19787142703996, 206.3958311573726, 193.86541416596802, 196.36979846426797, 202.7059406921497, 201.65851177758265, 202.9512626710499, 202.4454650828287, 202.5264092593147, 212.2348492792696, 206.01623951757722, 204.32628459985136, 205.89273452649306, 206.90259376308276, 206.89098902976585, 207.51094772080583, 214.68253723505376, 212.33206048102352, 218.22858307036284, 216.78460598692763], "initialization_stats": {"phis_precision": [98.7075542794633], "psis_precision": [96.59164345741267], "phi_angles_psi4": [-1.5708471341949184], "psi_angles_psi4": [2.535740409371408], "phis_initial_rotation": [-1.5302437543869019], "psis_initial_rotation": [2.428663730621338]}, "final_stats": {"q": {"step": 2, "value": 1911.6952462864233}, "c": {"step": 29, "value": 192.78448378521242}}}