{"initial_step": 2, "final_step": 50, "quantum_tts": [1297.7477794951012, 1224.0587960690466, 615.2515832163277, 560.1209653450001, 635.6033598771347, 408.9313648853891, 1062.1791714183387, 390.6098350267484, 366.10443253983874, 395.44643554647695, 1198.6750151547467, 400.43995151160414, 738.0834535215148, 1125.0715047216315, 416.8166990828549, 355.82042869680447, 696.9236916861337, 972.8746383071332, 719.327296987433, 1141.7973388934336, 407.1484318192489, 800.2182185504242, 352.76787937648766, 474.9219898184501, 644.2243277721427, 524.962598361205, 699.7394416706005, 352.0954487388011, 908.0545203411782, 504.18487968976, 842.8613058430144, 874.9602554178837, 944.4793401172892, 1012.3767801768798, 344.55655682922804, 742.5297534293945, 1043.7371689589227, 1058.308406411966], "classical_tts": [495.55008489662924, 412.04054877322244, 303.66746279982596, 284.7517628613339, 293.3752165507061, 250.77986108557758, 207.68658358249587, 186.34198959290362, 165.68369830078717, 164.9111928517889, 163.34390313305624, 135.75896635364438, 138.4250658541909, 124.13887620702974, 120.19033431861747, 117.60102371589838, 106.70445144239349, 105.19287325729796, 100.53309172235296, 96.93837386283472, 94.59687209744723, 91.19749518876009, 88.383219305921, 85.39730782905126, 85.44214397097026, 83.77833740136778, 81.58903695222179, 80.80293008383967, 80.78508502835739, 82.22608937104687, 83.26548105930372, 82.72935297354351, 81.40738896193172, 83.4888745439555, 85.58281521246069, 86.27248073968298, 85.93549319087546, 84.09571250969451, 90.21280988440209, 89.68127804504599, 91.71246464947244, 93.5452626213875, 94.36157895425603, 97.69648663565306, 96.1595446399388, 99.05803933254829, 99.62325891804366, 100.55773437086884], "initialization_stats": 2, "final_stats": {"q": {"step": 5, "value": 344.55655682922804}, "c": {"step": 30, "value": 80.78508502835739}}}