{"initial_step": 2, "final_step": 10, "quantum_tts": [581.9691831669812, 955.4053924936547, 1061.6456533307103, 1506.9364028428417, 1719.5157749569987, 2399.1723293194796, 2950.557616451414, 2532.453835683864], "classical_tts": [393.8365994377683, 380.299848561679, 369.39966751949555, 307.2183022774941, 269.68930065162783, 232.64111266568824, 214.8732869836201, 187.8159430691772], "initialization_stats": {"phis_precision": [99.97363899238655, 97.93878819756628], "psis_precision": [66.52160848914554, 99.71745729171018], "phi_angles_psi4": [-1.511393197974324, -1.5018626103009003], "psi_angles_psi4": [-2.6204803873824294, 2.492508155721956], "phis_initial_rotation": [-1.5105650424957275, -1.566617488861084], "psis_initial_rotation": [2.610950231552124, 2.5013844966888428]}, "final_stats": {"q": {"step": 2, "value": 581.9691831669812}, "c": {"step": 9, "value": 187.8159430691772}}}