{"initial_step": 2, "final_step": 50, "quantum_tts": [332.26068989389927, 313.1841561269279, 226.13540506954877, 222.405946860647, 244.967969330316, 272.84744233172967, 266.21033060531965, 425.9479477971798, 325.44467985856375, 270.3766309753386, 309.1912377601297, 284.72194110834397, 219.2487394947896, 290.4664973074646, 438.91119312405436, 398.93194918577205, 245.0996698820066, 244.655754676833, 238.1818317912602, 300.45265553259, 251.99785290295154, 214.58016427817336, 344.79848495618694, 245.29652986378036, 242.70828396800678, 240.22646609872015, 248.80729974068757, 298.28468715086655, 227.89941931045368, 248.24413862418965, 215.10941117040164, 219.92760808591066, 236.17912961728894, 251.95847716712655, 370.1612457107519, 228.59299798802172, 255.67871686036813, 280.4172773096154], "classical_tts": [601.6512231981606, 543.6877415685419, 571.0287233580701, 573.4909671356293, 421.44242859036933, 391.095397298226, 368.57306101352475, 300.5626968128885, 303.22481138623294, 251.65012381597555, 226.43477876250012, 206.1965018398939, 179.0658795076582, 169.60091793898258, 148.27803241487447, 139.11975686963422, 131.5540440917683, 120.12282023462464, 111.23560815781147, 108.44283619077315, 98.88415612331632, 93.08437099907941, 89.34796640727745, 87.6742145762105, 84.37579347711849, 82.60320019422979, 79.7651593368483, 80.57986351124964, 80.39735905182388, 83.10581593629529, 78.947770553857, 78.53096579361238, 77.88895019754162, 80.5621268713359, 79.95901634942223, 81.18007247030725, 81.6052100102664, 83.49632041266167, 83.21816102456526, 86.53032628696657, 85.16559961922967, 89.55124297669605, 89.34346765388803, 93.90865310071925, 91.218755728052, 94.39372741819065, 96.83294097673351, 97.66998363255884], "initialization_stats": 2, "final_stats": {"q": {"step": 25, "value": 214.58016427817336}, "c": {"step": 34, "value": 77.88895019754162}}}