{"initial_step": 2, "final_step": 50, "quantum_tts": [687.1627424110271, 1430.9855040121636, 1924.401351821929, 1355.8072253080545, 1655.746184474563, 2761.7893379908296, 5443.1978465715365, 5259.390179375836, 3651.2001420296183, 3978.090924865135, 4749.262810143951, 5751.861852028261, 4028.306648829621, 3246.0124234092273, 5224.267626712859, 10550.974335109871, 7123.565541671401, 6158.7498749265205, 8795.866409225075, 10535.374088272814, 7192.839944992893, 5695.456663550078, 9065.965576177341, 10514.511953177462, 7155.9489639092135, 8411.525826991276, 11421.006732474112, 13654.048499223683, 13444.695753517684, 13617.604977217776, 14292.274140412355, 11394.994288117041, 10478.853309496895, 12865.77851645662, 9110.785486717115, 7616.4281163308015, 12301.177951939335, 17071.277503965768, 13054.846321553487, 10329.371274100004, 15084.809805549454, 17427.031621124424, 11178.813359879436, 13206.485524206062, 16475.229790169262, 12861.596670158384, 11398.80941414013, 14545.44984370478], "classical_tts": [470.01880213284363, 442.1987609094567, 402.46413244820525, 316.24848415255593, 277.1584690962309, 234.22590803451504, 250.12282589049047, 209.0514774951946, 217.9687097381263, 207.56521386562505, 209.3874688076383, 192.5177664332456, 197.45974825517766, 197.08666471213624, 198.68458375536227, 199.23504358606218, 202.60598285021848, 201.83416728125258, 212.30494035824734, 226.4809427633767, 229.25972844546342, 224.3675544920314, 234.59448177656378, 236.39949673760802, 229.19851935021543, 236.83572336329624, 249.14866864428234, 264.48064834516924, 261.69154982500817, 265.9768280349096, 285.27671255812953, 281.933745199726, 303.6772105564653, 308.53646835605923, 303.86748773428747, 314.197964061022, 310.9735741791824, 329.38803190227964, 321.08662069183816, 339.5143775284929, 356.01127418769806, 361.64606672384315, 372.9641920061599, 371.09474101452054, 372.4892531914449, 396.00061207695165, 388.0042802198386, 408.9134652762824], "initialization_stats": 3, "final_stats": {"q": {"step": 2, "value": 687.1627424110271}, "c": {"step": 13, "value": 192.5177664332456}}}