{"initial_step": 2, "final_step": 50, "quantum_tts": [490.3993783824771, 1046.3507773157205, 906.4281054170762, 907.8077242211906, 1771.763098205195, 1956.643053907263, 1716.5552286662466, 2107.1682070992642, 2192.609844160222, 2440.1228106880385, 2491.4147964815193, 3314.8437069928245, 3410.029987178686, 2789.260387686399, 2898.53754306155, 2919.9047834614844, 3384.095936574694, 3747.2001717749627, 3599.6590568725687, 4328.947981847972, 5295.982987080566, 4342.923750419551, 5423.191046479782, 5425.897389053724, 4181.93029380572, 4700.266697408045, 5117.004028725378, 4971.123544513309, 5587.0828968772, 8040.23148765937, 8589.355920375343, 6153.386775389207, 6641.289162661797, 7049.049972664185, 6060.874592611997, 5416.576962344893, 7251.209400976419, 8852.470410720824, 7097.856876519201, 7362.121482926427, 9999.412470348601, 8609.18481777522, 6437.670637274937, 7480.943374561846, 8728.216863070258, 8105.999940727163, 9625.31225915948, 14496.532733362725], "classical_tts": [348.5624540786864, 314.1314078519258, 258.52006757955314, 239.15321362875804, 211.44407034657286, 176.55296705641385, 164.80895666021672, 154.69735135023524, 134.70403250838817, 129.92208044900605, 116.51412253892312, 113.53966528622904, 108.39492398623695, 101.83898806641567, 95.93868802833428, 92.80543711437853, 88.7490599741499, 86.84390648793627, 83.80963100544611, 81.53140133386964, 79.37639185374832, 76.51467837255639, 74.57511255672097, 75.41532646449468, 71.67263008381178, 70.39967714644419, 68.91482049638327, 67.04698463355602, 66.09090403214118, 62.903415999768484, 63.325741589832106, 62.092160366941435, 60.8344042099972, 59.78364022820824, 59.34285768844694, 57.285157823014735, 57.311757488060756, 55.51498215112245, 54.648628475970604, 54.741811738725914, 52.65930742351073, 51.434229682402034, 52.11513415622029, 52.03110057469719, 51.034204029569814, 50.564800017652686, 48.65015885267816, 47.368370492222724], "initialization_stats": {"phis_precision": [16.578783820496156, 27.077263509611647], "psis_precision": [61.327486081546766, 71.43333162743019], "phi_angles_psi4": [-1.515288113221693, -1.5018352317513564], "psi_angles_psi4": [2.568302552522683, 3.023572617354488], "phis_initial_rotation": [1.1054666858088593, 2.490414743049546], "psis_initial_rotation": [-2.4999498984362862, 2.126124262386476]}, "final_stats": {"q": {"step": 2, "value": 490.3993783824771}, "c": {"step": 49, "value": 47.368370492222724}}}