{"initial_step": 2, "final_step": 50, "quantum_tts": [140.2593922730611, 205.5570560113867, 269.721004674488, 306.81954767351493, 389.37492871733616, 475.5982449284554, 379.3741146297481, 451.19019564006413, 629.3594755066792, 530.4149605499039, 883.4211425306462, 1042.009301175631, 1039.1083825122303, 1056.5776261101703, 1415.714729242344, 1491.8085170596687, 1211.9141738931394, 1601.9945970768379, 1768.6658115397975, 1951.3775333622807, 2074.885515414588, 2146.0913498435816, 2097.6874440191314, 2309.22733524088, 2300.4357683452827, 2016.1800607880268, 2450.928441518472, 2348.366027186378, 2629.3335370995364, 2487.926193718422, 2444.7764541132583, 2695.507729718335, 2991.042033333147, 3317.7789592297577, 3260.171810973541, 2932.947744777044, 2162.305877942359, 3211.1830502486655, 3007.428145090814, 3512.3106745368746, 2255.7592001750504, 2853.3465174537964, 3003.1336881698912, 2605.5892693835704, 1938.550195519116, 3033.254154303438, 2835.170618781257, 2968.7678558505518], "classical_tts": [90.71167427374536, 81.25492410659166, 80.588058113318, 73.63020161080571, 69.93894793885701, 69.11886004698869, 66.48339722197512, 66.79137935832348, 60.743544404212805, 58.95410385549813, 59.039933595810766, 58.55071398661541, 57.035640474327366, 57.46656143424065, 58.988235662439216, 57.253771191396886, 58.602700508961775, 61.59302690936025, 62.83250016690967, 62.88361597458013, 66.81032815078187, 64.59692733067277, 69.35128083033096, 71.88996967603781, 73.58117334691687, 77.05000728755441, 76.28662186350414, 78.19971456789112, 79.41004119728481, 83.93851908817543, 88.63975193120308, 87.4709674632557, 92.0616015805795, 94.1844924176828, 96.74238677890851, 97.07012402292196, 101.55722321518846, 105.60007240125296, 106.75561571946552, 108.97473384808164, 114.42993279525619, 117.15445500466706, 119.13854322192641, 118.70734305612523, 124.98329919469471, 128.1407730703349, 126.10149873067658, 132.22144956093027], "initialization_stats": {"phis_precision": [43.26313797450544], "psis_precision": [43.372470698304646], "phi_angles_psi4": [-3.1295640233875726], "psi_angles_psi4": [3.0824347419034557], "phis_initial_rotation": [-1.3471229341172581], "psis_initial_rotation": [1.3034284414519872]}, "final_stats": {"q": {"step": 2, "value": 140.2593922730611}, "c": {"step": 14, "value": 57.035640474327366}}}