{"initial_step": 2, "final_step": 50, "quantum_tts": [3224.9794559279485, 4029.140512763762, 6603.072285189811, 2827.8745258252693, 2653.2052002161176, 1457.1483523001505, 1667.3468190533, 967.4445230124941, 4392.044437911648, 1731.965011003967, 3819.2588703526185, 886.7007653937379, 2453.845851024313, 2417.363175817941, 1364.8630377422458, 3199.334319905135, 1384.5298040455257, 1367.526758528915, 781.7240617936195, 2195.7828914470992, 1733.9375215710998, 355.06988921794067, 1517.6232013365213, 1337.5210462148596, 1017.9324713719096, 1111.9140592653564, 2522.9116564488486, 1660.3837709192821], "classical_tts": [250.02843893646983, 287.3851397791737, 254.81329542385262, 230.35816313345296, 217.66162239677237, 213.39408846362346, 184.53835775920416, 176.13131432481833, 179.52536234437733, 158.86326124580717, 167.13966585076128, 156.5888630431858, 161.69353195611424, 160.14526979008346, 168.27635784668874, 166.73074454102533, 158.9721820377311, 168.95943875073982, 163.1898236013473, 171.85381730954813, 175.78071264107587, 182.0827637923517, 180.9870432996317, 191.82320613594703, 198.6021067342549, 202.37252109205025, 196.8845149890494, 209.66441607368026, 210.27914030576233, 219.4887727290011, 219.86760277230232, 238.19789360648036, 238.5684773496642, 236.2783073051213, 252.6019171937621, 249.0094176462183, 254.03866321215665, 261.39295340836856, 266.0453743508214, 277.3548012211413, 287.8254071915372, 284.25579988759, 287.78811835986573, 307.4236103609784, 306.1084151099815, 310.54030652814185, 314.90413550384875, 319.20108086216584], "initialization_stats": 3, "final_stats": {"q": {"step": 2, "value": 355.06988921794067}, "c": {"step": 13, "value": 156.5888630431858}}}