{"initial_step": 2, "final_step": 25, "quantum_tts": [333.26158298754405, 365.7356661881773, 380.12018925011915, 370.09693852328337, 355.1493359202408, 359.9954810213065, 334.41671521445784, 309.91658037124716, 288.41877970497944, 304.8427809196512, 303.4922909319006, 315.8676143636642, 337.9622016970025, 313.44995896542326, 322.98901151821, 428.08750503058377, 490.7968277956787, 475.10635466778353, 592.8480021975965, 766.19613288812, 1046.731538817598, 1401.993578526934, 1630.4325887769724], "classical_tts": [411.64100349997926, 460.9244048418502, 450.21075125707114, 596.2080417764254, 554.0995012792433, 474.83455498331546, 515.1669642030657, 549.6615256693349, 528.5994093641056, 546.9824902853985, 538.6868097642582, 536.6656131961752, 502.6020327991251, 516.9874890914358, 531.2374906960808, 573.2954184493833, 544.8369760706488, 580.2480643428962, 581.6187865974658, 579.9154941735432, 578.2585514173879, 607.3805070930664, 584.2552593415929], "initialization_stats": {"phis_precision": [67.21732344679319], "psis_precision": [74.14279914831393], "phi_angles_psi4": [-2.564113370113935], "psi_angles_psi4": [1.5004190792674215], "phis_initial_rotation": [-1.5342152118682861], "psis_initial_rotation": [2.312747001647949]}, "final_stats": {"q": {"step": 10, "value": 288.41877970497944}, "c": {"step": 2, "value": 411.64100349997926}}}