{"initial_step": 2, "final_step": 50, "quantum_tts": [35.32696774563329, 38.83373235084858, 35.06832036161393, 37.383365055490565, 39.25845987125879, 43.09558016789461, 45.50730914047711, 46.79841150102324, 52.62122920287953, 51.39139301100325, 54.511048541811654, 62.07705605949584, 66.98963235735083, 72.92177020287586, 78.02993200373929, 83.04405783952399, 85.2542424807009, 89.6100243449501, 93.92485474655632, 97.04597163620335, 102.8248068101749, 102.85004224623674, 109.32414352218524, 111.34803607476154, 111.30782630533405, 117.47643465106869, 122.74330197422425, 132.55198365946796, 138.3436563965438, 142.58548889549763, 147.82015990804132, 145.35611050550952, 150.13104083186906, 163.99489849423708, 169.83956065663895, 174.36901483363016, 180.73241853167428, 182.98564101689198, 187.07651302068103, 180.00120012951342, 173.07187322613703, 183.68825694474864, 182.47928420974225, 190.46647157950957, 199.6340551074318, 202.98543748936217, 203.03000421844382, 204.64948289976894], "classical_tts": [36.024788610319845, 35.964984348392264, 35.23941110608059, 33.615332066985786, 33.49298124562792, 31.578781458120442, 31.453987179981652, 30.201289063727625, 30.62615452294324, 30.36491677383098, 28.82989325169325, 31.424187803322347, 31.445969438448667, 31.88495385031645, 32.33302879462254, 34.78009678180964, 34.831782887646426, 35.366749458597724, 36.73810537229899, 39.17128403204358, 39.878173263450506, 40.47626147571115, 43.74792989333454, 44.7154464471553, 45.691105028464534, 48.5650638788252, 49.905331466179085, 51.61489077199896, 53.62079044559546, 54.825424744378665, 57.599038753389635, 60.19551893351025, 60.813007168131215, 60.770696622527566, 62.28535299287169, 66.08577900250111, 68.06317197972973, 68.19788928016925, 70.94244428835711, 72.81863743782412, 75.91780494082126, 73.4484722803896, 76.66900069304899, 79.02483626324828, 83.67426173585712, 81.08598352252478, 84.95092405712717, 82.74450240004121], "initialization_stats": 2, "final_stats": {"q": {"step": 4, "value": 35.06832036161393}, "c": {"step": 12, "value": 28.82989325169325}}}