{"initial_step": 2, "final_step": 25, "quantum_tts": [504.82850696280184, 808.896492578684, 503.1471695441717, 404.690917447919, 750.3562021177008, 1062.0655418197384, 905.3286949009954, 976.2753008422378, 1130.6621058050923, 1267.2465826459584, 1240.7437642425011, 1329.1737069871995, 1274.7150858896655, 953.3573078144008, 878.4338780492709, 1070.5343674933783, 1186.186862680106, 1109.98684309875, 1221.1511084316987, 1453.453161850755, 1493.0581997982677, 1428.3855506726495, 1465.3117607321158], "classical_tts": [304.7029605887723, 284.3552751243587, 233.05070044850677, 185.66721739725082, 167.60096224820975, 138.47949179524852, 122.13451669285134, 111.21833708896975, 99.95724178965605, 92.96029254769267, 85.28084116084102, 81.46372912386475, 77.33430179221688, 75.36729967729121, 72.8024826324602, 70.15535679886854, 67.95008091671846, 66.19406611511268, 65.02082377770154, 61.0852268613799, 61.61755252065652, 63.70982170054962, 60.9935417364382], "initialization_stats": {"phis_precision": [45.96893473205521, 27.851253365537854], "psis_precision": [96.66387293574607, 29.49023717708148], "phi_angles_psi4": [-1.4944116283524846, -1.3860101521822206], "psi_angles_psi4": [2.5683378968403323, 2.5431541339339163], "phis_initial_rotation": [3.0913377017130417, 2.63055543107199], "psis_initial_rotation": [2.46353037407531, 0.3280246050255209]}, "final_stats": {"q": {"step": 5, "value": 404.690917447919}, "c": {"step": 24, "value": 60.9935417364382}}}