{"initial_step": 2, "final_step": 25, "quantum_tts": [513.1073199797728, 566.3029821770215, 579.5418743256115, 575.5894284206056, 556.2436039415945, 540.1341391506121, 529.0401745161397, 524.919892613674, 528.7634967052707, 524.6340936674638, 525.2093194370318, 544.8217295137, 567.1990609253958, 583.7174149858556, 593.7074166609546, 665.2836303845613, 762.1451596252724, 767.7484439370836, 795.7662333208588, 924.9562454727138, 1095.0170659776677, 1161.6026819537753, 1152.0959690420093], "classical_tts": [573.340605699029, 815.2381666978274, 770.9932711591517, 892.8009578156039, 958.351494691434, 987.6315043764932, 938.4472836740525, 931.5665795448253, 867.7049269378183, 809.2879316405057, 881.0441357028785, 820.7846341680194, 803.7726751161458, 836.7391995661592, 844.4933882946099, 791.5402224651206, 793.7702401815948, 776.9908007913795, 817.8850534646099, 791.6828660785455, 830.2851482102487, 792.7141499402046, 781.0026013908137], "initialization_stats": {"phis_precision": [97.45229254839906], "psis_precision": [93.17376321075525], "phi_angles_psi4": [-1.4946345856773129], "psi_angles_psi4": [2.5811839587457355], "phis_initial_rotation": [-1.5746731758117676], "psis_initial_rotation": [2.3667314052581787]}, "final_stats": {"q": {"step": 2, "value": 513.1073199797728}, "c": {"step": 2, "value": 573.340605699029}}}