{"initial_step": 2, "final_step": 25, "quantum_tts": [390.18610881479026, 450.66478536902446, 490.11403587158264, 595.1489575856094, 1281.392787139126, 1766.5812147626089, 1027.6199781341809, 707.1112940962109, 561.6403379227777, 711.4643057808194, 1050.9777269250249, 1024.2026610053867, 1241.5751932762325, 1741.7602925531082, 1748.7445977262803, 1687.839119639283, 2059.9012877819055, 2622.9053917011943, 3006.2638149188233, 3849.789776574069, 5670.256301679473, 12072.1184368592, 7821.307725321497], "classical_tts": [421.1571437692848, 394.1046817973282, 507.0664647489054, 374.80664490059615, 387.7801013693297, 346.1222664283186, 354.57521350626513, 335.6405724486958, 348.84341864895737, 331.7792357081693, 312.9755650484047, 323.99377242611143, 318.0967833570141, 336.2252803519052, 310.1554536229372, 321.52671357931496, 343.62620043367144, 340.72065808069226, 333.08808913714023, 350.8349351405886, 362.2567124720698, 381.4667414416332, 380.2918242334331], "initialization_stats": {"phis_precision": [72.13612623965936, 85.57861016395199], "psis_precision": [6.6838037961739705, 64.66286414623322], "phi_angles_psi4": [-1.570742789294871, 1.5707483436948781], "psi_angles_psi4": [2.0690073463376337, 2.6572763029666415], "phis_initial_rotation": [-0.6953733782344753, 1.1176870200600488], "psis_initial_rotation": [-0.8626074182112022, 1.547127438995659]}, "final_stats": {"q": {"step": 2, "value": 390.18610881479026}, "c": {"step": 16, "value": 310.1554536229372}}}