{"initial_step": 2, "final_step": 25, "quantum_tts": [453.64772132793, 744.3951907407948, 562.531361774866, 481.3524603960361, 862.5447792394043, 1198.1581489497507, 1217.495116029726, 1813.016505405205, 1934.6601145728712, 1945.0162329372563, 1956.0258821028995, 2945.5251525562553, 3931.2953401312716, 2799.867618815922, 4292.141118834209, 13019.399548024052, 8731.796317736484, 13649.910372748485, 8823.545660477665, 5176.333972570428, 9593.705632637291, 9517.851446228207, 21311.603813272224], "classical_tts": [299.66989029460353, 285.86227625954433, 223.48308417041483, 191.8327503886228, 158.19961461881394, 123.20745348378031, 114.17082595253598, 101.60761924187224, 89.88033746632338, 78.80383147009859, 72.99772418233309, 66.7799916765177, 63.39011319045293, 59.40803721091888, 58.375333962458896, 53.88421900203511, 51.85085229941807, 50.2413117369974, 47.83787486877073, 48.600781495266354, 45.56713562827085, 47.49203872561681, 45.88386031158843], "initialization_stats": {"phis_precision": [34.179478757084716, 60.7126629653941], "psis_precision": [52.86578604725043, 84.87806198490237], "phi_angles_psi4": [-1.5706998662947471, -2.5417641924632437], "psi_angles_psi4": [2.0233704221250455, 2.6041066333872416], "phis_initial_rotation": [0.4971127936271884, 2.5071730206461016], "psis_initial_rotation": [0.54260541925817, 2.129036939624532]}, "final_stats": {"q": {"step": 2, "value": 453.64772132793}, "c": {"step": 22, "value": 45.56713562827085}}}