{"initial_step": 2, "final_step": 25, "quantum_tts": [578.5695375119752, 617.5547998456555, 630.3545493766549, 603.6908054700979, 551.9464113336238, 541.0196625518446, 533.1065467418687, 504.0003254955417, 464.60317000786654, 490.36729220171327, 473.075505336054, 471.71318902424315, 513.3579106995626, 460.63677808695115, 444.7859787739949, 498.32785916298815, 623.772021630248, 677.8240623140399, 811.501699844967, 1225.3254413716081, 1565.5355003054863, 1736.1815041193759, 1748.1094967377971], "classical_tts": [601.6512231981606, 785.9988094656599, 916.4211531067771, 743.0368321407929, 954.1545701812581, 813.2185674478236, 1000.1137557458793, 866.7723524018445, 918.7763979520498, 887.8421826423317, 814.0020942571122, 909.5412569788132, 815.6774515697736, 848.7897051655202, 782.333910801883, 753.4723287008134, 801.8581516804315, 773.3576973772592, 706.2558424432069, 729.6187804185101, 752.2279512632516, 716.4847164378741, 721.3320330992841], "initialization_stats": {"phis_precision": [10.551608419531123], "psis_precision": [23.98686173276672], "phi_angles_psi4": [-1.4946345856773127], "psi_angles_psi4": [2.5811839587457355], "phis_initial_rotation": [1.315469512968929], "psis_initial_rotation": [-1.313978180867398]}, "final_stats": {"q": {"step": 16, "value": 444.7859787739949}, "c": {"step": 2, "value": 601.6512231981606}}}