{"initial_step": 2, "final_step": 25, "quantum_tts": [5169.422350806379, 5473.642695288614, 5715.3181082422925, 5572.557549753268, 5436.854050581955, 5138.643022303686, 4945.192546774517, 4752.314423461902, 4609.3475392368, 4488.105823631346, 4331.459190995334, 4305.93231668757, 4159.0991170734005, 4140.654806500226, 3990.0195728082526, 4018.5696921943577, 3962.427766481138, 3985.0970561454506, 3789.9727026590936, 3992.7371436431276, 4226.818696618755, 4131.475203450382, 3790.2248844443884], "classical_tts": [5260.7487200958485, 6904.300825408362, 7363.666167384554, 9689.337525686547, 9603.880541913963, 6281.926052587813, 8659.342038374634, 7357.905800804686, 9198.822643453306, 5946.958797783411, 6487.591415763722, 5971.741935064201, 4630.521408551625, 4916.82130691079, 4586.724845592232, 4329.725933758552, 3974.087139462549, 3910.589533249803, 3059.8755123837745, 3324.9789371510333, 3056.3884908392015, 2988.927178763971, 2919.5907317301194], "initialization_stats": {"phis_precision": [32.37970527085845], "psis_precision": [58.71821685110648], "phi_angles_psi4": [2.5801230429979163], "psi_angles_psi4": [-2.6017795753816184], "phis_initial_rotation": [-1.5787080526351929], "psis_initial_rotation": [2.38450026512146]}, "final_stats": {"q": {"step": 20, "value": 3789.9727026590936}, "c": {"step": 24, "value": 2919.5907317301194}}}