{"initial_step": 2, "final_step": 25, "quantum_tts": [436.6268773272967, 783.2962556662665, 906.5124058643046, 741.8646566246971, 1031.873679137529, 1399.3637227094548, 1702.9365515527368, 2161.8597171201527, 2140.015573452554, 2073.783095871368, 1840.11215137295, 2296.951051091356, 2020.35053282762, 1289.6210651030713, 1451.1576696444015, 2459.7580295063194, 2489.1445968443154, 1911.1793400343213, 2041.3352552474198, 2694.0430574710354, 2580.8878579555612, 1987.0194135523616, 2334.5964119179753], "classical_tts": [402.54315082207916, 315.96730766617225, 278.7645596187184, 234.67533237270015, 198.06590621689918, 182.28714340539312, 174.37496779050107, 145.49994970230395, 140.53577982224175, 129.0166894256253, 125.31596894182559, 124.80409547366601, 118.88571613119751, 113.68490521599456, 109.13603494438321, 107.26627313468092, 103.06029766114787, 106.69526150543035, 104.37312697648905, 103.98411630968518, 102.3130706265579, 105.256462136906, 105.41189348602], "initialization_stats": {"phis_precision": [54.365798914368945, 5.443147392253634], "psis_precision": [92.7348353052386, 16.4548491609821], "phi_angles_psi4": [-1.385694098666425, -1.3856865179633286], "psi_angles_psi4": [2.5631574542466224, 2.630315795292456], "phis_initial_rotation": [-2.819334807497004, 1.5849046170273597], "psis_initial_rotation": [2.334915573924799, 0.0056674741033582166]}, "final_stats": {"q": {"step": 2, "value": 436.6268773272967}, "c": {"step": 22, "value": 102.3130706265579}}}