{"initial_step": 2, "final_step": 25, "quantum_tts": [1929.3071418527015, 2676.7419797519274, 2807.4307970540967, 2967.2652193858044, 3157.8764285703346, 3438.6688334233186, 3544.370226887219, 3774.016532391183, 3959.094937971459, 4120.438816705279, 4404.59354185849, 4606.446800983657, 4879.860708482319, 5468.1238248982, 5381.583667482736, 4613.334084747643, 4510.298571765587, 5459.84405514127, 6288.711775350489, 7227.747301667459, 9157.046844744933, 8902.429157117667, 8734.424089789227], "classical_tts": [1886.9970674633335, 1970.1884694883818, 1884.6916680879172, 1893.2769550964604, 2395.7830940285758, 1833.9972220865398, 1766.2609508722442, 1689.9877209714568, 1604.3087228065128, 1655.01943201949, 1820.5741814332223, 1619.586750253381, 1532.7114736713615, 1530.6220295550597, 1574.6474459967044, 1569.9485869578562, 1456.1149658053912, 1523.2434003509245, 1456.4255566255006, 1330.6126642423749, 1309.7800523300077, 1221.2689781969702, 1299.789820930265], "initialization_stats": {"phis_precision": [25.156574860996827], "psis_precision": [83.51352214867288], "phi_angles_psi4": [-2.526347046736313], "psi_angles_psi4": [2.568298115398991], "phis_initial_rotation": [1.4055627145813734], "psis_initial_rotation": [3.0862360924119923]}, "final_stats": {"q": {"step": 2, "value": 1929.3071418527015}, "c": {"step": 23, "value": 1221.2689781969702}}}