{"initial_step": 2, "final_step": 25, "quantum_tts": [445.29716494419705, 531.761136135698, 781.0621547464068, 1768.5386703027095, 2240.0379274423863, 1153.5561252669304, 885.9802524593231, 1065.3954198250444, 1763.8333021025433, 2383.2420602578786, 1690.76616486498, 1754.7948480730265, 2943.1376882987925, 3257.7764872867656, 3170.233811968507, 2262.337485271415, 1574.90126013908, 1509.8340034111966, 1638.7245398814794, 2192.1528172549747, 4665.064550227889, 10859.533373351309, 6992.321823975243], "classical_tts": [416.3450052100701, 723.6727622172255, 580.1661607654464, 529.7075904801314, 574.7702795583474, 538.276856681555, 577.8540568037238, 549.661525669335, 541.5790920542771, 593.9148967614877, 529.1801601210632, 521.8157832444576, 554.2777364400517, 578.0547924373536, 527.1627263478699, 572.1738286519635, 596.4897498496009, 647.0815218712527, 564.2424904859488, 615.9606942293053, 621.6998033486775, 696.1805805347179, 686.2087154701234], "initialization_stats": {"phis_precision": [15.50174775357136, 67.17968677206794], "psis_precision": [85.11153681288263, 76.50351632985834], "phi_angles_psi4": [-1.5707040711947657, -1.9921571567494418], "psi_angles_psi4": [-2.640311092556928, 3.119238383100443], "phis_initial_rotation": [2.057890350999246, -0.9610766074955688], "psis_initial_rotation": [-2.1725762268380278, -2.4257831192460477]}, "final_stats": {"q": {"step": 2, "value": 445.29716494419705}, "c": {"step": 2, "value": 416.3450052100701}}}