{"initial_step": 2, "final_step": 25, "quantum_tts": [81.14532393309874, 139.01974038930086, 162.70891343679693, 182.87140123138494, 333.2279789649429, 509.8790651911851, 720.6917148786217, 1659.6829491166527, 2328.4159192526063, 2428.1524635119868, 2198.193784690071, 2695.236780045612, 5811.318477990889, 4862.632515304004, 6520.244806081572, 5451.81261189949, 4567.12023809866, 5011.767188210676, 4766.985498434834, 5100.817636928347, 4354.9179719971835, 3673.7231861855457, 4903.951218511154], "classical_tts": [80.65154270657192, 76.58412338084624, 76.45075816558612, 68.78164681458287, 67.48472706191237, 66.32212472556861, 63.58886223264716, 58.71745356910387, 56.648952461724264, 54.09686492999116, 52.70594674301, 50.781139258363844, 51.32645295272269, 49.68541606335512, 50.57046880704284, 49.95277347621057, 46.78877323219463, 47.958088292962074, 47.98450376557792, 46.46862467053124, 49.51596954970614, 49.34217692760559, 47.64150200106144], "initialization_stats": {"phis_precision": [99.51142904478209, 66.78671367315575], "psis_precision": [95.66627612770267, 97.51547229958274], "phi_angles_psi4": [-1.5303269645197095, -2.5640913320220897], "psi_angles_psi4": [2.580510591179819, 2.580680158780095], "phis_initial_rotation": [-1.5456758737564087, -1.520665168762207], "psis_initial_rotation": [2.4443626403808594, 2.502626419067383]}, "final_stats": {"q": {"step": 2, "value": 81.14532393309874}, "c": {"step": 21, "value": 46.46862467053124}}}