{"initial_step": 2, "final_step": 25, "quantum_tts": [596.2889651709247, 646.2664619416828, 661.8471832004086, 642.4840820938332, 615.5042804749509, 615.7462523544738, 550.6166649513104, 487.3515749208925, 479.70673568164096, 489.4609743963134, 451.9765842985589, 457.2694354378201, 478.60120343308876, 406.5701734946322, 390.71665762138247, 474.92154250550084, 618.4543301849924, 657.6167755791317, 667.8611947655007, 816.4996833780563, 1189.217133996506, 1464.2883891362799, 1593.5420168675746], "classical_tts": [644.0343460284081, 714.2294150913425, 905.0502656083167, 1238.875212241573, 877.2667895396785, 1031.7971087887322, 878.501122634958, 988.3137629643278, 904.8900270101967, 835.0855226995213, 852.9654650701988, 834.1239996562354, 749.0171249386166, 851.5139043925423, 800.1348860888402, 777.0870583160698, 743.0754644254732, 778.8198197004076, 786.449695713198, 758.6314124837089, 838.4996539657448, 765.1319412768252, 837.2242047574975], "initialization_stats": {"phis_precision": [28.207445203007975], "psis_precision": [15.231416682455833], "phi_angles_psi4": [-2.5639700672519443], "psi_angles_psi4": [1.5129570644342083], "phis_initial_rotation": [1.4637856126009137], "psis_initial_rotation": [-1.150126521621902]}, "final_stats": {"q": {"step": 16, "value": 390.71665762138247}, "c": {"step": 2, "value": 644.0343460284081}}}