{"initial_step": 2, "final_step": 10, "quantum_tts": [525.0181878659552, 1066.2562758618817, 922.4657498289631, 931.2961464385183, 1679.292440154919, 1935.0921323368545, 1697.2295328217158, 2077.02217713636], "classical_tts": [320.86174456130254, 252.37315454026157, 246.84306227424594, 228.55501715178522, 183.23623084512514, 174.19966824115406, 150.78200456793155, 127.85994999579789], "initialization_stats": {"phis_precision": [95.527792466935, 45.244943878706025], "psis_precision": [37.566154641560445, 19.018461951617248], "phi_angles_psi4": [-1.5120086824887173, -2.5155601078301735], "psi_angles_psi4": [2.0708819006822323, 2.4912138269513813], "phis_initial_rotation": [-1.3715101391766586, -0.7953792872546335], "psis_initial_rotation": [-2.2508863073630048, -1.2478614301361894]}, "final_stats": {"q": {"step": 2, "value": 525.0181878659552}, "c": {"step": 9, "value": 127.85994999579789}}}