{"initial_step": 2, "final_step": 25, "quantum_tts": [2212.42050165229, 2383.598223927328, 2441.6195327084934, 2386.564518779812, 2258.915086564524, 2125.303067854885, 2014.7932658020054, 1924.7184502311604, 1858.0544137387644, 1780.93325988821, 1726.2337516859095, 1706.9744331671955, 1651.0610598799246, 1644.4492915193412, 1574.9651740850327, 1555.4493489953973, 1688.6058735365239, 1650.8231944474967, 1574.9540821232608, 1593.3441142456547, 1594.7190846001736, 1717.8973094410042, 1726.394326627002], "classical_tts": [2945.005733838882, 3680.681190801217, 4205.834461910175, 2965.3173516783854, 4163.808593176786, 4151.444292349739, 4084.2673460530964, 3443.5056137361466, 3248.770951598616, 3128.8301401963568, 2698.408383094944, 3115.320989219059, 3072.3510885201467, 2802.18708642578, 2387.4984092021364, 2505.792978486921, 2330.7915822334953, 2532.7554174148295, 2237.1013763588867, 2205.3269873419345, 2201.2501128947874, 1971.8718238845815, 1995.5656529156843], "initialization_stats": {"phis_precision": [0.27578971937252117], "psis_precision": [56.686076554432454], "phi_angles_psi4": [-2.5641235943374006], "psi_angles_psi4": [-2.6001305374449513], "phis_initial_rotation": [0.5861332488155555], "psis_initial_rotation": [2.322307732787178]}, "final_stats": {"q": {"step": 17, "value": 1555.4493489953973}, "c": {"step": 23, "value": 1971.8718238845815}}}