{"initial_step": 2, "final_step": 25, "quantum_tts": [355.4825690548437, 398.1308107689417, 368.42227298549017, 370.81519666264046, 438.5554317865682, 516.8918202112876, 710.1061162059425, 1395.2094133394467, 1352.1121665751098, 1006.5407031293241, 1144.2700488808034, 1758.4158374360911, 3229.1210619284298, 3149.005112950637, 2490.5332436317294, 2160.0207374004976, 2275.0173095437312, 3149.948419704332, 3414.4297046976953, 3323.985833000138, 5040.9760407504, 5769.279029711768, 4139.343577412017], "classical_tts": [348.5624540786864, 388.4652637055825, 318.542475413498, 287.52806427510995, 268.6542005106197, 225.01792240655914, 211.26278507584917, 211.70276042165634, 195.467849785197, 191.93851307366842, 184.6243359236667, 170.37394210328983, 183.79133743469623, 158.77392393910856, 170.4538215660062, 160.4363881908385, 169.09937536312674, 164.2172857011245, 169.7341105159728, 164.35671757641296, 160.9632746148368, 167.0965541531093, 172.3977478564595], "initialization_stats": {"phis_precision": [66.17153110529304, 3.6047403846887094], "psis_precision": [99.3122102834814, 9.828393086586507], "phi_angles_psi4": [1.5133512835752028, -1.5018371599342764], "psi_angles_psi4": [-2.6203515870598526, -2.5702790243001186], "phis_initial_rotation": [0.4505985899571803, 1.7530017527618815], "psis_initial_rotation": [-2.641959138266147, 0.8800817044638034]}, "final_stats": {"q": {"step": 2, "value": 355.4825690548437}, "c": {"step": 15, "value": 158.77392393910856}}}