{"initial_step": 2, "final_step": 50, "quantum_tts": [5337.875258318649, 4807.502233350449, 2045.0545730643773, 2081.623636417465, 2418.791631408437, 1667.1226858452196, 4297.084324294246, 1375.4702946685484, 1543.4933357620926, 1634.2533273834401, 4891.832450297921, 1558.7820095430507, 2844.8780536005447, 4586.977329283288, 1367.715553101518, 1392.1886293739215, 2891.3552874274815, 3623.2679898283764, 2737.3042756881237, 4619.835613442287, 1461.067919186597, 3158.113591741169, 1484.172249180056, 1797.2499457521224, 2357.7581003893984, 2181.232450334123, 2800.290938500652, 1321.0846236596724, 3155.099906650834, 1781.9139698900794, 3316.172354509759, 3065.1058718651975, 3315.120781751855, 4008.6204474276483, 1438.6482742886283, 2885.6760207847215, 4334.147417991387, 4516.871108681956], "classical_tts": [1672.303698461152, 1779.1904110070311, 905.0502656083167, 855.010092620468, 654.8888223280443, 636.6307723385789, 434.5964222523044, 379.629105287768, 380.300281273521, 320.43785766233503, 312.0103513779701, 291.78868862230667, 252.17352027223893, 240.7933151717582, 227.1005972936082, 218.70917806251438, 205.21823916160707, 198.4169508245572, 200.05114887386839, 185.9301816008028, 181.85449333178983, 175.88363135681405, 182.50602752620034, 176.8188763426267, 179.67211125659836, 172.31548469824088, 174.3456346206093, 174.80689714837564, 180.57491454788035, 178.4869248530819, 182.79339228132704, 188.68076810404955, 187.72646015111286, 195.01850147259606, 197.86836058729614, 201.35101085471726, 205.58600226887822, 208.1806784352276, 206.28673529764717, 213.2130885715007, 221.51963706496153, 226.09224143074914, 223.3844108832555, 228.06545727347495, 233.1335785462188, 239.1335618944527, 251.82487890227526, 254.1449758115606], "initialization_stats": 2, "final_stats": {"q": {"step": 8, "value": 1321.0846236596724}, "c": {"step": 27, "value": 172.31548469824088}}}