{"initial_step": 2, "final_step": 25, "quantum_tts": [333.1006090614601, 338.9094445976839, 323.63442499054275, 264.05027230471, 273.196919072715, 354.5285894337604, 490.1410913191444, 621.9496700238526, 518.9522246048738, 481.65897116246043, 653.0770959058935, 1007.5601391823134, 1004.8095958355973, 852.5318735301643, 1173.1539247295445, 1933.3900029680242, 2032.9296208510768, 2429.2064847504057, 3829.220064743294, 6054.75022213414, 6692.09423292918, 3446.457903684388, 2672.3306906837224], "classical_tts": [369.827600732249, 360.10114722457354, 393.6618614991761, 311.8060572816868, 333.11860429041553, 320.8141998562246, 286.60555552637436, 281.90318563512625, 258.41407974782817, 262.44119496331905, 271.91195539576734, 283.35932265956427, 273.6549896992758, 278.2087236413611, 280.6997518938324, 269.37337549868175, 303.87663337803315, 283.76913353463584, 289.9083009759062, 289.64990555255935, 299.98881287050597, 323.8142621385269, 318.03967879738184], "initialization_stats": {"phis_precision": [98.46536845831795, 14.060939168778274], "psis_precision": [44.4242997885572, 11.307721721651943], "phi_angles_psi4": [1.5709780337958965, -1.5708685744949595], "psi_angles_psi4": [-2.6403339054427915, -2.6403960229037677], "phis_initial_rotation": [1.6191899055690513, 1.1289866471427654], "psis_initial_rotation": [-0.8943717904190165, 0.14595407579023068]}, "final_stats": {"q": {"step": 5, "value": 264.05027230471}, "c": {"step": 10, "value": 258.41407974782817}}}