{"initial_step": 2, "final_step": 25, "quantum_tts": [580.086139251112, 638.0844770261289, 666.5165763558706, 664.7334592900377, 643.666424373837, 627.7447692229509, 572.1478310311883, 563.0902347211227, 597.8434255561173, 558.881071811998, 475.44704960318666, 517.4181916763289, 559.658217324319, 456.6352124994593, 415.6562335717602, 470.4162919186798, 638.6650106254255, 722.368736124723, 724.6168809567457, 899.917729407189, 1238.005043452765, 1664.5140842880278, 2248.9735119576785], "classical_tts": [667.5377035628687, 887.8649055333346, 805.0863016441583, 924.5690018306225, 856.5430850371051, 823.8163839387412, 842.5794871097926, 782.82770749751, 849.2145217175643, 895.9195561169006, 750.9723276608839, 788.5252493018107, 726.9602792729781, 625.1534884171857, 700.27364210044, 729.4194234105763, 741.3187059729537, 669.5728894308141, 744.2650729148941, 732.5711791628104, 791.447713259709, 735.2089731801562, 700.3356780076784], "initialization_stats": {"phis_precision": [38.547054720273536], "psis_precision": [19.96273183534517], "phi_angles_psi4": [-2.5412670292063786], "psi_angles_psi4": [2.581330407918674], "phis_initial_rotation": [1.8113170636507654], "psis_initial_rotation": [-1.187409962466154]}, "final_stats": {"q": {"step": 16, "value": 415.6562335717602}, "c": {"step": 15, "value": 625.1534884171857}}}