{"initial_step": 2, "final_step": 25, "quantum_tts": [456.79156698034467, 770.4060664868866, 669.6684962553401, 543.7850582860902, 743.1059890278368, 880.1383657403317, 859.0810863629334, 1058.8518496288707, 1209.9450924955088, 1131.8121531945576, 1105.3835602028378, 1293.850108542016, 1195.60589101506, 1015.167044376102, 1179.0865840008887, 1650.3185951378198, 1991.163829049077, 2319.8911614582576, 2830.619098304803, 2390.363101080894, 2994.375202814059, 3798.6857150930823, 3986.4103301245304], "classical_tts": [355.3755631157407, 323.528164375585, 292.4784141679877, 219.93695436842484, 196.93045829415297, 164.65770255017716, 152.36641041490861, 135.82916813190008, 125.70622806202344, 119.76019970317319, 113.17520437420445, 103.03478321573688, 101.65589708702446, 100.1757922532427, 94.84840128212755, 90.58373332294839, 95.40144133113192, 89.4696808000292, 88.30497034550676, 90.40513016016668, 91.46809702800455, 89.60354921649737, 91.84194191949823], "initialization_stats": {"phis_precision": [45.62637581386711, 13.40699744374606], "psis_precision": [38.66386963316435, 30.308489270383852], "phi_angles_psi4": [-1.511393197974324, -1.5018626103009003], "psi_angles_psi4": [-2.6204803873824294, 2.492508155721956], "phis_initial_rotation": [0.19680458494775, 1.2185367965291949], "psis_initial_rotation": [-0.6935490217816627, 0.3030847744645926]}, "final_stats": {"q": {"step": 2, "value": 456.79156698034467}, "c": {"step": 20, "value": 88.30497034550676}}}