{"initial_step": 2, "final_step": 25, "quantum_tts": [580.2841424796061, 630.2868126028869, 648.2182099429899, 633.262571286537, 604.4590561670701, 594.2320032120085, 535.8214920393553, 493.14556309776094, 497.45494410476726, 486.98553984872143, 422.64225121988744, 429.171216166356, 446.1137717601699, 381.67179554427713, 362.7125112225881, 421.12975297829934, 572.637020156002, 624.9618188650347, 618.2084445902011, 762.9019923069301, 1051.009050076797, 1400.967609821676, 1587.670008515942], "classical_tts": [692.8148920856455, 860.0109085485435, 832.6900104201402, 855.010092620468, 1007.0588768381831, 906.4189486463592, 746.4720150857725, 876.1543482414816, 909.4725319122557, 845.8636319281579, 756.3030471115258, 785.8373443483886, 755.891686787348, 825.019300820391, 752.9759491828208, 703.4603164525396, 751.9820741097576, 717.8460428939437, 767.3310015544912, 715.195366278753, 694.1769955677001, 680.4817724518695, 775.8525151865995], "initialization_stats": {"phis_precision": [88.61280345380072], "psis_precision": [59.633042442423076], "phi_angles_psi4": [2.5582163491776195], "psi_angles_psi4": [-3.13370422391806], "phis_initial_rotation": [2.915955679322847], "psis_initial_rotation": [1.88131571015498]}, "final_stats": {"q": {"step": 16, "value": 362.7125112225881}, "c": {"step": 23, "value": 680.4817724518695}}}