{"initial_step": 2, "final_step": 25, "quantum_tts": [119.30543732082103, 136.63270155900744, 145.57105911054856, 160.12397143130448, 186.83153285551316, 284.2736240828377, 591.4251949550693, 608.0603744356924, 911.0656650124566, 1467.0124161416754, 1584.7020016588049, 1803.4298885677188, 1917.7409315230748, 2680.173839226046, 2479.0876568528915, 2309.9570531942413, 2304.8653092723994, 1373.9918668698685, 1546.664912591026, 1732.6882128063419, 1913.7321135713723, 2716.495205803299, 3086.095375656611], "classical_tts": [151.19139880116788, 141.94453646725415, 165.1278809834385, 160.42632276467384, 180.97049220445604, 167.00803315847577, 150.4341095232002, 156.1961611078685, 172.437735257408, 176.4043119651617, 167.8882127147932, 169.6542388817672, 174.6991975835313, 195.7548910174237, 194.26145784850303, 209.4018740416216, 198.43134326461194, 220.45306032927124, 212.60929039179325, 202.14206929983868, 220.50835242932246, 228.03038910829733, 229.19218948218668], "initialization_stats": {"phis_precision": [96.90101004804377], "psis_precision": [97.36155919133155], "phi_angles_psi4": [-2.526485730943371], "psi_angles_psi4": [-2.6403019589286636], "phis_initial_rotation": [-2.4291280902772274], "psis_initial_rotation": [-2.7231910215431068]}, "final_stats": {"q": {"step": 2, "value": 119.30543732082103}, "c": {"step": 3, "value": 141.94453646725415}}}