{"initial_step": 2, "final_step": 25, "quantum_tts": [748.5620420480506, 803.9798008311363, 826.704125224868, 810.1670230152624, 776.1587101968911, 738.6651225590842, 712.757633335278, 694.6884005069174, 683.3307906503362, 673.3254048646515, 665.5164142458225, 680.0075083640905, 689.1160143981565, 686.742366506001, 674.5050935517015, 733.4279176790757, 809.2364334382478, 779.6171091052245, 784.3425078704759, 873.002809110794, 960.1954459116803, 1038.7000477565562, 991.672303104926], "classical_tts": [885.4390692606622, 1135.9661730578764, 1120.3155881486246, 1230.5218591611701, 1285.7592245344179, 1256.088081414367, 1234.3570127951557, 1310.6160546861352, 1108.2454292812138, 1122.456155007044, 1031.2678031799223, 1017.153106301643, 1038.561428944644, 1126.7840492398293, 996.0299356370507, 943.8360454895106, 955.775722067194, 952.86873956486, 934.9479777602083, 907.7390510780201, 926.8614839076773, 840.541420321986, 885.5037862134786], "initialization_stats": {"phis_precision": [70.72298253846454], "psis_precision": [93.77100062575703], "phi_angles_psi4": [-2.5412670292063786], "psi_angles_psi4": [2.581330407918674], "phis_initial_rotation": [-1.62150239944458], "psis_initial_rotation": [2.3856406211853027]}, "final_stats": {"q": {"step": 12, "value": 665.5164142458225}, "c": {"step": 23, "value": 840.541420321986}}}