{"initial_step": 2, "final_step": 20, "quantum_tts": [459.2558382543839, 919.159824476788, 947.9837845366322, 865.3267188917305, 1495.110548374651, 1839.9095339775768, 1999.764312224787, 2975.3009195928453, 2565.1239688590795, 1942.5367879262712, 1847.1477048865263, 2771.2112823322855, 2736.2646022136764, 1810.1606596370889, 2226.423250525186, 5088.439478728006, 5677.879570901164, 4184.587909256009], "classical_tts": [], "initialization_stats": {"phis_precision": [98.46536845831795, 14.060939168778274], "psis_precision": [44.4242997885572, 11.307721721651943], "phi_angles_psi4": [1.5709780337958965, -1.5708685744949595], "psi_angles_psi4": [-2.6403339054427915, -2.6403960229037677], "phis_initial_rotation": [1.6191899055690513, 1.1289866471427654], "psis_initial_rotation": [-0.8943717904190165, 0.14595407579023068]}, "final_stats": {"q": {"step": 2, "value": 459.2558382543839}, "c": {"step": 0, "value": -1}}}