{"initial_step": 2, "final_step": 25, "quantum_tts": [40.431770823818475, 69.69368330099383, 83.12979606686268, 91.64524950033312, 130.65827884063913, 147.10686224174697, 161.46672884287776, 201.31756692962162, 202.20614136434943, 186.82015407052387, 176.65497741798254, 191.47478902228195, 206.66617330194128, 179.22845103643155, 186.3743025011059, 244.54707705726156, 272.48506027691025, 303.5030176149373, 321.4275842857591, 309.1082184981093, 341.77091794811383, 343.3586591622012, 393.2063596249087], "classical_tts": [39.422846900454616, 46.7908991809176, 50.036321878143575, 46.39672688216181, 46.06346971381769, 48.398594769873, 46.66882174951029, 45.71209266924934, 46.085027383304066, 45.66229073835975, 45.8166636375919, 45.390353639333426, 45.727250207369245, 44.04520330525669, 44.519341474150124, 44.7682057279892, 44.803223308368935, 44.74085398862894, 46.57043010190549, 46.500239018270584, 46.76459898045675, 46.65428810153299, 46.42634396723567], "initialization_stats": {"phis_precision": [97.52187451767647, 98.99069171353682], "psis_precision": [97.2639046195319, 82.93252808560037], "phi_angles_psi4": [-1.515288113221693, -1.5018352317513564], "psi_angles_psi4": [2.568302552522683, 3.023572617354488], "phis_initial_rotation": [-1.593140721321106, -1.533543586730957], "psis_initial_rotation": [2.4823455810546875, 2.487382173538208]}, "final_stats": {"q": {"step": 2, "value": 40.431770823818475}, "c": {"step": 2, "value": 39.422846900454616}}}