{"initial_step": 2, "final_step": 25, "quantum_tts": [470.7798006417373, 539.32477508994, 575.468771321364, 587.9703120099471, 613.3011159575159, 635.3081566744868, 567.8157256337754, 488.4287199820184, 470.1805256864976, 444.53948285270593, 418.68963092818467, 459.3772327358998, 505.21586074201724, 494.411505303344, 528.7210341436751, 701.6076308768017, 739.8020020568143, 787.1190756273625, 1145.2209301789487, 1430.1966623689568, 1691.8675134395662, 2141.191059499911, 2810.047454643113], "classical_tts": [393.83659943776826, 485.58255493361554, 489.89531918337315, 441.32241064191044, 504.74630908052313, 424.59051885482114, 425.42952549640665, 424.6882928056124, 348.139094131074, 323.76118656505463, 348.37592921960504, 349.30781768908923, 319.4044874923066, 326.0952342477206, 315.38277520363687, 304.5182343754501, 302.60484740342844, 273.39430383803824, 282.33985338258384, 268.5988192614873, 277.4630630491605, 271.8670827380773, 271.7703900418943], "initialization_stats": {"phis_precision": [93.9423168014483], "psis_precision": [48.82749626844058], "phi_angles_psi4": [-2.5265337703537245], "psi_angles_psi4": [1.5241109530932357], "phis_initial_rotation": [-2.7168415006971673], "psis_initial_rotation": [3.131742570981869]}, "final_stats": {"q": {"step": 12, "value": 418.68963092818467}, "c": {"step": 21, "value": 268.5988192614873}}}