{"initial_step": 2, "final_step": 50, "quantum_tts": [1612.364211274028, 1738.729431516479, 765.1710165609794, 886.2276813590046, 681.1840790200189, 456.91201432091253, 1520.2755415092845, 148.44333033337193, 322.303410333887, 420.2242559255803, 1707.7116984890658, 302.1676255418293, 1166.7159412466835, 1484.080296232474, 103.26195758768306, 191.81074222110243, 1079.836410466372, 1392.03350610907, 1199.302530784907, 1581.4569919234102, 545.9293981517109, 920.0188538325292, 217.86983292976265, 752.2784063242312, 651.6027648832006, 655.5682925000186, 928.3197798478739, 271.7523854744849, 995.2300366076381, 683.7056547194543, 859.1882176102652, 984.2472416068568, 1283.1324251005517, 1174.1118431497168, 232.5527387871698, 1333.7553045090165, 1377.4615973931877, 1385.9012177172667], "classical_tts": [84.15848551787037, 75.66555730989165, 69.42051604794156, 66.60013511373751, 53.122909028797736, 51.66474169756167, 48.64169316043305, 44.0542143454519, 41.381147679540994, 39.68819592687254, 38.185153658739836, 36.284665176635606, 35.54314685301356, 34.76205915522947, 36.90355995265302, 37.28626561342083, 36.200435463469724, 36.21171446145334, 39.23951530122525, 38.012188532499074, 39.54374197652267, 40.50488596778407, 41.76016422675566, 42.42877467769065, 44.125925664798274, 45.593909485737, 46.10548251040882, 49.041482040510196, 49.18448004354785, 52.6116806003364, 53.843752967577174, 54.732771799061325, 58.40787255061964, 57.96615129787715, 58.89307525077463, 61.50001046882143, 63.11663380286987, 63.8471424092971, 65.8173119543651, 69.13597326373137, 69.81082269433784, 73.1342678895364, 72.60889779999995, 76.20795350730066, 78.12482405403887, 77.16747517080259, 81.40496606174476, 83.10090285469778], "initialization_stats": 2, "final_stats": {"q": {"step": 2, "value": 103.26195758768306}, "c": {"step": 15, "value": 34.76205915522947}}}