{"initial_step": 2, "final_step": 25, "quantum_tts": [97.94511891371452, 220.4347230256176, 232.98281424824654, 182.44957630881387, 408.5192913692439, 1275.1375738838137, 1740.2538291998205, 2552.715238108766, 1488.590611344748, 1003.0545049014694, 889.2734757815624, 640.8723298682337, 413.83504833772105, 282.20330736798724, 242.12893239201796, 264.88223561696714, 342.5231288381588, 465.9318558548402, 641.5803750179045, 1242.88617931687, 2829.0463229495654, 3422.5657085630805, 5038.245543397697], "classical_tts": [81.21615787263944, 86.2111105555448, 85.60972566551588, 88.68103388948512, 83.49534546948212, 78.61435152928026, 77.98858844057641, 79.8336333944802, 78.62351726359469, 79.78610321326694, 79.89516044801913, 80.23838720226229, 78.94366430283632, 85.24879648317805, 84.72598315554306, 84.06965218325269, 87.40076219961904, 90.37158849766973, 91.75342345102855, 92.7202188627821, 96.90056395797532, 97.26046097060969, 102.62281989408322], "initialization_stats": {"phis_precision": [99.4747686069209, 68.63598514956007], "psis_precision": [74.03576484478505, 94.71659448884351], "phi_angles_psi4": [-1.5178665728531433, -2.51274581566028], "psi_angles_psi4": [1.524092687483897, 2.576093076193505], "phis_initial_rotation": [-1.5343672037124634, -1.5274162292480469], "psis_initial_rotation": [2.339783191680908, 2.4101099967956543]}, "final_stats": {"q": {"step": 2, "value": 97.94511891371452}, "c": {"step": 8, "value": 77.98858844057641}}}