{"initial_step": 2, "final_step": 25, "quantum_tts": [137.35638582167093, 150.11433675509352, 140.7214529267552, 140.94431660673106, 136.75548322717515, 148.35972145253226, 156.6783640297572, 112.7806798999358, 134.03956119283185, 257.25394777726365, 410.0632802412333, 427.3168737532792, 448.6535942318515, 517.7138618421259, 493.71541335859956, 615.3492620594994, 834.4464388262804, 646.5580933125333, 525.5729973364224, 610.9010319826698, 790.8780605328399, 767.4466350684966, 933.2600409623323], "classical_tts": [152.48146132970135, 173.6451534852149, 203.5033787478686, 199.7762050858979, 210.58381412058634, 215.70303433798784, 216.67979761757775, 193.62367733055737, 249.96774371500965, 232.4175360061196, 268.61797167258027, 242.77404082868856, 265.0941058402275, 260.32693517978083, 261.3090591478547, 300.8557536070375, 287.50549157340583, 290.62955830693653, 317.54150458114407, 313.3431444941723, 332.66170984323605, 346.4576100359806, 386.43516184658915], "initialization_stats": {"phis_precision": [73.65910217836522], "psis_precision": [8.082447746768029], "phi_angles_psi4": [-2.526347046736313], "psi_angles_psi4": [2.568298115398991], "phis_initial_rotation": [2.9293145495892015], "psis_initial_rotation": [-0.8272121228335001]}, "final_stats": {"q": {"step": 9, "value": 112.7806798999358}, "c": {"step": 2, "value": 152.48146132970135}}}