{"initial_step": 2, "final_step": 50, "quantum_tts": [1125.770107608472, 1117.7790434875474, 1068.263744082623, 975.5369223766024, 926.1712553908035, 894.3044262399847, 941.5886102027056, 765.611434581411, 1296.480966679751, 702.6417403472864, 1212.0682649361815, 1129.5930380375064, 432.25341538532496, 403.84307286076313, 1030.3849521214827, 386.6444516902188, 734.2061266663352, 370.79556395748904, 1176.6597045360986, 430.81297379835314, 416.14425128782307, 386.16457428988963, 854.1282374566558, 422.11528567746, 711.0620077140331, 1274.8101119461337, 478.525891893228, 650.7647373181123, 511.52674839922383, 562.5668678416066, 780.7061650748493, 614.5555164764504, 1306.0450921254449, 535.9407199558098, 649.805641428516], "classical_tts": [488.9119533244176, 438.6333947698393, 363.7890127649023, 301.21821406165066, 262.602615787665, 229.31388965478286, 206.73126379826255, 206.46260622545998, 185.47248242757405, 162.89964852043857, 156.86903409471742, 147.31993580428298, 131.69334322343389, 127.84106849714286, 122.07979254738883, 117.78608464765583, 110.82954812110633, 106.35304766797626, 97.89825410100883, 97.6624765071689, 92.29968154479566, 90.7778394067319, 89.61665947622822, 87.83533495081561, 86.65108947500894, 84.10517376046172, 85.0911960716629, 83.59561690210082, 82.89919570098215, 83.79426968244705, 83.89504300706196, 84.46974180186339, 82.35426590554708, 86.37853792350133, 83.85526395794963, 85.42651824336573, 88.00405679687246, 89.00989002479373, 87.61308276916792, 91.90414722748037, 89.85786109265963, 95.47413511109775, 94.7480603023275, 96.67067178700718, 96.8842911292663, 98.45142741203055, 103.18565248668718, 100.93680741724557], "initialization_stats": 2, "final_stats": {"q": {"step": 5, "value": 370.79556395748904}, "c": {"step": 34, "value": 82.35426590554708}}}