{"initial_step": 2, "final_step": 50, "quantum_tts": [4329.62990126494, 3851.7805362828576, 1056.7424091350656, 745.7626784476126, 1053.2795367583083, 332.7565975942355, 1015.6603846237986, 174.83819559655586, 444.94075375283614, 306.61723683826966, 2060.163483279865, 296.83764517903455, 951.7569108987019, 1237.9736308611004, 128.92983771325706, 187.89645943553205, 901.942558780529, 620.2991342948475, 998.9489625247329, 2025.4499771663077, 358.4202664534273, 940.6080264408022, 314.1397943658987, 535.7182175474651, 1234.2447594042226, 626.204299840628, 793.8080249526864, 405.2613212878546, 624.768803767803, 692.1842918315539, 805.5230146409286, 664.3360533949908, 668.1712467027844, 716.7927884791438, 281.0116538052568, 1069.0885300648813, 911.4484509287745, 987.8755086352052], "classical_tts": [104.15837141008166, 103.60472555701358, 92.78257059758037, 86.77564505992694, 83.1986097445033, 84.31708010017405, 80.51544699518216, 75.42154910896082, 73.7260494960458, 68.5264527378555, 72.47282883072587, 69.8603298729324, 67.7200035114152, 67.72406865869577, 70.44472364048866, 71.51973303089734, 71.15276339815418, 74.76052879770371, 75.87152739904323, 74.1078679466836, 78.44212209450727, 77.85511189508352, 79.04002952633991, 81.21780571931984, 83.20771134844712, 81.99449363959593, 82.73646783985197, 90.20733413441704, 84.19855880872515, 86.1073434464168, 92.33975946224044, 92.55433381124423, 95.68966425115572, 94.63898022178795, 97.9478009888767, 100.94629115349589, 106.28315831966384, 106.03708063253825, 103.30147824196558, 109.57489873217702, 106.04879218108347, 108.27784939925388, 115.4347420813126, 115.58026108279527, 120.18681747715476, 119.8951632245568, 123.79234956766089, 123.97715203125593], "initialization_stats": 2, "final_stats": {"q": {"step": 2, "value": 128.92983771325706}, "c": {"step": 14, "value": 67.7200035114152}}}