{"initial_step": 2, "final_step": 25, "quantum_tts": [197.7018312961667, 227.04935092276406, 240.41849289596342, 250.89719196889305, 253.40447720275483, 255.89580450089625, 249.93986824552414, 258.8470319458604, 285.8260870137148, 292.8456629307926, 278.80908295726806, 286.7561967661811, 304.0851347720875, 308.7093715191077, 332.58388076754636, 384.0891554452138, 512.518731045755, 606.9686672564663, 708.0644488800793, 950.9192379005017, 1263.8636544012982, 1551.136911668343, 2076.4911385095184], "classical_tts": [270.58985763841486, 329.4379209881093, 349.61847076020456, 381.20365332425337, 389.1950493096626, 370.01958655487385, 437.2869548179814, 397.8886403911259, 400.4725208147709, 400.72786770511584, 416.92501738200576, 451.6687688305063, 433.751263010401, 431.78530101715444, 435.45040689226903, 481.2052230907487, 479.08695075962873, 482.1072355200548, 516.8281594956566, 510.4817451245142, 503.9924040420296, 529.8146226398735, 532.2157815375841], "initialization_stats": {"phis_precision": [70.72298253846454], "psis_precision": [93.77099303665794], "phi_angles_psi4": [-2.5412670292063786], "psi_angles_psi4": [2.581330407918674], "phis_initial_rotation": [-1.62150239944458], "psis_initial_rotation": [2.3856403827667236]}, "final_stats": {"q": {"step": 2, "value": 197.7018312961667}, "c": {"step": 2, "value": 270.58985763841486}}}