{"initial_step": 2, "final_step": 25, "quantum_tts": [37.857012662437384, 43.733354459326094, 51.04155162321805, 55.826615938402355, 60.48104250574299, 75.33748982245773, 104.78263829127393, 101.50079883747532, 149.77542610752118, 368.66300147453256, 466.34240151103495, 404.81123303477835, 447.3027684018011, 600.0495874608544, 944.1231538205899, 970.7275229584174, 795.3874868057723, 681.2466792175202, 725.7579486572329, 771.0487595975319, 823.4679130851314, 1047.0310160304573, 1710.6985868809775], "classical_tts": [45.880579161213326, 74.32649294813133, 90.51405924843881, 94.6764663715098, 110.02832063873453, 123.6112237893048, 148.37798594205924, 152.25813400638197, 162.65379471232143, 175.3465108000454, 195.98179436089106, 184.85423277510816, 216.65552361909232, 227.68511610661344, 228.34165190506755, 260.53989095407667, 276.9365038854968, 260.6796756444113, 259.6890494269293, 279.72056747769756, 307.7950566437876, 330.64787249096474, 340.03449569001526], "initialization_stats": {"phis_precision": [97.94481852732996], "psis_precision": [96.0000754991755], "phi_angles_psi4": [-1.5018168587694598], "psi_angles_psi4": [2.581223687401196], "phis_initial_rotation": [-1.5663822889328003], "psis_initial_rotation": [2.4555623531341553]}, "final_stats": {"q": {"step": 2, "value": 37.857012662437384}, "c": {"step": 2, "value": 45.880579161213326}}}