{"initial_step": 2, "final_step": 25, "quantum_tts": [1551.7134829333163, 1655.4869880537237, 1703.0016611141407, 1630.817835124109, 1502.0070665305363, 1445.5701588133816, 1181.5929064882948, 1040.249174352686, 1314.6189695073563, 1112.724175101146, 802.6834314941865, 669.5721684653743, 563.944548334739, 508.990446746947, 537.8032040461761, 665.9093992718151, 903.4755542960924, 923.5702954677055, 1053.531426612101, 1226.7643900631585, 1531.3351475094496, 1967.3912558536067, 2136.672789192562], "classical_tts": [1599.49463555716, 2043.2864811524125, 1934.4102010486488, 2355.8645851098963, 1835.151651887435, 1833.9972220865398, 1435.5292359021337, 1583.7131418106705, 1742.812270393432, 1404.2731539470187, 1256.5256314077033, 1170.45875826957, 1223.664647660716, 1357.335040515295, 1251.8807462174068, 1180.134285949784, 1193.7071937177527, 1133.0768709178026, 1204.8728562466026, 1151.4417760193392, 1063.8656634811473, 1143.6906615058333, 1176.7748993200194], "initialization_stats": {"phis_precision": [8.149850358258492], "psis_precision": [66.71384268416692], "phi_angles_psi4": [1.9959093756563866], "psi_angles_psi4": [-2.640326184228101], "phis_initial_rotation": [-1.4017183780670166], "psis_initial_rotation": [2.5971436500549316]}, "final_stats": {"q": {"step": 15, "value": 508.990446746947}, "c": {"step": 22, "value": 1063.8656634811473}}}