{"initial_step": 2, "final_step": 25, "quantum_tts": [2139.3390302766743, 2278.910989165057, 2315.4279253516224, 2250.7496769054437, 2123.660908106478, 1996.0838109441036, 1895.3420199134223, 1821.3840233844858, 1762.1065642341978, 1714.850025608528, 1659.945227411825, 1634.061582145205, 1648.938676539158, 1658.0645713318659, 1549.1803955601645, 1504.358727753284, 1672.3576225580568, 1769.0704091722944, 1699.2322289294614, 1637.5174878709297, 1608.5089668507312, 1750.4167902733502, 1805.9645484621562], "classical_tts": [2374.5587021203905, 2692.254022537634, 3130.8275921289746, 3469.840494313989, 2940.3957543834595, 3729.464573518858, 3265.5686883757444, 3177.821849492362, 2912.389482428649, 3011.6088988429783, 2732.1011890345444, 2870.174045167397, 2463.5537761499318, 3104.84787264295, 2762.0184807659925, 2465.706183253147, 2339.1604007718033, 2367.088327293403, 2189.5878195305163, 2017.0681888564275, 1965.9877390804004, 1976.5966227615177, 1959.188917506001], "initialization_stats": {"phis_precision": [12.05468763845101], "psis_precision": [16.95439732637496], "phi_angles_psi4": [-2.5641579325261574], "psi_angles_psi4": [1.5391379706873562], "phis_initial_rotation": [0.19872553980086183], "psis_initial_rotation": [-1.0698165820366166]}, "final_stats": {"q": {"step": 17, "value": 1504.358727753284}, "c": {"step": 24, "value": 1959.188917506001}}}