{"initial_step": 2, "final_step": 25, "quantum_tts": [1104.3271893338604, 1550.9055772843906, 1580.5537016045469, 1685.41865743802, 1749.7585714512697, 1827.7740498426529, 1954.6814177752026, 2077.7048783162404, 2262.856800498461, 2538.9895400613345, 2859.0920876774458, 3176.225761340282, 3401.770878526404, 3764.0135357489035, 4094.2605759431103, 3734.5856800232, 3681.8588107720348, 4523.512319134348, 5099.022033758121, 5090.656803013158, 4883.369435553071, 5495.272652773251, 6985.5130178601485], "classical_tts": [942.3458340439586, 1069.5917683863581, 1063.2537315505554, 1071.4660204453482, 1055.8087612071135, 1066.4603620607031, 963.4695250890236, 816.4580093328564, 839.2741887389781, 838.6480373133576, 868.5390581090744, 793.9555370779284, 746.7527186710125, 713.5706975610835, 675.7132148204252, 649.3586944704043, 619.7651049821749, 617.1235087848798, 539.5398557070506, 564.2664747285439, 530.9377835247376, 521.1645811752421, 498.791332319223], "initialization_stats": {"phis_precision": [67.33479791557554], "psis_precision": [69.3933317137779], "phi_angles_psi4": [-2.5265435207424933], "psi_angles_psi4": [1.5130992354923083], "phis_initial_rotation": [-1.500335931777954], "psis_initial_rotation": [2.4746360778808594]}, "final_stats": {"q": {"step": 2, "value": 1104.3271893338604}, "c": {"step": 24, "value": 498.791332319223}}}