{"initial_step": 2, "final_step": 50, "quantum_tts": [885.0485030132769, 796.4568731953342, 450.69348352387715, 418.049458395762, 547.9195956383038, 489.49803756291533, 649.6542702861115, 486.00648830866555, 477.4786332293452, 547.6143311824032, 823.8626857441631, 477.7398996854727, 558.2255550869626, 749.7746981545771, 474.68577219567834, 482.1552526708234, 588.4544701297464, 633.4313358395791, 587.0776224125592, 789.1107313720012, 513.0304429240837, 559.5326902503842, 472.25983071163074, 471.3781888760192, 517.4069114572385, 437.1605508089231, 580.5975894879602, 468.4009303507837, 599.4832182117219, 456.82278278348883, 559.2326890231019, 569.9597088069867, 616.306605539966, 637.1297571183753, 476.4304422316164, 569.1283540892777, 620.0327792274874, 717.8647434844828], "classical_tts": [539.478866736199, 566.2508755933351, 510.64478325346136, 520.5274814998403, 502.3881631244833, 435.0003433664497, 398.933312874189, 362.93194217957364, 341.24421397265667, 311.36808552930796, 272.6543857345835, 248.75608970361247, 213.5296096127193, 194.4394370828333, 184.22846162281095, 160.75165778157344, 152.9455243225696, 132.4760577062928, 120.0954952570146, 115.05760735963555, 109.63849417554744, 105.04054818728409, 96.45636985087535, 93.3156372868614, 90.44877680742283, 82.57408681063862, 86.4217107944283, 80.80293008383967, 83.58923801776517, 78.81022563181386, 80.46900162458115, 78.53096579361238, 79.43921825870586, 81.66458598572653, 80.58667928751312, 80.95942586088135, 81.35538912002932, 83.21228800881555, 86.04663851000464, 84.57292912564388, 85.48713724035679, 87.61251220000491, 91.1342712565417, 90.84315915274316, 91.03075353538365, 94.49093705222693, 96.07180682632583, 96.23618693709408], "initialization_stats": 2, "final_stats": {"q": {"step": 16, "value": 418.049458395762}, "c": {"step": 33, "value": 78.53096579361238}}}