{"initial_step": 2, "final_step": 50, "quantum_tts": [149.80428513407793, 207.04008677701881, 353.2672018022642, 634.2376500091275, 709.1472159347635, 564.1577598742465, 539.3928629230762, 717.4018788227346, 1219.6391690242783, 1565.5366269582707, 1147.6490934497551, 903.5983405593516, 992.8642528926973, 1478.8073066175332, 2119.8349524657347, 1790.289236080462, 1330.6988499226968, 1306.1705335176414, 1795.7620298629183, 2862.1523815494056, 2889.3838273048077, 1983.505835428148, 1648.6599723334966, 1916.6636227544202, 2862.5587564890143, 3551.0295785305966, 2681.709837755993, 2050.0760677704643, 2136.328950292839, 3082.064873919236, 4612.39297199626, 3907.1007722297204, 2647.187394178583, 2353.3355934394835, 2957.547639682006, 4474.813824437089, 4713.471756293303, 3305.5990246571305, 2705.3008363145777, 3116.4924817642545, 4787.188712596066, 6261.492263067699, 4563.375363290544, 3272.168045533166, 3214.9120181898934, 4343.337604666458, 6230.239070197633, 5589.473195016904], "classical_tts": [77.07397232498049, 71.3712324345507, 58.25020747513107, 49.91041202179457, 40.75668001124346, 36.8545999123908, 33.97744937153376, 29.491225653276594, 27.09558024113521, 25.30232502727156, 23.869922592560066, 23.10511930050022, 22.210926364156123, 21.078103615851017, 20.309403722821884, 19.710427229355343, 19.16316258314722, 18.252406829481767, 17.84730512257744, 17.059410457896103, 17.30040925610491, 16.86199839972215, 15.455532813016202, 16.259083927998425, 16.826789315255112, 16.142136262881042, 15.472448719870322, 17.28473805247956, 16.382628479582138, 14.971642687672318, 15.160859341227063, 15.313921752753831, 15.425657526646157, 15.064737111346497, 15.179554715474813, 14.219503056622397, 14.603813950044625, 14.988124843466851, 15.372435736889079, 14.518882783242898, 13.440263486965453, 15.22712096779133, 13.32917303349217, 15.500725159081261, 14.720288580962162, 14.237980285775727, 16.000000000190553, 13.603327018404643], "initialization_stats": 4, "final_stats": {"q": {"step": 2, "value": 149.80428513407793}, "c": {"step": 44, "value": 13.32917303349217}}}