{"initial_step": 2, "final_step": 10, "quantum_tts": [813.9065258436643, 1993.3671228064713, 1558.4872556590765, 1394.691446576846, 3101.6316051628987, 3444.377393452553, 2524.0426457238123, 3595.3389488690873], "classical_tts": [426.0811913935009, 396.98568725989594, 297.34942900496435, 221.6095084414157, 193.96312879664987, 156.48304204143065, 130.38827930886248, 125.35474938807094], "initialization_stats": {"phis_precision": [8.822632344762438, 95.63726993152096], "psis_precision": [60.632059351408564, 55.55277562000194], "phi_angles_psi4": [1.5708534688949276, -1.4656292156051838], "psi_angles_psi4": [-2.6402479591396975, -2.640173861951892], "phis_initial_rotation": [-1.2935680150985718, -1.328570008277893], "psis_initial_rotation": [2.4061570167541504, 2.2466607093811035]}, "final_stats": {"q": {"step": 2, "value": 813.9065258436643}, "c": {"step": 9, "value": 125.35474938807094}}}