{"initial_step": 2, "final_step": 25, "quantum_tts": [309.75496584473115, 285.37724770969265, 273.78033554408705, 262.5209966783995, 225.11929356620382, 212.16151931046087, 349.31313334908253, 417.8048872795109, 987.8033129225797, 1253.522902643013, 3242.587391650206, 2481.8668279802155, 1755.6345434376333, 2374.328500976511, 2867.2839423416417, 1745.9099837798044, 1025.1117034942336, 808.6695304682424, 850.0459835200932, 1356.8291936248777, 1611.9666482059092, 1704.2782021380626, 2193.5078414255345], "classical_tts": [260.84322166688304, 284.3552751243586, 367.51055918081994, 441.32241064191044, 320.0368794304338, 380.2718694707664, 454.1407490093559, 460.54397648177047, 437.67102631277504, 460.6484430003076, 519.9949176958, 632.1281862881453, 631.7084696947849, 680.3375570530902, 791.1366089790139, 705.1348534430351, 739.5700038915949, 773.3576973772592, 784.6735286846831, 967.5042851605025, 874.9937977889828, 1032.4830520481614, 986.0933385221265], "initialization_stats": {"phis_precision": [8.149850358258492], "psis_precision": [66.71385027326599], "phi_angles_psi4": [1.9959093756563866], "psi_angles_psi4": [-2.640326184228101], "phis_initial_rotation": [-1.4017183780670166], "psis_initial_rotation": [2.5971438884735107]}, "final_stats": {"q": {"step": 7, "value": 212.16151931046087}, "c": {"step": 2, "value": 260.84322166688304}}}