{"initial_step": 2, "final_step": 50, "quantum_tts": [20631.58788479352, 13258.580492776835, 3015.164164890451, 2571.60589655971, 2463.7452469868495, 3115.769987124361, 25265.485782720727, 847.4329211148524, 2227.6393432167174, 3727.760231550068, 17446.563851164297, 2650.5476237930216, 6592.029917747571, 17526.946269283355, 556.0907912961675, 995.6377432767393, 4004.719666670062, 11345.67429765037, 4614.635196372895, 18997.451527235684, 2883.502602375215, 9187.921830981153, 1826.372649743967, 2173.726452822702, 2633.1293400156533, 2554.924771439203, 3517.801854904815, 2170.678582529066, 13057.780314409443, 2345.3865260794005, 8521.667685180682, 10288.054574799007, 12210.422714141434, 10305.051172209216, 1343.8789598783578, 5175.696445637083, 11369.40877919006, 27236.53466809115], "classical_tts": [436.28100084712645, 399.9087501181309, 421.2897435548963, 426.6279931628071, 376.8142168604297, 319.1440968731288, 321.8601156492781, 290.9446931949748, 282.5908197039443, 254.79771477940855, 262.2521439213937, 236.2601475977193, 224.51457886475282, 229.88813907712927, 206.70691869842693, 203.64097060669906, 189.58032567721483, 188.7572964040598, 189.24351711351423, 182.39638038430488, 174.16612188833642, 180.21522417591333, 169.29584934698522, 177.1012998385624, 169.6281991996334, 171.20804929549925, 182.03381068552164, 173.0610453467795, 172.7292821158857, 170.8514048010527, 175.3258778813494, 181.21488816338348, 179.72336390264184, 185.17360251749307, 186.30968532219117, 183.76021160746276, 194.60790788631158, 186.51418596741075, 200.7196585399521, 204.32628459988385, 210.12122282443138, 202.06265133507063, 215.55949313484308, 214.57709366416586, 218.70272605961193, 223.55077154686722, 231.69295699269816, 230.8338109549903], "initialization_stats": 2, "final_stats": {"q": {"step": 2, "value": 556.0907912961675}, "c": {"step": 24, "value": 169.29584934698522}}}