{"initial_step": 2, "final_step": 25, "quantum_tts": [329.2293223827102, 426.2245049757365, 472.9479143442718, 375.26683143152934, 380.0827998671668, 548.3829288828044, 911.3279374276741, 1048.1291934986332, 990.880078180119, 1283.65756809215, 1562.7838214508886, 1313.763438779453, 1134.030241542704, 1146.912591039624, 1607.352495310309, 1676.5306976841614, 2223.2699445110525, 5987.7855500864625, 7604.788299332315, 6437.340456062208, 9709.077219848994, 7412.161760225178, 7219.57973719666], "classical_tts": [348.5624540786864, 321.60459478902413, 319.96622983091953, 325.51681303298994, 303.5007505157822, 278.40711747831267, 271.381559461146, 288.22795461249825, 285.9202981125514, 293.2373112351823, 271.91195539576734, 285.2342633097159, 292.80627379709836, 291.8079496627164, 288.8401225061824, 323.40124905689646, 333.09093921748917, 322.7921551850748, 340.5003511086804, 350.47008276471513, 333.6182074798142, 365.5369375383879, 372.49866562258353], "initialization_stats": {"phis_precision": [0.06386099476578533, 98.88983018574055], "psis_precision": [98.52887705020686, 68.0256536969878], "phi_angles_psi4": [1.5707569039948863, -1.5708759537949808], "psi_angles_psi4": [2.5812542080635814, -2.640232400643676], "phis_initial_rotation": [-1.572842001914978, -1.5359989404678345], "psis_initial_rotation": [2.5350375175476074, 2.638449192047119]}, "final_stats": {"q": {"step": 2, "value": 329.2293223827102}, "c": {"step": 8, "value": 271.381559461146}}}