{"initial_step": 2, "final_step": 25, "quantum_tts": [424.2279182497765, 734.7828693499882, 905.0957692056297, 749.7131913141532, 968.5604395397604, 2230.1204338731054, 6711.6043570942, 4906.276660935565, 3805.1566592210465, 3797.6930825087807, 4568.944465484552, 3543.015246967934, 2153.9931405106036, 1768.5804601553468, 1932.5772117102651, 1904.0248659126787, 2937.3626842815997, 5384.125787326579, 6489.783084397908, 10055.546482843914, 20769.542574932882, 29358.305566093968, 14705.857506533714], "classical_tts": [320.86174456130254, 321.60459478902413, 314.34516822402367, 334.07543304295586, 339.51588206620806, 339.43718827396646, 306.255034447895, 317.1661055198593, 337.8948606117955, 285.56905242593183, 317.3906091091805, 328.37664490572126, 300.80136404250834, 312.53232213623767, 326.35095187976844, 320.4117597068545, 326.3982875860298, 365.27796993097445, 380.02906067857595, 349.74249359399727, 362.6294905829729, 351.475429656825, 389.97236920969635], "initialization_stats": {"phis_precision": [1.00861144924419, 99.9221081780385], "psis_precision": [71.88359437681588, 78.83687900554283], "phi_angles_psi4": [1.570820563794899, -1.4946869265041298], "psi_angles_psi4": [1.4862136775877832, 3.1278197744944416], "phis_initial_rotation": [-1.5390856266021729, -1.4971339702606201], "psis_initial_rotation": [2.369516611099243, 2.462960720062256]}, "final_stats": {"q": {"step": 2, "value": 424.2279182497765}, "c": {"step": 11, "value": 285.56905242593183}}}