{"initial_step": 2, "final_step": 25, "quantum_tts": [1137.133211748382, 1213.2435339813503, 1241.8777309796278, 1211.8212338988703, 1153.443548587154, 1090.31208409683, 1040.2892193293662, 1005.4291376512813, 975.8083471613513, 956.3297951553964, 935.1911220388536, 923.7048398450884, 917.9048966767289, 947.8465127767764, 914.5989328684816, 893.6716042377981, 967.8771145440122, 999.6699324229076, 984.7011203890389, 1003.0009695223644, 1014.8251248169306, 1116.0642384600233, 1174.1278651828256], "classical_tts": [1501.4252781487137, 1575.4590907224042, 1689.2463455861027, 1555.3110747194207, 2002.6131106886062, 1758.2952861408876, 1655.9188654095733, 1831.6869033472792, 1785.6019156312077, 1510.8153455018155, 1459.7953658650597, 1454.1158946332762, 1385.3929321199194, 1279.8839794884213, 1352.3370396884507, 1330.1232928559948, 1335.2932657859706, 1195.358740305566, 1276.3546112048841, 1213.5320467243619, 1184.2073376395997, 1166.7725157177576, 1047.7862950154408], "initialization_stats": {"phis_precision": [68.5886971133387], "psis_precision": [71.14268258095015], "phi_angles_psi4": [-2.5641579325261574], "psi_angles_psi4": [1.5391379706873562], "phis_initial_rotation": [-1.5773427486419678], "psis_initial_rotation": [2.4457173347473145]}, "final_stats": {"q": {"step": 17, "value": 893.6716042377981}, "c": {"step": 24, "value": 1047.7862950154408}}}