{"initial_step": 2, "final_step": 25, "quantum_tts": [2249.8914295498435, 2429.7255090008853, 2474.790137461443, 2393.9265515143693, 2246.9077558862255, 2097.824965271258, 1987.0081434447463, 1898.419490107635, 1844.2885585345664, 1756.1376799628338, 1656.1305275190296, 1650.677804276084, 1608.2273508777585, 1541.3481879990222, 1496.894823629748, 1548.1199638438204, 1733.113733455679, 1673.6798519031865, 1586.669041239529, 1773.23571565573, 1916.5995732512588, 1998.4487267727247, 1904.1971681852651], "classical_tts": [3346.9115675867374, 3247.253264390488, 4749.117404240781, 3536.679018712446, 3501.788796645662, 3841.032784708572, 3265.5686883757444, 3715.1596711520024, 3368.4153787568293, 3511.27687277599, 3609.9073391889633, 2802.2871357952304, 3035.8004844285083, 3019.0736311655937, 3067.7297991291734, 2763.9513641010644, 2708.2136160318933, 2451.508678262409, 2441.2068712529062, 2431.833500339499, 2283.7230912460736, 2135.021295880961, 2092.613495092265], "initialization_stats": {"phis_precision": [19.558199309661383], "psis_precision": [97.55802641952815], "phi_angles_psi4": [1.5708577495949352], "psi_angles_psi4": [-1.534278440995215], "phis_initial_rotation": [-0.9562959513080864], "psis_initial_rotation": [-1.457561578388508]}, "final_stats": {"q": {"step": 16, "value": 1496.894823629748}, "c": {"step": 24, "value": 2092.613495092265}}}