{"initial_step": 2, "final_step": 25, "quantum_tts": [430.4233972239176, 450.466626767786, 492.3618174870909, 483.7185702423251, 506.97344898044355, 552.2755423580833, 482.41609663858, 487.36305212841563, 597.4312970968946, 621.0792212589852, 544.6664008942251, 585.0060477573919, 683.1916991404137, 742.6695333551147, 758.6753663360043, 753.8919895539592, 960.385848375045, 1383.6042695515698, 1879.705508005601, 2271.2442681836765, 1895.111371288985, 2105.9515563424143, 2467.3632974436014], "classical_tts": [431.12109781465085, 415.18838009839624, 684.0080740963743, 529.7075904801314, 524.4277061403068, 447.5277903863414, 451.2440158898249, 437.6272058917929, 399.5524101717958, 391.645372605295, 376.5600148034845, 395.59721021965555, 366.8398238132314, 332.19116949658235, 349.20915694017566, 338.7585974729539, 343.62620043367144, 326.235220806937, 305.3362917321284, 299.9714906512515, 323.6703198897321, 310.35771796776606, 311.1030993325333], "initialization_stats": {"phis_precision": [49.24732264829858], "psis_precision": [10.455096852554435], "phi_angles_psi4": [2.5308350215445605], "psi_angles_psi4": [-2.601582346553618], "phis_initial_rotation": [0.9363926383633778], "psis_initial_rotation": [0.868466861681723]}, "final_stats": {"q": {"step": 2, "value": 430.4233972239176}, "c": {"step": 21, "value": 299.9714906512515}}}