{"initial_step": 2, "final_step": 20, "quantum_tts": [405.09530636813486, 656.640806760397, 678.454448806868, 572.3908391144146, 718.9062910663031, 818.3385770558408, 905.7127660816552, 1170.1261303439594, 1068.84866139863, 891.5653206857604, 922.5562072867788, 1235.6539087978626, 1247.6202685654314, 948.8871593872814, 1142.4132107457551, 2211.8250045090936, 2494.541952121637, 2184.715374425724], "classical_tts": [], "initialization_stats": {"phis_precision": [98.46536845831795, 14.060939168778274], "psis_precision": [44.4242997885572, 11.307721721651943], "phi_angles_psi4": [1.5709780337958965, -1.5708685744949595], "psi_angles_psi4": [-2.6403339054427915, -2.6403960229037677], "phis_initial_rotation": [1.6191899055690513, 1.1289866471427654], "psis_initial_rotation": [-0.8943717904190165, 0.14595407579023068]}, "final_stats": {"q": {"step": 2, "value": 405.09530636813486}, "c": {"step": 0, "value": -1}}}