{"initial_step": 2, "final_step": 50, "quantum_tts": [4682.57050225685, 7274.061775490251, 6047.3431397578215, 7030.0090884654965, 6428.843336371925, 5782.338733499479, 5244.183702070007, 1861.9001362123536, 7090.909674807189, 1501.3857041721078, 5769.749475937933, 880.2110455991467, 1627.1501137813223, 4642.978752234951, 832.5475786981756, 2129.6952040194215, 1559.1325973751655, 1912.7901267178477, 995.7882693472152, 2217.5652495201907, 1892.4495555969547, 465.33079259486027, 2448.7533941604506, 5964.767028251703, 1970.9029183016717, 2486.6472303746687, 6924.786693644133, 3889.363191777236], "classical_tts": [366.10620251271826, 264.79344638514624, 237.74247408308332, 209.38565590923074, 180.65120935587487, 155.6452944000009, 129.8587932469142, 111.39838729452568, 104.5038284215558, 95.65853428089655, 86.01394445756938, 78.6254276466232, 75.0996365256578, 68.16851021585192, 63.83397054852611, 59.16124011796684, 57.89396618274058, 53.938905321000114, 51.580145653188325, 49.872420347290884, 46.716794879816995, 44.23135980083505, 45.09523802428318, 43.60829208796271, 42.1797852660671, 40.875117574091185, 39.7482854626798, 38.798563509389396, 37.694123920971606, 36.964962084212374, 35.859720831409696, 35.908090184218615, 33.81527070301755, 33.699894923750804, 32.7991586781122, 32.65739319205455, 32.659582124567464, 31.443190304306576, 30.770518056866678, 30.36088493542076, 31.6288366962621, 29.97053151152933, 29.962116656395498, 28.724071879535497, 29.770473403855494, 28.894126203133602, 28.697131133941056, 28.420410304699526], "initialization_stats": 3, "final_stats": {"q": {"step": 2, "value": 465.33079259486027}, "c": {"step": 49, "value": 28.420410304699526}}}