{"initial_step": 2, "final_step": 25, "quantum_tts": [50.01852096284506, 55.99772152228923, 58.49023703880687, 70.47477995953015, 110.47826881772151, 223.67563462943548, 541.264092181937, 593.5550872101892, 689.3959903867076, 434.41135204418725, 445.07503933582734, 545.2301642943074, 492.82000270728037, 548.7487725023846, 740.1916086519469, 1318.290706351093, 2872.5891666917314, 1480.1635797221224, 1609.057293769311, 1442.5683325856244, 709.3785880414008, 797.181435022252, 960.0577689661382], "classical_tts": [59.48207132421751, 93.45452823102706, 115.33797999070748, 119.29145225605411, 135.4027394783505, 153.38475243032812, 172.10993540493988, 187.28278974796297, 208.61840249217423, 208.77286745848983, 231.5188251782791, 284.1064892481765, 285.5570828947974, 291.4614398659832, 294.739167767176, 310.3453624869403, 341.62832856843795, 348.4230153559927, 318.81183781826434, 392.17345056941997, 388.4924176235294, 416.13413787522074, 388.78663821937096], "initialization_stats": {"phis_precision": [70.72298253846454], "psis_precision": [93.77099303665794], "phi_angles_psi4": [-2.5412670292063786], "psi_angles_psi4": [2.581330407918674], "phis_initial_rotation": [-1.62150239944458], "psis_initial_rotation": [2.3856403827667236]}, "final_stats": {"q": {"step": 2, "value": 50.01852096284506}, "c": {"step": 2, "value": 59.48207132421751}}}