{"initial_step": 2, "final_step": 25, "quantum_tts": [152.13862911149158, 168.46892781066617, 148.93132048984182, 145.12001038083804, 160.11527174682567, 223.16363027432274, 304.8598520115723, 255.55134877924561, 224.30216799535597, 305.7147016019621, 492.82785940958183, 513.0280931858504, 371.52647449966713, 270.5493541376226, 216.68439018949718, 275.86678659682, 374.3190680130611, 389.29992334055, 434.99983502492864, 539.5479874672543, 791.8543954882821, 1437.1852917979527, 1957.018797269921], "classical_tts": [174.80923538010228, 189.74909049153354, 245.98759918210217, 260.3959285252041, 259.9974588479, 295.9828239039987, 313.86941147387324, 317.1661055198593, 343.97023293173515, 362.4243743641606, 360.66601654964205, 397.72280183901046, 449.1937037410867, 443.0232617748971, 507.6617026621535, 520.099048558706, 636.933454449375, 575.1056969634626, 611.8812335984776, 611.7450009917305, 677.9238222051047, 607.3805070930664, 713.7848558906101], "initialization_stats": {"phis_precision": [38.937631756085224], "psis_precision": [90.67338499194368], "phi_angles_psi4": [-2.5641235943374006], "psi_angles_psi4": [-2.6001305374449513], "phis_initial_rotation": [1.8007308379834122], "psis_initial_rotation": [-2.893134789366651]}, "final_stats": {"q": {"step": 5, "value": 145.12001038083804}, "c": {"step": 2, "value": 174.80923538010228}}}