{"initial_step": 2, "final_step": 25, "quantum_tts": [754.5036262790481, 1785.8045630237407, 2359.5119767567844, 1365.8397839573192, 1425.0420732914786, 2103.582860976389, 3772.044051266805, 3229.4382388767012, 2474.801264659307, 2766.6272320538533, 2371.2075271930316, 1943.1846021842312, 1574.5344168796362, 1202.2517538568377, 1179.468369779345, 1300.7129287174412, 1466.5958506638763, 1416.938468017175, 1449.511801262156, 2178.8033649963822, 3215.5288708866033, 3116.6719476066305, 4124.0949935081535], "classical_tts": [573.340605699029, 445.8220992844757, 356.5648227023528, 362.6266926251595, 319.07214412230496, 275.88178973551635, 268.2086198974008, 269.54974423069865, 243.4396913923304, 241.67175596461936, 250.02585770899015, 228.06854841373882, 229.11313655747895, 224.66568190097266, 243.33076389654207, 243.4994676631001, 239.96673601839785, 241.81131750135148, 241.28791524834057, 254.76516294626725, 254.8698247974331, 245.55608034479462, 261.8685272772895], "initialization_stats": {"phis_precision": [3.6454896325488706, 98.89006128160601], "psis_precision": [70.45643258440369, 68.03087713348464], "phi_angles_psi4": [1.5709780337958965, -1.5708685744949595], "psi_angles_psi4": [-2.6403339054427915, -2.6403960229037677], "phis_initial_rotation": [-1.4560881853103638, -1.535998821258545], "psis_initial_rotation": [2.7147128582000732, 2.6384496688842773]}, "final_stats": {"q": {"step": 2, "value": 754.5036262790481}, "c": {"step": 15, "value": 224.66568190097266}}}