{"initial_step": 2, "final_step": 25, "quantum_tts": [152.71131119838384, 149.71424730976986, 191.35732985780172, 281.9439112530667, 583.3322373653564, 2122.5442821266347, 6827.81297481921, 1472.5541308077952, 1622.744844283845, 2322.4862311517422, 2010.9521437991868, 3459.1924615032667, 11909.785960450896, 21394.90357754514, 4026.552772196867, 3434.7806557098534, 2857.2952932167536, 3265.428955612762, 4977.539212921227, 6949.419805730145, 6262.927798199261, 83330.7467989228, 15803.883511803977], "classical_tts": [138.300519995501, 165.0038601640782, 191.32257090300644, 186.06626822872352, 225.21507944143073, 201.1592579629379, 196.4634136187133, 205.33145624505423, 221.46077966438824, 239.13650511499512, 238.83368447204032, 280.40751731181496, 275.29765409450886, 302.2052179249425, 269.5462204951011, 310.3453624869403, 297.00244059493514, 326.235220806937, 338.35140890307105, 364.4577092516932, 352.100796696996, 395.7598711041183, 415.62868035888926], "initialization_stats": {"phis_precision": [76.46781544730074], "psis_precision": [29.59286512084317], "phi_angles_psi4": [-2.5412670292063786], "psi_angles_psi4": [2.581330407918674], "phis_initial_rotation": [-1.8019816480695858], "psis_initial_rotation": [-1.4899495222942645]}, "final_stats": {"q": {"step": 3, "value": 149.71424730976986}, "c": {"step": 2, "value": 138.300519995501}}}