{"initial_step": 2, "final_step": 25, "quantum_tts": [41.153416793455335, 73.09877504111873, 92.15536871589991, 100.32178207925591, 144.04136309136794, 170.08754086024098, 203.9772407738121, 258.1017658328565, 260.7913977417702, 256.522522531151, 242.41583005768285, 279.2269866941756, 314.65650428993933, 281.0325435301054, 322.0550218742848, 471.62215628887674, 468.6753547929722, 443.27660357605856, 473.7846302326235, 515.5209149523762, 512.286850485122, 413.3815911789588, 468.9986045719255], "classical_tts": [39.14029207218185, 46.066696027846504, 49.79233233908295, 47.24895503154828, 48.13504636884688, 48.858419668190905, 47.22234302693976, 47.23802939336363, 46.44820437227362, 45.3591273635781, 45.010899844252336, 44.97695918531941, 44.139214535352856, 43.92237095035371, 44.565521210969976, 43.963223739362896, 43.703278838759296, 44.13679914372518, 44.84653240583812, 44.25997502092583, 43.1040365874949, 43.306420703471424, 44.59607496414959], "initialization_stats": {"phis_precision": [98.18123954858787, 95.51470906917754], "psis_precision": [99.8455473077077, 98.79184241801981], "phi_angles_psi4": [-1.4944116283524846, -1.3860101521822206], "psi_angles_psi4": [2.5683378968403323, 2.5431541339339163], "phis_initial_rotation": [-1.5515496730804443, -1.5269197225570679], "psis_initial_rotation": [2.563485622406006, 2.5811095237731934]}, "final_stats": {"q": {"step": 2, "value": 41.153416793455335}, "c": {"step": 2, "value": 39.14029207218185}}}