{"initial_step": 2, "final_step": 10, "quantum_tts": [1189.3418194794053, 2013.6587509351589, 2648.3104457631907, 2685.351095336593, 3874.8916973720015, 5156.5943218222055, 5958.529743450844, 7026.287834900789], "classical_tts": [638.4139768683618, 676.688458156299, 594.4294657126343, 533.6278381414862, 497.73647384176377, 429.7335804585143, 387.3935096663748, 344.7271169643212], "initialization_stats": {"phis_precision": [96.73146990437131, 97.111944705903, 97.65294221035113], "psis_precision": [65.90672963586961, 74.4069197627802, 77.27505340281098], "phi_angles_psi4": [-1.5504163499425228, -1.5118959224223978, -1.4948999845665516], "psi_angles_psi4": [2.581248097339818, 2.5812292392730343, 2.4911240443334], "phis_initial_rotation": [-1.4477324485778809, -1.4211649894714355, -1.4211649894714355], "psis_initial_rotation": [1.510176420211792, 1.7771989107131958, 1.7771987915039062]}, "final_stats": {"q": {"step": 2, "value": 1189.3418194794053}, "c": {"step": 9, "value": 344.7271169643212}}}