{"initial_step": 2, "final_step": 25, "quantum_tts": [263.0378721328332, 337.90616200762855, 365.8748168875839, 401.3890628110417, 408.3325290468596, 403.960089781281, 356.061693580782, 338.8207969112926, 318.66035282049506, 336.1005850702541, 364.50421163997913, 390.62756136518954, 402.18545255945554, 403.73575507235165, 437.7016053603678, 491.08420033034065, 519.0791007130915, 604.5898150421763, 864.7345501795403, 921.1335290963281, 1159.5020492323315, 1619.890181960338, 2168.1446783154556], "classical_tts": [262.7364545315522, 267.42361702676453, 282.07297090865484, 250.75493146443682, 270.03606313303726, 279.6866871202571, 254.7744630358995, 247.32591937718243, 251.0883213538517, 227.7513206135488, 228.2832346283975, 215.16640730446966, 228.6454267543741, 220.27278115766367, 215.9010211949677, 226.8303483892083, 210.14082932171607, 213.54161601050927, 222.61133175604274, 215.488003907663, 218.11602436446913, 230.21617654293752, 242.21155557083497], "initialization_stats": {"phis_precision": [67.33479032647647], "psis_precision": [69.3933317137779], "phi_angles_psi4": [-2.5265435207424933], "psi_angles_psi4": [1.5130992354923083], "phis_initial_rotation": [-1.500335693359375], "psis_initial_rotation": [2.4746360778808594]}, "final_stats": {"q": {"step": 2, "value": 263.0378721328332}, "c": {"step": 18, "value": 210.14082932171607}}}