{"initial_step": 2, "final_step": 10, "quantum_tts": [1386.8633886087243, 2813.551819033911, 3581.3187204167016, 3054.103413196136, 4364.25703819827, 5516.7770951254815, 7223.87238297796, 12338.69074618745], "classical_tts": [896.2652354471629, 733.3679299866265, 614.565873122467, 430.7269158020231, 371.55657601148266, 289.6601303039869, 238.34405130460485, 231.50734426600974], "initialization_stats": {"phis_precision": [2.7622894820200306, 66.54557542542865], "psis_precision": [66.38155167892445, 61.33625584533491], "phi_angles_psi4": [1.570709090494786, -2.5489826969983502], "psi_angles_psi4": [-2.6203661852996016, -2.6204219107225417], "phis_initial_rotation": [-1.4841036796569824, -1.4979809522628784], "psis_initial_rotation": [2.6066644191741943, 2.448106050491333]}, "final_stats": {"q": {"step": 2, "value": 1386.8633886087243}, "c": {"step": 9, "value": 231.50734426600974}}}