{"initial_step": 2, "final_step": 50, "quantum_tts": [4588.2285471557225, 4431.887639266888, 2190.3723788486786, 2064.0212710108144, 2486.462561628224, 1382.6742045767298, 4285.906420661654, 513.7487617034891, 1007.2287954123015, 1511.1305480883964, 5374.7162111856915, 1184.5941127464132, 2700.2133760779366, 4400.617207292455, 397.5054672201877, 613.3981586872983, 2335.5821281316025, 4118.257339306196, 2517.132803470793, 4789.816602009338, 1383.6956109436526, 2475.983953263745, 731.0820603619918, 1596.06667446942, 2278.5360762027994, 1768.8912500119013, 2584.891319970049, 914.6688126751742, 3728.2381003581613, 1707.0045203162092, 2771.347515532355, 3197.7293894028326, 3829.6255415691157, 4579.877542309613, 653.5329882623081, 2605.454975855273, 4897.738886785687, 4126.685699604828], "classical_tts": [398.14255744642657, 333.49787120603366, 310.2554765839828, 265.0942356869725, 240.83805380513428, 210.01853071497445, 200.87065708308137, 196.17183876431372, 175.43734493364525, 163.05277295679926, 152.3444629489954, 132.10647461526466, 127.51775451738618, 126.61145322261976, 117.25554541835534, 112.7238717820852, 108.50083271278488, 102.70065301481893, 99.62857042456062, 95.1629465849937, 92.40895640231518, 91.61990976750229, 90.60010788895795, 88.90879620828795, 84.64834517961405, 84.04562965955307, 84.82219541870519, 82.61391502745002, 82.6421469707055, 79.86726952588388, 81.71443036877713, 81.49811789243145, 82.83202398660802, 82.75419940388944, 81.55102456716085, 84.58887313777998, 83.8861520673997, 86.71066810215468, 84.82386485970062, 86.50081404855645, 87.1703515532882, 90.13409560221204, 91.88452558587625, 91.31141032224458, 94.91914998451396, 94.36134318672131, 97.80001361861014, 99.08781344683533], "initialization_stats": 2, "final_stats": {"q": {"step": 2, "value": 397.5054672201877}, "c": {"step": 31, "value": 79.86726952588388}}}