{"initial_step": 2, "final_step": 25, "quantum_tts": [409.11409574920526, 614.2936554945563, 603.9714724908678, 605.356471868736, 915.0909704018682, 1286.3167436678737, 1781.700523868461, 3362.9835210750125, 3610.848391123319, 5296.393422470962, 6217.493418061523, 4615.802918735343, 4446.276473415217, 2827.7368470757924, 2473.9168733662586, 3265.916937530865, 3292.7123437286773, 3396.741294471847, 4416.670789673129, 4566.850428294516, 3293.4743799849457, 2899.4100174416785, 3497.0500971236947], "classical_tts": [302.16562803617444, 317.82455428807884, 325.78892949705477, 265.0942356869725, 236.47010548758544, 223.3427077707407, 192.23690598955108, 185.17847171300954, 186.74926217591428, 163.20616311693126, 163.20106775625914, 152.3562098011064, 148.61345825077314, 146.52313965755468, 141.83790710667168, 138.143029779858, 139.28607493730544, 132.75560939371908, 132.5487913390487, 133.16181611872165, 128.21872462336643, 130.17235252115307, 129.14635523842807], "initialization_stats": {"phis_precision": [16.578783820496156, 27.077263509611647], "psis_precision": [61.327486081546766, 71.43333162743019], "phi_angles_psi4": [-1.515288113221693, -1.5018352317513564], "psi_angles_psi4": [2.568302552522683, 3.023572617354488], "phis_initial_rotation": [1.1054666858088593, 2.490414743049546], "psis_initial_rotation": [-2.4999498984362862, 2.126124262386476]}, "final_stats": {"q": {"step": 2, "value": 409.11409574920526}, "c": {"step": 22, "value": 128.21872462336643}}}