{"initial_step": 2, "final_step": 50, "quantum_tts": [1143.2737756067093, 1083.1724172712454, 534.2856506930675, 483.15662854276684, 581.2333079414582, 414.07589917287953, 1037.728056269821, 442.2307453586078, 416.90571059758287, 424.3103382482394, 1106.2349449977983, 426.2675988114279, 677.7335237533878, 1022.3828207719829, 437.1472185041925, 421.6237089916274, 644.2149802086359, 951.521556989925, 635.3264874515562, 1059.1718096039338, 409.50423780750873, 739.2028878778046, 410.05777472907636, 444.36865829442405, 607.9733763735201, 477.5018800704036, 626.8672009148486, 396.12858680256886, 864.3457784902243, 447.8680504764762, 768.386379416116, 804.1032297220167, 914.3341550796873, 994.7992781395354, 422.01211787685395, 646.1562055504564, 1004.6247668776967, 1050.9110800590406], "classical_tts": [502.3700817545393, 460.9244048418502, 367.51055918081994, 307.4844989776277, 247.69182147515775, 241.26082824267007, 207.04876915769597, 192.12465579719466, 175.2470188251071, 165.06782652230504, 144.54356588601766, 135.66307643607377, 124.34087123439583, 121.89090862928647, 109.53370987179113, 104.87608694308294, 102.015216087469, 94.4848158243056, 92.0561471722268, 88.34790550875942, 85.93731259107727, 82.95364796266416, 81.86220780492329, 80.37956734872945, 79.31988601996582, 77.37178799925466, 79.04928010041982, 76.16022383181574, 77.29090599279085, 78.19403433126674, 79.27112944809245, 78.29106256777672, 76.83740875879863, 78.42809676421199, 77.54754550566912, 78.75686724439961, 84.28647053238434, 82.73147207296365, 84.76603787973241, 82.93863631850603, 86.10391563832323, 88.3049434355368, 90.35854677124696, 89.82024518285586, 94.72460281740932, 98.08237101630677, 97.90053160975008, 97.9723409096612], "initialization_stats": 2, "final_stats": {"q": {"step": 8, "value": 396.12858680256886}, "c": {"step": 29, "value": 76.16022383181574}}}