{"initial_step": 2, "final_step": 10, "quantum_tts": [13.982318475776806, 20.75027002027997, 30.90573946508288, 42.45460518401268, 49.71858986548344, 52.46586118646725, 56.46165082623977, 66.75121328577195], "classical_tts": [10.883838424578768, 12.711283698909032, 14.496480972181875, 14.846912058503044, 16.505640224384656, 16.624140115765424, 17.46309761337288, 17.439958099969967], "initialization_stats": {"phis_precision": [96.73146990437131, 97.111944705903, 97.65294221035113], "psis_precision": [65.90672963586961, 74.4069197627802, 77.27505340281098], "phi_angles_psi4": [-1.5504163499425228, -1.5118959224223978, -1.4948999845665516], "psi_angles_psi4": [2.581248097339818, 2.5812292392730343, 2.4911240443334], "phis_initial_rotation": [-1.4477324485778809, -1.4211649894714355, -1.4211649894714355], "psis_initial_rotation": [1.510176420211792, 1.7771989107131958, 1.7771987915039062]}, "final_stats": {"q": {"step": 2, "value": 13.982318475776806}, "c": {"step": 2, "value": 10.883838424578768}}}