{"initial_step": 2, "final_step": 50, "quantum_tts": [5373.877641128534, 4031.4799950515458, 730.5618812112604, 606.0171643637699, 861.477032847312, 413.89319844101914, 2476.373670178678, 282.42322826153975, 339.1157680987908, 505.80543076838387, 3594.89908149407, 396.517318605802, 1596.641598492135, 2803.825682779859, 270.5263694734134, 289.6683993605068, 1073.0683240171354, 2067.0107357358556, 1230.486521592717, 2819.397570609903, 578.1153225914323, 1753.0297705979294, 305.0671950123392, 615.4971454230415, 820.8326372213135, 576.1877905858465, 1027.5164000475631, 357.06702719038674, 1708.695522198198, 613.7590960564755, 1711.692065782685, 1668.1872023954338, 1775.005406411494, 2280.3736770926453, 295.36861040063377, 1357.6343406893088, 2515.039343560295, 2569.0080896441636], "classical_tts": [297.21473285631714, 314.1314078519258, 328.77931506611776, 308.55382784280744, 244.21822022439767, 249.2288734760968, 228.35204639630857, 204.49078930093762, 190.90344468537302, 165.06782652230504, 149.49854136165519, 132.47302344505889, 121.44826719029342, 113.87531534142181, 101.91021530768408, 97.37997335358588, 86.44633841468695, 82.88256499855396, 77.2947193979096, 72.25830741871854, 67.92676858395188, 65.33977273459664, 61.600689245695165, 58.27241173270461, 57.14256574093806, 54.39386287343374, 53.828260928048905, 51.979489138493264, 52.66459017546038, 51.17476858297484, 50.749167970479974, 50.95924807030396, 51.33693333844786, 51.36370716476714, 53.7645467710138, 53.73915333807787, 55.80898540743773, 54.95379707920032, 56.761109733051555, 57.29703879020912, 56.716474228203474, 57.34211914696434, 59.44122597021276, 60.694132529006815, 61.942729551114425, 63.468435445846744, 64.66201617652497, 64.70592121142488], "initialization_stats": 2, "final_stats": {"q": {"step": 2, "value": 270.5263694734134}, "c": {"step": 32, "value": 50.749167970479974}}}