{"initial_step": 2, "final_step": 50, "quantum_tts": [6077.280547981666, 5396.33975161175, 3986.8102650285064, 7449.625867153002, 3553.4512928118534, 6319.7146414172275, 5047.553570509671, 1429.6991546697918, 5229.344699122701, 1738.4119615102657, 3783.3722546149597, 733.2782303372726, 1775.4742841982793, 4237.548951424431, 840.058467089442, 2068.230815917303, 1944.6251872329292, 1999.599658754949, 1014.6530250674107, 2268.154335512614, 2186.51473176537, 490.97069032679707, 1842.8505521995, 4425.5542347347755, 1474.1027877614224, 2022.5563517818346, 4319.435884453536, 4240.794982671158], "classical_tts": [307.2829365612335, 284.3552751243586, 237.74247408308332, 204.9525841316862, 164.88394625145497, 149.43028784226252, 130.52127824206812, 117.8512313478411, 104.57777572948159, 99.43210200565497, 88.32629040711015, 81.38375645074485, 77.51053818958798, 76.0218190911583, 74.25563686862958, 70.32039091499527, 64.29854819464859, 66.31543756069465, 63.96028530728282, 64.7019096396293, 62.21785021942924, 62.384201385188106, 60.207848858866114, 60.16450032288662, 58.897962187393944, 57.70674871354511, 57.42225521755246, 59.04705195969885, 60.20997985153288, 58.857532206134955, 59.461433285532785, 58.982869490140786, 61.673117664151235, 61.92152491782852, 60.85727322219136, 62.391000262374746, 63.162172913907035, 63.22361320363665, 64.18536662194197, 65.11805198582108, 66.38803933502301, 67.36938006461298, 69.88278749697872, 69.7748202879486, 68.59507088370533, 71.63549919577619, 72.01230774917622, 74.99205399652523], "initialization_stats": 3, "final_stats": {"q": {"step": 2, "value": 490.97069032679707}, "c": {"step": 28, "value": 57.42225521755246}}}