{"initial_step": 2, "final_step": 50, "quantum_tts": [1145.3177156640554, 1122.9318846039896, 314.2737609587763, 345.625839980139, 445.0204607102385, 273.89668416856955, 884.3684260860648, 105.30933304411988, 163.51226706982584, 265.7502363395097, 1086.8060628320177, 197.7979472880951, 608.1298845740788, 1005.0789409564187, 86.06058305200985, 107.73515727973266, 427.7740614020063, 863.9027598378693, 476.5724153000523, 976.4288178576246, 269.45059246335836, 624.4443189193876, 141.43806131561, 300.4936913418976, 313.8383205280486, 320.233709454153, 422.4269578706779, 164.85975710523485, 614.4822187135806, 320.4363407845919, 691.4117825497542, 671.9699467449553, 811.7349837722505, 848.0617869173979, 135.3973162945262, 521.2246840429709, 875.9842448506265, 936.7590861617973], "classical_tts": [69.06981703800905, 63.22483839128139, 53.00661313289561, 51.666600659161695, 50.10094333699756, 49.64120061506795, 44.69822281836477, 43.53428797162405, 40.86687456546215, 39.541408125278345, 39.63395960949282, 39.506626747557775, 39.292660777405075, 38.395337182668065, 37.68931596060406, 38.99744263972424, 40.513065995219456, 40.140474167680026, 42.19551904808312, 41.916114418673914, 43.431743497701774, 43.987253656049575, 45.51976021124009, 47.317867949126416, 47.559671202873005, 49.56180509079094, 50.789626311665835, 54.73659400614247, 52.45991483089942, 57.50301604896961, 60.39900028263997, 55.48652075790093, 61.45727066637911, 61.28999218339939, 63.130458461381295, 67.68107055793466, 68.01531328111275, 69.4620509947393, 69.8474968002754, 73.07566393261938, 72.61460087844372, 74.76721791340609, 74.72809257342848, 80.88492677016, 83.03146908631484, 81.14369371303852, 84.23353714038066, 83.87649463709126], "initialization_stats": 2, "final_stats": {"q": {"step": 2, "value": 86.06058305200985}, "c": {"step": 16, "value": 37.68931596060406}}}