{"initial_step": 2, "final_step": 25, "quantum_tts": [422.91198295324045, 740.2735947535122, 773.1645176551035, 667.524369024195, 924.8124445799635, 1087.2980276914, 1198.169204751167, 1608.2648454700277, 1462.7283901918634, 1179.918205364516, 1168.3403032331785, 1595.3685643192039, 1603.6593075883734, 1156.7405715834193, 1362.9820003061304, 2679.417089682394, 3051.258657318555, 2525.784264898176, 2804.5717466361657, 3311.865845028785, 3662.974288789603, 2773.409642780714, 2916.2059309597857], "classical_tts": [326.6327318333251, 292.0514494138272, 241.79610595335032, 211.41630278857048, 174.7842859976373, 159.7022437461533, 159.80384947144668, 135.4413109579355, 126.84890305378264, 118.11894682324427, 112.43974071675946, 110.93005940444739, 107.24003985805633, 107.51743057196173, 103.44647144056567, 102.37482145835284, 99.15898383089845, 101.96654308649288, 95.52784571972856, 101.49418785280751, 101.76435456593016, 101.42781562847678, 99.2369595616848], "initialization_stats": {"phis_precision": [98.46536845831795, 14.060939168778274], "psis_precision": [44.4242997885572, 11.307721721651943], "phi_angles_psi4": [1.5709780337958965, -1.5708685744949595], "psi_angles_psi4": [-2.6403339054427915, -2.6403960229037677], "phis_initial_rotation": [1.6191899055690513, 1.1289866471427654], "psis_initial_rotation": [-0.8943717904190165, 0.14595407579023068]}, "final_stats": {"q": {"step": 2, "value": 422.91198295324045}, "c": {"step": 20, "value": 95.52784571972856}}}