{"initial_step": 2, "final_step": 50, "quantum_tts": [33705.00418314355, 10164.24115915093, 225.25678999807852, 220.98227186468233, 265.36897461037, 264.39781898030924, 1506.4574670666054, 388.864716550993, 295.55237170570575, 264.2006214885673, 8344.23294868701, 273.84344253437365, 262.5664110120692, 3884.372572685369, 417.1864419091833, 350.46500436602577, 300.93746482743285, 554.0638135326072, 300.6420866706502, 5577.422701601534, 248.51599510100112, 259.7591895859722, 305.81416827945685, 240.56803197204601, 247.646637742537, 236.86829270150932, 282.27537483562025, 275.2867071310562, 350.7339255823954, 242.8888349177584, 267.6905990432974, 296.87785825164815, 428.93570696555884, 743.2338249614725, 326.22275009489016, 277.36527207442396, 1041.3016984807343, 2448.490319303522], "classical_tts": [539.478866736199, 560.437417285156, 393.6618614991761, 403.56462847378714, 372.8574371712426, 321.6556570032413, 276.8340206794413, 246.52597021398088, 238.2430461767837, 226.32924320478944, 197.59457043931081, 205.17478656927585, 171.6181388904057, 166.83451255612295, 159.71331846975048, 144.27399393857687, 138.4239578182448, 133.2472025609587, 137.92041485591312, 129.80528495178217, 125.37940876041782, 124.43363295221576, 119.0936958219693, 116.40946521826552, 118.01373407550865, 113.85969466510339, 113.36409428504243, 114.89971698663602, 113.8072910985696, 111.4761511646188, 115.02955090990537, 114.59049541885548, 117.16049101875484, 119.338977585721, 117.37363081554378, 120.5475179349786, 124.47379334926697, 121.91644663012539, 124.55614083744155, 127.6248450385806, 129.44952816961117, 132.67217572236356, 134.13911869426929, 136.0819387365205, 140.63219874930786, 139.85447125613084, 141.73479730671914, 145.39791727691573], "initialization_stats": 2, "final_stats": {"q": {"step": 16, "value": 220.98227186468233}, "c": {"step": 31, "value": 111.4761511646188}}}