{"initial_step": 2, "final_step": 25, "quantum_tts": [35.9979516733829, 44.33633797987748, 50.956840241374984, 52.31535355174302, 57.6252913063327, 71.4038608831629, 103.07016884320599, 162.98520652308923, 211.41662495157607, 311.85533782815986, 703.5263584339932, 1166.638696025012, 1035.1785331404772, 1046.5938675669472, 1695.7852901594217, 1816.8613241840198, 1027.5999511368707, 1383.1770357657815, 1867.7471170331362, 1533.7427296579483, 1433.8160736659797, 1757.232717399657, 3109.09607023607], "classical_tts": [46.58559535208284, 52.12145665129346, 56.82664444257684, 65.19652433101565, 67.43419452963451, 67.29134333172102, 70.87472547550821, 74.83836049845337, 77.77681430939312, 75.6978849619614, 79.89516044801913, 80.00468990900487, 81.55542509491474, 82.9713936220583, 81.26594252310993, 88.79535835400448, 87.03178520979002, 91.40281124677102, 92.24611068117375, 94.77500849160721, 96.20086426459997, 100.05015330925039, 105.45436225707098], "initialization_stats": {"phis_precision": [98.18123954858787, 95.51470906917754], "psis_precision": [99.8455473077077, 98.79184241801981], "phi_angles_psi4": [-1.4944116283524846, -1.3860101521822206], "psi_angles_psi4": [2.5683378968403323, 2.5431541339339163], "phis_initial_rotation": [-1.5515496730804443, -1.5269197225570679], "psis_initial_rotation": [2.563485622406006, 2.5811095237731934]}, "final_stats": {"q": {"step": 2, "value": 35.9979516733829}, "c": {"step": 2, "value": 46.58559535208284}}}