{"initial_step": 2, "final_step": 25, "quantum_tts": [1021.9188041186591, 1356.8708976918406, 1396.9373647669586, 1535.5169137195367, 1650.213305280417, 1744.2720024522953, 1899.277420864242, 2057.40449795411, 2247.118976704416, 2579.6649337226545, 3011.9321385947273, 3305.1624529512806, 3396.1715669096093, 3808.516225543971, 4323.1902152074, 4268.722571999477, 4578.505336491348, 5832.499293919456, 6236.48758388199, 5905.7256582267255, 5725.348552054687, 7029.390625355721, 9194.975107667484], "classical_tts": [954.6140437895868, 902.4768347972408, 1203.302446396321, 1152.7673355758607, 984.3234800560738, 983.8017556889055, 897.6224407533261, 903.0209218694101, 845.2106498052817, 816.0125513136487, 725.388317860051, 713.905319830311, 693.2192447994196, 668.2151264003596, 644.4654475035762, 585.333710260943, 602.2951920887571, 562.1371163732939, 543.8757472824728, 534.8719212010529, 530.9377835247376, 510.3809358452192, 478.5379611503816], "initialization_stats": {"phis_precision": [68.28271354733886], "psis_precision": [70.3232125731986], "phi_angles_psi4": [-2.5265337703537245], "psi_angles_psi4": [1.524110953093236], "phis_initial_rotation": [-1.5301058292388916], "psis_initial_rotation": [2.456434726715088]}, "final_stats": {"q": {"step": 2, "value": 1021.9188041186591}, "c": {"step": 24, "value": 478.5379611503816}}}