{"initial_step": 2, "final_step": 25, "quantum_tts": [443.13105740495746, 495.6866919780985, 530.3018966808944, 546.6144524788708, 555.5622423764028, 543.3917877213788, 468.2909021843646, 442.7800927847949, 506.61576240931447, 434.4633659498363, 331.6441474384211, 324.88425628163594, 357.37266020870055, 399.8517326373198, 430.24119392373507, 457.67209392762095, 551.318401960055, 640.7907245942944, 858.848459137367, 1154.8523342013189, 1201.497568682561, 1400.2639734218362, 1715.6813303869137], "classical_tts": [516.5864091232893, 453.24844205426166, 421.2897435548963, 432.80565335701885, 451.6631890400775, 433.48267201339644, 375.48053179632024, 378.7131848304167, 356.77686014617916, 320.98718575351927, 333.0078503943446, 312.3849722330205, 292.80627379709836, 299.6322177589625, 281.3106532069725, 287.5986975676108, 284.370061452678, 280.0565248582287, 276.1013319265434, 270.622193666239, 277.00770432092224, 274.2169739658253, 281.27300270973484], "initialization_stats": {"phis_precision": [66.12811528918753], "psis_precision": [1.1994437974407357], "phi_angles_psi4": [-2.526347046736313], "psi_angles_psi4": [2.568298115398991], "phis_initial_rotation": [-1.4622304050290242], "psis_initial_rotation": [-0.5356128999664653]}, "final_stats": {"q": {"step": 13, "value": 324.88425628163594}, "c": {"step": 21, "value": 270.622193666239}}}