{"initial_step": 2, "final_step": 25, "quantum_tts": [490.05650664015303, 521.3634615895894, 570.2175743980227, 685.7960333461266, 737.2962138001888, 763.2767923734325, 855.3121701174776, 901.4521423688834, 1027.9354139917816, 1072.4769673705464, 1160.1841389830602, 1574.127578106019, 1479.17802853723, 2101.1473804099796, 3626.7942444536866, 3314.6333268822314, 3512.743706265029, 8528.271800746088, 14407.15488716483, 9063.648195631977, 13108.896690886413, 15743.24792681307, 16054.154774079629], "classical_tts": [488.9119533244176, 572.185446089505, 630.5795069401175, 552.4259894459532, 534.8472340535291, 575.3638013657061, 553.202079982004, 561.250903107036, 432.2566909895334, 493.7962422839033, 477.2693442485361, 431.6304611905657, 440.1268125140865, 386.4356930432673, 401.14197133189333, 407.9177472440583, 374.56557949592593, 358.5217330406251, 382.2537908279305, 366.0324084527214, 371.0150329372396, 381.46674144163325, 413.8505646177792], "initialization_stats": {"phis_precision": [97.848351268009], "psis_precision": [52.48520412296962], "phi_angles_psi4": [-2.5265435207424933], "psi_angles_psi4": [1.5130992354923083], "phis_initial_rotation": [-2.458947482247206], "psis_initial_rotation": [3.005820572133281]}, "final_stats": {"q": {"step": 2, "value": 490.05650664015303}, "c": {"step": 19, "value": 358.5217330406251}}}