{"initial_step": 2, "final_step": 25, "quantum_tts": [152.12591373603058, 255.04358371186862, 463.3817715759728, 490.2438782435224, 431.79134130366754, 490.65905063044346, 903.134647340264, 1491.5224371873799, 861.9912133230246, 641.5343259671703, 866.2320403070039, 1400.5853247842629, 1083.8303644022558, 674.5836463514113, 637.5467212625568, 933.7522596773932, 1252.4500209884272, 1214.0520678891194, 1406.1504368201397, 2423.5954776900094, 3518.8748994544876, 2572.8682512800433, 2662.367395179613], "classical_tts": [153.79338762330144, 153.0698401115464, 152.45448253922632, 156.04165665954156, 150.87838805628905, 144.02770022122965, 149.2282574450794, 152.74021925034023, 146.03109476153983, 157.84672328241163, 157.26825424919062, 156.09442638644805, 159.85631268897782, 170.3697266396639, 172.18241843515685, 180.71789683303228, 181.65866667812622, 188.62902035737213, 178.633653268509, 196.3862864326024, 199.49542937031737, 204.27428845650743, 213.9575344185972], "initialization_stats": {"phis_precision": [99.94396935131363, 2.7240400298160217], "psis_precision": [77.09639015719048, 95.63083223037306], "phi_angles_psi4": [-1.5090061529896548, 1.5706674987945404], "psi_angles_psi4": [-3.1305107197857307, 2.4956793155219437], "phis_initial_rotation": [-1.5072458982467651, -1.4853469133377075], "psis_initial_rotation": [2.433136463165283, 2.6329407691955566]}, "final_stats": {"q": {"step": 2, "value": 152.12591373603058}, "c": {"step": 7, "value": 144.02770022122965}}}