{"initial_step": 2, "final_step": 50, "quantum_tts": [1300.8682753952207, 1191.858524581997, 681.5952870313257, 614.0489400285071, 717.2024930576711, 459.77113596122564, 1254.9490026083026, 375.7881451337521, 391.69490938665274, 467.7905637858245, 1219.1576463924353, 455.4409181219123, 868.1209260759662, 1179.9254020465312, 391.6916707879341, 353.58890300901, 868.618980546426, 1129.7081545252302, 834.3415411934825, 1157.7490799814614, 489.92823331777834, 947.7459831810276, 363.93855956367906, 568.4506870226895, 746.995208611396, 585.3236124200876, 820.5462927713118, 393.2270330848421, 1072.7968001123993, 563.6354619373175, 1000.0413308078327, 1039.6369903386044, 1139.9758275940114, 1195.0131063627555, 359.69153238051655, 839.8644609651823, 1243.9820418290365, 1229.7928872024377], "classical_tts": [402.54315082207916, 424.9246887306467, 346.2445226856151, 275.8652835957246, 256.1827424884927, 225.01792240655914, 192.5132736558356, 177.83049163541, 172.99283997506294, 161.23262141629172, 149.7421693573172, 133.67686480927108, 121.29926522511715, 114.6423966804532, 109.81924163358916, 107.4252386866285, 104.31761902160069, 97.68680632779, 92.09409289682844, 90.54957996090424, 85.64231009773769, 84.10227752728497, 81.06352410281917, 81.89065351925458, 78.98545094355354, 78.86742039311676, 79.35121675770739, 77.47758725865828, 78.19509210976011, 75.88404865985831, 77.85350443921821, 79.9864890451491, 79.03533465279517, 77.68508673533103, 78.34362304151084, 79.7016439919377, 82.75235369959353, 85.07468190522852, 84.07490895031303, 87.24138021936994, 87.31939005435676, 88.03342415698415, 89.4659762504227, 91.21759383751623, 93.02121262355969, 94.55579099139875, 95.44688560347312, 99.59844175853623], "initialization_stats": 2, "final_stats": {"q": {"step": 4, "value": 353.58890300901}, "c": {"step": 31, "value": 75.88404865985831}}}