{"initial_step": 2, "final_step": 25, "quantum_tts": [467.8840451850022, 646.5560767182235, 720.7595217858499, 553.9551067156107, 657.770389642118, 1207.5467654934364, 2966.45374486437, 5312.070034126242, 1992.2539025245371, 1675.921616371588, 3350.649585087913, 3929.813275274307, 2498.2709498570002, 2041.885141747945, 1662.6455210277422, 1515.1331522424184, 2401.852800867187, 3239.1234275067636, 2892.1048966563308, 3771.706118963071, 4333.536101947526, 3948.2434842750868, 5974.95702818196], "classical_tts": [509.3795216186532, 503.52943841909155, 433.9661769541033, 439.16236531247284, 410.12547979157733, 423.14318541836303, 420.35926229442964, 402.9813007659296, 431.1894384534042, 451.9594468226413, 423.75350546592426, 492.23077013663925, 454.2926323215595, 474.1761612709884, 464.50123895947337, 494.37596860784595, 521.6738012522026, 505.702892468497, 559.5912999824827, 546.8614302161794, 565.9068415391349, 592.5347293330099, 606.233805979793], "initialization_stats": {"phis_precision": [97.03653592553502, 23.748233336254476], "psis_precision": [26.484468827666575, 67.84463690553966], "phi_angles_psi4": [1.5708750043949777, -2.564153317394988], "psi_angles_psi4": [-2.640328001158329, -2.6404028940591564], "phis_initial_rotation": [1.477775034739813, -0.16863341765432782], "psis_initial_rotation": [1.3332987794637159, -1.6302123693484671]}, "final_stats": {"q": {"step": 2, "value": 467.8840451850022}, "c": {"step": 9, "value": 402.9813007659296}}}