{"initial_step": 2, "final_step": 50, "quantum_tts": [1933.4976464245015, 2257.570157122402, 1041.4112619763114, 983.4348538969697, 938.5600035300688, 535.1834890569797, 1747.6195895287942, 204.5070462136324, 211.91009499015627, 391.9560678621277, 2037.4855045579925, 353.430316680091, 1148.0346762413565, 2586.40756924231, 221.82222547974465, 264.4085934027901, 784.1702276764912, 1952.525079463352, 691.866978227242, 1812.0928978661914, 405.1784240819021, 1014.6175779283423, 247.83790207329233, 539.4204831334663, 1012.9849884249343, 807.6727802572011, 794.7693781913656, 275.49116228861135, 1259.1109012435252, 692.5476360589596, 1293.1372251507116, 1585.2388996562636, 1768.7164161889377, 1533.3788883070627, 378.42049623554055, 757.7007061970091, 2061.077125241205, 1775.3564470786262], "classical_tts": [168.2487696935077, 156.23755711512248, 118.1395364733059, 109.56053745023438, 96.02749000827163, 96.3793885375065, 87.67413374672452, 80.99440541345194, 82.90680351264339, 79.01563443420592, 77.23621782200011, 82.51517160760875, 87.21548530272517, 83.88599411973793, 85.21730000344452, 89.50402835866338, 88.86285316412895, 97.26155847739757, 96.41656876227172, 102.01075624883127, 109.35655924868392, 107.05233258621024, 111.33738074152157, 114.64460988619575, 120.91544710410834, 121.70453990249035, 127.24788573625115, 141.59090839422421, 134.34912256070635, 139.50716278000738, 151.56905884178812, 156.04451716815393, 158.77721048517216, 165.22556234190236, 158.24528442999758, 170.6553047601636, 171.5676406020293, 181.07303263453554, 178.1169060720362, 186.78588332657537, 210.75564146693958, 209.9451400328152, 200.45314308217846, 215.11827741135858, 219.34547352335932, 225.62597300080583, 217.9606957387088, 228.0680129010566], "initialization_stats": 2, "final_stats": {"q": {"step": 3, "value": 204.5070462136324}, "c": {"step": 12, "value": 77.23621782200011}}}