{"initial_step": 2, "final_step": 10, "quantum_tts": [489.6363493402226, 990.0055128608504, 798.2592326597727, 816.0602741014178, 1766.5336538821116, 1846.5848840705467, 1628.5206841678464, 2531.465882045782], "classical_tts": [264.65712483993065, 287.3851397791737, 222.77891047448747, 210.90505849320448, 180.0158834699781, 162.1440003141691, 137.50875675576467, 118.55420976666484], "initialization_stats": {"phis_precision": [37.63614984696143, 18.899488785747486], "psis_precision": [20.048783481490993, 4.859268696853891], "phi_angles_psi4": [-1.5089041861744306, 1.5707790854948958], "psi_angles_psi4": [2.0690155554647496, 2.4956133910884564], "phis_initial_rotation": [2.815062986101549, -2.1645585193539674], "psis_initial_rotation": [-0.4427259891363984, -0.7986376908998869]}, "final_stats": {"q": {"step": 2, "value": 489.6363493402226}, "c": {"step": 9, "value": 118.55420976666484}}}