{"initial_step": 2, "final_step": 50, "quantum_tts": [5871.3980202040975, 9546.078529131642, 12398.763404734746, 6406.9459363058495, 8657.470686426725, 6666.100224423573, 4446.237488212903, 1631.3539219442096, 13807.37628918474, 1646.052434509255, 7313.489439781897, 815.857912209764, 1511.7675955753807, 6345.268890474817, 684.6630622138844, 1768.3985642394234, 1476.1165520341196, 1602.878678954977, 801.9242292443924, 2445.2380993396946, 1490.1658750094518, 439.0934515547014, 2600.6518728027477, 6115.867948252192, 2298.1522948562047, 3093.3368712061497, 12802.692945078514, 3590.552108765492], "classical_tts": [290.0830803827232, 305.2595890196066, 256.65353835576474, 227.36813297806384, 175.384541360937, 169.9140617861669, 135.34056356122863, 114.35282353160314, 109.59266718341021, 94.035014300222, 93.49136166964165, 83.38073440867835, 75.47060363222094, 73.01941256555773, 67.90104136634325, 63.52617184395905, 60.27164011699888, 57.23517189661571, 53.34116968616197, 51.58062790560829, 51.366924265346505, 47.752458222099214, 45.001319236594085, 45.15747594990981, 45.03184998177169, 42.756652127501894, 41.595341730104124, 39.16137506233097, 39.113230593043774, 37.6585827522852, 37.050936806787256, 36.61149419512617, 35.30370100217236, 35.39834358255236, 34.54386001561174, 34.00182746553516, 33.05765199938437, 33.564602390323884, 32.07719608244552, 32.00934450445372, 31.601312561433865, 31.72693511510582, 30.253365047814043, 29.758856449458165, 29.660054466788218, 30.529828801185214, 30.363014657056347, 29.339668078832975], "initialization_stats": 3, "final_stats": {"q": {"step": 2, "value": 439.0934515547014}, "c": {"step": 49, "value": 29.339668078832975}}}