{"initial_step": 2, "final_step": 50, "quantum_tts": [13.010535384983402, 19.198192446098986, 28.72567828010647, 40.65620204923568, 47.15698278031988, 47.9695717494823, 51.086392086535774, 62.23691974801817, 81.17200767845547, 93.688114339703, 89.40150556822849, 84.1737971022119, 91.35362615889123, 112.71543518278591, 135.09119921855003, 136.0325020874807, 123.79108010642548, 126.96420386293323, 153.08898360967189, 189.7177193203827, 191.94834061705103, 166.63887640266168, 159.6599478098518, 171.9277328105664, 204.3399397222753, 231.1259501849644, 216.10568245494323, 192.8802866060402, 194.89828634341066, 231.84762672776068, 285.5401075281709, 291.9387591671478, 257.5892638712216, 246.02095335178078, 278.93329236294136, 338.26617773760364, 353.40819383748754, 312.6888175935419, 286.4713701497671, 314.47285044834155, 374.23312798982374, 415.53400093156654, 387.34123722902507, 332.439863044483, 312.2877591387928, 343.5933451361656, 422.24679517294, 454.47411085324535], "classical_tts": [10.883838424578766, 13.836916602175428, 14.325584503397788, 15.564005492509665, 16.539837711649582, 16.500287998045994, 17.27391491258144, 17.415891443823213, 17.313789049993282, 18.0604729123155, 17.70484156124104, 17.343045492203515, 17.981320338051653, 17.742578959703554, 17.989447823217173, 17.532954492625255, 17.548672002600284, 17.106355562875095, 17.340734672768825, 17.187070008954166, 16.796407206118598, 17.047051101840786, 16.76213779792146, 16.912365563294316, 17.393049217604222, 16.337199955382243, 16.213098218948744, 17.01445683158991, 16.892032767021966, 16.21454320928973, 17.115354313419907, 16.035048168447762, 16.0004612906367, 16.242038222617698, 16.202723072986814, 17.292450916879908, 14.603813950044625, 16.263959840155724, 15.62092814784078, 16.900465143983048, 16.141057523733533, 16.52536841715576, 17.684058419988016, 12.492851343432836, 15.333333333515947, 16.18964627726265, 15.360301127960517, 3.744978900934441], "initialization_stats": 4, "final_stats": {"q": {"step": 2, "value": 13.010535384983402}, "c": {"step": 49, "value": 3.744978900934441}}}