{"initial_step": 2, "final_step": 25, "quantum_tts": [720.5774253494528, 679.6734583927133, 442.81712750414476, 431.26972499708074, 413.45310743587993, 440.08396689211736, 525.5768938316721, 705.8250945795508, 1143.4973241006012, 1935.5849283864168, 3058.835149236781, 4025.614062035427, 3194.31629599796, 2017.4143773840408, 1759.5315209428481, 1779.6029146824885, 2351.275781837112, 3430.0318310786197, 4195.745161614681, 4533.114461667687, 4565.254485636109, 5252.390799827972, 7016.324581395223], "classical_tts": [720.0745975982455, 402.8747981089151, 411.66422820072637, 302.24513244168793, 262.602615787665, 269.75890313743173, 224.94925838572578, 219.09572225309734, 197.11423450227306, 192.7717207076178, 188.08620891684382, 187.92027668640867, 182.08880008184218, 181.10948431262014, 183.2486316870703, 180.33009804235905, 174.53790674620598, 179.42857582100748, 187.64360229080643, 180.06815283503232, 188.18434720190774, 189.22251354138982, 188.69644143262727], "initialization_stats": {"phis_precision": [4.276432978568801, 99.17140400395316], "psis_precision": [64.62684398339232, 60.515946262458286], "phi_angles_psi4": [1.5133512835752028, -1.5018371599342764], "psi_angles_psi4": [-2.6203515870598526, -2.5702790243001186], "phis_initial_rotation": [-1.4938932657241821, -1.5278682708740234], "psis_initial_rotation": [2.551553249359131, 2.472478151321411]}, "final_stats": {"q": {"step": 6, "value": 413.45310743587993}, "c": {"step": 18, "value": 174.53790674620598}}}