{"initial_step": 2, "final_step": 25, "quantum_tts": [124.51885013868487, 141.39127082261226, 134.85016154338228, 159.23698776634706, 203.55402301368733, 447.59976565106365, 935.1259683624775, 903.7985080959545, 1355.00422944163, 635.1488649964689, 700.6491844107217, 1869.110911429219, 2674.2906275233718, 2519.8439412004927, 1653.7580848550626, 1065.4540263117997, 780.5783234447033, 462.2473217511993, 611.8197520468774, 947.1963715663726, 754.2081190155848, 848.5701755585496, 1201.1118938480167], "classical_tts": [130.20672521319594, 175.94573769591517, 195.58347770047075, 195.2861140819093, 201.54934219895733, 238.87094978085963, 264.59626888913414, 259.51045497909183, 279.79564999124136, 297.9347217241694, 298.1860818146289, 326.9031741219596, 345.83593623856956, 418.3135149991895, 352.4560631597669, 398.7597018721382, 423.4055208433127, 386.5831939327335, 485.4687479604769, 493.97310765053146, 485.91713822516687, 587.1449459198212, 505.7987071302511], "initialization_stats": {"phis_precision": [67.61749373073518], "psis_precision": [61.53382143408952], "phi_angles_psi4": [-2.5641235943374006], "psi_angles_psi4": [-2.6001305374449513], "phis_initial_rotation": [-1.5467971563339233], "psis_initial_rotation": [2.4746041297912598]}, "final_stats": {"q": {"step": 2, "value": 124.51885013868487}, "c": {"step": 2, "value": 130.20672521319594}}}