{"initial_step": 2, "final_step": 25, "quantum_tts": [155.24704174365644, 241.35509734969477, 316.66887534975587, 656.7513851062249, 875.4304420273671, 845.0337141904271, 985.2241607806586, 1814.1143362862847, 1889.3260365016952, 966.1373181016525, 1344.3480782593779, 3436.9948431926146, 1687.9079942583053, 1758.2441749147144, 1883.933363892944, 3976.678657952381, 5162.962884440153, 2253.315860715314, 2037.5425973804686, 3059.5948931670227, 2326.5945277726687, 3188.95587091075, 3072.862300792813], "classical_tts": [112.095815491036, 145.87573529726433, 171.62809962601796, 213.48561874041056, 238.63467212426804, 251.82427240081648, 296.43171493148714, 288.7673809764129, 329.4767039674187, 370.9558589966598, 403.09868439791467, 445.3825780936942, 463.04347055598475, 499.9666455308914, 489.5049868787821, 500.35819741872075, 542.9114766133681, 546.0037001851172, 618.5240129588224, 635.6431387490902, 592.0771657166931, 652.1293066647202, 654.2274652538999], "initialization_stats": {"phis_precision": [24.083044329340474], "psis_precision": [56.15170116797995], "phi_angles_psi4": [-2.5641579325261574], "psi_angles_psi4": [1.5391379706873562], "phis_initial_rotation": [1.3340258724749692], "psis_initial_rotation": [2.9166729055181975]}, "final_stats": {"q": {"step": 2, "value": 155.24704174365644}, "c": {"step": 2, "value": 112.095815491036}}}