{"initial_step": 2, "final_step": 25, "quantum_tts": [2042.575475042852, 2474.170623595568, 2864.6893479899913, 3271.0692383150304, 3710.1994834855122, 4157.250376880225, 4607.6420213975925, 5023.41840982334, 5420.900074609384, 5848.046528321414, 6220.5375776775, 6618.4051424818845, 7386.259898631108, 8492.224388550416, 7971.156467341526, 7857.848664434567, 8621.627181276412, 10194.015164448045, 13965.112599170949, 12413.572214071084, 10109.939951753406, 10083.578573119994, 10435.277248500097], "classical_tts": [1414.6716074849785, 1750.894398322831, 2411.2188808339724, 1873.8989432152057, 1456.976486278139, 1564.4242502933012, 1575.3463977510733, 1406.5883660271168, 1313.682272657761, 1230.4057569973877, 1143.4491050381773, 1136.2600299706646, 1011.2445994065166, 1051.534377257801, 994.2864991233137, 995.3777809679328, 980.8596560344909, 901.4127116144643, 890.9535018671461, 871.0489366061022, 857.3305946040273, 832.6222520418376, 823.0633399425369], "initialization_stats": {"phis_precision": [58.780804879475355], "psis_precision": [35.935739588051064], "phi_angles_psi4": [-2.5412670292063786], "psi_angles_psi4": [2.581330407918674], "phis_initial_rotation": [2.446979072197963], "psis_initial_rotation": [0.568692309240252]}, "final_stats": {"q": {"step": 2, "value": 2042.575475042852}, "c": {"step": 24, "value": 823.0633399425369}}}