{"initial_step": 2, "final_step": 25, "quantum_tts": [425.2274028241472, 557.7656435792758, 570.1051782286237, 485.7250309369709, 562.2278013851152, 706.2419360863465, 841.3079157482919, 1073.377965779267, 829.4045648849624, 618.9724595318116, 741.2377130283517, 1234.934818516863, 1448.4091610488542, 1561.7636995637529, 2540.605783325896, 2583.3184035779027, 1843.0152576018468, 2118.254576056767, 2512.8444474475787, 2509.022337493388, 4237.98706776756, 7728.6976875665805, 9630.656371437479], "classical_tts": [393.8365994377683, 472.9346302050882, 367.51055918081994, 319.6627074188153, 284.6566457729888, 277.77158721402856, 251.50103572233513, 275.84046333933935, 259.209009639205, 247.56651734149355, 251.29530940803383, 254.41189846918203, 241.67136043373154, 249.8160668528552, 255.81663327686775, 257.5490810760392, 270.11098885468095, 258.4016906140769, 283.10588632303666, 289.1381656125261, 283.2720056286863, 272.71736706909496, 288.40203806584464], "initialization_stats": {"phis_precision": [45.62637581386711, 13.40699744374606], "psis_precision": [38.66386963316435, 30.308489270383852], "phi_angles_psi4": [-1.511393197974324, -1.5018626103009003], "psi_angles_psi4": [-2.6204803873824294, 2.492508155721956], "phis_initial_rotation": [0.19680458494775, 1.2185367965291949], "psis_initial_rotation": [-0.6935490217816627, 0.3030847744645926]}, "final_stats": {"q": {"step": 2, "value": 425.2274028241472}, "c": {"step": 14, "value": 241.67136043373154}}}