{"initial_step": 2, "final_step": 25, "quantum_tts": [399.89608573388927, 484.92866823607005, 382.27378654259445, 252.76404056139145, 224.23278064839002, 226.43382961700433, 238.17312464575284, 279.1502601156947, 393.89492845663875, 666.4656847458072, 1435.8134825632574, 1852.823001580552, 1526.9194997951056, 1053.9727062937707, 820.3677331325235, 840.619568593466, 1167.7359459537915, 2299.4025023465574, 4117.32911101418, 6414.767660938377, 6427.6036298696135, 3764.140499844265, 2965.407934106303], "classical_tts": [338.81591629874043, 348.5222431919245, 331.8243158945092, 292.27501407037914, 272.84175957367665, 235.14089923211688, 218.78031285524824, 190.89215049328774, 198.78692935574827, 188.07094267229755, 193.9999329364053, 179.784202954995, 175.9887192868328, 183.72903510485563, 179.82451874569202, 185.89806672942595, 191.48558160238656, 192.67862228027013, 191.6253920295904, 204.4459555433536, 206.67701433271043, 208.0351776735362, 213.55600169509916], "initialization_stats": {"phis_precision": [45.96893473205521, 27.851253365537854], "psis_precision": [96.66387293574607, 29.49023717708148], "phi_angles_psi4": [-1.4944116283524846, -1.3860101521822206], "psi_angles_psi4": [2.5683378968403323, 2.5431541339339163], "phis_initial_rotation": [3.0913377017130417, 2.63055543107199], "psis_initial_rotation": [2.46353037407531, 0.3280246050255209]}, "final_stats": {"q": {"step": 6, "value": 224.23278064839002}, "c": {"step": 14, "value": 175.9887192868328}}}