{"initial_step": 2, "final_step": 25, "quantum_tts": [155.04974524609344, 168.0160879873777, 170.46726700007574, 192.33845827129824, 195.79633450519634, 227.24884837280004, 313.4834465610878, 256.24715939096944, 241.94652062511634, 338.24873498707825, 524.9001555082903, 602.4762195376704, 539.1711942171493, 599.7830815034783, 677.6813223461149, 715.7653136097829, 544.0841488728655, 436.9189276583756, 577.584290636376, 722.5435409555743, 745.9747592959757, 927.0028201091877, 1089.2310890133656], "classical_tts": [189.5701834162391, 191.10997156788946, 256.65353835576474, 276.7294018196798, 291.75147059452866, 303.3303686558834, 348.39162084527675, 333.485679297923, 355.3085651731559, 358.2992029761856, 412.7642795180822, 448.9538107470588, 481.5583261044293, 505.8488986318088, 503.92739131916176, 541.3957339512864, 546.775657250384, 533.3707758436376, 646.5437626554996, 668.7829654692362, 621.6998033486775, 617.0255016534411, 721.3320330992841], "initialization_stats": {"phis_precision": [88.95939983148664], "psis_precision": [15.056465676277142], "phi_angles_psi4": [1.5708577495949352], "psi_angles_psi4": [-1.534278440995215], "phis_initial_rotation": [1.2240070657886974], "psis_initial_rotation": [1.1343013930183865]}, "final_stats": {"q": {"step": 2, "value": 155.04974524609344}, "c": {"step": 2, "value": 189.5701834162391}}}