{"initial_step": 2, "final_step": 50, "quantum_tts": [739.5392020078698, 714.1784952432342, 393.49087887404335, 365.4016743727777, 405.4785591654717, 348.2322707143269, 656.6263888822306, 414.6938356124766, 364.01989620238174, 348.6180090429226, 693.8205465204367, 370.27587646902555, 453.77380761328595, 665.2365803046106, 434.07440457022875, 385.45790715467876, 447.8474917691593, 591.9095069243499, 448.5003082501295, 681.2619526349844, 355.97447458826707, 475.1934048108449, 365.7854054644195, 361.2963198490394, 420.8339174180491, 360.2836591311009, 434.8498225464567, 350.85033228212586, 548.6429532789164, 347.7991434789019, 490.0803918903512, 521.0695260671765, 574.0148725674011, 615.9314885726218, 375.50265221333797, 444.4155466689424, 632.6530233619513, 665.7314795628048], "classical_tts": [470.01880213284375, 457.05444088315846, 411.66422820072637, 317.3785729760916, 288.556067566258, 264.46959475040035, 234.65169303973536, 197.99365617978816, 182.35107028002548, 166.8091037399071, 152.0930930950165, 144.1615188954773, 132.2970740883352, 121.60594186796052, 113.58658664985674, 106.9494934087257, 105.59970634945893, 99.32939175256672, 95.00852536145003, 92.34695364851643, 90.47027756758389, 84.32202985090157, 84.9444636907902, 80.89853400573084, 82.38184374419725, 79.67010054497436, 78.55813018022644, 77.69075423769769, 78.32905148740856, 77.79499544285245, 77.77406853260054, 76.8934498990944, 77.99488527943885, 80.67169661190955, 80.86106427028585, 80.90435314461313, 81.772152320294, 81.69373763977003, 82.70786985060418, 87.44977657568549, 87.94784388925214, 89.52066034972589, 89.83437794759907, 93.62043115263593, 92.6074769847496, 89.94922929957393, 97.03234486941665, 95.74016103475937], "initialization_stats": 2, "final_stats": {"q": {"step": 14, "value": 347.7991434789019}, "c": {"step": 33, "value": 76.8934498990944}}}