{"initial_step": 2, "final_step": 25, "quantum_tts": [45.555841695147144, 50.17504405697541, 58.778600580386126, 71.20198025004287, 82.62675331811008, 111.40855502975728, 172.81321831148747, 166.24078022443842, 274.2124299270049, 824.7362974786372, 675.2345404834925, 600.1114325083236, 643.4784149652834, 727.128960318191, 784.247404674124, 1033.5534484081695, 1446.7234400947793, 1051.8640235634934, 1551.8360063955756, 3246.342271849694, 2374.942669434469, 5525.158165723392, 7338.6162250440575], "classical_tts": [61.188123359847765, 83.38844577641667, 89.05939010359792, 103.7840393803681, 107.1215764350842, 126.3675535964548, 134.77311024755056, 149.73417973139996, 161.66661078033655, 167.6118565763153, 186.0674718393043, 196.19768730163074, 197.99508271446786, 190.58803921933298, 228.34165190506755, 232.42049620528357, 242.25706447180391, 261.6011974589462, 270.5813910617111, 274.0568474243932, 301.3086909014665, 302.19955255860066, 312.6792149838476], "initialization_stats": {"phis_precision": [98.85281965935934], "psis_precision": [71.90116603243943], "phi_angles_psi4": [-1.4946228033161004], "psi_angles_psi4": [1.5243986496296744], "phis_initial_rotation": [-1.5306625366210938], "psis_initial_rotation": [2.40714955329895]}, "final_stats": {"q": {"step": 2, "value": 45.555841695147144}, "c": {"step": 2, "value": 61.188123359847765}}}