{"initial_step": 2, "final_step": 50, "quantum_tts": [455.3167367418728, 906.9198584297064, 940.8124877123126, 851.7872087930676, 1459.0667285913376, 1807.3157460764382, 1956.507940805671, 2883.80081778965, 2513.1315023298325, 1908.747707944459, 1818.5245661019774, 2711.695791323974, 2686.915147772234, 1785.54000068745, 2177.6320057490766, 4930.6727231131235, 5527.114166507319, 4103.962448477746, 4988.048128674299, 5857.185453159612, 5562.76938889696, 3978.0466448263505, 4633.1284358115345, 5102.658644773817, 4278.543475579544, 5396.157301303587, 6100.203775478682, 5302.597026846577, 5863.924484131528, 6235.621309602288, 4720.655645850142, 3958.5589730580377, 4361.688832296945, 5278.6293527317, 4854.9858186809815, 4442.995938696501, 6517.155353252266, 8269.495658953829, 7904.821474583376, 7102.759462013993, 8160.984110180105, 8997.553251059997, 6253.724371532964, 6317.390789410086, 7338.102561813008, 7089.870119956154, 7526.015937623617, 8482.289911593884], "classical_tts": [326.6327318333251, 300.17046994019825, 235.37366627313008, 204.9525841316862, 174.48563597923976, 163.04958373228996, 144.4200612530912, 142.6094340875374, 121.02757775384701, 119.49835236396355, 113.47175843405185, 108.22871940996119, 107.66307830307927, 99.5129287699669, 98.80300887120839, 100.06314462058724, 100.84797934054122, 100.70152140508367, 101.36242545487775, 100.13597704327739, 99.24759886838298, 103.75885336240039, 104.6937663139629, 102.3665530534479, 106.29529568054484, 104.22879612618982, 104.86755023042144, 108.89920635919667, 107.48162580181018, 112.38946252488125, 115.4993904760982, 119.374167462582, 117.93344733155274, 123.28620237593759, 120.49970670497193, 124.9729329918462, 125.77904757337043, 129.60193387541702, 129.99505757569207, 135.3185639083534, 134.2208289823634, 140.44798277977696, 139.0193589433533, 140.4237782101298, 148.374865260906, 156.92160210798397, 152.57751776230936, 155.20286816355818], "initialization_stats": 3, "final_stats": {"q": {"step": 2, "value": 455.3167367418728}, "c": {"step": 16, "value": 98.80300887120839}}}