{"initial_step": 2, "final_step": 50, "quantum_tts": [1560.8492041414472, 1407.2492147069431, 666.2538386014829, 595.3381837510274, 731.0738428832371, 638.5915780364312, 1506.0797874218215, 593.773381040535, 703.2051172334077, 679.01783212553, 1588.1104266005154, 779.7356423710639, 1176.2763830146414, 1396.3353254779524, 580.6248938702172, 624.5865415647689, 894.492714496541, 1484.266831006919, 1032.6932819155477, 1504.0868744724573, 736.7231236774921, 1302.0778997471557, 685.1120687077637, 713.1725006537824, 798.331730599607, 654.7047501262969, 835.0939300238811, 681.5481067696477, 1373.5645333237958, 595.7325953769177, 1301.0746130772623, 1304.4767434437454, 1470.1826864097193, 1584.4167016522752, 639.9678754719183, 1099.486188670986, 1570.4564593643956, 1529.53595056776], "classical_tts": [749.5595772860822, 533.063344673611, 517.9536849407767, 394.6651317303334, 290.14518094940377, 304.8426682396172, 241.72114979906698, 212.30063791289444, 194.30762657732214, 168.25921796717577, 159.01983939869092, 150.2589812380193, 134.40441051010185, 126.53528110204395, 122.01144589820639, 114.23340244607877, 107.87946319869975, 107.58332783272763, 97.69039349047, 100.59972929690265, 97.6868614926539, 94.06711676930507, 93.07221776848526, 94.41071512926894, 94.54279840808329, 92.16200578627732, 94.91781519503033, 96.33591475174497, 96.24903530505894, 98.50456764600251, 98.28064547790949, 100.03936097843915, 99.83579415858185, 101.59610267310724, 106.44988283251892, 106.24931091331493, 106.91024838614965, 108.81636777246784, 112.96667505347938, 114.04139929383604, 116.70187129215465, 119.93555070865843, 120.08559448853624, 124.39172126086359, 125.58728402089773, 129.9650958776707, 130.68703124786705, 136.9072194515532], "initialization_stats": 2, "final_stats": {"q": {"step": 2, "value": 580.6248938702172}, "c": {"step": 27, "value": 92.16200578627732}}}