{"initial_step": 2, "final_step": 25, "quantum_tts": [2838.2330696737063, 3105.1550184596354, 3164.7915340003606, 3119.4249492750027, 2993.8104097311075, 2901.49006464048, 2809.7528257609924, 2757.4678597781767, 2693.714804385042, 2647.7383092799164, 2610.819296539641, 2640.7882482243986, 2576.446532634295, 2559.291252967827, 2571.2225271771727, 2393.9512165449455, 2562.631383663485, 2664.4074230988135, 2715.483906787433, 2387.2191164256697, 2129.567864992999, 2132.6316682752818, 2167.9827376705707], "classical_tts": [4602.867216938907, 3066.65828302264, 3422.496158528764, 4380.11738311182, 3292.3138154644903, 4516.313885156968, 3920.527672511279, 4470.336488372396, 3600.3729879912275, 4490.1569465166485, 3933.457045528632, 3243.0897604482006, 3207.47403587372, 2802.18708642578, 3311.8377308191466, 2948.6460752107755, 2875.054484074302, 2744.8098949731348, 2695.828259569571, 2408.6620619696428, 2453.208104455899, 2129.520731963597, 2150.065088004176], "initialization_stats": {"phis_precision": [28.14390400773653], "psis_precision": [82.71654701448476], "phi_angles_psi4": [2.5582163491776195], "psi_angles_psi4": [-3.13370422391806], "phis_initial_rotation": [-1.467543125152588], "psis_initial_rotation": [2.6065053939819336]}, "final_stats": {"q": {"step": 22, "value": 2129.567864992999}, "c": {"step": 23, "value": 2129.520731963597}}}