{"initial_step": 2, "final_step": 25, "quantum_tts": [2165.2888798486706, 2761.0715609528283, 2996.228492013948, 3594.2630123701983, 4273.680946428635, 4625.309443343663, 4683.491668024888, 4621.467190816427, 4608.243847995036, 4703.222806327302, 5056.558811946547, 5723.17130970619, 6516.109790728401, 7160.39039299538, 6343.928366076469, 6195.364150204385, 7871.453754855473, 7800.784535388764, 9105.384762927863, 11007.009813586455, 11153.634371257493, 15329.455697381734, 14929.718572180727], "classical_tts": [1599.49463555716, 1869.8335629236117, 1579.965043193751, 1555.3110747194207, 1819.9278762916347, 1782.8283256652862, 1755.6291934400838, 1811.4441786993561, 1821.36637333328, 1812.7791575273732, 1754.5335790793572, 1481.6631126940422, 1621.222333559666, 1513.469422419766, 1395.0756633948433, 1511.647092340111, 1372.3331519673125, 1355.9327509031696, 1249.4185915778548, 1192.1194661495592, 1231.1024461684337, 1303.5628223887068, 1248.0563825414374], "initialization_stats": {"phis_precision": [2.541386067428686], "psis_precision": [26.780750747052508], "phi_angles_psi4": [-2.526485730943371], "psi_angles_psi4": [-2.6403019589286636], "phis_initial_rotation": [0.5352669246527282], "psis_initial_rotation": [-0.3400514033844657]}, "final_stats": {"q": {"step": 2, "value": 2165.2888798486706}, "c": {"step": 21, "value": 1192.1194661495592}}}