{"initial_step": 2, "final_step": 25, "quantum_tts": [1399.1189271747483, 2023.1253810600797, 2385.8943683116177, 1983.9235844361865, 2587.7083077631487, 3757.3317785657787, 2507.0336131861986, 1618.8248436346848, 1390.000836290339, 1568.8095712990355, 1967.6200310747406, 3040.719970578797, 4897.7644454919555, 5350.154900709422, 4629.695533767031, 4386.066385820818, 4749.352551917861, 4855.56622218341, 8552.88663357053, 19775.511761097452, 14149.975668799685, 15540.32501139524, 25244.500919483748], "classical_tts": [1268.0877966795858, 933.1866448316525, 883.1304754361221, 781.437981126176, 590.4927922487641, 557.4493319736215, 584.9568283359754, 544.0412383950382, 452.38640945507666, 471.9772739715494, 468.68667379658234, 441.8658470123898, 425.2699556391876, 428.16008699307855, 481.7365582823331, 502.9647883339905, 430.6777146897485, 454.60425439473454, 481.9759973116001, 490.517969516704, 476.3974647931307, 520.4558406785231, 512.3324154591858], "initialization_stats": {"phis_precision": [2.7622894820200306, 66.54557542542865], "psis_precision": [66.38155167892445, 61.33625584533491], "phi_angles_psi4": [1.570709090494786, -2.5489826969983502], "psi_angles_psi4": [-2.6203661852996016, -2.6204219107225417], "phis_initial_rotation": [-1.4841036796569824, -1.4979809522628784], "psis_initial_rotation": [2.6066644191741943, 2.448106050491333]}, "final_stats": {"q": {"step": 10, "value": 1390.000836290339}, "c": {"step": 14, "value": 425.2699556391876}}}