{"initial_step": 2, "final_step": 25, "quantum_tts": [710.8538245034852, 1069.0573554776388, 1219.828294260695, 789.3075121739614, 745.6147740329433, 1163.4698671692993, 2124.8141689583113, 1888.5202162617702, 1601.5924724173112, 1975.0873861298553, 1863.7785096288758, 1353.0170486294487, 1202.421335642389, 1244.658056901156, 1431.8385083324335, 1541.0441879334167, 2410.9881070403017, 3596.685203889762, 3796.128778885307, 5958.176323991524, 11675.217915716317, 8522.273289437166, 7476.670548229114], "classical_tts": [706.182633220525, 662.3478565770915, 458.7927737085034, 471.4398163465137, 399.3909664651572, 403.8514523148546, 394.458925041237, 389.03102189058006, 395.01277411208383, 423.9068477873927, 424.62230296625, 360.16893038620526, 385.9813336825617, 418.31351499918947, 417.94708712287854, 408.503425227796, 460.2026573918303, 454.60425439473454, 432.52306806899446, 457.133062136434, 460.12414453829746, 500.6695442446658, 537.2359433451606], "initialization_stats": {"phis_precision": [3.6454896325488706, 98.89006128160601], "psis_precision": [70.45643258440369, 68.03087713348464], "phi_angles_psi4": [1.5709780337958965, -1.5708685744949595], "psi_angles_psi4": [-2.6403339054427915, -2.6403960229037677], "phis_initial_rotation": [-1.4560881853103638, -1.535998821258545], "psis_initial_rotation": [2.7147128582000732, 2.6384496688842773]}, "final_stats": {"q": {"step": 2, "value": 710.8538245034852}, "c": {"step": 13, "value": 360.16893038620526}}}