{"initial_step": 2, "final_step": 25, "quantum_tts": [468.27749097177383, 765.921957736499, 531.6473434699349, 445.73224006719727, 762.4443179013392, 1036.3379931449404, 1031.4166045287243, 1233.5536538942536, 1285.1248183519415, 1180.0370775144706, 1115.993722312629, 1437.149713198668, 1678.76608553336, 1511.2279949236736, 1828.6952461291294, 2991.412282725696, 3659.025598506608, 4640.164404508604, 4295.8664119133555, 2913.1587357700455, 4807.254884371075, 9441.965735291526, 10742.437387820064], "classical_tts": [294.7991739396378, 281.3878788283132, 229.27740440731534, 176.2033919554774, 159.94762431009946, 129.83073769930184, 122.25232335889565, 107.47102386572591, 93.27490748151105, 85.65172805869364, 79.69154791186362, 72.76787472019427, 65.70573401009786, 64.08827129329904, 60.21821495946319, 55.986687581159465, 53.82469152932565, 50.81349955959468, 49.476991341281234, 47.87956897891818, 45.071194549151194, 45.10990306440825, 44.08572644674875], "initialization_stats": {"phis_precision": [26.3867834618964, 91.13455470552873], "psis_precision": [57.00005763994183, 5.029387709830924], "phi_angles_psi4": [-1.5178665728531433, -2.51274581566028], "psi_angles_psi4": [1.524092687483897, 2.576093076193505], "phis_initial_rotation": [0.794760829979066, -2.791261993739411], "psis_initial_rotation": [0.17320965725246396, -0.40749670258369175]}, "final_stats": {"q": {"step": 5, "value": 445.73224006719727}, "c": {"step": 24, "value": 44.08572644674875}}}