{"initial_step": 2, "final_step": 50, "quantum_tts": [1537.278469904654, 1578.1721649355773, 1549.851322456489, 1492.0287920537132, 1425.787501308239, 1336.517259211206, 1232.8265666202726, 1128.7894635151915, 1045.4290524260184, 970.6840423442306, 924.9580171595821, 896.5935673418595, 879.8348930739265, 871.1209522239757, 820.7985460116681, 794.0602471790316, 761.8509238934064, 725.1730182431983], "classical_tts": [12278.15110026956, 11048.954208840767, 21047.60105846485, 8765.995012429317, 10519.194014915181, 7360.2103083428065, 9498.234808481562, 6621.078029771428, 5570.503610895321, 5615.867600823008, 3969.018350187108, 4419.624629418628, 3641.8656496207914, 3594.6011414066065, 3369.2571501542784, 3127.639187737373, 2765.5464290511013, 2755.7892636358706, 2617.8644529704716, 2571.950425712709, 2147.5209230614673, 2045.1695955189737, 1890.222795855786, 1728.756499943762, 1808.4336759480345, 1560.255488645608, 1566.8576587598247, 1417.980213328413, 1333.035270973856, 1323.6108361905456, 1305.549662792774, 1113.9592731555779, 1107.4702637445848, 1029.260004578365, 996.5764672555263, 990.2488856548111, 953.4233946176919, 857.9725101124527, 892.3879227468943, 871.8574970077518, 782.1041436075402, 760.1562365465753, 750.6891252005682, 764.5077359646953, 724.9249711730736, 723.1119823677341, 699.3262585322323, 679.4553129134924], "initialization_stats": {"phis_precision": [0.5177184031747273], "psis_precision": [26.496197793267363], "phi_angles_psi4": [1.5708577495949352], "psi_angles_psi4": [-1.534278440995215], "phis_initial_rotation": [-1.5544703006744385], "psis_initial_rotation": [2.4397168159484863]}, "final_stats": {"q": {"step": 19, "value": 725.1730182431983}, "c": {"step": 49, "value": 679.4553129134924}}}