{"initial_step": 2, "final_step": 25, "quantum_tts": [394.24661929019123, 989.732906572736, 1694.7540222325526, 1044.6172131045262, 1227.9229046680414, 1870.0605071351365, 3633.1463061878503, 4075.030214240384, 2295.291847985425, 2060.4600020744474, 2338.2933658409966, 2590.595261655206, 1876.7610533876627, 1238.3150300523903, 1259.2241525431803, 1608.2808823550379, 2106.4544187968395, 2462.367408534041, 2984.2908594920536, 6162.427798035706, 24280.03393459627, 37664.75672667005, 32072.681576803363], "classical_tts": [274.6936991821483, 353.0641645451749, 299.84531592047693, 284.7517628613339, 291.75147059452866, 283.5948550648884, 269.7860792702981, 294.27067121198206, 280.7214609703356, 291.39781953770444, 269.3434048821292, 310.15777586574063, 308.8090090361744, 332.63486346099006, 374.25166840129464, 340.4115538642571, 350.5862825082096, 375.4199267858655, 378.7058654860392, 407.0790328801051, 404.80760480829105, 413.8252034633346, 439.6170511127257], "initialization_stats": {"phis_precision": [1.00861144924419, 99.9221081780385], "psis_precision": [71.88359437681588, 78.83687900554283], "phi_angles_psi4": [1.570820563794899, -1.4946869265041298], "psi_angles_psi4": [1.4862136775877832, 3.1278197744944416], "phis_initial_rotation": [-1.5390856266021729, -1.4971339702606201], "psis_initial_rotation": [2.369516611099243, 2.462960720062256]}, "final_stats": {"q": {"step": 2, "value": 394.24661929019123}, "c": {"step": 12, "value": 269.3434048821292}}}