{"initial_step": 2, "final_step": 25, "quantum_tts": [153.007996515364, 258.2511879050897, 464.8159381704147, 519.6769983918606, 472.8666444145858, 531.4548254279059, 937.486273084422, 1288.9462705223466, 804.4881101852609, 681.4998170857823, 961.5945464984836, 1428.2151425673378, 1082.2063221140538, 802.2701957878776, 884.7358579103525, 1158.7906319213735, 1259.8217365691703, 1238.839948531102, 1502.847462925148, 2265.1534277568753, 2330.040657870467, 1837.082945299182, 2045.0230552369162], "classical_tts": [175.66494612498914, 142.71413951221672, 149.17358775497593, 154.35181512901028, 156.00517568898505, 151.97836077090597, 151.4823461944157, 154.36792226794103, 159.08774749785826, 154.31194213950351, 156.07611435586472, 158.34192024186197, 158.29419007638376, 156.5343189647005, 161.03089399037208, 166.17109125839934, 182.7901638901061, 175.2882983480816, 183.45189934868884, 179.41238330891653, 200.25753130283093, 197.21750072408304, 201.24462487339173], "initialization_stats": {"phis_precision": [99.77340364525122, 2.720491909376588], "psis_precision": [84.60258480069798, 95.62872620138198], "phi_angles_psi4": [-1.5089041861744306, 1.5707790854948958], "psi_angles_psi4": [2.0690155554647496, 2.4956133910884564], "phis_initial_rotation": [-1.5160229206085205, -1.485346794128418], "psis_initial_rotation": [2.5527396202087402, 2.6329410076141357]}, "final_stats": {"q": {"step": 2, "value": 153.007996515364}, "c": {"step": 3, "value": 142.71413951221672}}}