{"initial_step": 2, "final_step": 50, "quantum_tts": [1738.771178483362, 1995.2890241368846, 846.9655475579243, 792.1789225710045, 816.468100058218, 474.71961789152454, 1394.8327366410413, 199.24649446165895, 195.3326184033606, 358.6757885719593, 1860.850701955187, 336.2077963001728, 986.2610672053253, 2183.6708654793388, 221.29299682495505, 253.3870722486338, 694.3424266141641, 1685.6690458997919, 635.4441629343117, 1657.9989759054367, 364.1328480943042, 876.1377165714155, 230.51893451542614, 440.8983641758489, 848.6242408332121, 662.0220954854692, 720.2755964727698, 258.9683940205951, 1115.5579148061297, 563.3501147778246, 1105.678900535107, 1335.6780635740738, 1499.7897035506587, 1310.4750099411501, 343.7720831289257, 679.3853021412658, 1645.7799217776362, 1468.5755929901502], "classical_tts": [162.15688013768042, 150.88301539023036, 126.44697633893024, 113.14257406054851, 103.68446090703378, 91.66206882609612, 92.25507330711976, 82.6591479903484, 81.64286264917294, 79.18576611056335, 84.37907785244482, 80.74855917481071, 81.6320714956886, 90.07162144275615, 87.54398490068921, 91.2740584354712, 92.78842894833907, 92.92427733690377, 96.01105234076843, 99.55042193932644, 105.70114259455849, 111.34840315285985, 115.21326280892212, 118.01825881564454, 123.56281720864934, 126.61280216570192, 129.7862038057009, 137.3594595753705, 139.98130577343952, 146.46488005946833, 150.05961738157265, 154.10729252972592, 155.53259532328184, 164.4011352847872, 173.69637263832712, 179.12569202851367, 184.12261638527625, 184.26226846191176, 183.7335395016977, 186.17476094348044, 198.9343897298469, 209.41111795093775, 206.16042782690462, 211.02133694283654, 225.74173658705007, 222.6170551738763, 220.66188136566086, 236.02138026931348], "initialization_stats": 2, "final_stats": {"q": {"step": 7, "value": 195.3326184033606}, "c": {"step": 11, "value": 79.18576611056335}}}