{"initial_step": 2, "final_step": 25, "quantum_tts": [348.12077242642164, 383.9523317338838, 398.2365677743237, 393.5261242611554, 380.31729444825044, 377.31601078790834, 359.64390400192974, 357.9317416230115, 342.66046753889736, 362.4396936139133, 361.5344869007988, 378.55496761500694, 406.54225799860114, 371.20928361989974, 370.4772568323527, 468.56644828350886, 527.4559652490925, 533.901203234051, 645.1789284331367, 798.5871629661015, 1050.453897782841, 1358.3447199602392, 1696.9555195561766], "classical_tts": [407.0415340771731, 498.9203544369242, 507.0664647489054, 600.1685787076226, 597.0223489554163, 533.6851146539548, 532.5212886202096, 533.1323124556621, 564.0550198622811, 579.721602478843, 578.6969889870497, 520.6142770592022, 590.5341637809724, 571.7043095220987, 539.5721585405961, 593.0338117032275, 624.1295946418004, 589.7307650838271, 634.5771283276919, 574.2983212450266, 598.74430947687, 639.3114176191945, 643.8526973775038], "initialization_stats": {"phis_precision": [68.5886971133387], "psis_precision": [71.14268258095015], "phi_angles_psi4": [-2.5641579325261574], "psi_angles_psi4": [1.5391379706873562], "phis_initial_rotation": [-1.5773427486419678], "psis_initial_rotation": [2.4457173347473145]}, "final_stats": {"q": {"step": 10, "value": 342.66046753889736}, "c": {"step": 2, "value": 407.0415340771731}}}