{"initial_step": 2, "final_step": 50, "quantum_tts": [197.40335077872234, 235.8961889271643, 288.51311862787657, 392.3650088521275, 250.28562088979865, 299.18810506167335, 345.8189733308513, 560.7187911657095, 755.5192269965357, 482.51602531908344, 441.5209376790675, 508.638479574533, 659.085063416486, 683.10602914937, 1068.6052869733742, 1025.9549423694248, 926.8398072635824, 1281.4351957684473, 1081.2495333285613, 1039.7929353625768, 931.0602227812616, 786.6958484617314, 814.9856266789538, 770.0129632783418, 803.7488267789031, 656.4406138487634, 658.0971291904146, 803.4322041979551, 898.7064639703683, 1008.7015013360854, 1143.0355820058783, 1181.0866860736196, 1276.9225700257718, 1563.4169034947863, 1972.9978255462684, 1931.9545160447685, 2397.152768577275, 2132.971319425154, 2236.3076313384936, 2502.211298479332, 2117.3690229556373, 2179.9624988834917, 2234.957366474917, 3520.2601606616336, 3794.7819586192722, 3326.074780075781, 3960.107851355661, 4732.751875338371], "classical_tts": [105.403927723426, 103.19106987952055, 87.6484299601875, 75.1735997267205, 69.72385557965245, 60.83618313612184, 56.431949782325084, 49.51200244597263, 45.37132851046563, 42.821155048867034, 39.89190587445509, 37.56527711642927, 35.88465479374343, 33.82980370665521, 32.55537642380309, 30.599489337738245, 30.965903792279125, 29.15473650589385, 27.510364504733186, 28.472687990724314, 26.772371153643007, 26.177881777908215, 25.858781091341942, 25.649071959172648, 25.943523045167343, 24.76662886395206, 24.6654229855248, 24.94135990650822, 24.552957155648805, 24.299924459619998, 24.881624778452363, 24.014438585779597, 24.036094797288634, 25.65956278218588, 25.297188488701156, 24.638915917933932, 24.471260287275655, 24.798492952148873, 25.30251221426566, 25.661268714294042, 26.42801304016579, 26.171340985446836, 26.144072035145314, 28.390689798450918, 27.16147838056424, 28.771217254761833, 29.21452016980112, 29.294988032635963], "initialization_stats": 2, "final_stats": {"q": {"step": 2, "value": 197.40335077872234}, "c": {"step": 33, "value": 24.014438585779597}}}