{"initial_step": 2, "final_step": 25, "quantum_tts": [473.54564956022125, 851.6034687106026, 661.1494096850323, 565.5012140165078, 1056.731612666519, 1403.223411479053, 1248.3283614906961, 1806.577704770883, 1962.2275465892571, 1517.4981880424689, 1408.3029185041803, 1947.199777225182, 2099.4333441469657, 1610.9300816734335, 2039.756068344164, 4932.308806871544, 6822.962388583543, 9383.606603184202, 14548.11294681254, 6463.556076043717, 6424.867857984894, 7130.724321678268, 10394.670803162971], "classical_tts": [299.66989029460353, 314.1314078519258, 224.19163098207204, 178.02062391149772, 153.16824676169247, 154.60999852618946, 118.6953913577682, 104.74687877007841, 90.45007724936356, 80.1760896892569, 73.42209346086935, 66.48942601038306, 62.366199324047216, 59.45375145497326, 56.15271361360533, 52.37773637493801, 51.135474314032145, 48.5013749684569, 47.28811394507968, 45.4831839043288, 43.641362238602504, 41.92509948110258, 41.893648606193906], "initialization_stats": {"phis_precision": [62.81525111734037, 53.197380240504145], "psis_precision": [55.294956055877854, 7.652554879016094], "phi_angles_psi4": [1.5708534688949276, -1.4656292156051838], "psi_angles_psi4": [-2.6402479591396975, -2.640173861951892], "phis_initial_rotation": [2.739046808048376, 0.004718448446702883], "psis_initial_rotation": [2.2384869717072586, 0.7418308935289981]}, "final_stats": {"q": {"step": 2, "value": 473.54564956022125}, "c": {"step": 24, "value": 41.893648606193906}}}