{"initial_step": 2, "final_step": 25, "quantum_tts": [779.5100868782438, 814.5245174536783, 851.7124868334627, 808.5486031650576, 786.1257402680092, 743.8217025189574, 679.1957193502091, 663.266543421523, 566.0603054006608, 597.6073351307249, 618.2324614935231, 600.5667963582376, 527.9224668617301, 442.8118242718527, 406.6746195006653, 418.53377439232696, 488.2905398891218, 556.755207004007, 584.4469134500164, 692.8677538657877, 953.5124261052633, 1268.134974879545, 1700.289924391897], "classical_tts": [1114.1007221790642, 1039.2223381284682, 1265.7810204136592, 1103.9130942951526, 1087.3754831370838, 1023.4779211296249, 1043.3728866675322, 1125.1279752141143, 1047.1046928397527, 956.7894202747344, 884.6823670441071, 858.9201696919439, 818.3700393970615, 868.2257674260745, 765.2902836120257, 797.8961300671805, 803.9052727294126, 766.1896557124333, 770.7397232498049, 796.8825997844284, 778.4742221047916, 865.1988995200627, 876.1610270694557], "initialization_stats": {"phis_precision": [28.14390400773653], "psis_precision": [82.71654701448476], "phi_angles_psi4": [2.5582163491776195], "psi_angles_psi4": [-3.13370422391806], "phis_initial_rotation": [-1.467543125152588], "psis_initial_rotation": [2.6065053939819336]}, "final_stats": {"q": {"step": 16, "value": 406.6746195006653}, "c": {"step": 16, "value": 765.2902836120257}}}