{"initial_step": 2, "final_step": 50, "quantum_tts": [456.3367561648417, 916.8826526285475, 945.58778709287, 858.6053657507782, 1478.040020344551, 1829.7480935881822, 1983.7938139949194, 2949.8857758697645, 2550.813465295789, 1935.6046855859474, 1839.0895636678479, 2757.309636917276, 2723.3543784098974, 1802.249915274348, 2202.777056677612, 5035.835589944236, 5638.804070763632, 4165.065203781276, 5056.489669225931, 5942.708174262771, 5622.457953790141, 4010.0038062296767, 4679.0707407242335, 5159.104276981444, 4316.230415213989, 5475.843605365808, 6181.683116642315, 5385.648783827096, 5963.367712997627, 6349.333197258305, 4784.054906480318, 4000.6726484689325, 4408.951864690172, 5364.356004241767, 4926.41797273834, 4504.385384501264, 6628.929470802238, 8438.397388639542, 8045.866006175949, 7199.135789178874, 8277.95359477225, 9125.168204157211, 6296.8093140198725, 6389.571698314015, 7428.600122440723, 7180.08473632439, 7633.01646517368, 8618.451905942089], "classical_tts": [332.6135696246161, 246.58448629958832, 252.1010157038419, 214.00911955321624, 187.59211941786785, 159.26577676971664, 140.65532660348626, 147.1365382781175, 127.37456316436703, 122.25450694241682, 113.02743724292247, 110.26053405712985, 105.45857668378109, 104.91770128649217, 103.55023933171829, 101.74029595019324, 100.3411079236666, 96.37782114689227, 101.93597205342374, 100.38852945863864, 99.45037176062102, 100.45247101359216, 103.8580936461898, 105.05161714876543, 104.8998392306893, 109.3578195771325, 106.78414619485264, 107.55817552141578, 108.7236072913685, 111.14654206163776, 116.01492905794194, 113.38326503513741, 120.55984480873944, 119.29558969565556, 124.3697081093677, 125.01825325613343, 124.56324411934256, 127.65770024423668, 127.73823445002273, 134.7841366622418, 138.41961334943787, 141.3589725969853, 138.18244747099453, 144.1675795622672, 148.85330257054474, 153.45783716468188, 154.71528487975138, 155.31333712351298], "initialization_stats": 3, "final_stats": {"q": {"step": 2, "value": 456.3367561648417}, "c": {"step": 19, "value": 96.37782114689227}}}