{"initial_step": 2, "final_step": 25, "quantum_tts": [227.68105945684198, 223.54774805376843, 212.21591198440376, 238.85236066266566, 196.32462754919504, 192.96500761907598, 256.2277763637817, 260.0206997310124, 581.4958118100501, 1576.9395531964483, 2073.5936104275142, 1727.1536106814574, 1407.4364723144704, 3050.757198298143, 3862.7113876701155, 2785.0293090372516, 1551.6358529368329, 885.591663833013, 1087.9553371318773, 1582.1289024036691, 1681.581324456862, 2664.4090647904513, 3592.801635733506], "classical_tts": [219.6252806587395, 281.3878788283132, 274.47029790741726, 265.0942356869725, 280.85875126751455, 280.9777294393233, 263.58136317393496, 250.16533732925, 301.6174870074267, 307.7752149903655, 275.28347496728, 304.9338896669292, 316.79920736953585, 346.9694926078996, 344.21987080987975, 339.99689147588964, 331.581563738073, 361.448454828296, 365.9348894295692, 353.7794143998202, 422.4563982540975, 410.6327096678228, 427.5433245134717], "initialization_stats": {"phis_precision": [28.14390400773653], "psis_precision": [82.71654701448476], "phi_angles_psi4": [2.5582163491776195], "psi_angles_psi4": [-3.13370422391806], "phis_initial_rotation": [-1.467543125152588], "psis_initial_rotation": [2.6065053939819336]}, "final_stats": {"q": {"step": 7, "value": 192.96500761907598}, "c": {"step": 2, "value": 219.6252806587395}}}