{"initial_step": 2, "final_step": 25, "quantum_tts": [14650.307942448782, 22121.172410464987, 22823.02039411856, 25113.04118123238, 26607.644025809866, 29224.64962286075, 31095.486881513927, 32316.257991685612, 33467.08847587963, 36736.48845393996, 38769.526969345796, 38391.81788049267, 38180.14386873024, 37649.47035141298, 34628.55245200402, 32346.610110626443, 35563.44437106131, 34212.821219774785, 30495.13682796774, 37466.319436140526, 47628.43518744641, 57752.798783464, 55178.04556725426], "classical_tts": [24558.605001546697, 22101.36283518232, 11331.197740683747, 12274.696466699459, 22097.908417681534, 9910.766860638001, 10906.746026411281, 15778.791022372772, 10824.177547968293, 13495.831032937795, 12989.013057561951, 8537.483367782988, 10299.454712977778, 8895.952055035155, 10144.702373436687, 7348.68294875252, 7873.836015241744, 7586.646464423824, 7130.611789242388, 7487.142378704507, 7084.377806312489, 6392.811848868728, 6570.783052021043], "initialization_stats": {"phis_precision": [27.76951595709225], "psis_precision": [27.181731737768587], "phi_angles_psi4": [2.5307920507564523], "psi_angles_psi4": [-1.5085147862884132], "phis_initial_rotation": [-1.4832056760787964], "psis_initial_rotation": [2.4870171546936035]}, "final_stats": {"q": {"step": 2, "value": 14650.307942448782}, "c": {"step": 23, "value": 6392.811848868728}}}