{"initial_step": 2, "final_step": 25, "quantum_tts": [428.93921850934316, 555.3183841634299, 704.2515716012518, 913.8262516618881, 2003.2257186608101, 3079.4737306220873, 1960.9667394326905, 1420.7305627208118, 1133.1131887326958, 1745.4542829255663, 2559.1721163126413, 1605.1622592738033, 1355.8257801056602, 1248.2854818296198, 1444.2017856571454, 2138.385608869271, 3351.0719586550767, 3696.728761107099, 3845.3423577677904, 3754.2744990649758, 3495.407065868371, 4429.5867072093915, 6599.39776716381], "classical_tts": [407.04153407717314, 477.07728509062906, 450.21075125707114, 426.6279931628071, 459.4039707337866, 460.7840245619898, 424.150777099156, 410.3281245511655, 422.83260557714095, 477.8473668835215, 468.68667379658234, 444.4983348373759, 445.02817370999986, 439.2153911893287, 446.93589932855934, 464.1584868231958, 480.6010808214594, 482.83545807801437, 497.7133378318688, 502.45733380470654, 517.4956365862711, 520.4558406785231, 535.0734926585642], "initialization_stats": {"phis_precision": [16.578783820496156, 27.077263509611647], "psis_precision": [61.327486081546766, 71.43333162743019], "phi_angles_psi4": [-1.515288113221693, -1.5018352317513564], "psi_angles_psi4": [2.568302552522683, 3.023572617354488], "phis_initial_rotation": [1.1054666858088593, 2.490414743049546], "psis_initial_rotation": [-2.4999498984362862, 2.126124262386476]}, "final_stats": {"q": {"step": 2, "value": 428.93921850934316}, "c": {"step": 2, "value": 407.04153407717314}}}