{"initial_step": 2, "final_step": 25, "quantum_tts": [426.1299192586084, 583.4285890085681, 701.359434057249, 799.3852854103466, 1425.1804781607475, 3196.669090188925, 3959.0305151518955, 3358.863540480781, 2029.4876537408245, 2489.3512169628148, 4531.542551321199, 5191.426760088423, 5684.98047292187, 9527.416996436863, 11224.104788343655, 7154.4218245124, 10728.357935811211, 27442.563054982373, 31596.150228604023, 42170.096127353325, 47621.414811942785, 52714.106312814176, 44713.95293453407], "classical_tts": [385.49663557957587, 527.9043806035568, 391.52044613791793, 374.80664490059615, 399.3909664651572, 353.069455083762, 350.13682105022, 342.27025314616895, 346.7386636898891, 349.6649936292856, 361.940984408912, 339.0568621357718, 333.5402646474972, 339.42772218164555, 338.4948037486703, 326.82765730666137, 356.09012175921043, 363.1411012865341, 380.02906067857595, 374.9255175227947, 368.69249806498846, 396.60679109203846, 384.8821351967191], "initialization_stats": {"phis_precision": [44.37568941997249, 91.41010776430556], "psis_precision": [75.07446847082005, 20.79680014972404], "phi_angles_psi4": [1.570820563794899, -1.4946869265041298], "psi_angles_psi4": [1.4862136775877832, 3.1278197744944416], "phis_initial_rotation": [-0.17666869099721527, -1.7645463499319864], "psis_initial_rotation": [0.703155010198858, 0.6395778665901299]}, "final_stats": {"q": {"step": 2, "value": 426.1299192586084}, "c": {"step": 17, "value": 326.82765730666137}}}