{"initial_step": 2, "final_step": 25, "quantum_tts": [39.031716737453635, 44.5126404424993, 52.06395469138344, 60.87832242128198, 73.27797632380873, 95.94422576100355, 142.71974277963676, 156.40055480290675, 257.7509057549635, 631.1910675068762, 602.088334742644, 573.8665014121012, 666.0358429157529, 824.971755959014, 938.343057606392, 1313.8946778884795, 2481.511477033904, 3160.3916519881714, 6194.83669068219, 102170.6147684873, 86276.54624441458, 16831.461144505305, 10479.533535933067], "classical_tts": [52.6509595566183, 69.39389852157993, 87.6484299601875, 100.98267580390129, 122.38160695491317, 126.93266739456715, 148.0404174299952, 140.0976718058036, 158.14026444272145, 170.22933998642966, 195.58241896329264, 206.81407174721392, 201.6332579084372, 225.52079918016148, 244.26903338569957, 257.54908107603575, 251.38208563745832, 269.6819592861545, 285.42706488133445, 298.61068371363626, 315.11695815224124, 318.3620370272353, 364.29618577058153], "initialization_stats": {"phis_precision": [97.45229254839906], "psis_precision": [93.17376321075525], "phi_angles_psi4": [-1.4946345856773127], "psi_angles_psi4": [2.5811839587457355], "phis_initial_rotation": [-1.5746731758117676], "psis_initial_rotation": [2.3667314052581787]}, "final_stats": {"q": {"step": 2, "value": 39.031716737453635}, "c": {"step": 2, "value": 52.6509595566183}}}