{"initial_step": 2, "final_step": 50, "quantum_tts": [543.7742915935366, 758.2235217150013, 947.1938536888609, 1111.6825222086945, 1255.27769944936, 1377.186725354826, 1384.1616516821862, 1656.4209926769959, 1518.8392577616698, 1520.175569795615, 1625.6383910078716, 1797.6830518581544, 1604.3223065061213, 1798.2321128586686, 1683.162059890134, 1865.0437346571691, 2067.0058923746647, 1975.1606221339314, 2305.176358182599, 1938.8728538080234, 2031.2843960246942, 2038.6917043227309, 2154.4701351469953, 2109.892253978971, 1952.2551647170735, 2132.6549431487233, 2330.9632496069544, 2323.092132267941, 2354.8253092501427, 2549.9031866297814, 2752.490512643904, 2816.555932809125, 2576.79610058129, 2498.3085424471074, 2680.3765387670637, 2847.1942724260625, 2863.583766112865, 2732.3309447690085, 2801.7922735189004, 2551.5613980605544, 2519.79244074809, 2890.6021852434797, 2807.2807434417514, 2763.0640674290594, 2739.640427735155, 2714.1570546924218, 2759.5367985555376, 2722.51501829422], "classical_tts": [332.61356962461605, 380.299848561679, 349.6184707602045, 293.2428961598586, 247.10623532431794, 211.13224090519867, 198.49693773352834, 175.5019798567415, 165.5126210034382, 154.45053561645724, 150.2315938151892, 131.83274156018484, 122.1227232516705, 122.60836457218785, 109.41984284607884, 107.26627313468092, 100.43296509058425, 95.46524625790221, 94.84959526189478, 91.24036193249012, 86.16775075760759, 85.5288479429171, 81.92178292113539, 82.12637994012901, 79.26402468297731, 79.94919157150102, 78.96717018466254, 76.31696460645007, 78.89449388529775, 78.4612955983846, 79.54167805229318, 79.01305399246313, 79.79094374115205, 79.55560687771876, 80.12229737468213, 82.26396717383906, 84.9192611691207, 84.95895558510115, 84.96859018790003, 85.44441597700138, 86.22183749090563, 90.53485599710908, 90.51322377175937, 92.50703697336992, 94.82183234579371, 96.51935677837743, 99.07993962703603, 100.90229430550123], "initialization_stats": {"phis_precision": [14.21790103485543], "psis_precision": [78.1750423459577], "phi_angles_psi4": [1.9959093756563866], "psi_angles_psi4": [-2.640326184228101], "phis_initial_rotation": [-1.5923518123390918], "psis_initial_rotation": [2.9572078566430093]}, "final_stats": {"q": {"step": 2, "value": 543.7742915935366}, "c": {"step": 29, "value": 76.31696460645007}}}