{"initial_step": 2, "final_step": 50, "quantum_tts": [1322.9263413748145, 1075.40498719888, 845.0815928117241, 1400.6443962971307, 785.773777587944, 1082.3035692489166, 1066.2125335259052, 306.0297997647406, 1029.798410189522, 422.91343647798726, 929.7597876174249, 161.6777197396973, 424.99572473842403, 1021.0836237239089, 168.5566421096077, 533.7906836093373, 527.9226951069137, 432.2337955043256, 167.11766672183347, 524.545815928394, 589.4808463837733, 86.15140814483615, 611.3600959731718, 1012.5184188379013, 454.4949218055919, 514.5803024191653, 986.8034919460263, 897.1974031705962], "classical_tts": [74.26688695890033, 76.35249218151796, 75.82919354640613, 68.53953263859498, 64.8969367791957, 63.51612091762631, 60.26204381930348, 55.30725415093886, 53.332071823978346, 51.73352122111157, 49.00204605331744, 46.956445416436125, 44.90018532612376, 43.34455051895589, 41.990652310849896, 39.29005223619549, 39.708527057091615, 38.64627038348699, 38.72871422915787, 37.62708729715946, 36.541209043756524, 35.622937211676394, 34.75057642254431, 34.14172827678137, 34.51685017766314, 33.53458572615705, 32.95562336031312, 32.54416091044687, 32.323476364157465, 31.52043506301862, 31.791329043967796, 30.861149160069935, 31.77739745915759, 30.427544668300357, 29.961998150655084, 30.304397584363862, 30.16741381272444, 29.241605962097662, 28.724386405317265, 27.766890642785413, 27.904195997024125, 27.965624356104094, 29.13149029244783, 28.202663983481276, 28.82938984978086, 29.376947515845465, 27.793882660980497, 27.987179591002974], "initialization_stats": 3, "final_stats": {"q": {"step": 2, "value": 86.15140814483615}, "c": {"step": 41, "value": 27.766890642785413}}}