{"initial_step": 2, "final_step": 25, "quantum_tts": [1392.105663822997, 2704.7940331868735, 3340.3258907687737, 2807.8516308566127, 3669.230220151785, 5070.245501252539, 8604.123519775972, 11669.439471148477, 6536.3637044494035, 6396.212709089294, 9193.224249929299, 13357.649171852481, 9417.19723765468, 7968.797502821634, 19350.318839560892, 21092.401770824417, 8311.865665527026, 8116.835878392936, 11610.948036643862, 11582.918764456288, 8032.994843288203, 6678.161135525821, 10630.493136138655], "classical_tts": [1081.2652359606202, 764.0692824279798, 575.5614686725381, 497.5186241295136, 350.7300168844549, 301.08911237165336, 290.82572794498924, 267.20315034524253, 244.86210501096986, 225.76509710281567, 201.10499894453915, 195.6374491614624, 193.2709323485804, 188.55934209303516, 179.95927216509963, 188.1007046626601, 184.83285694905587, 187.10164434789093, 178.74580069688736, 181.83732462902262, 185.13936097127876, 190.45928495500823, 183.84006832809658], "initialization_stats": {"phis_precision": [2.7622894820200306, 66.54557542542865], "psis_precision": [66.38155167892445, 61.33625584533491], "phi_angles_psi4": [1.570709090494786, -2.5489826969983502], "psi_angles_psi4": [-2.6203661852996016, -2.6204219107225417], "phis_initial_rotation": [-1.4841036796569824, -1.4979809522628784], "psis_initial_rotation": [2.6066644191741943, 2.448106050491333]}, "final_stats": {"q": {"step": 2, "value": 1392.105663822997}, "c": {"step": 20, "value": 178.74580069688736}}}