{"initial_step": 2, "final_step": 25, "quantum_tts": [4254.37630170529, 4218.514752692681, 4872.471053190485, 5706.762981903857, 6017.185368334391, 5917.827389381828, 7044.889222576072, 7003.17720241216, 6333.496367916057, 7198.583346427563, 7211.072934071197, 11053.686993021529, 6241.525108326765, 8522.601842397673, 16682.55920143893, 7724.351099201398, 5832.619234442925, 12249.194056886563, 15809.34470228243, 11000.111317510735, 12801.02733357, 12729.709456181725, 17076.43119692231], "classical_tts": [2831.6476744680003, 4247.4715117020005, 3504.093906489456, 3064.3533900417565, 4414.052019847619, 3573.7339277964593, 2880.298390392982, 2142.6882452740274, 2130.4059569675046, 1846.274607536669, 1783.2883971379028, 1603.0193853686844, 1326.9912839136737, 1189.2418299652493, 1019.2531816954105, 990.4654769061535, 882.5811744900145, 795.6654924550768, 755.6274135725723, 716.6128493425789, 733.2844134453075, 676.9552082723869, 731.6368747324233], "initialization_stats": {"phis_precision": [27.76951216254272], "psis_precision": [27.18173932686767], "phi_angles_psi4": [2.5307920507564523], "psi_angles_psi4": [-1.5085147862884132], "phis_initial_rotation": [-1.4832055568695068], "psis_initial_rotation": [2.4870173931121826]}, "final_stats": {"q": {"step": 3, "value": 4218.514752692681}, "c": {"step": 23, "value": 676.9552082723869}}}