{"initial_step": 2, "final_step": 25, "quantum_tts": [3577.3370122315464, 3452.594367714248, 3357.735902164779, 3217.1074685522617, 3070.3154339058096, 2931.2440779800204, 2898.091961157124, 2918.6375683261226, 2927.92815784472, 3007.9556465202118, 3175.4072294389516, 3496.7001359032993, 3556.53497684857, 3807.028221963769, 4202.720033906458, 4486.058486029784, 5474.60622360756, 5475.359179441508, 5893.067306047822, 6799.848485089057, 6899.8901870987065, 5795.841112576506, 4598.973153369798], "classical_tts": [4331.974829047376, 4417.508600758323, 5258.4451265919515, 5412.088773984146, 3940.3769389767635, 3676.07121168561, 3629.434855128873, 3338.8423291780055, 2737.826271675435, 2821.2677164848697, 2498.0700312604204, 2505.728131267243, 2537.209460653196, 2141.357712592763, 2125.0234888722543, 2013.8163918741698, 1806.0418437388203, 1820.1058852681, 1690.4212996105634, 1702.6472414456443, 1483.856974599222, 1514.0046521322522, 1450.776635720102], "initialization_stats": {"phis_precision": [29.34891548740104], "psis_precision": [57.62881505304564], "phi_angles_psi4": [2.5308350215445605], "psi_angles_psi4": [-2.6015823465536183], "phis_initial_rotation": [-1.5327810049057007], "psis_initial_rotation": [2.350472927093506]}, "final_stats": {"q": {"step": 8, "value": 2898.091961157124}, "c": {"step": 24, "value": 1450.776635720102}}}