{"initial_step": 2, "final_step": 25, "quantum_tts": [115.74263116073263, 131.70944161400084, 153.79699674355592, 185.10697287709291, 350.6905797328876, 996.6026840175764, 1308.1890728952756, 1977.8424805944123, 1612.5994254091156, 1710.4007089536753, 3761.4288059051923, 5515.970516602468, 3773.392495781636, 1786.3590955361763, 1306.2195504853983, 2069.99271181405, 3288.7971881639487, 3178.2590010829003, 2946.589787870391, 2026.5064055131274, 1701.1515550713648, 2142.2941733315533, 7338.070373814727], "classical_tts": [127.40664771192631, 139.6835686703154, 168.31697103574075, 151.3436044640691, 183.5643700795433, 178.69628788864122, 194.7517531138643, 208.76078384455585, 233.2535479757882, 224.9238385262401, 235.96941779529334, 242.77404082868856, 287.69597549467983, 268.39574116512904, 278.8818350115973, 303.5111332327386, 321.3647293052526, 339.9679388091634, 310.1124530655071, 328.8267729610234, 345.1648626104813, 353.1780028801523, 364.9961458448085], "initialization_stats": {"phis_precision": [71.51474435879605], "psis_precision": [2.9834671908553934], "phi_angles_psi4": [-2.5265435207424933], "psi_angles_psi4": [1.5130992354923083], "phis_initial_rotation": [2.8617510878567574], "psis_initial_rotation": [-1.5347650320073098]}, "final_stats": {"q": {"step": 2, "value": 115.74263116073263}, "c": {"step": 2, "value": 127.40664771192631}}}