{"initial_step": 2, "final_step": 25, "quantum_tts": [168.84880291204928, 186.9565509444175, 191.38986809876565, 189.6564154072196, 185.43948289864025, 185.3714931300559, 182.610061449202, 186.82337956330986, 208.5127353040319, 218.69176736946693, 205.3020565589218, 198.4168782914704, 218.70870623659377, 233.89172888203117, 282.5664343577464, 394.19728622591833, 561.2002613720905, 696.7711599302412, 949.6891061942708, 1553.197564727039, 1723.3106307850662, 2080.9596146330987, 2179.3612160888265], "classical_tts": [216.98308847705158, 258.4361494812139, 315.73210538426673, 307.4844989776277, 309.7288139080914, 324.2060472944866, 318.17956283235736, 371.5377322127366, 365.06709461227325, 353.5995923531643, 358.76968181772406, 357.24855021148574, 382.24816561910234, 394.8821966746372, 403.5496389860888, 379.5196679854275, 440.109034231927, 429.35780969930113, 453.8044835845812, 443.1393530335473, 498.50525155890676, 461.682713719373, 466.8927194603462], "initialization_stats": {"phis_precision": [98.85281965935934], "psis_precision": [71.90116603243943], "phi_angles_psi4": [-1.4946228033161004], "psi_angles_psi4": [1.5243986496296744], "phis_initial_rotation": [-1.5306625366210938], "psis_initial_rotation": [2.40714955329895]}, "final_stats": {"q": {"step": 2, "value": 168.84880291204928}, "c": {"step": 2, "value": 216.98308847705158}}}