{"initial_step": 2, "final_step": 50, "quantum_tts": [138.41502245281384, 198.9159186510185, 254.4842470580806, 327.13475703794495, 302.21181800095326, 440.44178632516514, 376.26644985716854, 390.4274071238675, 534.8437077539975, 418.25628551128744, 623.0899840963995, 762.8043375690522, 846.1038551144438, 806.4917545155547, 876.7875916670492, 888.17061827914, 763.7037741019637, 993.293595104964, 1065.5357442163431, 931.508646614885, 1029.2606268625686, 1014.0163560365022, 967.1027915943939, 810.1236639435901, 790.9425126146089, 889.0309393077968, 976.3789080420686, 1312.4957147085747, 1683.9657798943763, 1954.7151863949448, 1891.4149980960465, 1973.3476311166808, 1887.504110678189, 2013.8471285395656, 1927.451465999888, 1893.3392588892489, 1936.8708607746835, 1687.446450580862, 1728.6675300218656, 1220.1457456371145, 1408.2381944572614, 1379.6573114546907, 1402.2655352766712, 1491.6681802657124, 1507.2166121387677, 1757.17130927401, 1439.0562498088525, 1830.3117509363806], "classical_tts": [79.91048203435916, 73.67378010701749, 65.06151788492858, 59.37919827406772, 53.59009598054965, 47.84630512711766, 42.68468652705273, 40.33752781105963, 37.509083203542055, 33.49936803799207, 31.245935722051293, 29.94341744473577, 28.040188519189492, 26.43490726658831, 25.702331607524226, 23.776037116812375, 24.09164561506674, 22.635716463632416, 21.399368052514557, 20.840208928607982, 19.857291112972106, 19.2932485773604, 19.87399373728955, 19.438769358165906, 18.046883162295984, 17.979749453627466, 17.8040462220556, 17.803074375136426, 17.82550366032635, 17.32669609022481, 16.65956245700123, 17.01643028442217, 16.318333821518934, 15.879353336253397, 16.06904579518115, 14.870685489535377, 15.846935228869679, 16.263959840155724, 15.372435736889079, 14.122882922718482, 11.65999458720398, 14.81180404089987, 14.66666666684134, 14.400282307462984, 13.93504453501454, 15.66666666685325, 14.540916036536913, 14.843851787298098], "initialization_stats": {"phis_precision": [21.306500647769923], "psis_precision": [14.86838732662521], "phi_angles_psi4": [2.5801230429979163], "psi_angles_psi4": [-2.6017795753816184], "phis_initial_rotation": [0.10789384849552475], "psis_initial_rotation": [0.07270891424764114]}, "final_stats": {"q": {"step": 2, "value": 138.41502245281384}, "c": {"step": 42, "value": 11.65999458720398}}}