{"initial_step": 2, "final_step": 50, "quantum_tts": [456.3367561648417, 916.8826526285475, 944.6744920656269, 858.5456600079766, 1478.209520889814, 1829.9102184515398, 1984.1289696556717, 2953.5520019455994, 2552.739168662725, 1937.2355946296532, 1840.082629477915, 2760.277751378086, 2724.8087553960936, 1802.8353438555707, 2204.053508681849, 5040.373287574938, 5641.568549416906, 4166.839599813379, 5056.194826287274, 5941.527712975711, 5617.631925972988, 4009.643246220769, 4678.22202362399, 5157.163319496367, 4314.214684912626, 5478.7249419157215, 6182.012861672707, 5388.359799595904, 5968.659760312311, 6358.864543750671, 4791.662571277063, 4004.833536049239, 4414.55721689661, 5376.713079716241, 4935.11897089156, 4511.246538387203, 6639.750554132689, 8456.528857267513, 8058.113337590726, 7205.776808060616, 8283.622697094645, 9130.978259461896, 6297.502120731355, 6395.82978960108, 7433.524965876773, 7185.200097767223, 7640.835485053753, 8625.45240516116], "classical_tts": [299.66989029460353, 310.52219318160843, 243.4557699699861, 223.87850042551645, 186.23076792120855, 152.5780968166884, 157.12436464663557, 139.9605328971328, 123.57593009885525, 125.12675218777002, 112.73291690875112, 111.47076127882954, 105.51714839875135, 101.62859238192374, 100.90670125121493, 104.6723510032671, 101.40558579862332, 97.47382268259844, 100.446402907605, 102.22717759178082, 103.3808913807338, 100.85717591359234, 103.443926645521, 98.93728802510185, 104.65630709370447, 108.80789408386823, 107.67892931405245, 107.47763574808513, 108.80440517327034, 113.01803672694805, 115.58509640968892, 114.63242937171778, 119.94003791862808, 116.6878204680937, 124.5971025139401, 124.43077413994203, 129.33272517469086, 130.77759642203017, 130.04164755540307, 131.30582105858335, 134.98944732016508, 142.32892225407707, 141.26608823301208, 142.2800200684208, 147.00376507592182, 149.71843547460347, 147.73350153635272, 154.87206072156872], "initialization_stats": 3, "final_stats": {"q": {"step": 2, "value": 456.3367561648417}, "c": {"step": 19, "value": 97.47382268259844}}}