{"initial_step": 2, "final_step": 50, "quantum_tts": [510.8322574475394, 663.5410531182264, 783.3319144195525, 844.2715661210832, 873.9192599975287, 977.2724139285257, 1023.9008076794947, 1126.6373778124055, 1148.6284351783754, 1181.5338024193243, 1270.2620505154166, 1456.496073961871, 1347.890476201147, 1307.9281669168233, 1260.748457137265, 1376.4205062637739, 1391.78872647294, 1418.8699683257576, 1800.7089010201023, 1731.1885615343024, 1819.07917094234, 2031.788836291249, 2046.5466863584456, 2132.6026072842646, 2231.556959218389, 2309.077307432718, 2293.022420589704, 2391.8615879076515, 2414.223910229449, 2472.1534070492335, 2529.099453744109, 2782.6429305193647, 2793.532083644965, 2591.8032381839594, 2646.9144678143202, 2635.6994242301344, 2699.5555648322816, 2786.7361737070432, 2857.3640636370956, 2938.3017743536975, 3016.4929271138976, 3082.5403768508154, 3164.761718461547, 3114.3550595072898, 3315.62373916786, 3333.7323888690266, 3227.6068717357402, 3253.317244963132], "classical_tts": [299.66989029460353, 323.528164375585, 277.67865551759627, 275.006433606797, 239.73144610307747, 233.317767914416, 221.28073869263542, 195.91416948704313, 184.211979854485, 179.10135657767717, 165.95464888153384, 141.63820306425032, 144.869552801232, 134.22784796350788, 130.70537908670926, 123.30579587504891, 116.31898303017674, 106.54838444399503, 105.39213456752131, 104.11774889558633, 103.98623438892172, 95.25127747743304, 95.41937382548782, 96.21499375499751, 93.94773527058211, 90.17902418721908, 92.44595063671096, 91.59383134079714, 89.80223725385527, 88.74173953695069, 89.53256906850199, 91.22059559129997, 88.28811791432412, 91.50913768964482, 95.52112505175575, 92.75715333397302, 94.10240302896851, 96.4144270197235, 100.38063928109993, 100.91098715541835, 100.42538416841393, 102.36302255975704, 105.70960858953103, 105.78526480325375, 109.57911184898492, 105.53273583320265, 113.02952586600995, 113.17086346648226], "initialization_stats": {"phis_precision": [17.138266298783233], "psis_precision": [48.26420399539407], "phi_angles_psi4": [1.5708577495949352], "psi_angles_psi4": [-1.534278440995215], "phis_initial_rotation": [-2.1091494189900875], "psis_initial_rotation": [3.1235788996274696]}, "final_stats": {"q": {"step": 2, "value": 510.8322574475394}, "c": {"step": 34, "value": 88.28811791432412}}}