{"initial_step": 2, "final_step": 50, "quantum_tts": [124.47934352870482, 151.51129842876136, 160.5236165722463, 175.8002690625671, 172.0635625415712, 228.72664797103647, 279.3289389978959, 229.7340945453521, 225.99361805891004, 191.70635679592928, 181.3201938786985, 189.39395270872035, 208.96657841313015, 243.9704506035824, 267.4592634528615, 287.2150752132343, 291.1126638949486, 274.26826530367305, 251.01478434683574, 260.03890319913603, 256.9101591555954, 240.8155709974871, 267.61076464864135, 261.38298170516083, 252.5719284550411, 253.70199540598924, 250.32358731537434, 260.69378277505797, 263.54710161496916, 288.07681331633813, 320.9855211812492, 331.45739033855125, 344.6977039040668, 361.5471691988926, 353.90290668504076, 357.25742218254896, 398.08180167123123, 405.1248706597098, 399.827799806443, 429.269924129555, 430.0008286838225, 406.9887077972195, 365.84701041458345, 421.729061301701, 452.2840089366445, 486.8382018951462, 523.6575456936891, 544.0254495510362], "classical_tts": [92.63029922699617, 118.23505274379269, 111.18459436855557, 94.23875285495723, 91.95525563085059, 85.12501469458715, 86.27845438604456, 79.28867498868132, 78.04250790350503, 71.8019669644067, 76.09246635355102, 67.72317787118308, 66.36694795955096, 66.3090237839805, 65.6425468661148, 62.06999869927302, 61.95828816085485, 61.76978258881459, 64.32662909193235, 64.72476408480517, 61.404817991229486, 66.78641442534156, 65.61415835836138, 64.69603779553769, 64.53958874577098, 69.06440369518674, 69.31499586094186, 68.59107570634737, 72.51735646920542, 75.80659569374114, 76.5145784140377, 81.6370357131214, 80.63610340592058, 81.8868990065881, 85.43747033813031, 85.62994834881283, 89.63390091982605, 90.1360021889299, 96.82147032445052, 94.11659328037382, 96.67455224561488, 103.37740931790846, 107.5964584040197, 108.70205414385045, 108.28315397936774, 110.56195777580682, 113.45290404986773, 111.11322607786424], "initialization_stats": 2, "final_stats": {"q": {"step": 2, "value": 124.47934352870482}, "c": {"step": 22, "value": 61.404817991229486}}}