{"initial_step": 2, "final_step": 25, "quantum_tts": [325.42498740540816, 658.5831959865081, 1126.072676936375, 854.1300905828361, 879.5821053333716, 1096.7502775903943, 1929.262330926865, 2659.71941822143, 1570.6515732938701, 1316.8498132327036, 1501.1947075802605, 2019.6273177496116, 1521.626299620786, 958.5695610846354, 1063.8475171658026, 1604.8443458454233, 1718.084966249479, 1386.5155343811284, 1319.9431538088013, 1912.0974807520577, 3074.109415806504, 2486.9661627136416, 2363.767770735513], "classical_tts": [283.28312582043117, 259.68339201421134, 230.02245142008795, 232.805947783859, 221.37594655336966, 207.82467249074418, 216.33346224309912, 201.19248262469657, 198.30629509503223, 204.95402499289327, 222.8209682536924, 216.2827040564674, 222.72284649700157, 224.0282633168178, 223.65068224784528, 233.23970978711014, 236.30314813032373, 258.8543652905136, 258.8174511374796, 263.3354442999712, 274.52731048841486, 279.6964768536528, 295.626175117593], "initialization_stats": {"phis_precision": [0.06386099476578533, 98.88983018574055], "psis_precision": [98.52887705020686, 68.0256536969878], "phi_angles_psi4": [1.5707569039948863, -1.5708759537949808], "psi_angles_psi4": [2.5812542080635814, -2.640232400643676], "phis_initial_rotation": [-1.572842001914978, -1.5359989404678345], "psis_initial_rotation": [2.5350375175476074, 2.638449192047119]}, "final_stats": {"q": {"step": 2, "value": 325.42498740540816}, "c": {"step": 10, "value": 198.30629509503223}}}