{"initial_step": 2, "final_step": 50, "quantum_tts": [52313.51016725808, 20809.91331005893, 722.9833008415858, 706.0335836067568, 799.1041587153562, 1161.496490498615, 2011.7723129258377, 2915.195700005815, 1740.2824288197241, 1080.137952463314, 10111.057302163574, 1240.3344142961573, 725.6681800811616, 4411.895789448788, 3447.4369164111317, 2522.781431288026, 900.0159344632597, 908.7689115935802, 904.203296328943, 7717.991311278183, 889.0583065243221, 668.4525864396039, 1903.3585384675794, 840.8189629997279, 774.9807659635867, 791.2744948927113, 856.8681448420568, 1349.117230758318, 741.227762116828, 850.5831635828789, 668.339685321266, 698.8750494017225, 803.3279528407413, 1163.7893848755364, 2085.6015429379036, 823.5358700690279, 1596.6285537442523, 2730.4531758709763], "classical_tts": [4602.867216938907, 3680.681190801217, 3198.98927111432, 1996.48591169048, 1835.151651887435, 1408.901027877277, 1464.4248100508732, 1284.8146275556578, 928.2701286438962, 895.9195561169006, 823.4108937222518, 719.4964447311675, 650.1299247917342, 585.8583422457278, 535.3735040788915, 441.33399011280375, 421.6238518673059, 426.46039106337133, 359.4489500689113, 356.0181528431627, 320.37614111322637, 301.430820644282, 316.68391447298507, 285.89125122263624, 294.4179225453855, 286.81697455756944, 279.1172590117591, 273.86466835837984, 269.98135137818826, 265.3301077268639, 280.0005398301835, 258.5696694697887, 262.65009019955687, 259.88703318315544, 262.96510425085205, 272.63724976075815, 273.25669914903517, 268.10344248602377, 282.6096203445896, 288.6008263699638, 287.2270874709569, 298.86939288296657, 311.5324516153564, 311.95026943962836, 305.17298156123184, 309.9100561660168, 313.0019617700616, 322.2794715543407], "initialization_stats": 2, "final_stats": {"q": {"step": 26, "value": 668.339685321266}, "c": {"step": 33, "value": 258.5696694697887}}}