{"initial_step": 2, "final_step": 25, "quantum_tts": [120.20962612195164, 149.1682063086855, 153.12179207298658, 205.1815653785923, 311.657183680224, 547.0762826838325, 1024.9939724388137, 2273.7323256299514, 846.4577893718033, 1023.5632913002884, 2218.9574455147103, 1816.6510257800505, 2018.6214030440542, 2517.1004500265367, 1442.5109797650261, 714.8918151060332, 528.8966864957804, 782.2673521912949, 903.0959534633298, 698.6285457357055, 656.2910718470962, 595.2038271197277, 632.8170352315174], "classical_tts": [112.81100397245622, 133.3035270973856, 146.33571134745364, 134.13597862031327, 162.50984821318332, 178.69628788864122, 189.24598734963752, 189.67451517384416, 211.83049165920698, 214.24717264390586, 226.69712022897642, 219.00630415226965, 255.57853381277437, 271.391829049057, 287.559160055129, 275.94993564969093, 309.0649460276245, 300.46650244117075, 302.99891891298324, 359.0445269198404, 342.4609755252977, 349.7879731012748, 412.0865947034993], "initialization_stats": {"phis_precision": [67.33479032647647], "psis_precision": [69.3933317137779], "phi_angles_psi4": [-2.5265435207424933], "psi_angles_psi4": [1.5130992354923083], "phis_initial_rotation": [-1.500335693359375], "psis_initial_rotation": [2.4746360778808594]}, "final_stats": {"q": {"step": 2, "value": 120.20962612195164}, "c": {"step": 2, "value": 112.81100397245622}}}