{"initial_step": 2, "final_step": 25, "quantum_tts": [2190.9682564576724, 2354.2463094626323, 2392.896931216311, 2330.675132469729, 2214.8682141563067, 2104.3386976589836, 2025.3973380034365, 1969.8325002773518, 1932.9460141401696, 1891.7250403533315, 1853.6053624187584, 1875.1084632917484, 1901.7461861268487, 1864.7893634018644, 1746.0583667368521, 1866.6234860950442, 2141.6305269043896, 1966.1888917662516, 1900.3737403502453, 2053.296531058471, 2171.962551662863, 2316.4306322926914, 2092.2186545831414], "classical_tts": [3875.7350102746186, 3561.838053180586, 3589.6720300501784, 3606.1386593516354, 2980.2243255815974, 3784.428325862171, 3378.4926911722055, 3305.3500737619593, 2935.780943929918, 3128.8301401963568, 2993.6213173368005, 3334.2254831184823, 2786.997902124986, 2395.878736728585, 2377.717862850537, 2455.8825376075415, 2435.3087187457336, 2383.5082434847877, 2112.621596154034, 2124.8105776190323, 1927.5966581945138, 1976.5966227615177, 2160.8469383438214], "initialization_stats": {"phis_precision": [72.87006473134312], "psis_precision": [82.31685331825832], "phi_angles_psi4": [-2.5639700672519443], "psi_angles_psi4": [1.5129570644342083], "phis_initial_rotation": [2.8669031866038512], "psis_initial_rotation": [2.068489501511312]}, "final_stats": {"q": {"step": 16, "value": 1746.0583667368521}, "c": {"step": 22, "value": 1927.5966581945138}}}