{"initial_step": 2, "final_step": 25, "quantum_tts": [469.0860814264606, 511.2913245231864, 529.1320007731198, 513.8749192833528, 490.7041908569672, 495.26061524991434, 451.09589567935933, 405.28362682267004, 376.3321064058062, 397.9079894806586, 386.82558943960373, 395.9499875600075, 422.3299550469116, 375.72258887353735, 370.53414028139696, 496.1914366178782, 592.8811058628283, 560.7371096017417, 624.0543816064117, 776.5082274056487, 1098.4020127086746, 1434.3670905125541, 1569.7132343263734], "classical_tts": [523.99920631044, 617.4615052499689, 641.7234891226051, 681.5661648396942, 750.0853168094095, 660.0157428851192, 570.9190530118609, 652.728046725287, 630.2525392596048, 674.1293216671413, 586.7504331014122, 635.6463025265299, 620.5066236359639, 611.9764044341127, 620.7265961175533, 596.6541400083279, 626.6503694359332, 603.9668071778569, 607.5285080559822, 623.4740174722325, 620.6667395345437, 649.9588853190719, 636.7758964432844], "initialization_stats": {"phis_precision": [67.61749752528472], "psis_precision": [61.53382143408952], "phi_angles_psi4": [-2.5641235943374006], "psi_angles_psi4": [-2.6001305374449513], "phis_initial_rotation": [-1.546797275543213], "psis_initial_rotation": [2.4746041297912598]}, "final_stats": {"q": {"step": 16, "value": 370.53414028139696}, "c": {"step": 2, "value": 523.99920631044}}}