{"initial_step": 2, "final_step": 25, "quantum_tts": [778.969854214851, 1681.1462385037767, 1581.6290517382652, 1302.7277764846863, 2291.0350217173273, 3663.005436172362, 3345.436822056158, 3602.2923347886795, 3344.7606072220124, 2227.6078884156486, 1897.9521270218247, 2343.7282220243455, 2073.534911470802, 1476.105837393296, 1831.7568493609551, 2839.747919782063, 2609.692814878988, 2691.4851252891, 3460.6488481271826, 3499.3202047491554, 3841.8410015043582, 3876.013062863993, 4869.316117081057], "classical_tts": [573.340605699029, 344.09458028137755, 327.27738762976213, 239.80655507601014, 197.68602238045122, 157.5423292173141, 130.9217923185594, 129.9790319283877, 108.79345758051244, 97.51356113583678, 90.49352164981582, 84.0081544106832, 80.04638646838465, 73.20557858910267, 69.23872909745987, 65.22770093039438, 63.148612936610384, 60.61080770626303, 59.283816080710025, 58.21002441625893, 57.12760570926854, 53.774830131840375, 52.15802554855622], "initialization_stats": {"phis_precision": [8.822632344762438, 95.63726993152096], "psis_precision": [60.632059351408564, 55.55277562000194], "phi_angles_psi4": [1.5708534688949276, -1.4656292156051838], "psi_angles_psi4": [-2.6402479591396975, -2.640173861951892], "phis_initial_rotation": [-1.2935680150985718, -1.328570008277893], "psis_initial_rotation": [2.4061570167541504, 2.2466607093811035]}, "final_stats": {"q": {"step": 2, "value": 778.969854214851}, "c": {"step": 24, "value": 52.15802554855622}}}