{"initial_step": 2, "final_step": 50, "quantum_tts": [102.60098972562454, 153.79193183240304, 176.72228914915448, 269.98741365245587, 266.92262367967476, 300.07290932216296, 276.44473178724905, 395.8492490044987, 669.3811987642969, 539.592520144144, 555.0579699290818, 652.6785042528838, 715.3500694733924, 659.9113759879831, 731.8703425895328, 637.2207452845407, 607.3137431927374, 1074.5334664928012, 671.1716912595646, 669.7351412230958, 850.4959422695821, 1000.5108799024316, 1680.0158160288001, 1869.5536054295044, 2209.3676902290144, 1724.6445886628792, 1247.3513222997328, 2578.817078582546, 2492.979329797584, 1728.3755252945762, 1834.804941856449, 2065.3518421025133, 2083.442235234797, 2621.261659546196, 2895.6635103670583, 2844.8293383730565, 3092.7627006117546, 2636.00924883766, 2854.2604546409875, 2964.4012978902597, 1945.9656080668249, 2266.7268812128896, 2526.682093802032, 3043.6059390583746, 2540.650692112613, 1637.6455122442903, 2665.299136399491, 3270.631322862575], "classical_tts": [59.899943162377475, 54.89023341443537, 50.65589693820707, 46.57706711665023, 45.575562261580835, 44.51940896193723, 44.78023059704037, 40.63444119521746, 38.958064876736344, 38.19683180628361, 37.486170193597104, 37.53914126652842, 37.544555116930056, 39.08416547695229, 38.41372109166893, 39.61177722075023, 39.53333292709465, 40.6638374887996, 41.11423865483819, 41.57181213755037, 42.74886600672645, 44.90829025197897, 46.92547389212259, 47.680004308960676, 47.22793794398743, 49.80464558800283, 53.51264572571975, 52.89909239611507, 55.842235987259556, 53.90194779803694, 59.89755868417296, 58.32135785706578, 60.42877355515442, 61.89967309849204, 62.02006854236914, 64.33458285572151, 66.21413696217867, 69.55996822150853, 71.59506661169763, 71.6444383059656, 74.91073500777841, 77.39870832486733, 77.4328480404909, 79.97925911711614, 79.92678334054047, 82.24543773179315, 86.15607480713373, 85.13939964535832], "initialization_stats": {"phis_precision": [65.41866717938053], "psis_precision": [67.41842520452346], "phi_angles_psi4": [-2.526485730943371], "psi_angles_psi4": [-2.6403019589286636], "phis_initial_rotation": [-1.4400811195373535], "psis_initial_rotation": [2.619302988052368]}, "final_stats": {"q": {"step": 2, "value": 102.60098972562454}, "c": {"step": 12, "value": 37.486170193597104}}}