{"initial_step": 2, "final_step": 25, "quantum_tts": [39.72752623104822, 52.09763979032813, 66.46988974627588, 74.68238786029227, 81.82404717005997, 98.06748351090155, 137.73463315877717, 245.1573146766898, 319.6750171829036, 354.5408337799839, 631.8602632510443, 1059.5463969145478, 1208.0265194793983, 1013.8970285266713, 1232.2248403895296, 4145.792798920343, 3460.252878097799, 6024.999470900408, 5993.881375539258, 3253.1801021485103, 3582.6023327471426, 5285.257858290692, 16109.687049047097], "classical_tts": [46.9129061026045, 60.96404038290029, 64.27619950852988, 73.21937836595072, 78.43451704735871, 78.55555514617376, 84.61898146993394, 90.20796235745449, 92.19772822410638, 94.72491782388272, 98.49193034904471, 106.32310790425679, 107.84524996454827, 108.3886114338557, 118.15550719722224, 116.92659525259484, 118.9303301597139, 126.0497097752914, 129.76301156934068, 132.63625618230682, 142.16764592577158, 137.4517465909841, 145.8547655716461], "initialization_stats": {"phis_precision": [97.52187451767647, 98.99069171353682], "psis_precision": [97.2639046195319, 82.93252808560037], "phi_angles_psi4": [-1.515288113221693, -1.5018352317513564], "psi_angles_psi4": [2.568302552522683, 3.023572617354488], "phis_initial_rotation": [-1.593140721321106, -1.533543586730957], "psis_initial_rotation": [2.4823455810546875, 2.487382173538208]}, "final_stats": {"q": {"step": 2, "value": 39.72752623104822}, "c": {"step": 2, "value": 46.9129061026045}}}