{"initial_step": 2, "final_step": 25, "quantum_tts": [118.35846368289523, 130.32800689420404, 132.8831572761279, 149.02840496637316, 168.22588340021764, 217.48519384516618, 338.62448862000645, 334.50865219842797, 260.56625419952354, 293.48024451294265, 365.0384721835216, 270.9100643160989, 178.4566055418231, 133.81893927508298, 120.14770509553365, 154.79026490711294, 280.19528130589663, 373.2981384152209, 316.22822914904094, 508.5040946457477, 1071.747124327252, 2451.8136776491046, 3568.20259689486], "classical_tts": [128.32676917788237, 132.62954679704197, 167.50852472738458, 166.65554851029714, 147.78026619373756, 167.00803315847577, 166.05446300858895, 162.1115487464393, 173.5512901198539, 191.31801015489663, 177.70870747683927, 207.64285502523754, 212.50610836617255, 216.83108848431382, 227.10059729360378, 219.62610111707238, 255.9520146116882, 271.1557116372677, 258.38364837302635, 307.521389136988, 301.839624430371, 311.16859972096773, 306.46047599319405], "initialization_stats": {"phis_precision": [38.87812056663584], "psis_precision": [27.628915482702144], "phi_angles_psi4": [2.5308350215445605], "psi_angles_psi4": [-2.601582346553618], "phis_initial_rotation": [-1.8321498116204467], "psis_initial_rotation": [-0.32797767203492834]}, "final_stats": {"q": {"step": 2, "value": 118.35846368289523}, "c": {"step": 2, "value": 128.32676917788237}}}