{"initial_step": 2, "final_step": 25, "quantum_tts": [571.4272782470287, 660.9018717989313, 622.4098580640838, 437.58439542048535, 378.03509219053416, 417.71438602772423, 488.452354827351, 533.9343237691721, 537.367024522922, 583.0551829423775, 675.6552031721556, 878.8205438426962, 991.3995491908621, 794.7515848664705, 1121.778971577727, 1397.7316320811665, 954.9271442154045, 966.059580874856, 1455.2230480909009, 2136.435623064546, 2340.9006798025953, 3442.150793921395, 6545.9303775255075], "classical_tts": [523.99920631044, 517.8784651436235, 393.6618614991761, 331.58533158826464, 315.2694467208222, 280.9777294393233, 239.17978787848273, 212.30063791289444, 233.57998548414474, 209.01598337321678, 208.48582660517383, 201.96748345211853, 199.79894541693795, 207.4433111019173, 197.56179519165093, 194.55375999930476, 200.9473204825915, 199.68624923120097, 191.3721909489755, 200.27884418339693, 211.76788212365153, 218.345050508761, 228.7393291731958], "initialization_stats": {"phis_precision": [8.822632344762438, 95.63726993152096], "psis_precision": [60.632059351408564, 55.55277562000194], "phi_angles_psi4": [1.5708534688949276, -1.4656292156051838], "psi_angles_psi4": [-2.6402479591396975, -2.640173861951892], "phis_initial_rotation": [-1.2935680150985718, -1.328570008277893], "psis_initial_rotation": [2.4061570167541504, 2.2466607093811035]}, "final_stats": {"q": {"step": 6, "value": 378.03509219053416}, "c": {"step": 20, "value": 191.3721909489755}}}