{"initial_step": 2, "final_step": 25, "quantum_tts": [163.15232042723235, 198.15372257287828, 255.81834720888588, 494.13570909279537, 335.73578251526317, 495.0672071371937, 486.93315266559574, 785.2932367695125, 888.2228769166919, 1410.6950393598618, 1191.8355774025695, 1652.141364452106, 1395.9547062070474, 1459.9226320563791, 1188.368062561299, 906.471882526245, 1068.3807132799277, 963.7431067822569, 883.1156549432059, 945.1078022731127, 1436.0625996947342, 1797.87201792205, 2104.9277166775473], "classical_tts": [110.0025734427188, 154.41192040273467, 159.82096406871833, 198.86222677022334, 237.54760133145078, 300.3491743455314, 251.04000986898967, 304.7036753071034, 338.55963923011495, 358.2992029761856, 414.4189022280543, 410.95267310152326, 449.1937037410867, 470.7000185043556, 446.2010826658022, 466.4145010726251, 554.6649454405401, 546.0037001851172, 576.6898999535374, 661.4047011063998, 627.9681275898486, 618.989764158361, 678.2179672894663], "initialization_stats": {"phis_precision": [90.16853416879196], "psis_precision": [13.668828788395937], "phi_angles_psi4": [-1.5018168587694598], "psi_angles_psi4": [2.581223687401196], "phis_initial_rotation": [-1.8106814670628821], "psis_initial_rotation": [-0.9897878872366106]}, "final_stats": {"q": {"step": 2, "value": 163.15232042723235}, "c": {"step": 2, "value": 110.0025734427188}}}