{"initial_step": 2, "final_step": 10, "quantum_tts": [117.38977699340988, 233.47159474935523, 319.5218515903217, 379.88076827685325, 594.5184031647989, 574.2382361558833, 478.0458473443938, 701.7215846614139], "classical_tts": [81.02710144711097, 80.99556949925434, 94.62299367481877, 119.63269852493013, 101.07983268566292, 124.97517250759823, 134.21007417126415, 135.05549442733857], "initialization_stats": {"phis_precision": [97.36126637740897, 78.43186703359774, 78.46774597598545], "psis_precision": [92.30188506827119, 58.77289702125743, 63.4054428422222], "phi_angles_psi4": [-1.3857856964184652, -2.037047049337555, -2.0359199983286067], "psi_angles_psi4": [2.044459532544857, 2.637386964029599, 2.491851602471857], "phis_initial_rotation": [-1.4686839580535889, -1.359464168548584, -1.3594642877578735], "psis_initial_rotation": [1.8026161193847656, 1.3421993255615234, 1.342199683189392]}, "final_stats": {"q": {"step": 2, "value": 117.38977699340988}, "c": {"step": 3, "value": 80.99556949925434}}}