{"initial_step": 2, "final_step": 10, "quantum_tts": [524.2979339211468, 1001.5304499307267, 660.7244101551388, 628.3196887833118, 1551.5210902587894, 2168.6198389226647, 1995.753102558663, 2785.8250186387995], "classical_tts": [315.28975347005877, 270.1058672929777, 215.96905336781373, 197.05842123965454, 170.69052461428828, 144.93265857225836, 119.9354129831192, 105.72291971856166], "initialization_stats": {"phis_precision": [26.3867834618964, 91.13455470552873], "psis_precision": [57.00005763994183, 5.029387709830924], "phi_angles_psi4": [-1.5178665728531433, -2.51274581566028], "psi_angles_psi4": [1.524092687483897, 2.576093076193505], "phis_initial_rotation": [0.794760829979066, -2.791261993739411], "psis_initial_rotation": [0.17320965725246396, -0.40749670258369175]}, "final_stats": {"q": {"step": 2, "value": 524.2979339211468}, "c": {"step": 9, "value": 105.72291971856166}}}