{"initial_step": 2, "final_step": 25, "quantum_tts": [148.11702077649016, 166.5033741024676, 180.1855794966716, 205.34872020006188, 202.63942090670167, 201.0479399497674, 230.82206024373522, 192.02584883200163, 235.88395370199885, 468.63940461488113, 480.550619207459, 407.8827744544279, 401.53689980001735, 520.4177683684836, 1118.1174480899701, 1586.403647657815, 808.5355145425638, 474.00438607697856, 542.44224484624, 1001.659895433936, 1407.616026057737, 1156.0163746220974, 1228.5862325683233], "classical_tts": [168.2487696935077, 234.72763991576377, 197.78415224475347, 218.83551315638752, 231.22191697494145, 226.29031692942485, 281.92542712876383, 298.8210885165455, 296.37615335488084, 300.82293017596635, 348.37592921960504, 369.82946999762464, 385.354296218558, 376.07059812365, 447.6730399859862, 427.48876615948564, 423.4055208433127, 448.19023559388825, 447.69661945430045, 493.97310765053146, 541.8609760437043, 601.7307975874168, 582.5624975525723], "initialization_stats": {"phis_precision": [72.13000248667643], "psis_precision": [86.88197243283466], "phi_angles_psi4": [-1.5708471341949184], "psi_angles_psi4": [2.535740409371408], "phis_initial_rotation": [-0.6952853397606873], "psis_initial_rotation": [2.1236254190254584]}, "final_stats": {"q": {"step": 2, "value": 148.11702077649016}, "c": {"step": 2, "value": 168.2487696935077}}}