{"initial_step": 2, "final_step": 25, "quantum_tts": [64.16809339976474, 72.50571810390193, 70.5523669139901, 78.72392444675052, 119.64317336267658, 242.68522762897442, 586.2634527095217, 703.4843007427038, 802.8251248101474, 390.19469793425765, 410.43498091018785, 691.3524419068118, 735.0768872936621, 731.343883947847, 780.0231760043669, 856.2996318506035, 754.2260131527411, 426.5282322172131, 515.9119462997378, 656.7937683576619, 445.6170440142425, 512.2214554748479, 708.8715944617019], "classical_tts": [84.97842336211343, 110.21795272791553, 118.55046134195233, 166.65554851029714, 165.15184123652483, 177.08418135655955, 202.38192155035378, 196.68910794104528, 225.67123246391753, 248.23835571030926, 284.6747734669089, 286.3705513173106, 299.6340398293056, 284.6902738070316, 358.15729556344036, 358.2740842172612, 360.87582767205635, 379.07281849135984, 417.23680498434845, 416.9473102550805, 410.8483767870114, 441.6589618111019, 468.56343248083476], "initialization_stats": {"phis_precision": [68.5886971133387], "psis_precision": [71.14268258095015], "phi_angles_psi4": [-2.5641579325261574], "psi_angles_psi4": [1.5391379706873562], "phis_initial_rotation": [-1.5773427486419678], "psis_initial_rotation": [2.4457173347473145]}, "final_stats": {"q": {"step": 2, "value": 64.16809339976474}, "c": {"step": 2, "value": 84.97842336211343}}}