{"initial_step": 2, "final_step": 25, "quantum_tts": [5011.993640000058, 5171.825814977675, 5293.844476001277, 4668.601159239886, 4325.786266186514, 4228.2809958007, 2870.248635104859, 2388.5441976263664, 3160.271483616761, 2711.9977022608177, 1614.5976150885615, 1497.7547386030217, 1790.2695929695676, 1468.970796157132, 1171.3698914925149, 1342.8188793252052, 2020.5234345789463, 2278.3956944542174, 2199.0213215410295, 2896.6562706688696, 4186.672873287421, 4511.012377158269, 4999.167537330997], "classical_tts": [9208.037594954127, 6904.300825408362, 4907.574921068289, 5412.088773984146, 5810.146584186872, 4951.350626197424, 4902.965424066811, 5013.453249805789, 5251.530302408014, 2881.99563470742, 3056.2771297119193, 2355.9802134636816, 2132.9207241214062, 2471.971578446418, 2871.0584718042674, 2485.589237029089, 1906.947325728473, 2049.0117077120385, 2046.627207434643, 2044.3601458967903, 1759.8142640700573, 2191.6107846565064, 1877.8211193261102], "initialization_stats": {"phis_precision": [0.5177184031747273], "psis_precision": [26.496205382366433], "phi_angles_psi4": [1.5708577495949352], "psi_angles_psi4": [-1.534278440995215], "phis_initial_rotation": [-1.5544703006744385], "psis_initial_rotation": [2.4397170543670654]}, "final_stats": {"q": {"step": 16, "value": 1171.3698914925149}, "c": {"step": 22, "value": 1759.8142640700573}}}