{"initial_step": 2, "final_step": 25, "quantum_tts": [447.49428243415014, 709.3677191554241, 546.2268105738854, 466.0336383826825, 807.3646755423089, 1121.3054287905413, 1165.4610147074322, 1691.5544587356512, 1808.4960270694723, 1760.8876999281806, 1660.2099084248061, 2265.147716024667, 2662.1481167260044, 2009.799638383769, 3290.592383666279, 11021.842387641369, 10699.389037214143, 17121.301963486374, 7326.433154221542, 4149.770187911543, 7901.993894697682, 11094.981429456922, 11334.320304020877], "classical_tts": [309.90664010845614, 277.04975063962166, 242.62315363132637, 182.14903077505267, 154.81101565048613, 138.47949179524852, 119.70817994761477, 110.32594642954652, 96.51430094036294, 85.65172805869364, 79.24660740038537, 75.90816822797706, 72.32688943441666, 68.22437128809892, 63.7601644605962, 60.65914926201866, 59.23739276922715, 57.801459562736554, 55.438118491675176, 55.03726674435494, 55.834454014767985, 53.012829202111995, 52.998748854897855], "initialization_stats": {"phis_precision": [54.16643280483886, 69.48319299309821], "psis_precision": [29.89316090297408, 95.8070049162999], "phi_angles_psi4": [-1.5090061529896548, 1.5706674987945404], "psi_angles_psi4": [-3.1305107197857307, 2.4956793155219437], "phis_initial_rotation": [-2.9489101328709793, 0.611953731755539], "psis_initial_rotation": [0.9502032806576723, 2.6274061410368468]}, "final_stats": {"q": {"step": 2, "value": 447.49428243415014}, "c": {"step": 24, "value": 52.998748854897855}}}