{"initial_step": 2, "final_step": 25, "quantum_tts": [383.99112999975773, 444.61247383850196, 386.03016497978575, 257.546149717691, 235.13488598745687, 257.2872248699049, 289.99710666899614, 371.62899869608316, 461.1057327307122, 580.6452197728552, 955.6477959190227, 1618.7082114049645, 1522.2847096535202, 1176.2114736124247, 1880.637042241363, 1661.4991015295682, 1027.6415855219902, 1334.106422932501, 2182.2758900029257, 2993.070927012285, 5274.19627820593, 13887.883872907403, 20091.891483206513], "classical_tts": [421.1571437692848, 464.8599601626842, 312.9701865543517, 294.21708284141266, 297.5128463156152, 266.79534444364606, 239.5997726495099, 243.76477231977498, 237.90410811516898, 231.5289152360543, 232.6165902172029, 220.39218985529118, 226.10442627622368, 225.73551826322586, 222.85288780101502, 233.85759916958176, 241.002865944706, 238.64622431359518, 247.75246842152143, 250.56873130278854, 258.63443680715153, 265.03073545998046, 288.1743256365195], "initialization_stats": {"phis_precision": [41.15619752015473, 32.08371453458031], "psis_precision": [39.38973806640287, 84.52428186640707], "phi_angles_psi4": [1.570709090494786, -2.5489826969983502], "psi_angles_psi4": [-2.6203661852996016, -2.6204219107225417], "phis_initial_rotation": [-0.2779234853049215, -0.4153296622256524], "psis_initial_rotation": [1.7586915856525662, -3.10660593469776]}, "final_stats": {"q": {"step": 6, "value": 235.13488598745687}, "c": {"step": 13, "value": 220.39218985529118}}}