{"initial_step": 2, "final_step": 25, "quantum_tts": [235.2606652414834, 292.8554006326578, 334.0057639145315, 364.70663646241604, 388.4440440065298, 433.06760947243777, 432.4917325899471, 472.3199375209723, 494.26901049368007, 565.5187424669808, 663.0840008500161, 848.7272204138839, 877.1927356585733, 948.2276245172748, 1171.3136027838873, 1907.9887094015658, 2113.6073679292813, 2528.270405133481, 5694.886319769068, 5090.504111487757, 13337.82237335531, 32222.771273144026, 58489.06056402775], "classical_tts": [185.6540257287792, 212.39475330464592, 238.54249914059002, 223.87850042551645, 250.06139536687425, 243.69736589175176, 220.20245498203312, 249.75588779575847, 217.11194395843708, 217.87347792990545, 211.67375854390423, 204.97156930102383, 209.09304576236326, 206.89278968039955, 208.10148580781964, 200.16460455069586, 209.6551885098617, 201.5454036944013, 214.60668835064027, 205.96150796244308, 209.40177099359627, 218.48854716569642, 222.13045648850363], "initialization_stats": {"phis_precision": [68.98349608349442], "psis_precision": [96.16333051642177], "phi_angles_psi4": [-2.526347046736313], "psi_angles_psi4": [2.568298115398991], "phis_initial_rotation": [-1.551934838294983], "psis_initial_rotation": [2.447765588760376]}, "final_stats": {"q": {"step": 2, "value": 235.2606652414834}, "c": {"step": 2, "value": 185.6540257287792}}}