{"initial_step": 2, "final_step": 25, "quantum_tts": [85.33917876026617, 165.38743785112447, 173.11474525232126, 154.73819899155507, 255.23284312585804, 354.58366776472707, 344.93272714833984, 398.80022738281684, 409.874408241044, 360.06329583941056, 297.02335450618796, 297.5595225495836, 292.8033689826261, 231.64774304642768, 228.0790041776733, 273.3437921827017, 302.7377092149576, 319.30310920218085, 343.23492916064225, 377.93224604536545, 460.80821345713844, 492.366053440719, 564.4900649677045], "classical_tts": [75.07169314714359, 71.47291385303512, 76.27219377014372, 74.53505643014904, 68.04510495952717, 64.57989939139848, 61.59112449144023, 60.19787921827177, 59.05587906916487, 55.53254946965404, 55.18819561850232, 52.26742187005759, 50.028463230675094, 49.93690604514492, 48.89831017488322, 48.12744620832059, 47.646024718368, 46.13123877424593, 46.349412206967116, 47.00889625104932, 46.415070952883944, 44.5533994334557, 45.25210688848142], "initialization_stats": {"phis_precision": [99.9736427869361, 97.93878440301674], "psis_precision": [66.52160848914554, 99.71745729171018], "phi_angles_psi4": [-1.511393197974324, -1.5018626103009003], "psi_angles_psi4": [-2.6204803873824294, 2.492508155721956], "phis_initial_rotation": [-1.510565161705017, -1.5666176080703735], "psis_initial_rotation": [2.610950231552124, 2.5013844966888428]}, "final_stats": {"q": {"step": 2, "value": 85.33917876026617}, "c": {"step": 23, "value": 44.5533994334557}}}