{"initial_step": 2, "final_step": 25, "quantum_tts": [421.22391360456277, 588.9297188119234, 567.8096080264712, 911.777897291119, 2713.246750151413, 1865.0596610709629, 1699.287405712083, 1705.4724878897441, 1622.4033431031708, 3028.119160340597, 4085.2827076738595, 4105.595908963776, 4765.591329660888, 4367.638464387701, 3356.43099846836, 3333.3120489071243, 6836.660999187747, 8931.116106178242, 6744.557558528012, 5239.9752628321885, 3208.937704165921, 3104.33361310884, 4450.982832186707], "classical_tts": [345.25231009574907, 308.74817115054475, 261.37039372972504, 224.45283740177422, 224.24325269534, 176.55296705641385, 173.0092272275978, 157.38076964614282, 144.28845894321654, 136.9289139324781, 124.43580933657242, 113.32978707399009, 111.99003283826701, 105.19515991654633, 102.57129858048955, 95.9485148684436, 89.58877135338886, 92.21729931922911, 91.26466791168887, 88.69769881592609, 87.3667750522095, 88.04857657819558, 86.6566744628241], "initialization_stats": {"phis_precision": [71.40048279006915, 68.6217201137446], "psis_precision": [10.437038269268516, 2.9329947269100876], "phi_angles_psi4": [1.5707569039948863, -1.5708759537949808], "psi_angles_psi4": [2.5812542080635814, -2.640232400643676], "phis_initial_rotation": [2.469237235624223, -2.556653689524424], "psis_initial_rotation": [-0.23244921800651674, 0.5935029998169004]}, "final_stats": {"q": {"step": 2, "value": 421.22391360456277}, "c": {"step": 24, "value": 86.6566744628241}}}