{"initial_step": 2, "final_step": 50, "quantum_tts": [82.9801803418568, 149.61788319580856, 166.8352602754574, 172.8841884647092, 289.0727742321931, 381.54989853123374, 435.0775276592953, 592.8004828471403, 650.3613798991529, 615.2771270747472, 517.8428670169867, 566.2130156479147, 715.7180204205763, 665.9127449761652, 720.5536761854407, 900.6331274725899, 986.3887790154888, 973.4876612996652, 968.1384536019185, 1028.0458710275975, 978.4897349312803, 791.0250859756014, 924.8006730899822, 1077.8986197573497, 1059.1990940411047, 1279.1787208937585, 1565.7464395398356, 1666.5973166432182, 1675.3180241507057, 1776.0424991842674, 1811.7107892072604, 1469.7597035597203, 1262.5218273654498, 1485.1576779590139, 1699.9942186721594, 1645.9571973256777, 1831.8472781598482, 2118.31879315097, 2160.031181461513, 1956.518169945464, 2206.0655249901215, 2038.6022839754044, 1528.078025319897, 1713.0222817250706, 1996.8214903734954, 2093.971603491064, 2216.837841663181, 2260.2805430245207], "classical_tts": [72.85961231002106, 73.24467724875792, 70.48101104510793, 68.96426322679984, 64.33555647228312, 63.115095578713294, 59.239875581636234, 55.22683655190054, 52.6028540798353, 51.34778148445672, 49.50205089742988, 45.94387470525042, 45.09304481103917, 45.20153514444331, 43.74277223890556, 43.873114664881626, 43.09802945043444, 41.43253823872419, 40.81983065840057, 40.8761769013021, 40.79437465279921, 40.82068537003788, 40.1224520457814, 40.98706670294476, 41.324730555141166, 40.20128057193793, 41.595341730104124, 42.10366828819924, 41.44645230253829, 41.693409079358716, 42.74269087529033, 42.775407239953886, 42.97510533250132, 45.38671931828867, 43.9629524064171, 45.895459071190125, 44.52336930812355, 46.35899542342165, 48.1227333923195, 47.18812162456681, 50.103919868950754, 47.91190227011517, 51.08541008136715, 51.52865384512991, 51.695190849955836, 52.21871101064511, 54.427897219454614, 54.54512071304961], "initialization_stats": 3, "final_stats": {"q": {"step": 2, "value": 82.9801803418568}, "c": {"step": 24, "value": 40.1224520457814}}}