{"initial_step": 2, "final_step": 25, "quantum_tts": [993.3982922948288, 1074.0961297704946, 1088.8162842292822, 1068.6464502287342, 1012.716293879573, 965.6859599539262, 923.6715253616289, 896.0479691182194, 875.2348041595812, 849.4570757567343, 832.8735251771955, 847.4524261651952, 844.9597749384201, 829.4144967884755, 819.1051769170448, 824.4794336190714, 901.4817387344932, 956.1928538363491, 946.3073273838602, 924.9638597171961, 924.8328077357596, 994.0418042602556, 1074.434421571865], "classical_tts": [1565.4137960644873, 1450.8076507864866, 1323.006116729036, 1516.606563576362, 1507.1102452636178, 1888.1760335766967, 1502.2113075301838, 1631.0632247056258, 1433.2155211802522, 1361.0421854991944, 1376.3783211255102, 1393.619910752438, 1320.0314857702383, 1227.290203611608, 1196.8699395337214, 1293.333798369513, 1211.7692097815814, 1193.2450200580276, 1089.8440622605453, 1139.0632200524117, 1038.1269379692746, 1049.982960246137, 1031.035544197343], "initialization_stats": {"phis_precision": [67.21732344679319], "psis_precision": [74.142806737413], "phi_angles_psi4": [-2.564113370113935], "psi_angles_psi4": [1.5004190792674215], "phis_initial_rotation": [-1.5342152118682861], "psis_initial_rotation": [2.31274676322937]}, "final_stats": {"q": {"step": 16, "value": 819.1051769170448}, "c": {"step": 24, "value": 1031.035544197343}}}