{"initial_step": 2, "final_step": 25, "quantum_tts": [429.4342424526465, 659.6514990078497, 579.3719194114256, 598.0694862265624, 1082.6708815455402, 1317.7240479716734, 1385.369186703788, 2738.22464670093, 3276.802850054718, 2920.167751962673, 3754.506097346046, 5079.747146801564, 5935.571294021, 6492.3902421287385, 9596.668505437088, 10393.709736079474, 5158.717316731596, 4318.995466203945, 3986.879561180498, 3016.84289475685, 3393.195197204648, 4743.983812575043, 5799.549574381593], "classical_tts": [421.1571437692848, 290.47946646500515, 273.4169865277182, 260.3959285252041, 223.2795218744682, 201.8414649837381, 173.46221702602892, 171.4122117167722, 152.52114972337094, 143.06977149287601, 144.31503804844272, 131.28828188102125, 124.34087123439583, 124.21257714457057, 123.46051039925142, 118.7187208310978, 108.44883109154418, 112.95392184749065, 108.88749104962585, 108.11125324465203, 110.25320267965972, 107.94513444516078, 112.54471303618469], "initialization_stats": {"phis_precision": [37.63614984696143, 18.899488785747486], "psis_precision": [20.048783481490993, 4.859268696853891], "phi_angles_psi4": [-1.5089041861744306, 1.5707790854948958], "psi_angles_psi4": [2.0690155554647496, 2.4956133910884564], "phis_initial_rotation": [2.815062986101549, -2.1645585193539674], "psis_initial_rotation": [-0.4427259891363984, -0.7986376908998869]}, "final_stats": {"q": {"step": 2, "value": 429.4342424526465}, "c": {"step": 23, "value": 107.94513444516078}}}