{"initial_step": 2, "final_step": 25, "quantum_tts": [524.0163723075964, 576.0715271527021, 590.619332460719, 586.7097813911938, 567.8688924136507, 550.0274449030003, 534.9009500870071, 525.83396835926, 524.2259147002285, 533.5719057667928, 538.7263380742116, 539.0282912863717, 550.7245049924322, 570.2893581710881, 591.1477936033693, 619.4704135037439, 665.158172171961, 725.3600928853905, 800.0817054161665, 872.4874238137846, 963.5933343188078, 1111.8210271354883, 1212.17851385974], "classical_tts": [713.0611789242388, 709.5991280521541, 832.6900104201402, 835.3572892882243, 993.2941906453277, 1027.6208101082427, 917.5855474170068, 1042.2143572883567, 865.6113067140377, 963.7983290972569, 955.627426240494, 927.743461144274, 937.1703916179644, 925.6614835284223, 859.930331876054, 930.6749675717064, 880.1256496521183, 927.7308219643189, 850.8200953790565, 917.959683645307, 884.0929451582585, 866.1390754704366, 896.97301078136], "initialization_stats": {"phis_precision": [98.7075542794633], "psis_precision": [96.59164345741267], "phi_angles_psi4": [-1.5708471341949184], "psi_angles_psi4": [2.535740409371408], "phis_initial_rotation": [-1.5302437543869019], "psis_initial_rotation": [2.428663730621338]}, "final_stats": {"q": {"step": 2, "value": 524.0163723075964}, "c": {"step": 3, "value": 709.5991280521541}}}