{"initial_step": 2, "final_step": 25, "quantum_tts": [580.0064813155923, 628.66365558666, 646.5426430418597, 630.896465743354, 608.3819964831423, 606.2373302806077, 544.9702474199051, 495.03958988413325, 491.9336777860432, 473.3564435126975, 421.8829271003457, 433.7168806974658, 446.32159096121137, 387.6564517497248, 374.4867594063479, 453.7792526426979, 657.5974152142506, 710.8981831789192, 699.3088043222476, 896.4697414852212, 1259.0457892035315, 1708.0371944361634, 2160.891519397457], "classical_tts": [644.0343460284081, 860.0109085485435, 905.0502656083167, 816.5818295833128, 899.0096708838106, 912.9512758340907, 917.5855474170068, 779.050176042634, 895.8604533350733, 766.6025389514756, 745.714874342485, 796.6982892429853, 692.2445328566372, 795.2827070609176, 731.3760548857127, 747.7856448526444, 677.1121822330925, 687.818382121518, 639.3121505914403, 725.2330788990951, 645.2921558592723, 673.4635998236374, 656.3409385657448], "initialization_stats": {"phis_precision": [64.25528445792108], "psis_precision": [75.62608357840173], "phi_angles_psi4": [-1.5018168587694598], "psi_angles_psi4": [2.581223687401196], "phis_initial_rotation": [-2.62477021628598], "psis_initial_rotation": [-2.9362324520853424]}, "final_stats": {"q": {"step": 16, "value": 374.4867594063479}, "c": {"step": 20, "value": 639.3121505914403}}}