{"initial_step": 2, "final_step": 25, "quantum_tts": [560.7203391414898, 756.3690044930491, 1033.062006202046, 684.4013951864531, 507.99060029506677, 514.8454065868043, 625.3552633607919, 848.2450851425167, 1568.1923238739228, 4712.458708535793, 7374.185059557865, 11364.965787405648, 16383.361195314725, 21497.704263515112, 22905.53192457824, 15977.469624884967, 23317.75876237528, 36043.49068608508, 22539.947463843564, 7445.82767290517, 5646.408591907143, 11021.16289816839, 8860.94357261873], "classical_tts": [692.8148920856455, 846.7266912408602, 872.5620016942529, 809.3042582226926, 1007.0588768381831, 1084.6732403795966, 1272.2060935750108, 1264.8879716000213, 1405.4310795555793, 1356.4010183888872, 1440.4045888982942, 1529.9447130290912, 1605.7747079797618, 1942.3263185279127, 2248.689727288927, 1844.356252054939, 1918.2211333392506, 2265.5905587504167, 2182.962741093481, 2124.8105776190323, 2658.3989143659396, 3111.7833628417707, 2401.3637595215864], "initialization_stats": {"phis_precision": [98.46536845831795, 14.060939168778274], "psis_precision": [44.4242997885572, 11.307721721651943], "phi_angles_psi4": [1.5709780337958965, -1.5708685744949595], "psi_angles_psi4": [-2.6403339054427915, -2.6403960229037677], "phis_initial_rotation": [1.6191899055690513, 1.1289866471427654], "psis_initial_rotation": [-0.8943717904190165, 0.14595407579023068]}, "final_stats": {"q": {"step": 6, "value": 507.99060029506677}, "c": {"step": 2, "value": 692.8148920856455}}}