{"initial_step": 2, "final_step": 25, "quantum_tts": [2210.875205440578, 2372.823530002762, 2419.849574183401, 2371.9317298802653, 2263.04260752319, 2149.149582410787, 2059.788409301569, 1997.0600665365037, 1957.0228679424006, 1914.2149904387309, 1878.8373251598819, 1890.068245670289, 1902.1056496121762, 1884.5875668679391, 1812.4438068224274, 1906.1973629015995, 2087.5873963303775, 1943.7704107860354, 1948.0574659199083, 2166.8999533064944, 2294.8183808334934, 2440.4683991006264, 2182.999310486798], "classical_tts": [2300.2817396041833, 3247.253264390488, 3344.607396922304, 3343.4549143319414, 3150.9181814448084, 4597.106428806224, 3126.215634826268, 3208.7753051590744, 3464.0744604282277, 2967.133767049095, 3335.3800950619448, 3074.929554892668, 2524.6311542150256, 2787.8747624197113, 2231.382766884004, 2645.499528209481, 2258.060441196115, 2214.429991019532, 2308.6293374294305, 2101.193289581388, 2257.7034750478374, 2146.107043371596, 2077.4671361136907], "initialization_stats": {"phis_precision": [82.506901945736], "psis_precision": [40.98860419342638], "phi_angles_psi4": [-2.564113370113935], "psi_angles_psi4": [1.5004190792674215], "phis_initial_rotation": [-2.0145514867559187], "psis_initial_rotation": [-2.9288685524720526]}, "final_stats": {"q": {"step": 16, "value": 1812.4438068224274}, "c": {"step": 24, "value": 2077.4671361136907}}}