{"initial_step": 2, "final_step": 25, "quantum_tts": [405.79618398697886, 531.4234061367687, 632.2741488522206, 1353.467320915894, 4211.710202117346, 2048.40485473694, 1264.0715434947738, 1146.196509918563, 1506.0965652904774, 3447.75093063877, 4609.644298104235, 3178.6688228278554, 3639.0770821062906, 4122.534185149445, 3877.616520384847, 4325.195187724277, 5947.879028401078, 10265.134356020482, 12768.332477259159, 20414.453795774218, 24911.72102236741, 13997.374462229745, 10691.088023301261], "classical_tts": [441.56523771806104, 382.983587440096, 349.6184707602045, 315.1262696298024, 309.72881390809147, 279.6866871202571, 274.08158651919643, 267.20315034524253, 231.95642649395094, 241.03318239051563, 219.80852555636284, 206.4019779777455, 206.74418882828874, 195.92046402846645, 185.5021790166795, 175.913028401496, 180.16918164229892, 187.48143482517835, 176.30655334631953, 167.01703937588312, 169.28016914449984, 174.0257195682066, 173.70283492570633], "initialization_stats": {"phis_precision": [15.50174775357136, 67.17968677206794], "psis_precision": [85.11153681288263, 76.50351632985834], "phi_angles_psi4": [-1.5707040711947657, -1.9921571567494418], "psi_angles_psi4": [-2.640311092556928, 3.119238383100443], "phis_initial_rotation": [2.057890350999246, -0.9610766074955688], "psis_initial_rotation": [-2.1725762268380278, -2.4257831192460477]}, "final_stats": {"q": {"step": 2, "value": 405.79618398697886}, "c": {"step": 21, "value": 167.01703937588312}}}