{"initial_step": 2, "final_step": 25, "quantum_tts": [170.83924454193436, 313.32513285707535, 349.78497305579356, 561.2225872252677, 1548.51910091313, 1031.7046831934724, 939.203974236307, 1309.855056611336, 1240.0700549869764, 1354.0147482852926, 1424.0230672046441, 1331.3660538411264, 1454.1207499664424, 1980.4306973405642, 2004.009491392143, 1615.9047754730013, 2015.540477954703, 3213.5995165529666, 3153.1230421567025, 3503.616070039201, 4955.195576085206, 5272.220782206456, 6172.185953583263], "classical_tts": [131.6525784462828, 129.99872942395, 140.1041468052422, 125.54416067692586, 130.9534338525659, 131.3267537055201, 118.6953913577682, 110.59229712229497, 109.19175417186736, 109.80290644795345, 105.26032149479835, 107.14172773411838, 103.55613929360443, 99.5129287699669, 100.60879569895374, 101.0160086741269, 99.97500883132247, 99.504794605453, 98.69433028379318, 103.54056996984158, 100.18549375494423, 108.57679811039802, 105.75235221111679], "initialization_stats": {"phis_precision": [92.48860521439569, 60.62256059306663], "psis_precision": [77.09458313992022, 78.05271919527263], "phi_angles_psi4": [-1.5120086824887173, -2.5155601078301735], "psi_angles_psi4": [2.0708819006822323, 2.4912138269513813], "phis_initial_rotation": [-1.276031255722046, -1.278481364250183], "psis_initial_rotation": [1.3512870073318481, 1.8017196655273438]}, "final_stats": {"q": {"step": 2, "value": 170.83924454193436}, "c": {"step": 20, "value": 98.69433028379318}}}