{"initial_step": 2, "final_step": 25, "quantum_tts": [464.4068374155285, 780.5051265590622, 625.6628746068194, 730.099103122293, 1463.2856033412718, 1432.7446666292813, 1321.8872765973174, 1777.716944814761, 2195.7808508300427, 2276.8390064121663, 2334.4926355185507, 2743.34176174336, 3129.3792346696796, 2723.8378326499424, 3001.6265840662545, 4053.5877302222752, 4306.036970527617, 3972.7725318425655, 2678.2862641523398, 2136.565075286272, 3057.851253169176, 3303.8847989268384, 2964.4724070924585], "classical_tts": [312.5751924504704, 279.92700565716467, 237.74247408308338, 222.17254516230935, 177.516984117879, 154.8160116180817, 136.20014044347215, 124.13567380823973, 109.0321230086773, 97.21015166453243, 92.49093462800273, 87.71529794283258, 76.84419923275665, 71.52569788805528, 70.47313742398205, 64.66169881777499, 63.87286303817663, 60.76227104191868, 59.65865647886436, 54.624274868237066, 55.39796946007881, 53.866279097599346, 49.999163691620495], "initialization_stats": {"phis_precision": [66.17153110529304, 3.6047403846887094], "psis_precision": [99.3122102834814, 9.828393086586507], "phi_angles_psi4": [1.5133512835752028, -1.5018371599342764], "psi_angles_psi4": [-2.6203515870598526, -2.5702790243001186], "phis_initial_rotation": [0.4505985899571803, 1.7530017527618815], "psis_initial_rotation": [-2.641959138266147, 0.8800817044638034]}, "final_stats": {"q": {"step": 2, "value": 464.4068374155285}, "c": {"step": 24, "value": 49.999163691620495}}}