{"initial_step": 2, "final_step": 25, "quantum_tts": [19476.305988194094, 20688.89717280955, 21069.643048811715, 19988.115184194325, 18625.774577701715, 17008.688776028415, 15881.50513414881, 14777.26323476262, 14152.825067062677, 13143.079121680237, 12343.032877514439, 11697.728714419245, 10784.27992421389, 10555.517239574281, 9166.240098058011, 9218.15314094092, 10376.585016830639, 8741.369545126303, 8225.571430482385, 9203.578405679391, 9911.951725655525, 10549.623211165275, 8661.477562388292], "classical_tts": [73680.42036677129, 27627.567094362545, 16369.332837025988, 20461.666046282484, 24553.999255538984, 23436.44279345631, 16364.726370785256, 19493.886730713195, 17531.990024858635, 19285.1890273445, 23254.41006164771, 12265.480938511668, 16621.910914842734, 19038.60202194996, 13378.429587689216, 13028.40041964889, 13512.827503338423, 12258.566259711772, 13134.58979658921, 11028.213635056829, 11721.17437391641, 8619.935138789946, 9688.74574200317], "initialization_stats": {"phis_precision": [0.5177184031747273], "psis_precision": [26.496197793267363], "phi_angles_psi4": [1.5708577495949352], "psi_angles_psi4": [-1.534278440995215], "phis_initial_rotation": [-1.5544703006744385], "psis_initial_rotation": [2.4397168159484863]}, "final_stats": {"q": {"step": 20, "value": 8225.571430482385}, "c": {"step": 23, "value": 8619.935138789946}}}