{"initial_step": 2, "final_step": 10, "quantum_tts": [40.926125880905516, 73.94892531223869, 97.18905603659952, 105.59342597886922, 150.971846801312, 179.49769554592774, 219.97308176232215, 283.1281989804031], "classical_tts": [39.95096236786167, 42.23664288763394, 45.673232196850805, 45.83363713082087, 47.88477025852738, 46.06326387231615, 47.17767364768181, 46.03114108411135], "initialization_stats": {"phis_precision": [98.18123954858787, 95.51470906917754], "psis_precision": [99.8455473077077, 98.79184241801981], "phi_angles_psi4": [-1.4944116283524846, -1.3860101521822206], "psi_angles_psi4": [2.5683378968403323, 2.5431541339339163], "phis_initial_rotation": [-1.5515496730804443, -1.5269197225570679], "psis_initial_rotation": [2.563485622406006, 2.5811095237731934]}, "final_stats": {"q": {"step": 2, "value": 40.926125880905516}, "c": {"step": 2, "value": 39.95096236786167}}}