{"initial_step": 2, "final_step": 50, "quantum_tts": [548.6043121297295, 773.5970608531068, 972.3470435628453, 1148.5035796302848, 1304.0725041640283, 1440.593223349821, 1411.9131216426802, 1698.3126545992714, 1666.8475712926438, 1643.7478071074568, 1521.3730267376945, 1825.228924904982, 1732.21355642718, 1902.7137482441087, 1728.2893762863332, 1855.3429668389647, 2213.6042624480533, 2172.0667055920812, 2481.067082272233, 2073.471400356692, 2230.052938177753, 2282.732076281066, 2335.0552263443956, 2328.8680960051524, 2261.1595368935878, 2269.4262483055268, 2430.4166443240897, 2510.6715398706165, 2510.544058865413, 2742.7876302209215, 2985.8190096065773, 2949.257169793393, 2696.570157078362, 2828.959455832573, 2912.6561232919585, 2907.180632743469, 2869.1094874232817, 2784.60323060043, 2962.816464528615, 2589.0188927424947, 2840.5773501861513, 3235.1054991674005, 3100.6333122354254, 3057.4637350112584, 2982.7935735640735, 2973.852957671353, 3080.4494753453982, 3099.753606945495], "classical_tts": [318.0515233937527, 362.50894286808267, 286.6062242396984, 275.006433606797, 240.28351248886253, 215.31487695465316, 203.29914024337447, 184.25749070507527, 166.54404456857011, 157.12792367446508, 143.74656748708168, 128.53756115032013, 124.18565194696922, 119.09178273453568, 113.95084265943443, 104.92712172603528, 103.54099875051415, 95.46524625790221, 91.11506503735795, 90.00962905650718, 86.73103347885997, 83.5718484753338, 83.52175075477672, 80.32216880903117, 80.02231333219106, 80.14526640927654, 78.66696232630854, 78.82094694413773, 78.54392069199268, 77.29270634024252, 78.06575192335744, 78.79841535326936, 79.16973117323933, 79.52857732264555, 81.41257249661886, 81.92899255600055, 82.52734141722955, 85.77218032722465, 85.92948603289527, 87.59891146790574, 86.63568349456204, 88.48636468762328, 89.83437794759907, 91.84461898140128, 92.98933049985763, 99.02425012412046, 95.64385680586197, 96.93419822444294], "initialization_stats": {"phis_precision": [28.207445203007975], "psis_precision": [15.231416682455833], "phi_angles_psi4": [-2.5639700672519443], "psi_angles_psi4": [1.5129570644342083], "phis_initial_rotation": [1.4637856126009137], "psis_initial_rotation": [-1.150126521621902]}, "final_stats": {"q": {"step": 2, "value": 548.6043121297295}, "c": {"step": 31, "value": 77.29270634024252}}}