{"initial_step": 2, "final_step": 50, "quantum_tts": [149.64052042243895, 206.66729403357056, 352.0243434535674, 630.0682171150238, 704.0293295249925, 561.0718625865095, 536.7321360044479, 712.9803136599477, 1207.5278640786184, 1546.4338057779285, 1137.815898481213, 897.7623383940659, 985.9864568041351, 1463.6409535846738, 2089.0065348432886, 1768.5733568248697, 1318.782590482704, 1294.7794254417483, 1774.9128650640935, 2812.3013467321352, 2841.0552518881336, 1961.0330994039082, 1633.093486746126, 1895.7815489611687, 2816.604440736323, 3480.12289850494, 2640.785531096751, 2026.8296361190548, 2113.4810422101045, 3042.451160035726, 4546.030263713741, 3878.3673281619, 2643.6221158975645, 2357.590656433107, 2972.8691367883844, 4524.344735379972, 4780.873571740778, 3343.437232626156, 2733.147878010272, 3157.084568048233, 4895.66980707473, 6476.972983315701, 4693.381945563756, 3345.4686448151983, 3288.70317134813, 4476.431560123346, 6488.5824005432605, 5776.59706562053], "classical_tts": [82.95704158153355, 78.73080415301823, 74.87141090692616, 64.59591209325659, 58.29600951290179, 56.68314722478149, 50.082311661994126, 49.78283617323246, 46.776813742698174, 42.302436516233115, 39.01249426661974, 38.30608748230231, 35.277312539158004, 33.737947044674186, 31.197498964538763, 31.732161682403945, 28.788408451445445, 28.311264646104352, 27.02963458264079, 26.408385553058793, 26.233198898486773, 25.61505436070462, 25.319568575580192, 24.400523271792483, 24.747527783339134, 23.06319895239059, 22.814091357180132, 23.16641846032043, 22.552687846604407, 21.915262903410223, 22.667251308284065, 20.92907160003506, 21.107079798861168, 21.177851794014018, 20.775284308387548, 20.366260708223045, 19.594677297213412, 19.811118402090877, 20.31909579701628, 20.158730163283415, 20.650406508729354, 19.508919813111316, 19.803328200317218, 19.175149119507328, 19.18313211915803, 17.750468195699497, 17.78456223048166, 18.505807267856923], "initialization_stats": 4, "final_stats": {"q": {"step": 2, "value": 149.64052042243895}, "c": {"step": 47, "value": 17.750468195699497}}}