{"initial_step": 2, "final_step": 50, "quantum_tts": [514.5067206531584, 681.3177136876529, 808.8583545515452, 906.4329567480031, 985.2860315756583, 1042.9427620766269, 990.4978142285523, 1146.8832565712692, 1088.6132964932465, 984.3413201140024, 991.9639589219004, 1130.1702875319406, 1046.1638937417554, 1092.14458647764, 1004.8409885294624, 1038.5371540585052, 1103.1239212003584, 1132.2491919326474, 1339.5343926196153, 1242.0982494100651, 1264.062326732191, 1221.172090840412, 1232.1972127099264, 1255.337726208076, 1232.0980333427685, 1184.1421238861255, 1200.8399436051234, 1229.604532322135, 1250.2417471141257, 1345.0656609121065, 1492.1901419615228, 1474.1152518284837, 1416.2742953229774, 1518.9148995599596, 1540.080626345653, 1602.5839608438796, 1533.3735614162488, 1560.5804592447682, 1719.794648149117, 1609.683281908743, 1734.3961170553107, 1943.408250982293, 1960.7698025993682, 1970.8470498671513, 1892.3649120616562, 1854.5956142682514, 1865.8606353057826, 1869.7710054632344], "classical_tts": [332.6135696246161, 321.60459478902413, 266.2606443101048, 258.8658226010025, 257.44214943902693, 212.6349778195938, 200.57098566594667, 176.97706334647, 158.6126937229953, 154.86769058799112, 149.13444564164357, 138.39437260935532, 127.27459379472825, 123.33310767334721, 111.79419738418449, 109.96697988115976, 105.59970634945894, 97.98619926638241, 96.49798479907514, 91.09429261406643, 92.22693579248154, 86.92341852858735, 86.11263489889262, 85.39730782905126, 83.26710603715041, 82.37065086688757, 80.96616739666304, 81.42011417608428, 82.07423930433389, 82.8493136755438, 82.05009831518932, 83.32405099941596, 84.13954204859806, 81.4152145685669, 84.31243684841637, 83.84481893224776, 85.96470244608884, 87.98738774090381, 87.07810063938871, 90.94066557441468, 93.31724214969553, 92.91054236052831, 93.81656140294133, 97.59677106882761, 99.79955450242082, 98.6869319065021, 101.99707484164009, 104.26408855485677], "initialization_stats": {"phis_precision": [38.547054720273536], "psis_precision": [19.96273183534517], "phi_angles_psi4": [-2.5412670292063786], "psi_angles_psi4": [2.581330407918674], "phis_initial_rotation": [1.8113170636507654], "psis_initial_rotation": [-1.187409962466154]}, "final_stats": {"q": {"step": 2, "value": 514.5067206531584}, "c": {"step": 28, "value": 80.96616739666304}}}