{"initial_step": 2, "final_step": 25, "quantum_tts": [615.6462078723315, 665.1472724863353, 674.5145282137446, 641.8700685957185, 572.3204350959143, 561.3537937733511, 554.7464667408129, 523.7662377797391, 519.6743919848822, 540.1934588459611, 490.59291689840245, 510.13744687223755, 576.0858473180895, 485.43167133301887, 485.99749943452605, 635.9770324797786, 743.3589858226926, 704.3912066812785, 734.1164288346073, 929.9718265763242, 1364.740657328308, 1631.3684809623594, 1675.9555699640182], "classical_tts": [564.4844608272401, 887.8649055333346, 940.0376042656873, 879.8406343392614, 921.8488096837004, 1007.2325701769415, 966.6905143148871, 976.4238981467321, 1091.4813705467404, 990.3881800742514, 977.3667884911642, 1017.153106301643, 968.103639968507, 945.3788088894072, 935.2800450252132, 920.684456492271, 865.6682026987738, 807.2950219400776, 864.5133819790668, 835.2213524349381, 879.0153023779508, 892.2944819189829, 842.3352564823454], "initialization_stats": {"phis_precision": [17.138266298783233], "psis_precision": [48.26420399539407], "phi_angles_psi4": [1.5708577495949352], "psi_angles_psi4": [-1.534278440995215], "phis_initial_rotation": [-2.1091494189900875], "psis_initial_rotation": [3.1235788996274696]}, "final_stats": {"q": {"step": 15, "value": 485.43167133301887}, "c": {"step": 2, "value": 564.4844608272401}}}