{"initial_step": 2, "final_step": 25, "quantum_tts": [962.0705884687854, 1175.1137980801973, 663.7192243110313, 975.1028312083426, 2069.72816331961, 3505.4082333018728, 2944.4077542392474, 3362.6217368731877, 4098.81992807288, 3687.8463283749256, 3025.905552563545, 3036.794647816876, 2430.3300354122716, 2141.7657194890066, 2047.74802628157, 2199.2982257172184, 2663.636620762708, 2678.937007959767, 2588.1495470660993, 2439.3651288166534, 2542.4052156787156, 2591.307487034925, 2917.256157205939], "classical_tts": [402.54315082207916, 372.4677066141977, 315.73210538426673, 229.1529998973033, 198.06590621689918, 155.43718515961163, 133.51241248179625, 120.60553685955554, 110.72936549288809, 97.33131809970415, 93.59774194039073, 81.86552443208258, 73.83987902165384, 72.7723134975364, 66.70548023451072, 65.17820900995109, 62.04878234076592, 59.20608701280767, 57.2328515895512, 55.85464753644705, 56.77697191925858, 53.06689574732528, 51.48748896793627], "initialization_stats": {"phis_precision": [4.276432978568801, 99.17140400395316], "psis_precision": [64.62684398339232, 60.515946262458286], "phi_angles_psi4": [1.5133512835752028, -1.5018371599342764], "psi_angles_psi4": [-2.6203515870598526, -2.5702790243001186], "phis_initial_rotation": [-1.4938932657241821, -1.5278682708740234], "psis_initial_rotation": [2.551553249359131, 2.472478151321411]}, "final_stats": {"q": {"step": 4, "value": 663.7192243110313}, "c": {"step": 24, "value": 51.48748896793627}}}