{"initial_step": 2, "final_step": 25, "quantum_tts": [82.26863599647018, 112.368803711304, 144.34782233661676, 170.30089747923563, 238.71546095402715, 329.54648133230864, 301.4093927340645, 256.62391121468426, 231.38486029956553, 228.204311945266, 257.9059462994564, 355.0465296838083, 576.2938941782562, 994.4782433006695, 1740.078242099709, 2126.922023393051, 2687.7514398148387, 2125.6158000989467, 1506.4952231186585, 1483.0027470580571, 1517.6766548404005, 1701.459909783042, 2173.6650293424173], "classical_tts": [82.36874510810598, 104.23125434550144, 111.18459436855557, 119.46184343875927, 117.42087621654555, 124.56304246658958, 132.27349770586278, 125.13146958272547, 130.17313302962003, 137.15190989656554, 135.78289554868164, 140.5079460760364, 148.40095641316987, 151.1740894736834, 158.7375986189281, 165.06167359680774, 164.4747823851364, 174.83859801864608, 174.5686630069308, 185.69861302688506, 178.7733326562868, 193.32252154205352, 196.4043626394836], "initialization_stats": {"phis_precision": [99.51142904478209, 66.78671367315575], "psis_precision": [95.66627612770267, 97.51547229958274], "phi_angles_psi4": [-1.5303269645197095, -2.5640913320220897], "psi_angles_psi4": [2.580510591179819, 2.580680158780095], "phis_initial_rotation": [-1.5456758737564087, -1.520665168762207], "psis_initial_rotation": [2.4443626403808594, 2.502626419067383]}, "final_stats": {"q": {"step": 2, "value": 82.26863599647018}, "c": {"step": 2, "value": 82.36874510810598}}}