{"initial_step": 2, "final_step": 25, "quantum_tts": [78.29777284697943, 124.27175849102579, 149.74724918763908, 156.399670862766, 236.11776739867847, 374.1135276718632, 621.813349680035, 1194.9227506667573, 1277.159705632852, 1248.4187530664267, 1418.422623104514, 2048.1695262672506, 2788.4983378108545, 3203.177356500242, 14218.219199045017, 9497.993316299706, 4794.778679380357, 3987.1319104026265, 3939.047997527268, 5522.435343534059, 4144.396663010118, 2911.4485857597547, 5718.359395316392], "classical_tts": [70.6255842443207, 81.51587373604055, 75.82919354640613, 78.44655968420105, 71.87328374354084, 72.434776400616, 69.01728346362587, 68.97876478876789, 68.42296983283252, 66.30606443559077, 64.95108898609732, 64.50908523690005, 64.78589489305209, 63.305413756455366, 62.90797435996597, 64.07836373670443, 66.43623051422317, 65.87988865089382, 65.74835934743503, 68.7387616699736, 68.28798667525359, 69.72440310618487, 71.1903867123315], "initialization_stats": {"phis_precision": [99.48117327542893, 66.74839108120302], "psis_precision": [87.81224577229129, 95.50718603942168], "phi_angles_psi4": [-1.5706998662947471, -2.5417641924632437], "psi_angles_psi4": [2.0233704221250455, 2.6041066333872416], "phis_initial_rotation": [-1.5544004440307617, -1.4971340894699097], "psis_initial_rotation": [2.4062600135803223, 2.462960720062256]}, "final_stats": {"q": {"step": 2, "value": 78.29777284697943}, "c": {"step": 16, "value": 62.90797435996597}}}