{"initial_step": 2, "final_step": 50, "quantum_tts": [516.6485797283881, 678.4970893009415, 814.8504405311827, 934.1806805556223, 1022.6603988467295, 1110.0295639871176, 1117.7845744546028, 1221.2053332558194, 1223.2048417630444, 1203.0448182069938, 1182.8137693428164, 1447.7668033036489, 1210.0165848248873, 1083.189423516567, 1095.8347951438282, 1159.9712752783253, 1262.565101979262, 1352.779217109014, 1507.9397191895741, 1361.8463087249822, 1416.0931072455162, 1581.5356057321214, 1755.9114723998864, 1893.007898540788, 1989.470420840234, 2135.762245464063, 2575.794698139272, 2922.0430104679785, 3070.8240888703517, 3307.3000826962593, 4355.611006644557, 4367.640547560515, 4861.309836576627, 6684.707136730625, 6830.238248523801, 7275.801730066703, 7346.159244729085, 8935.642932835379, 9912.259458857487, 10957.314257341543, 15925.040028524467, 17446.218694118423, 15844.092670625363, 38716.23687901484, 55266.094011636, 30717.239354409576, 33383.984042356344, 24070.70870105977], "classical_tts": [416.3450052100701, 306.9940811151964, 298.5922373064611, 252.9172920964852, 254.9352700863403, 218.06056587239647, 220.56076210432096, 183.1183550207685, 172.99283997506294, 164.9111928517889, 148.41106154441155, 139.2931935071601, 131.69334322343389, 122.24873265398848, 114.93183190430629, 109.80180402628912, 106.50220850519192, 104.28855610159832, 98.3998893263559, 96.73866519179994, 92.08169358120247, 89.2962966990001, 88.21833464384883, 87.28914161410273, 83.38605846280127, 84.37378168366536, 82.30389635772684, 82.27072196905152, 81.82015788584349, 82.56536752096592, 82.72600718881984, 82.53214306606928, 81.85155461298201, 84.31628945130156, 85.32137748732119, 82.34791674620108, 86.84554425885973, 87.92760148021254, 87.55348706831553, 87.21164658053665, 92.46434491627261, 91.15456787999098, 93.33807105667694, 94.58427256910217, 101.68462490993954, 96.81693772674576, 99.99832738324099, 103.27327504882693], "initialization_stats": {"phis_precision": [93.9423168014483], "psis_precision": [48.82749626844058], "phi_angles_psi4": [-2.5265337703537245], "psi_angles_psi4": [1.5241109530932357], "phis_initial_rotation": [-2.7168415006971673], "psis_initial_rotation": [3.131742570981869]}, "final_stats": {"q": {"step": 2, "value": 516.6485797283881}, "c": {"step": 30, "value": 81.82015788584349}}}