{"initial_step": 2, "final_step": 25, "quantum_tts": [38.52742174919247, 43.45540557315179, 47.44983494217764, 60.475712306335154, 99.05494669690924, 199.07331293312797, 576.3373037874821, 914.8410321912954, 433.46305529052336, 264.3908459946908, 305.3322791615969, 456.462445593623, 431.55330739184205, 516.305051264291, 797.6831723516561, 847.5791977078699, 713.2992366037628, 439.643153468543, 453.2140704151971, 534.4596994847933, 448.81412058468374, 577.5259093910319, 911.4122947934243], "classical_tts": [49.55099529875422, 73.89013309686878, 79.61122815734677, 83.88129635704007, 98.19134423891902, 105.04316233237444, 117.80832257728913, 123.9163566910798, 139.40740398225333, 136.81766258394336, 153.7406133383056, 166.27545954282056, 172.1709730682067, 190.27335458066824, 203.29390850062185, 215.643135191424, 225.34739072277677, 222.8470090078901, 249.16423560275075, 245.16430087532638, 250.63243829726258, 272.71736706908536, 283.24563466827067], "initialization_stats": {"phis_precision": [68.98349608349442], "psis_precision": [96.16333051642177], "phi_angles_psi4": [-2.526347046736313], "psi_angles_psi4": [2.568298115398991], "phis_initial_rotation": [-1.551934838294983], "psis_initial_rotation": [2.447765588760376]}, "final_stats": {"q": {"step": 2, "value": 38.52742174919247}, "c": {"step": 2, "value": 49.55099529875422}}}