{"initial_step": 2, "final_step": 25, "quantum_tts": [2418.3610972573897, 2653.017403058583, 2745.064812062791, 2720.412887295593, 2661.4696214621245, 2609.9349751763493, 2565.9262247798547, 2539.687782561671, 2513.801430906978, 2496.380689016394, 2486.445827252384, 2633.7655173418593, 2766.143418489864, 2660.0047633945546, 2690.9652531762654, 2950.371596748133, 3046.3545789180157, 3262.964676218528, 3481.1503152620485, 3618.5032331939856, 3633.979036986067, 4373.2126276035915, 5307.462746431311], "classical_tts": [2164.8355095936586, 2692.254022537634, 3198.98927111432, 3998.7365888929003, 5133.744237793147, 2990.649183087687, 3541.756277042649, 3554.92134718594, 4374.353341800968, 3451.0380375037244, 2875.680913125285, 3243.0897604482006, 3540.954419603998, 3052.8115055787985, 2973.7330799143588, 2962.7808596688346, 2569.6292551113156, 2823.539962135013, 2474.6221554530807, 2662.098939931753, 2676.291504085943, 2436.6549162086044, 2262.9111184632657], "initialization_stats": {"phis_precision": [40.15095602553262], "psis_precision": [42.99149681799423], "phi_angles_psi4": [-1.4946345856773129], "psi_angles_psi4": [2.5811839587457355], "phis_initial_rotation": [2.9083375527566817], "psis_initial_rotation": [0.7902090108583391]}, "final_stats": {"q": {"step": 2, "value": 2418.3610972573897}, "c": {"step": 2, "value": 2164.8355095936586}}}