{"initial_step": 2, "final_step": 50, "quantum_tts": [13.010535384983408, 19.19819244609901, 28.725678280106514, 40.6562020492357, 47.15698278031998, 47.96957174948241, 51.08639208653594, 62.23691974801838, 81.17200767845583, 93.68811433970338, 89.40150556822879, 84.1737971022122, 91.35362615889156, 112.71543518278636, 135.09119921855054, 136.0325020874812, 123.7910801064259, 126.96420386293363, 153.0889836096725, 189.71771932038345, 191.94834061705177, 166.6388764026623, 159.65994780985233, 171.92773281056694, 204.339939722276, 231.1259501849653, 216.10568245494386, 192.88028660604053, 194.8982863434112, 231.8476267277615, 285.54010752817186, 291.93875916714876, 257.58926387122233, 246.02095335178143, 278.9332923629422, 338.2661777376047, 353.40819383748885, 312.68881759354315, 286.47137014976806, 314.4728504483428, 374.2331279898257, 415.5340009315684, 387.34123722902655, 332.43986304448424, 312.2877591387939, 343.593345136167, 422.2467951729419, 454.4741108532474], "classical_tts": [10.728519503664867, 13.337130030054988, 14.791243396317341, 16.34875402388049, 16.95674810511147, 16.783157740182308, 16.993718037582692, 17.188589487940412, 16.838253880998128, 18.376227760652444, 18.537536647990596, 17.512629381149413, 16.90262843930302, 17.934186487533477, 17.495305761272633, 17.404702133808218, 16.89345268527706, 17.577588044054345, 17.15416893091523, 16.879330906346233, 16.76796831520967, 17.380706514605567, 16.484286856184717, 16.494027413208446, 17.471748731417346, 16.240203545921197, 16.8416925661405, 16.67877189687217, 16.31647879320408, 15.985131479305677, 17.115354313419907, 16.50000000002912, 17.35927347070196, 16.5821899044671, 17.055966758880444, 16.786744955467878, 16.356000292319056, 15.458531280245895, 13.778422363627786, 16.478327164079744, 14.467343481809177, 17.044021667963424, 15.581240060065548, 15.000000000178645, 16.685032587562947, 15.040294854461338, 15.360301127960517, 3.744978900934441], "initialization_stats": 4, "final_stats": {"q": {"step": 2, "value": 13.010535384983408}, "c": {"step": 49, "value": 3.744978900934441}}}