{"initial_step": 2, "final_step": 25, "quantum_tts": [275.5302790539095, 359.9730700606292, 399.43827661712373, 448.3430444928775, 465.08997979393064, 461.9229800542453, 410.2496793929798, 417.60309371371886, 403.0148799064645, 429.1888959200556, 472.49254838308934, 519.8801237240928, 530.760355177353, 522.663091721098, 578.9570841039788, 688.1532891582259, 769.5377645139114, 876.6082147080842, 1180.8760053733986, 1162.1577919237368, 1630.3513612186603, 2405.3649448406904, 2826.0600735022995], "classical_tts": [219.6252806587395, 277.04975063962166, 304.9629226594027, 282.02750993114057, 261.9465737538602, 260.4927755202129, 268.2086198974008, 259.9511617491738, 250.71373208243332, 223.8113228031615, 234.5614197422364, 221.32522822064226, 225.64805547590586, 222.9732864363016, 220.49053581200107, 224.5092408121434, 215.61985123062252, 210.38579443648737, 222.28092171348516, 221.80809690167035, 224.49641936619295, 216.49455455525938, 233.96576532172926], "initialization_stats": {"phis_precision": [68.28270975278933], "psis_precision": [70.32322016229769], "phi_angles_psi4": [-2.5265337703537245], "psi_angles_psi4": [1.5241109530932357], "phis_initial_rotation": [-1.530105710029602], "psis_initial_rotation": [2.456434488296509]}, "final_stats": {"q": {"step": 2, "value": 275.5302790539095}, "c": {"step": 19, "value": 210.38579443648737}}}