{"initial_step": 2, "final_step": 25, "quantum_tts": [2088.7740229088336, 2427.6609255053254, 2719.727822722717, 2984.7424606794075, 3288.440444277927, 3426.8411755221896, 3660.540718610648, 3798.3787126079733, 4282.333734216843, 4365.090082442295, 4599.89244337297, 4589.20061567687, 4743.857656875252, 6283.652374561182, 6072.415336794922, 5406.8933504686065, 6098.273153329554, 7963.081893514718, 8315.272135092398, 7792.920016063307, 6722.606376421251, 7147.423194043547, 7875.333590515671], "classical_tts": [2538.4802695933276, 2566.8721188965733, 2674.763931465553, 2355.8645851098963, 3063.200509539822, 2123.249189006907, 2111.1423943748696, 2074.981204036549, 1839.7877574925724, 1837.7860364340934, 1977.5772627571346, 1683.3494760575243, 1621.222333559666, 1552.6109659080423, 1632.6634981920638, 1515.4004964849994, 1423.9354775003783, 1594.6209586040584, 1518.3373139991297, 1403.1168187804146, 1384.0995940380237, 1346.6875860154387, 1345.1497858924322], "initialization_stats": {"phis_precision": [69.23278290727062], "psis_precision": [91.35496958255347], "phi_angles_psi4": [2.5308350215445605], "psi_angles_psi4": [-2.6015823465536183], "phis_initial_rotation": [-2.7857696537358163], "psis_initial_rotation": [-2.8731739870487214]}, "final_stats": {"q": {"step": 2, "value": 2088.7740229088336}, "c": {"step": 24, "value": 1345.1497858924322}}}