{"initial_step": 2, "final_step": 25, "quantum_tts": [470.0773182621322, 813.5178275171922, 804.6513514414565, 876.3333458838525, 1582.7044022167793, 1866.878035113601, 1551.196424184559, 2062.563069121639, 2908.505816114249, 2346.5270620195756, 2072.5256873920525, 2569.947085261993, 2783.467962912437, 2078.1620597324472, 1866.0026766160177, 2423.653500137205, 2581.2951658880434, 2461.5694225025372, 2780.7514283031883, 2931.7212362828386, 3001.201468523352, 3380.5377538757734, 3891.6753334171735], "classical_tts": [389.62225651824116, 339.77691773351216, 303.66746279982596, 240.46338963854828, 201.54934219895733, 181.7257606346839, 169.6819115495891, 151.93831668901657, 133.31485334355438, 125.60138854133972, 119.45876945636614, 111.94763015549775, 102.93484474498263, 100.8459962009631, 93.07505351094693, 90.14140508308202, 87.51192067085135, 91.09540796310368, 84.90995284287587, 82.9796705135071, 81.35183867974877, 80.30601028497453, 78.30524190325652], "initialization_stats": {"phis_precision": [95.527792466935, 45.244943878706025], "psis_precision": [37.566154641560445, 19.018461951617248], "phi_angles_psi4": [-1.5120086824887173, -2.5155601078301735], "psi_angles_psi4": [2.0708819006822323, 2.4912138269513813], "phis_initial_rotation": [-1.3715101391766586, -0.7953792872546335], "psis_initial_rotation": [-2.2508863073630048, -1.2478614301361894]}, "final_stats": {"q": {"step": 2, "value": 470.0773182621322}, "c": {"step": 24, "value": 78.30524190325652}}}