{"initial_step": 2, "final_step": 50, "quantum_tts": [4790.008344510875, 5083.900590288977, 5321.6875508941985, 4215.625952898483, 3078.386654972177, 3139.9718876126835, 5083.33157760375, 989.7953153638799, 4460.069959390484, 2145.902631283779, 5416.8508164777395, 881.9605223348376, 2378.799518545453, 5056.190399722726, 1036.2916559633472, 3504.309835242313, 1806.9504604448466, 1301.64511039192, 609.2590641959225, 3500.4958577309008, 2153.7629748556515, 313.1905566619592, 2847.8049101268207, 3047.939900703159, 1832.0186231938783, 2343.7694607276107, 3142.1371575496905, 5603.178509335794], "classical_tts": [320.86174456130254, 271.467008103059, 236.94769442473873, 207.88739966183454, 204.74652838359398, 190.2037053840946, 202.99252021897044, 183.34511749630911, 191.12689541396526, 188.6719049941501, 186.98007972550343, 196.01061229866693, 198.17412042612563, 194.93083898114466, 194.72680040972296, 212.48090205945314, 216.47255707266413, 214.5049739550636, 231.69984072493918, 236.01968085372079, 241.8136575063181, 256.00303151944917, 250.9866617507558, 268.84048556683865, 268.6663234276532, 287.434466188661, 286.11989631986404, 291.26820677649664, 308.0547615817598, 321.9116470770564, 305.3880812965343, 336.9785377626501, 335.72017737110474, 350.08951052926966, 357.4023543613366, 377.30022139678147, 372.9433430878919, 377.9131935075002, 397.11372706815183, 414.6340248696636, 413.8726201439245, 414.1848539963332, 440.4135551256196, 437.80532905434814, 464.5585358866906, 469.47826103077847, 483.42468195520604, 490.79619136571193], "initialization_stats": 3, "final_stats": {"q": {"step": 2, "value": 313.1905566619592}, "c": {"step": 9, "value": 183.34511749630911}}}