{"initial_step": 2, "final_step": 25, "quantum_tts": [2279.381537560781, 2459.969289849789, 2520.9849462744887, 2478.3190537333194, 2389.77568020571, 2310.091930898757, 2247.216203744903, 2197.9801830230904, 2171.3154296796206, 2166.4249123356003, 2142.3502064323256, 2221.6735420492305, 2334.5332811764074, 2270.898722570855, 2240.013954013575, 2367.9529961916155, 2530.95415799745, 2792.4399340199034, 2976.209589924517, 3052.3265401353465, 3123.35931269173, 3748.14690697672, 4441.9852157961395], "classical_tts": [3067.810296154093, 2692.254022537634, 3504.0939064894565, 3831.8824763673206, 3243.795707881861, 4085.4202627532723, 3674.918113885662, 2823.576576139411, 4223.115863965257, 2902.8207922654456, 3121.5991282463924, 2602.150400124815, 2602.0164449250638, 2937.886198589821, 2762.0184807659925, 2526.3252292786956, 2435.3087187457336, 2451.508678262409, 2517.6875050088343, 2431.833500339499, 2401.2590152028292, 2146.107043371596, 2361.9711689950564], "initialization_stats": {"phis_precision": [35.585000805930044], "psis_precision": [67.83437236445374], "phi_angles_psi4": [-1.4946228033161004], "psi_angles_psi4": [1.5243986496296744], "phis_initial_rotation": [0.5290340791747252], "psis_initial_rotation": [2.5349116444090436]}, "final_stats": {"q": {"step": 12, "value": 2142.3502064323256}, "c": {"step": 23, "value": 2146.107043371596}}}