{"initial_step": 2, "final_step": 10, "quantum_tts": [169.32084896210546, 352.4160345938504, 361.31871606012186, 441.89012352369906, 768.3957754738184, 640.5590522835533, 568.9156989668514, 768.5236959696525], "classical_tts": [134.13372650557224, 133.64302528007192, 129.3087525310999, 121.7198456961652, 113.08650342594866, 109.17876475547439, 101.98413672567361, 103.70767909303584], "initialization_stats": {"phis_precision": [92.48860521439569, 60.62256059306663], "psis_precision": [77.09458313992022, 78.05271919527263], "phi_angles_psi4": [-1.5120086824887173, -2.5155601078301735], "psi_angles_psi4": [2.0708819006822323, 2.4912138269513813], "phis_initial_rotation": [-1.276031255722046, -1.278481364250183], "psis_initial_rotation": [1.3512870073318481, 1.8017196655273438]}, "final_stats": {"q": {"step": 2, "value": 169.32084896210546}, "c": {"step": 8, "value": 101.98413672567361}}}