{"initial_step": 2, "final_step": 10, "quantum_tts": [1238.1906924394093, 1860.5597384326463, 2464.0402626486293, 2972.894550583227, 3798.4427613169487, 4365.130893277319, 4784.922064687739, 5626.201967410304], "classical_tts": [664.5067279750906, 566.2508755933351, 606.8580604777408, 481.5401957788025, 485.9205352933423, 408.1744844232518, 375.9835948695223, 339.8471233388659], "initialization_stats": {"phis_precision": [98.6692401138743, 68.27985177381312, 69.29288864001202], "psis_precision": [84.54068684115697, 89.83600894719206, 76.4923033104548], "phi_angles_psi4": [-1.5708764784949825, -2.5625475142359893, -2.5307221416786176], "psi_angles_psi4": [2.5812911860139165, 2.604221159834326, 3.023425797416132], "phis_initial_rotation": [-1.529069423675537, -1.566029667854309, -1.5660297870635986], "psis_initial_rotation": [2.0956225395202637, 2.284909963607788, 2.284909725189209]}, "final_stats": {"q": {"step": 2, "value": 1238.1906924394093}, "c": {"step": 9, "value": 339.8471233388659}}}