{"initial_step": 2, "final_step": 50, "quantum_tts": [1528.802977321828, 1864.6499935454226, 2338.9892393801983, 2469.1838870148576, 2903.4695842523506, 2881.9840325796526, 2340.4243887730695, 3092.2979057670245, 3544.3258804339935, 2746.861081325471, 2714.190072650786, 3349.627292930779, 2988.4998053971076, 3799.0351342883578, 3316.370632341553, 2835.1511772128792, 3195.6852384095787, 3802.5352042363443, 4777.921342279827, 4298.257029955687, 4475.544620492063, 4857.594157087154, 4726.612105022646, 5008.359343912864, 4703.126008598444, 4327.383364139472, 4931.303480017149, 5512.008098219125, 6019.121548684394, 7482.166447602681, 9272.51936716673, 9218.280824360727, 9238.493708301445, 8791.897519046772, 8141.061366408492, 9218.883331624895, 9049.691768764913, 12608.514798130587, 11072.39638930801, 10519.864482317162, 12993.261584052336, 9823.68002502081, 12142.27817146535, 11315.763684450032, 10235.396670348237, 9906.978862213988, 9278.268802076236, 9103.252580111315], "classical_tts": [1021.0668365132741, 933.1866448316525, 805.0863016441583, 691.9806334973272, 556.9620771863376, 501.56089241947234, 444.15813905388734, 384.274113732739, 362.7693706612873, 304.75832571140444, 321.9263486887519, 294.17069255742615, 248.579397795537, 248.0128081984927, 235.1769259696507, 212.8280912381847, 209.49375754015682, 198.55727400095603, 196.15381710708868, 196.89759120185064, 189.6815087831601, 191.71004186008227, 188.69644143262727, 185.6335951308253, 178.08491565913286, 181.99034594997215, 189.51084135561538, 184.3461288330952, 187.80866873248812, 194.45067195023483, 199.44728538370748, 193.32588978276286, 191.5438842862885, 197.90566030849433, 206.60040233422933, 210.18311559766445, 216.56443331344897, 210.9013483649411, 223.59351194239514, 224.02729424994823, 235.7443791103446, 236.87979470714632, 241.83910738447307, 249.1410156093899, 246.86636747256168, 267.85600962452895, 261.9205202549648, 270.7932439652862], "initialization_stats": {"phis_precision": [3.6561311085829273], "psis_precision": [67.12967637818517], "phi_angles_psi4": [1.5708134759948975], "psi_angles_psi4": [-2.6404247826789864], "phis_initial_rotation": [-1.4559184312820435], "psis_initial_rotation": [2.6101088523864746]}, "final_stats": {"q": {"step": 2, "value": 1528.802977321828}, "c": {"step": 26, "value": 178.08491565913286}}}