{"initial_step": 2, "final_step": 10, "quantum_tts": [563.3778871483748, 1039.786289479561, 612.3972608537891, 526.4921320311345, 1371.5555876933977, 2428.0142427972464, 1984.0262359755461, 2585.5821452449773], "classical_tts": [362.45849437902797, 319.70352222320844, 214.65571648079919, 194.41151561036355, 141.73385511311363, 132.70108870621073, 124.28768212438064, 111.30829615830868], "initialization_stats": {"phis_precision": [45.96893473205521, 27.851253365537854], "psis_precision": [96.66387293574607, 29.49023717708148], "phi_angles_psi4": [-1.4944116283524846, -1.3860101521822206], "psi_angles_psi4": [2.5683378968403323, 2.5431541339339163], "phis_initial_rotation": [3.0913377017130417, 2.63055543107199], "psis_initial_rotation": [2.46353037407531, 0.3280246050255209]}, "final_stats": {"q": {"step": 5, "value": 526.4921320311345}, "c": {"step": 9, "value": 111.30829615830868}}}