{"initial_step": 2, "final_step": 25, "quantum_tts": [179.39744266925828, 320.1991177093612, 568.878167154767, 592.1301474628686, 578.1176971138387, 705.2336115781757, 1061.5085384377483, 1395.2525319779609, 1319.330788241513, 1440.8536950465575, 1656.276221887018, 1761.1886745584616, 1608.184399590747, 1448.9356624060274, 1496.7013194550327, 1636.4751371947266, 1811.964299499782, 1769.582887639717, 1633.763283816718, 2287.8250524778214, 2928.511594883914, 1926.990518934634, 2116.0111911097038], "classical_tts": [159.271237706749, 193.89005068466486, 182.84401372142818, 187.27345642745487, 202.73691636707727, 190.50955301536774, 202.99252021897044, 211.40502122902527, 210.21284937950458, 212.47632245125772, 238.255605860046, 251.1083810787591, 241.9304087830788, 248.52554745118073, 254.03320366491755, 264.8884462777965, 286.64403438311103, 285.9316564667527, 302.99891891298734, 297.79963445792515, 310.8542516226913, 329.1398685972035, 343.763954347906], "initialization_stats": {"phis_precision": [98.70954021352543, 1.1091625576366226], "psis_precision": [85.41211072406287, 99.40071444660373], "phi_angles_psi4": [-1.570742789294871, 1.5707483436948781], "psi_angles_psi4": [2.0690073463376337, 2.6572763029666415], "phis_initial_rotation": [-1.611283779144287, -1.5359989404678345], "psis_initial_rotation": [2.527299404144287, 2.638449192047119]}, "final_stats": {"q": {"step": 2, "value": 179.39744266925828}, "c": {"step": 2, "value": 159.271237706749}}}