{"initial_step": 2, "final_step": 10, "quantum_tts": [149.80428513407793, 207.04205323225784, 353.2787529496143, 634.2544289508664, 709.1241248481996, 564.152582509402, 539.4275755107982, 717.4929618671366], "classical_tts": [82.56394049171925, 65.21904684954413, 60.25349739756186, 47.81145276193226, 40.296962067607744, 36.05284191557957, 30.835652095161507, 28.967675018393027], "initialization_stats": {"phis_precision": [52.37232714165874, 3.473292159823871, 28.05743751859433], "psis_precision": [89.05645900964764, 88.88945747470729, 12.626116524285347], "phi_angles_psi4": [-1.3857516559879381, -1.53034294940253, -2.575240686862454], "psi_angles_psi4": [2.5636492861779496, 2.6374006802705794, 2.58059372029764], "phis_initial_rotation": [-2.882019127581367, 1.720366395518, -0.3150984291423673], "psis_initial_rotation": [2.219847806382452, 2.986448668019145, -0.16433778413151767]}, "final_stats": {"q": {"step": 2, "value": 149.80428513407793}, "c": {"step": 9, "value": 28.967675018393027}}}