{"initial_step": 2, "final_step": 10, "quantum_tts": [149.80428513407793, 207.04205323225784, 353.2787529496143, 634.2544289508664, 709.1241248481996, 564.1525825094042, 539.4275755107982, 717.4929618671366], "classical_tts": [77.41779486008151, 69.20188415970156, 63.381970705571625, 55.11981757350331, 45.934215610319676, 41.71370907078809, 37.051122913876036, 34.76938609656411], "initialization_stats": {"phis_precision": [66.95828577421028, 5.779773378572917, 17.95515589828629], "psis_precision": [69.77230797184033, 67.09034116200749, 38.96845519031569], "phi_angles_psi4": [-1.3857681938974296, -1.5709479245954774, 1.5707698410948936], "psi_angles_psi4": [-3.1351843511205786, 2.637464056281541, 2.6041865464583553], "phis_initial_rotation": [-2.4238042606349723, 1.3890677931389304, -2.134900671136056], "psis_initial_rotation": [2.198370003952596, 1.603576631905704, -1.7616362326078259]}, "final_stats": {"q": {"step": 2, "value": 149.80428513407793}, "c": {"step": 9, "value": 34.76938609656411}}}