{"initial_step": 2, "final_step": 50, "quantum_tts": [523.5551549446818, 703.5339173776438, 848.8309169177232, 939.378303867069, 1091.4863138107694, 1163.4671752650615, 953.0991886349418, 1246.2228619544196, 1336.3687823086539, 1185.810735606208, 1066.4178746028917, 1079.5438552991618, 1223.9894705204317, 1303.7331594867837, 1188.9448404595303, 1342.1750666233365, 1487.3805583778408, 1433.173314610444, 1549.7354650836721, 1414.2553710805648, 1370.2877098661274, 1405.2685646437976, 1403.918762889802, 1286.5516832332173, 1318.43827899371, 1370.2592806937869, 1485.258136008742, 1532.627141542822, 1423.3531123858588, 1457.0103904602113, 1568.15475553426, 1662.9214765365282, 1911.895363308525, 2040.3264225090506, 2430.6011913865595, 2641.1128422401434, 2648.286411964291, 2840.990634247207, 2851.7662946809082, 2723.22738143778, 2642.9381517583383, 2605.754269516477, 2384.62982003461, 2544.3400065402816, 2473.3625349734807, 2461.7632745278893, 2413.3069341510973, 2205.568954227946], "classical_tts": [358.8823089755334, 308.74817115054475, 315.73210538426673, 270.78954602713856, 233.29381873243628, 207.1031481375255, 199.97419497200772, 177.18969641046695, 172.437735257408, 156.55720470274466, 155.1602304166965, 140.30417567871763, 137.86436951949858, 129.724666991352, 125.29560434433756, 120.30079488470152, 112.24404451251007, 106.06110727782712, 104.23536283550838, 99.88438728689813, 102.82353917285849, 100.01005198698077, 97.77538367027967, 95.37910019947785, 95.07213981345257, 94.03080755190594, 93.92557875822244, 94.72073257240773, 92.56198306211412, 94.57371025457462, 94.58903359763784, 92.52231297679518, 98.52164254318826, 97.62195987914058, 96.2451514853592, 97.87189987290948, 99.79615536582752, 101.68842254486383, 103.08977798219082, 105.48657102842199, 104.04335740062135, 107.10289871310385, 113.98192624847546, 115.18601154799553, 117.1440169541036, 117.70619066162911, 118.58309998671865, 123.05017963083559], "initialization_stats": {"phis_precision": [61.98043785075824], "psis_precision": [54.00100360849458], "phi_angles_psi4": [-1.4946228033161004], "psi_angles_psi4": [1.5243986496296744], "phis_initial_rotation": [-2.689042574723685], "psis_initial_rotation": [2.9694997409902424]}, "final_stats": {"q": {"step": 2, "value": 523.5551549446818}, "c": {"step": 33, "value": 92.52231297679518}}}