{"initial_step": 2, "final_step": 25, "quantum_tts": [129.75686076994094, 153.18687573620196, 173.54344838467043, 192.60846567549564, 208.43036534515244, 266.71841483447656, 347.4445703036325, 280.31944180935, 235.31143271633795, 330.17404570889425, 701.2753070407971, 1119.6944942218313, 2893.579268915014, 2848.8001106570277, 3675.093940866371, 7629.96535818158, 3268.626845396053, 3737.1542143108895, 2447.781662403675, 1795.3536495059811, 2241.159374493003, 3853.232908626521, 24213.478860525745], "classical_tts": [132.14156456799137, 138.94544884049427, 152.7902810518598, 156.32676618155654, 160.45386160768498, 164.19517135911573, 165.22215996867763, 150.67147104191073, 153.55565342615319, 153.0748000273806, 157.1349751304505, 155.3580435691349, 158.29419007637748, 165.11587962752958, 179.01978700298233, 177.90808757170672, 184.1901801195614, 198.55727400094705, 191.245811047729, 198.70569296917944, 209.5396648325571, 205.68678148532516, 233.4961754956404], "initialization_stats": {"phis_precision": [69.56312053186832], "psis_precision": [53.16017747907284], "phi_angles_psi4": [-1.5397375218596674], "psi_angles_psi4": [0.3374117187594318], "phis_initial_rotation": [-2.495940291212472], "psis_initial_rotation": [-1.1341047045125134]}, "final_stats": {"q": {"step": 2, "value": 129.75686076994094}, "c": {"step": 2, "value": 132.14156456799137}}}