{"initial_step": 2, "final_step": 25, "quantum_tts": [163.76036855134902, 186.69181852676775, 176.5626381327909, 178.85004937002645, 181.45947033571568, 240.6861966567815, 511.2859457040284, 581.5448569314076, 852.2137479725634, 650.0286026941715, 1165.9506426135272, 1582.109918562147, 1447.6673223830403, 2000.0445585833997, 1564.064318681523, 720.669053743639, 435.4123716778449, 335.4085117363285, 500.0982809742028, 849.0408657334793, 955.9401970479381, 1124.2055750456216, 1825.34239299425], "classical_tts": [178.28241135117636, 236.79907903820003, 256.65353835576474, 258.8658226010025, 251.26278709107686, 286.2597687126135, 268.7324562652764, 354.7051582313781, 328.2174304902549, 352.93791008228243, 371.11440777529344, 379.9998396153635, 439.3200172707319, 416.9422288820834, 467.692110295832, 503.8394607032974, 552.672159496365, 555.3843809763005, 567.068962317148, 597.416836150009, 595.8694434483388, 647.8022803707452, 692.0278799442449], "initialization_stats": {"phis_precision": [89.28713880018036], "psis_precision": [64.9281536803614], "phi_angles_psi4": [2.5582163491776195], "psi_angles_psi4": [-3.13370422391806], "phis_initial_rotation": [2.221661888734814], "psis_initial_rotation": [-2.0318896764619914]}, "final_stats": {"q": {"step": 2, "value": 163.76036855134902}, "c": {"step": 2, "value": 178.28241135117636}}}