{"initial_step": 2, "final_step": 25, "quantum_tts": [297.2213821878549, 229.99656783358978, 214.90416289240386, 245.8223693733807, 242.08506042165686, 242.7776812137401, 205.53526411471015, 166.2595670810972, 292.59666716761865, 1277.134936828832, 1787.4359756246115, 976.0932594701695, 1044.826063109854, 2192.6590518485777, 6698.253726704055, 4858.266349682027, 2343.8242159482224, 2132.5972640306677, 2013.4430961505905, 2733.095205978252, 3469.1273197976616, 1976.9954181711855, 2323.263821649514], "classical_tts": [281.08621591111586, 329.4379209881093, 292.47841416798764, 356.82440813241305, 354.2371631099178, 382.6260854657337, 404.6676673543763, 353.1030879081074, 420.79242758935186, 435.5039357743264, 435.32324479354475, 517.0417896025807, 457.75437744086094, 518.0236277850679, 563.8508542575277, 490.1864149605068, 588.5413424239641, 575.1056969634626, 728.5961231002107, 656.5724179625375, 685.3332070275318, 727.0701139488489, 711.302768051714], "initialization_stats": {"phis_precision": [3.6561311085829273], "psis_precision": [67.12967637818517], "phi_angles_psi4": [1.5708134759948975], "psi_angles_psi4": [-2.6404247826789864], "phis_initial_rotation": [-1.4559184312820435], "psis_initial_rotation": [2.6101088523864746]}, "final_stats": {"q": {"step": 9, "value": 166.2595670810972}, "c": {"step": 2, "value": 281.08621591111586}}}