{"initial_step": 2, "final_step": 25, "quantum_tts": [1859.8726789113284, 2005.048541354874, 2085.8834436129537, 2011.702085005667, 1928.838513131846, 1983.1338616217608, 1591.6727804982577, 1423.094995336999, 1555.713328540238, 1340.999086063802, 1021.2546088975132, 1102.759982160935, 1093.837730663408, 866.4686059115193, 713.2029929295031, 728.559118247651, 844.3557692059752, 834.2494755529127, 952.534302834365, 1183.245885407004, 1415.5109539210391, 1751.3727012352008, 2224.322356945416], "classical_tts": [1839.764528690661, 3247.253264390488, 2942.701346565079, 2965.3173516783845, 2901.6153015729733, 2105.779281193562, 2406.604892792642, 2357.99642839698, 1776.8778155787036, 1719.1635584775872, 1754.533579079357, 1671.3888724709773, 1393.052147562638, 1421.7763756217932, 1675.3675085436043, 1515.4004964849992, 1637.0505574420604, 1389.2724672979414, 1433.031121198492, 1429.9508686243455, 1401.4731248311894, 1584.3068063307833, 1445.847427495923], "initialization_stats": {"phis_precision": [3.6561311085829273], "psis_precision": [67.12967637818517], "phi_angles_psi4": [1.5708134759948975], "psi_angles_psi4": [-2.6404247826789864], "phis_initial_rotation": [-1.4559184312820435], "psis_initial_rotation": [2.6101088523864746]}, "final_stats": {"q": {"step": 16, "value": 713.2029929295031}, "c": {"step": 19, "value": 1389.2724672979414}}}