{"initial_step": 2, "final_step": 50, "quantum_tts": [36080.3761210712, 17617.388867910315, 6806.74030150851, 3575.8519320977543, 1959.89095404018, 1492.6344560868174, 2540.5030341758593, 978.2898463922282, 43818.703025862305, 795.0650800634118, 373609.0483017839, 26193.08870031751, 111.09630614214035, 88.40363630305023, 4934.868193392521, 90.08382227183071, 939.7000043337085, 83.16085787285884, 382124.0445860449, 97.50459830474382, 126.60432088487536, 84.14539409394793, 1192.8266834443195, 139.94535716344438, 616.18476687953, 107609.12458213362, 158.60474550944602, 409.21106583293033, 191.82762889387945, 269.3588988297187, 1052.77733989171, 322.5730138762906, 61191.596972005274, 229.221763494527, 513.1394694576722], "classical_tts": [123.42153113712297, 119.59091905567834, 120.86057489953349, 115.49627493181166, 106.06831207626024, 102.60257726491292, 94.71013066510032, 91.64853501681282, 87.44612256930182, 83.55519747957004, 83.62504633050031, 82.43350521635149, 79.60236748675347, 81.92416459664032, 78.5523180218517, 79.98512258593783, 77.55198241050721, 80.12348883840609, 77.14779161822183, 78.65066267281608, 79.67145359559034, 78.08151585886147, 79.29646556522597, 81.74377011940514, 80.58986748215345, 81.85038625508658, 84.02148742291918, 85.66138447491234, 86.29796327417034, 85.86975968334949, 88.51742476705965, 89.23103849482405, 90.61775216116119, 91.66596334146993, 92.90777223151403, 93.77528098714637, 98.43893630550154, 99.93024652864571, 100.55195157047916, 104.0906443552458, 103.30185482221306, 109.05650305405159, 111.17457412979216, 110.86916822710475, 111.76218774109422, 115.2460063332454, 117.45789166101594, 118.60630114744002], "initialization_stats": 2, "final_stats": {"q": {"step": 5, "value": 83.16085787285884}, "c": {"step": 20, "value": 77.14779161822183}}}