{"initial_step": 2, "final_step": 25, "quantum_tts": [547.2280931104071, 496.1323493991899, 436.47396500356217, 478.79218303922175, 302.5702184683901, 290.53027947286597, 367.7315535320539, 310.871275076003, 503.11971058929936, 1141.0858269295074, 1235.3074965761052, 1448.7887405427653, 1646.9343934949381, 2686.3001294862543, 1977.6214384684154, 1955.087587546081, 1756.1899949889853, 713.0666160754711, 653.6711589413198, 830.0403878229419, 1017.7416552575274, 1011.6039918834905, 958.4378013586993], "classical_tts": [734.5222386137688, 428.27154251855256, 493.2367339595952, 327.91783833979616, 291.75147059452866, 249.74380210232545, 251.04000986898967, 241.4447615165639, 205.4971253533427, 200.3611236013348, 194.39331910968548, 184.85423277510816, 189.40697374319777, 196.41871891306312, 196.4504607573813, 199.38942911232274, 196.97757543522627, 203.142784910792, 209.89782707467344, 202.68003197475178, 209.5396648325571, 212.0547749154331, 218.74112318020389], "initialization_stats": {"phis_precision": [27.76951216254272], "psis_precision": [27.18173932686767], "phi_angles_psi4": [2.5307920507564523], "psi_angles_psi4": [-1.5085147862884132], "phis_initial_rotation": [-1.4832055568695068], "psis_initial_rotation": [2.4870173931121826]}, "final_stats": {"q": {"step": 7, "value": 290.53027947286597}, "c": {"step": 13, "value": 184.85423277510816}}}