{"initial_step": 2, "final_step": 10, "quantum_tts": [469.0541947102973, 851.2412237386018, 920.3386244587548, 1833.898826663591, 11113.664371016519, 5728.909652353286, 3778.5248216637497, 4600.305418495559], "classical_tts": [446.97835722665747, 357.72482506585527, 347.9234255544489, 281.1307397247783, 277.89089768098853, 246.18194319580437, 230.67595998141496, 203.38001512072157], "initialization_stats": {"phis_precision": [15.50174775357136, 67.17968677206794], "psis_precision": [85.11153681288263, 76.50351632985834], "phi_angles_psi4": [-1.5707040711947657, -1.9921571567494418], "psi_angles_psi4": [-2.640311092556928, 3.119238383100443], "phis_initial_rotation": [2.057890350999246, -0.9610766074955688], "psis_initial_rotation": [-2.1725762268380278, -2.4257831192460477]}, "final_stats": {"q": {"step": 2, "value": 469.0541947102973}, "c": {"step": 9, "value": 203.38001512072157}}}