{"initial_step": 2, "final_step": 50, "quantum_tts": [42.45775593437817, 78.56540643609141, 88.29279590976518, 91.88972211418117, 162.10567182359875, 207.2091938278018, 222.8762384490867, 262.9635376980634, 278.0586304514946, 255.31528937121587, 206.27219842343973, 241.4922836116874, 299.3598620039422, 271.9702994040653, 301.92121992152533, 427.14155455968023, 484.6770958058415, 514.7278815492836, 552.0320300113763, 527.2667771657373, 492.1356043751706, 433.9003778670993, 514.1822008164086, 572.3758031791771, 520.9391420407906, 572.7584535348392, 691.7035158264106, 680.4745891333225, 652.3313627861627, 640.0197503679931, 599.1998028130796, 545.7437386623561, 489.08506816932174, 532.3036643446842, 592.5796039604473, 606.8606690368273, 779.7021653752151, 897.4987143138542, 947.3331693333016, 906.5828448769327, 989.8589667655892, 948.4596583599, 732.8347505019088, 793.9714003316011, 1010.6606003651552, 1028.7575980367537, 1001.9762554550341, 959.7493020704123], "classical_tts": [39.5178870300911, 43.08851165490481, 45.36340330635144, 43.967317601279376, 45.297083453667845, 41.45682049407698, 39.90280760396584, 38.11875173199123, 37.96444865343715, 36.39660980526331, 34.97892277159219, 34.32852022527959, 34.39879549383547, 32.01563503888751, 31.903196684425417, 31.54490109019617, 30.888775389711043, 30.992306332018046, 29.126489751688425, 29.486171032033827, 29.20656553494573, 28.60339517189174, 28.043440049286247, 27.403047341431037, 27.568798372927407, 27.204973640279086, 28.030395636630676, 25.379211283608605, 26.098146315303445, 25.48391241537588, 25.602509594501146, 26.074583822936525, 25.848063130104887, 24.06517674257935, 24.700069394928494, 24.835711384702602, 24.44067634475877, 24.211062122170542, 24.131604322255527, 24.58679875638419, 23.734833375163305, 23.66889757975206, 23.067388110765712, 23.372174993567103, 22.61711189040656, 24.11681803796644, 23.532098035859118, 23.291747166039723], "initialization_stats": 3, "final_stats": {"q": {"step": 2, "value": 42.45775593437817}, "c": {"step": 46, "value": 22.61711189040656}}}