{"initial_step": 2, "final_step": 25, "quantum_tts": [1319.185150836251, 1785.0265944863377, 2014.4012922307425, 1674.2046407841656, 2089.4065148215013, 3169.350959250254, 2488.8784024432466, 1640.4783665914135, 1362.425924650546, 1433.8196460806662, 1600.4483894051707, 2204.386796354247, 3283.134474197217, 3487.5532373729848, 3293.877493197913, 3431.797441500263, 3815.610609954653, 3759.3942075928685, 5748.036069221567, 12286.252196788666, 12291.986923421493, 14747.032046482776, 30904.622790007204], "classical_tts": [874.8706683601937, 1019.9133760196834, 697.1249081573728, 697.3071146512513, 565.7277796158164, 554.9795206504497, 532.5212886202096, 456.5631583243399, 421.81011698640896, 422.9674340312746, 432.59938597873133, 421.8431585843053, 381.0191060307355, 397.36066300596065, 401.74131416616274, 421.1834600394109, 394.93974919806817, 419.0979408348081, 405.9253645149263, 439.7667914640592, 457.22538795926636, 450.1133588300913, 443.11285940821483], "initialization_stats": {"phis_precision": [3.4593604254533394, 65.4070686945677], "psis_precision": [64.24299610651036, 59.786442803922924], "phi_angles_psi4": [1.5708750043949777, -2.564153317394988], "psi_angles_psi4": [-2.640328001158329, -2.6404028940591564], "phis_initial_rotation": [-1.4620386362075806, -1.477384328842163], "psis_initial_rotation": [2.5195178985595703, 2.3794362545013428]}, "final_stats": {"q": {"step": 2, "value": 1319.185150836251}, "c": {"step": 14, "value": 381.0191060307355}}}