{"initial_step": 2, "final_step": 50, "quantum_tts": [4486.087740675769, 3971.454188610262, 1371.6472362269787, 1179.61664855836, 2115.1866722798404, 1419.0757402352274, 3922.602859166119, 1462.6796858628775, 1445.5686018602878, 1682.4153037073354, 3975.471290753325, 1262.1621472890447, 3011.063022700964, 3664.942179324325, 1470.0139822204358, 1453.52011983195, 3078.066613881872, 3357.3344953781266, 3274.729900224146, 3598.250964926033, 1441.8131250554306, 3113.110857936806, 1393.7827144714502, 1411.645823039867, 1771.7476881183798, 1266.9687030715668, 2813.7881780830326, 1282.5370600469091, 3099.6555502840047, 1335.8075122957455, 3070.9894838229393, 3019.4729822725326, 3303.924230398336, 3438.543106889879, 1391.4787698140663, 3203.602650261937, 3717.291177692128, 3771.3489912964947], "classical_tts": [2164.8355095936586, 1723.482634904079, 1884.6916680879172, 1555.3110747194207, 1410.0564063985312, 1075.4902779643173, 929.3926485117986, 810.3176018789329, 785.8629205600591, 649.4347990348492, 607.0015010315644, 551.0179056182133, 451.72929320581943, 428.16008699307855, 385.0265473116712, 374.4845671072524, 334.2314523805386, 310.30450773807917, 294.79634195603023, 271.9865929886092, 254.8698247974331, 249.86019130646926, 237.78330366068374, 226.1251931234089, 212.1467706817515, 206.82007686910865, 205.98213173121636, 199.04737546088035, 196.71555880181353, 193.12000317033053, 196.45732015859542, 199.3959864076278, 196.9521915446943, 198.9138584607488, 192.42421240772353, 202.53709328242772, 203.56860789712803, 207.80974115264632, 214.57039007330803, 225.96476118848906, 225.50061495823414, 221.8552999081177, 224.06429706925564, 242.69294160320385, 234.2490378451309, 245.926344382346, 242.42867906000959, 254.2565626503941], "initialization_stats": 2, "final_stats": {"q": {"step": 16, "value": 1179.61664855836}, "c": {"step": 36, "value": 192.42421240772353}}}