{"initial_step": 2, "final_step": 25, "quantum_tts": [37.570845047525225, 46.485907199551406, 53.12875033490985, 51.18713207797641, 52.441779916093864, 61.313286809990714, 83.33518423993607, 132.00160773167713, 194.64658454877144, 276.8614485114659, 552.8695991300713, 1013.8102255434725, 1331.3103295101694, 1356.3713185876231, 1112.9113218359844, 1698.404009445975, 1728.5068936382543, 1961.3257182651716, 1990.0449906995805, 1773.7527403534534, 2250.931842002007, 2445.2135095819967, 5392.055783597173], "classical_tts": [49.771333783186876, 54.58269341528907, 64.7321469914688, 67.17713184715276, 70.1010534879182, 70.45101612078778, 73.33381940931339, 78.7988455806114, 80.36495006798908, 80.70108910102066, 83.4492617619427, 85.11424066456061, 86.45263276230735, 88.62577600507964, 91.05839690990831, 92.26280397971135, 96.9031871804135, 97.90051317934501, 101.67063605532306, 104.43058591107462, 108.70302623118575, 109.81090709164432, 120.27622110508334], "initialization_stats": {"phis_precision": [98.62187378934233, 98.27844464714623], "psis_precision": [95.22597982169867, 97.45180264603367], "phi_angles_psi4": [-1.5124112700065735, -1.502009793914674], "psi_angles_psi4": [2.581346472417863, 2.5715472059688316], "phis_initial_rotation": [-1.5557063817977905, -1.5560940504074097], "psis_initial_rotation": [2.431366205215454, 2.4914932250976562]}, "final_stats": {"q": {"step": 2, "value": 37.570845047525225}, "c": {"step": 2, "value": 49.771333783186876}}}