{"initial_step": 2, "final_step": 25, "quantum_tts": [181.5062780046189, 229.69040942241912, 266.95617464984537, 291.55194388321854, 330.59166887517125, 496.6968531947863, 944.0735016088252, 1388.2799331516196, 1665.9773617229282, 2196.873713489894, 3473.4218889184363, 2714.9036352588123, 1848.5379950025467, 1755.305010072231, 2190.007102070355, 1953.3909599129968, 2830.7426060696253, 8424.763839295663, 22483.16871469272, 19609.69875065905, 33875.99082826859, 14615.606288545758, 10391.076488359478], "classical_tts": [156.48509327717585, 203.50052356427807, 222.77891047448747, 215.5947192267021, 202.73691636707727, 239.82138820429688, 231.06769933259898, 211.10807746172026, 225.36545872125538, 229.770809477256, 222.8209682536924, 230.06616452302868, 225.8760268072341, 237.44617590821895, 231.92664078072494, 248.02264199973263, 258.29463809849176, 263.69660516296017, 253.69780610756527, 266.60281016074197, 280.22403896160745, 279.47350044304955, 271.15742229420226], "initialization_stats": {"phis_precision": [99.94396935131363, 2.7240400298160217], "psis_precision": [77.09639015719048, 95.63083223037306], "phi_angles_psi4": [-1.5090061529896548, 1.5706674987945404], "psi_angles_psi4": [-3.1305107197857307, 2.4956793155219437], "phis_initial_rotation": [-1.5072458982467651, -1.4853469133377075], "psis_initial_rotation": [2.433136463165283, 2.6329407691955566]}, "final_stats": {"q": {"step": 2, "value": 181.5062780046189}, "c": {"step": 2, "value": 156.48509327717585}}}