{"initial_step": 2, "final_step": 50, "quantum_tts": [5311.83227101363, 4464.641481592891, 460.41155401188826, 405.5400278963243, 678.3472694922882, 437.5870760312028, 5347.724161489845, 448.77697158720116, 425.88862161669874, 479.64540455907013, 5614.492828358345, 432.2967959880755, 1445.7504329814303, 4363.1361005685985, 453.95164143970254, 428.57934325227103, 981.438255734833, 26375.25379008825, 1139.3864949747472, 5074.9980264292735, 455.1505472815194, 1987.8270718860886, 417.86859904957504, 421.5529522769903, 568.2205869576196, 405.40072689559423, 803.8516096938026, 416.1488507128085, 8485.346956627554, 413.68739282709305, 2570.8948756610666, 3905.1062342973873, 14974.940847108726, 10864.91360992919, 423.01055280495234, 1188.5098090598588, 5567.549001436435, 5200.328733071991], "classical_tts": [502.3700817545393, 428.27154251855256, 533.2116668241746, 461.74958439936944, 379.4981809830671, 356.13091280877006, 317.45324253031833, 305.9071248547314, 266.15941708868263, 255.50736138301562, 231.5188251782791, 216.50725793914117, 218.5720222541576, 195.92046402846645, 181.45361322540577, 181.49797242876124, 170.54260643717646, 154.66682336658636, 153.9778112286006, 156.79329778598503, 149.13231460853638, 148.70430269581317, 143.4963398936149, 145.56633070257013, 136.58609409546915, 139.85486013004137, 141.60042169900294, 140.27715013079515, 144.25942047782377, 142.3934931138222, 140.54919131469333, 143.14817410781868, 146.48707788651362, 145.1751409396746, 145.41495102651075, 149.86071571681117, 154.51018162508046, 153.22068023591146, 150.09279303324223, 156.95615824808777, 162.38071938540503, 167.45571624452197, 164.05065145529747, 170.00340578960558, 175.3646853947773, 173.92723639660838, 178.29435308844825, 178.97428578419823], "initialization_stats": 2, "final_stats": {"q": {"step": 15, "value": 405.40072689559423}, "c": {"step": 26, "value": 136.58609409546915}}}