{"initial_step": 2, "final_step": 25, "quantum_tts": [40.790498262236355, 43.72759017868662, 48.406120917290934, 56.021427726168795, 63.61160692926172, 76.84635145215424, 104.61388097923694, 91.21085084035123, 123.29983601496566, 296.93489041087065, 376.56342081294906, 323.9571976455, 438.2457413824515, 701.3654786047576, 1208.4914977155368, 1366.8185620243698, 882.8186419715613, 588.5463324850446, 733.5873078207737, 1180.0405022874006, 1328.7095721656353, 1120.3793184053366, 1049.9584613477773], "classical_tts": [52.981421734128084, 80.99556949925436, 102.42280042011438, 117.94479884049692, 129.4188541439146, 140.68405655848636, 156.5611682887274, 193.62367733055737, 191.57527477369683, 194.2462088117647, 209.6140183233216, 233.12466079205262, 253.29904044578655, 263.72873738153675, 257.6234412310594, 329.54016947437077, 336.9213490811677, 352.3977166123907, 351.63831650871566, 388.60609575373735, 400.7222472026696, 389.10412023853166, 394.3781354416596], "initialization_stats": {"phis_precision": [98.7075542794633], "psis_precision": [96.59164345741267], "phi_angles_psi4": [-1.5708471341949184], "psi_angles_psi4": [2.535740409371408], "phis_initial_rotation": [-1.5302437543869019], "psis_initial_rotation": [2.428663730621338]}, "final_stats": {"q": {"step": 2, "value": 40.790498262236355}, "c": {"step": 2, "value": 52.981421734128084}}}