{"initial_step": 2, "final_step": 50, "quantum_tts": [155.13358057369808, 156.68481730194156, 150.49332489312738, 137.4470468755134, 124.2946058690129, 117.67758611327959, 127.56670705892503, 111.66988922868832, 184.3701113825098, 98.54743958723884, 168.0930529851161, 155.74944174867258, 52.72300756688507, 40.553408484856085, 144.174515846363, 42.86523483710028, 106.17565645204566, 33.343152956326925, 164.12419179837906, 44.51853496594443, 53.55851151724636, 35.72247899927552, 112.23676305214192, 56.93092196640147, 97.45086975138206, 178.59319776638785, 62.86606581487081, 87.65592052020408, 66.07071595947738, 76.56431058474575, 115.52541783897954, 83.39581787435517, 189.06271913145426, 68.55329762377674, 89.96835336604549], "classical_tts": [24.675291997101446, 24.435404731724816, 25.16458668440467, 25.910411286768745, 24.751025448713875, 23.850444539114267, 21.380468045302834, 21.028028362601038, 21.75471223753518, 19.716357949088383, 20.032368274808327, 19.66580988798409, 20.247728457410744, 20.321276279114898, 20.550080386344746, 20.19871956791162, 21.08044385120659, 21.32203645858086, 21.61306094046378, 21.884221667119064, 22.94996048891785, 23.721056078257696, 23.214013719300045, 24.509884938370288, 24.77625669846973, 25.49010474946032, 27.359225559992517, 28.33634075856368, 29.28062792615098, 28.95623764010029, 29.10062152008438, 32.35304811864878, 32.774435161624496, 32.06552416170775, 34.93954431691818, 35.747630898439944, 35.367587279562926, 36.12396328736874, 38.690022865500076, 39.115532378037734, 39.18421110419969, 41.260721685345835, 41.97764450326001, 44.01940632966427, 43.17215686237471, 43.217904432594786, 47.00651653723874, 46.6395715916776], "initialization_stats": 2, "final_stats": {"q": {"step": 5, "value": 33.343152956326925}, "c": {"step": 13, "value": 19.66580988798409}}}