{"initial_step": 2, "final_step": 50, "quantum_tts": [196.34734832599983, 239.08793573396815, 278.37358812370957, 378.9690309947327, 532.722925050149, 709.787408700607, 779.9860236423068, 975.3383390286349, 925.413578857249, 941.0767977428932, 1170.7652557487688, 1332.9849039467904, 1035.422226648663, 730.6395576143314, 728.5992824120457, 1062.7678154951755, 1926.8294757200113, 3309.082384360895, 2924.7497550886865, 3086.950432432262, 5116.690254103113, 4952.74976135389, 4563.304363373943, 7242.566223898214, 31295.279704481345, 39349.26313363548, 27057.7060829973, 17810.366663148463, 19522.094713201823, 8348.63091399437, 4067.440852744404, 2379.5978933675556, 2424.4494597297653, 2989.371243857437, 2803.1609921394393, 3133.6936541224195, 3653.8623401488767, 3423.372848878536, 2668.070050018685, 2534.718063906381, 2759.228687166023, 2752.5085201595325, 2748.155396032693, 4457.488351595542, 10695.704636548118, 13096.209881428926, 13713.891557451214, 19549.538969182948], "classical_tts": [214.40306319268277, 281.3878788283132, 330.2948954786183, 394.6651317303334, 366.44101711288994, 344.18615581968265, 445.55782094897495, 477.16962423655053, 458.3059997946065, 550.0927341860777, 567.7781458690166, 547.0301558661574, 655.3370862908672, 634.2489083657114, 633.460270217202, 711.9112300913845, 709.4103164627562, 675.0862738289962, 747.4775089844667, 743.0890301909375, 769.0111092073673, 867.0812342765022, 856.26446435083, 839.7889258289888, 834.216878376304, 947.6271635426384, 1024.3499794321756, 1056.4643784953055, 973.4842121176275, 1115.2217777750445, 1015.323405324307, 1202.1836031153475, 1146.5908368987666, 1180.314096807554, 1263.502884723518, 1252.6706651514253, 1223.819954222264, 1251.3253175644559, 1210.7488357125528, 1525.7433994755327, 1357.741901576549, 1473.1885275406808, 1360.7528285094093, 1324.477581402496, 1304.2586133294403, 1508.007433987934, 1437.5986358970595, 1447.2093217979973], "initialization_stats": 2, "final_stats": {"q": {"step": 2, "value": 196.34734832599983}, "c": {"step": 2, "value": 214.40306319268277}}}