{"initial_step": 2, "final_step": 50, "quantum_tts": [396.1458433978808, 419.62248718676335, 517.0290439349017, 1010.4731504051152, 870.2546723232745, 1456.1547854359496, 1082.5125374188208, 1158.9659820799384, 1549.357377503668, 1193.1930295170564, 1597.8500511831007, 2391.261353053498, 2925.159759915136, 3459.116207172887, 3298.213400552907, 3744.6629960849564, 2969.8669206449676, 3231.390430050895, 3727.13587263066, 3356.358654223271, 2093.849349736127, 2444.9459596314623, 3084.9542992008537, 2749.558186160791, 2636.3960399506122, 3820.3374924646096, 3102.9221519924968, 3002.665206607652, 3552.052829089641, 2879.8488856921203, 5398.301792801749, 4577.197529431871, 2953.615289466383, 5379.16687015557, 5093.436808425576, 4322.705217544187, 5568.495492858645, 4575.997833898841, 3808.005113322824, 3656.7030048556876, 3376.720349590234, 4367.354319350183, 3867.5991589702794, 4138.835938439134, 5062.85229134693, 3999.7580464069756, 3581.9143826979926, 3730.6176859008056], "classical_tts": [211.88303619205257, 169.21650595868434, 149.49550179689334, 118.95205405758449, 105.95247753368983, 89.23611963496177, 76.8025202914828, 69.44653709957457, 65.53870529012198, 59.48499569267275, 56.83839706567055, 56.59545870078924, 54.416508192183876, 54.08015333753151, 50.87728622831739, 50.338379878353074, 48.404453094025406, 50.81349955959754, 47.659292612999295, 48.932195390338514, 47.6004087695716, 49.258199364396226, 49.74359081975893, 48.94812135480979, 51.15208162852835, 48.87281382749882, 51.86585731337937, 50.67533441153664, 51.646606378754065, 51.193272309469286, 52.653849563492074, 52.27736184637188, 55.1380991288199, 55.32336611253625, 54.00923081190053, 55.593431807317295, 54.74624992952784, 54.588003337040035, 55.987695730297474, 56.9361396767802, 59.15781342610463, 59.28867255848987, 59.94520766836859, 58.81559090091471, 58.09346296913853, 57.847629109259344, 59.74538415068332, 59.36811913106881], "initialization_stats": 2, "final_stats": {"q": {"step": 2, "value": 396.1458433978808}, "c": {"step": 22, "value": 47.6004087695716}}}