{"initial_step": 2, "final_step": 10, "quantum_tts": [149.80428513407793, 207.04404567661265, 353.2937852450154, 634.2860636736784, 709.0596489918472, 564.062079676023, 539.381335948767, 717.5551025890524], "classical_tts": [68.24884279453133, 67.70136973917526, 59.57177996726189, 54.63586331695702, 48.87080946344963, 43.90821624682484, 41.34775788804515, 38.07350583930709], "initialization_stats": {"phis_precision": [75.4226623027465, 29.131076110125388, 69.12466569615066], "psis_precision": [60.4796216088078, 83.1444798161908, 87.67761290065515], "phi_angles_psi4": [-1.3857856964184652, -2.037047049337555, -2.0359199983286067], "psi_angles_psi4": [2.044459532544857, 2.637386964029599, 2.491851602471857], "phis_initial_rotation": [-2.157905531963336, 0.18936585726488708, -3.0058972325896276], "psis_initial_rotation": [-2.9971564704261473, 2.107855180210705, 2.1047323946119425]}, "final_stats": {"q": {"step": 2, "value": 149.80428513407793}, "c": {"step": 9, "value": 38.07350583930709}}}