{"initial_step": 2, "final_step": 50, "quantum_tts": [2139.7232896663077, 1897.1114008805741, 1013.7495489083997, 1061.451523651649, 1240.4866085335925, 592.7323504988824, 2688.72471044172, 175.96428649549716, 414.514253473673, 449.5631691130121, 2668.4953504207647, 390.6667911144933, 1199.2234304100075, 1920.2909997961513, 123.48060624497224, 218.8904126544516, 1242.643210425192, 1586.543822101313, 1224.146177609099, 2327.1991965046773, 508.03687849636844, 1719.8165156076527, 283.1000035982352, 740.4189269654353, 900.7307389901846, 878.3139428268188, 1322.783485836057, 378.37640226036615, 1713.7426479170585, 836.7667978755433, 1814.5575795739794, 1706.125956614443, 1460.4605869523634, 2259.700968166287, 284.63343593502077, 1148.6891249042935, 2760.6007939389465, 2498.106281647133], "classical_tts": [84.97842336211343, 86.79776931409175, 74.3585006305335, 64.70436278436807, 61.05670331439583, 57.217236800350754, 49.83742017298581, 46.434830213324695, 44.89247663314265, 42.658099810553956, 40.38516279793784, 36.68873877559976, 34.51613133082188, 34.29278640721239, 32.55537642380309, 31.798456233698904, 31.18697463169998, 30.79003012455737, 27.773726671600095, 28.26677450485009, 27.171620712196372, 26.22680228623036, 25.499511164003707, 24.5371985644938, 24.285876730406695, 23.69123490621387, 23.620330505935527, 24.32626994536746, 21.7084255455218, 22.30420597723087, 21.599933243641026, 21.09120131934773, 21.450743403274025, 19.70737156152563, 19.337192982226714, 20.28610268126182, 19.401540937843368, 18.47729732212048, 18.56232939727737, 18.30085771117853, 19.348630856044785, 19.353252559400914, 17.915805810076666, 18.54929101168871, 16.685032587562947, 18.06261199084467, 16.000000000190553, 15.680307401459695], "initialization_stats": 2, "final_stats": {"q": {"step": 2, "value": 123.48060624497224}, "c": {"step": 49, "value": 15.680307401459695}}}