{"initial_step": 2, "final_step": 25, "quantum_tts": [329.32140850226256, 360.3322928225731, 370.7038379085599, 362.48006134255456, 343.94049271935427, 336.8606377001555, 316.90465719452754, 304.7915909187762, 289.92652003051614, 302.1207507170035, 295.55015447935614, 312.84857709784654, 345.5527720207414, 320.9774432684189, 334.4968472465399, 436.39107824804506, 505.71964805412404, 516.6499470822552, 611.7596097027739, 795.9061775211067, 1110.6898712834377, 1374.0351627622467, 1708.803149167858], "classical_tts": [332.6135696246161, 435.1246205740848, 521.6864433337661, 494.7831900428283, 545.6835191473534, 552.5311844224668, 502.4189558139062, 540.3566127881693, 541.5790920542771, 485.0818134443079, 472.94021097517077, 504.34035934551207, 532.4203937829293, 481.2789682940215, 509.548926071799, 547.498400573118, 566.918315234057, 566.0671218484365, 544.3130086153362, 556.3049282083449, 594.9170211685225, 635.14554123769, 559.0271442249941], "initialization_stats": {"phis_precision": [66.92036242310245], "psis_precision": [71.60912621833799], "phi_angles_psi4": [-2.5639700672519443], "psi_angles_psi4": [1.5129570644342083], "phis_initial_rotation": [-1.524742603302002], "psis_initial_rotation": [2.4048826694488525]}, "final_stats": {"q": {"step": 10, "value": 289.92652003051614}, "c": {"step": 2, "value": 332.6135696246161}}}