{"initial_step": 2, "final_step": 25, "quantum_tts": [5873.0641641808315, 6383.220877234433, 6472.2936886564385, 6291.858697439274, 6011.84161803107, 5717.980332969689, 5482.841131289438, 5210.434031296554, 5054.6681897607305, 5025.994261824163, 4899.762038188804, 4832.774388385316, 4796.8215405561195, 4424.597867827873, 4211.477121791744, 4359.492244967852, 4506.215063678607, 4604.381825576789, 4994.165944050152, 5033.456457775982, 5235.03361306101, 5382.996591818167, 4903.554437419686], "classical_tts": [7365.969472560511, 7891.123080143772, 8182.363185392628, 8765.995012429317, 7615.440808779983, 11714.190486553582, 9498.234808481562, 8278.940379107975, 8175.450889782984, 7355.600811530271, 9008.551668892282, 6730.623502262234, 6596.42083830771, 7159.6053284219015, 7258.869710257746, 5426.5188033810755, 5847.787712877509, 6284.279054462921, 5355.242094952693, 4872.419520722414, 5564.356945091997, 4760.766738052524, 4553.622291970381], "initialization_stats": {"phis_precision": [3.6561349031324575], "psis_precision": [67.12966878908608], "phi_angles_psi4": [1.5708134759948975], "psi_angles_psi4": [-2.6404247826789864], "phis_initial_rotation": [-1.455918312072754], "psis_initial_rotation": [2.6101086139678955]}, "final_stats": {"q": {"step": 16, "value": 4211.477121791744}, "c": {"step": 24, "value": 4553.622291970381}}}