{"initial_step": 2, "final_step": 25, "quantum_tts": [37.50068617051927, 50.82581171201494, 61.05717684468876, 62.123193765826485, 73.16122944642213, 100.03903359209235, 155.2423817521934, 225.10374044448307, 252.3056876487875, 354.84922225520745, 665.8905083657593, 788.3589398669907, 671.4209109170262, 696.4302235993531, 1109.2980473080174, 1368.1444034716242, 1240.5576465788095, 2206.3206458337036, 3054.4793876894505, 2269.280847761598, 2034.4357154868424, 2479.8220118168983, 4065.724710772727], "classical_tts": [42.3660983318414, 54.09729029113525, 55.81278277481904, 57.30876022129384, 61.2262961907799, 63.43556058542937, 64.8944406879012, 66.79137935832753, 71.25733899519818, 69.30497707743433, 72.50763142095556, 73.23736752122795, 74.0037380775584, 72.12971023891188, 74.62573002821173, 77.99040993337427, 79.25031409555326, 80.40922256798873, 81.82939148944942, 80.78988769566689, 83.14413946212703, 86.4659334957825, 89.28096712702262], "initialization_stats": {"phis_precision": [98.89230799390411, 99.89121789206543], "psis_precision": [99.57178840115078, 97.79224713176714], "phi_angles_psi4": [-1.385694098666425, -1.3856865179633286], "psi_angles_psi4": [2.5631574542466224, 2.630315795292456], "phis_initial_rotation": [-1.3508949279785156, -1.3891040086746216], "psis_initial_rotation": [2.5497047901153564, 2.560957193374634]}, "final_stats": {"q": {"step": 2, "value": 37.50068617051927}, "c": {"step": 2, "value": 42.3660983318414}}}