{"initial_step": 2, "final_step": 50, "quantum_tts": [362.741212789903, 379.3321894997573, 373.76214133346, 383.9381828238645, 372.6160135376664, 386.8980295939986, 365.8393148748921, 396.17774122876415, 386.49593546855624, 407.8071541730596, 412.870336183215, 453.83583850355654, 448.4052326076929, 435.0297114637736, 465.2742962269333, 530.8248431938727, 589.8917472226011, 617.1715116831663, 701.0778321213035, 723.4100317624527, 723.8688812729733, 748.6247480633439, 787.3519628269003, 821.8203510288049, 842.5066254036205, 858.6705152072433, 865.8446667930447, 916.204516728696, 962.0489387273033, 979.7093670667464, 1022.1088801312279, 1034.8270522694565, 999.9708638023322, 1043.7055751871967, 1094.0866992592378, 1236.5692103281647, 1308.3917274244495, 1382.5183295036202, 1437.9173338088658, 1532.5960265424935, 1592.4615822706314, 1702.6330424597359, 1755.7244727219618, 1775.7478666063068, 1811.452275769805, 1845.6639951996945, 1873.7315131385403, 1909.792944459956], "classical_tts": [292.42226317989287, 323.528164375585, 246.84306227424594, 216.66454903991672, 186.90905646205417, 157.96986272474228, 136.92426634990304, 126.36862004982866, 112.8125646646121, 102.93584930128205, 95.99145671851458, 89.08881651166627, 79.89794178220679, 79.21942101201259, 72.268500791142, 72.66226071661194, 68.36184443678836, 63.64307262279786, 62.47695032266259, 58.79641098587415, 57.30382534901234, 56.09066610923947, 55.2801552825824, 53.43217473476399, 53.430230245954206, 53.22928142026927, 51.829710580218844, 52.51143037314241, 50.478518407089815, 50.63990647277558, 50.69319936616322, 51.95094961515563, 52.405759232294976, 51.99417716263016, 53.41878087142377, 54.091222148415206, 55.10662748155273, 55.55823930463937, 55.70140067638106, 55.790872068565584, 57.05993072655825, 60.28158250748743, 58.818987595032056, 60.42478666137158, 62.067938784631494, 63.340474055827826, 62.892183487995716, 64.52031272492903], "initialization_stats": 2, "final_stats": {"q": {"step": 2, "value": 362.741212789903}, "c": {"step": 30, "value": 50.478518407089815}}}