{"initial_step": 2, "final_step": 25, "quantum_tts": [639.3696435574213, 689.639211978704, 696.3654979222873, 692.1336820589919, 666.0936411742555, 643.1680913956925, 621.8185894077985, 607.621366411403, 609.8161690905529, 616.9735584345344, 617.2191574401879, 630.9666110929007, 646.478095626413, 647.9430363117128, 653.818605410052, 683.1591221621636, 771.7514831203188, 849.4032324144973, 898.8069624515445, 986.7822904691036, 1143.3489291408005, 1316.5286798201307, 1420.0769201196365], "classical_tts": [864.5509351473553, 853.3173109626428, 991.1001697932585, 995.3563936160664, 1035.756930287247, 1040.25156499711, 1032.2141803210143, 1035.5730624500738, 1115.0945929344996, 1021.0971415082857, 943.035504672071, 922.2080030436058, 981.4320854406144, 882.651248524238, 882.7689075063187, 905.4024315828135, 865.6682026987738, 827.4300995075323, 937.4469505548944, 886.873594451808, 804.8464124109951, 859.5991353321367, 855.3808480269017], "initialization_stats": {"phis_precision": [98.85281586480981], "psis_precision": [71.90115844334036], "phi_angles_psi4": [-1.4946228033161004], "psi_angles_psi4": [1.5243986496296744], "phis_initial_rotation": [-1.5306626558303833], "psis_initial_rotation": [2.4071497917175293]}, "final_stats": {"q": {"step": 9, "value": 607.621366411403}, "c": {"step": 22, "value": 804.8464124109951}}}