{"initial_step": 2, "final_step": 10, "quantum_tts": [523.5753367716571, 1098.4744423110644, 800.5931280381034, 690.2079206742897, 1606.394676625938, 2209.118613184469, 1782.1973490974538, 2556.209826154753], "classical_tts": [315.28975347005877, 300.1704699401983, 240.97457124932052, 204.95258413168625, 148.21540124510125, 129.24125066072932, 112.32766226651437, 99.95222080405912], "initialization_stats": {"phis_precision": [41.15619752015473, 32.08371453458031], "psis_precision": [39.38973806640287, 84.52428186640707], "phi_angles_psi4": [1.570709090494786, -2.5489826969983502], "psi_angles_psi4": [-2.6203661852996016, -2.6204219107225417], "phis_initial_rotation": [-0.2779234853049215, -0.4153296622256524], "psis_initial_rotation": [1.7586915856525662, -3.10660593469776]}, "final_stats": {"q": {"step": 2, "value": 523.5753367716571}, "c": {"step": 9, "value": 99.95222080405912}}}