{"initial_step": 2, "final_step": 25, "quantum_tts": [377.68706948193125, 441.52644550817365, 409.52065807477857, 322.47141550020433, 297.3761138787528, 301.2059230867078, 339.91644530896934, 505.8252464934108, 710.212072421383, 705.7192965902559, 869.2994470005272, 1599.4991178256141, 2180.449232178372, 2001.2186204993861, 2727.3663833956025, 3391.178586598654, 3359.992625120168, 4982.798122193989, 5809.498393432791, 4102.409734453078, 5030.3921314829995, 5324.626404377728, 3541.6043026727425], "classical_tts": [358.8823089755334, 362.50894286808267, 354.80282269407616, 297.1780926038542, 263.2618650894133, 220.46823370213326, 203.6066458173812, 207.89329487726098, 198.78692935574827, 198.7988982636818, 182.8492980832554, 174.96343545186267, 170.25002938917999, 167.83105031530272, 171.06760834593754, 163.53026254201365, 170.3191654021628, 171.74635800976768, 169.52917818461813, 171.04783312208448, 178.4597118917283, 183.2403846076386, 185.40006367027544], "initialization_stats": {"phis_precision": [94.20688416606606, 7.0660871532594705], "psis_precision": [16.384285993927094, 5.329594450895126], "phi_angles_psi4": [-1.5303269645197095, -2.5640913320220897], "psi_angles_psi4": [2.580510591179819, 2.580680158780095], "phis_initial_rotation": [-1.7123230659725253, 0.799488996470755], "psis_initial_rotation": [-1.0758095875383291, -0.7283466425451488]}, "final_stats": {"q": {"step": 6, "value": 297.3761138787528}, "c": {"step": 17, "value": 163.53026254201365}}}