{"initial_step": 2, "final_step": 25, "quantum_tts": [64.43872485013357, 74.55491622708047, 71.27632077081711, 77.54913647006572, 113.99100167030106, 212.14154750321637, 489.72123951339364, 641.105790682768, 733.7841209970708, 385.6033289021578, 476.712877398977, 1068.1574519103176, 1126.02708604629, 1011.3159949746528, 909.3993640158982, 678.1633403231542, 496.9633212846139, 327.33679408905607, 440.15944280408155, 746.2435292464254, 749.1930414319261, 1036.1913430354255, 2090.4705456951615], "classical_tts": [73.16785567372682, 104.8651512555501, 115.33797999070748, 139.43783833306318, 161.99113899850872, 179.78668109478568, 201.17118407505205, 207.6056524791047, 220.28503947485433, 270.1371937257308, 281.47743661562697, 269.16065163419404, 324.7389970915313, 307.4782070477036, 327.9767541842172, 352.8657338932515, 372.6839791858072, 348.4230153559927, 398.05614078673386, 440.32551066175023, 475.7753748758938, 453.362739355228, 504.510838510811], "initialization_stats": {"phis_precision": [66.92036242310245], "psis_precision": [71.60912621833799], "phi_angles_psi4": [-2.5639700672519443], "psi_angles_psi4": [1.5129570644342083], "phis_initial_rotation": [-1.524742603302002], "psis_initial_rotation": [2.4048826694488525]}, "final_stats": {"q": {"step": 2, "value": 64.43872485013357}, "c": {"step": 2, "value": 73.16785567372682}}}