{"initial_step": 2, "final_step": 25, "quantum_tts": [101.21271298317156, 183.6488246366821, 234.43787684638036, 230.29587930910995, 419.6019486631385, 772.0822451972675, 662.461515241518, 539.9713426156139, 342.73951483767434, 252.2263499277583, 329.21884818585715, 501.11600677206445, 587.3332327434798, 772.2624446850832, 869.6003203865924, 892.7945220625186, 1259.7557736292795, 2225.6158998481283, 3080.2695502364295, 5392.837137131298, 9517.80565323498, 7730.629377501759, 9831.327066449889], "classical_tts": [100.01686076110502, 113.84037139777548, 125.98184782979044, 142.24210384524025, 137.64173748364, 154.4045045180872, 163.3779872841832, 158.4095830505747, 162.9853491360781, 174.9965222476441, 186.24933281129177, 193.4257412351608, 193.7855877557127, 194.27613784900655, 211.6640690408248, 213.87586709752804, 228.13963964252477, 237.2850685318373, 253.69780610756527, 242.54029793417135, 258.63443680715153, 265.2333357579794, 279.3250100535424], "initialization_stats": {"phis_precision": [99.4747686069209, 68.63598514956007], "psis_precision": [74.03576484478505, 94.71659448884351], "phi_angles_psi4": [-1.5178665728531433, -2.51274581566028], "psi_angles_psi4": [1.524092687483897, 2.576093076193505], "phis_initial_rotation": [-1.5343672037124634, -1.5274162292480469], "psis_initial_rotation": [2.339783191680908, 2.4101099967956543]}, "final_stats": {"q": {"step": 2, "value": 101.21271298317156}, "c": {"step": 2, "value": 100.01686076110502}}}