{"initial_step": 2, "final_step": 25, "quantum_tts": [179.4541674330987, 229.14656218680636, 263.3080614879995, 277.7332952199847, 286.529567648849, 353.34503943657876, 522.7984282128722, 689.3849298509456, 856.8108063735757, 1260.8600794434421, 2674.2012273766413, 3313.692239981561, 2554.658331201627, 2643.6969116623036, 3601.7605105075445, 2862.3873156608483, 4409.8311233629975, 9375.47415829476, 13297.268026403599, 12542.64354245825, 24126.282511204554, 16104.445650834954, 8774.63630244283], "classical_tts": [189.57018341623913, 205.06273989578867, 201.17735385364045, 220.4917333837763, 219.50356702118046, 209.28231439367238, 222.36918873711113, 211.40502122902527, 213.19661340484623, 219.46321070552412, 218.8212843360306, 221.0912789629449, 228.87905954373838, 232.58433979913295, 241.93578897690224, 238.05476944966676, 249.15289854305917, 238.84183331784453, 248.96166169541473, 252.95124030053088, 248.9353085059163, 249.67816709587143, 263.7967172796197], "initialization_stats": {"phis_precision": [99.77340364525122, 2.720491909376588], "psis_precision": [84.60258480069798, 95.62872620138198], "phi_angles_psi4": [-1.5089041861744306, 1.5707790854948958], "psi_angles_psi4": [2.0690155554647496, 2.4956133910884564], "phis_initial_rotation": [-1.5160229206085205, -1.485346794128418], "psis_initial_rotation": [2.5527396202087402, 2.6329410076141357]}, "final_stats": {"q": {"step": 2, "value": 179.4541674330987}, "c": {"step": 2, "value": 189.57018341623913}}}