{"initial_step": 2, "final_step": 25, "quantum_tts": [601.2090960586437, 653.1975451308482, 670.4044559276911, 658.3694309658307, 625.2171495293152, 598.9077804663834, 545.512060549933, 520.9913091599129, 520.4297609977754, 504.3352804140889, 440.0551612320455, 438.82356638637935, 459.8256174098673, 388.662320392093, 344.0736156724057, 366.6948636036167, 474.16576238124014, 511.28095630531715, 490.07538743051646, 552.6185971006289, 673.6730059403028, 820.7339962545499, 935.2902084759824], "classical_tts": [816.3921720939361, 833.8450237654861, 991.1001697932585, 934.0623621419264, 997.8407088738484, 906.4189486463592, 1021.2895665069227, 931.5665795448253, 869.8085638861222, 872.1106753078494, 842.8848571807384, 785.8373443483886, 782.190794596452, 807.4140938451816, 771.5959853160664, 826.6291666844978, 770.4328303915785, 720.989018852578, 762.2724126961316, 766.6408986857738, 743.36869334595, 743.5253270538245, 818.9861135343759], "initialization_stats": {"phis_precision": [77.89354649670638], "psis_precision": [66.736766489244], "phi_angles_psi4": [-2.5641235943374006], "psi_angles_psi4": [-2.6001305374449513], "phis_initial_rotation": [3.02456699361347], "psis_initial_rotation": [-1.5551352371246223]}, "final_stats": {"q": {"step": 16, "value": 344.0736156724057}, "c": {"step": 19, "value": 720.989018852578}}}