{"initial_step": 2, "final_step": 50, "quantum_tts": [37.774263211741385, 63.30400560298791, 69.0746923338483, 108.20465147577794, 132.04801349063715, 161.97022430888597, 168.7362869914406, 183.05427230500118, 242.76850834953123, 208.32674318178965, 225.48591692742644, 287.7961147863524, 310.56225135884824, 336.38920552161966, 363.82407612524264, 380.9653310105475, 373.0107710777833, 394.6306696351505, 401.1715098450951, 368.83698648518737, 414.7153373609947, 399.8349737728349, 463.39597077602593, 463.82136144348334, 420.53806378405307, 484.75244438903684, 559.1607574193041, 662.5488060257873, 666.0890270199454, 700.2381477075369, 724.8601216755882, 634.9273945480825, 619.229374778075, 735.1949626788266, 766.9872813632637, 832.7285544456981, 854.3211553680613, 805.9085360612285, 809.3944889057367, 606.5125339613622, 535.1855999931972, 736.3411017320998, 710.2651843728415, 762.2132730238252, 829.2492336686106, 827.2670946495825, 833.9183883960136, 841.8288207366522], "classical_tts": [35.163831650871565, 33.56621006305919, 33.32100043213278, 31.64252644836013, 30.264301049383214, 28.562266456800227, 28.10730718425986, 28.885021049314094, 29.240740487409205, 29.398143562291395, 29.665977544533, 30.852419844324835, 30.29116921700011, 32.388590461090196, 32.667046526405414, 34.18930015994363, 34.879916199939935, 36.513693932585475, 37.69700078707973, 38.25265181034768, 40.074206658459474, 43.231284811884464, 42.92682858926909, 44.37031018483465, 46.73351324498134, 49.01004528921465, 48.51307164931108, 50.245681351072186, 54.15095809977055, 53.25423673732967, 55.87799744022031, 59.56605390974761, 60.003855797300055, 63.620623283199876, 62.24108646723748, 66.78618165638368, 67.20535936407707, 65.95233791654819, 71.39380871779275, 73.74694885303086, 70.92385920003532, 76.58636391727667, 78.20194224784689, 79.24868993696883, 82.33432660345227, 83.53389285565464, 82.87015528140103, 82.74450240004121], "initialization_stats": 2, "final_stats": {"q": {"step": 2, "value": 37.774263211741385}, "c": {"step": 8, "value": 28.10730718425986}}}