{"initial_step": 2, "final_step": 25, "quantum_tts": [570.4443168078141, 615.2247611670164, 630.1263326390255, 606.0213547401623, 585.4390015987855, 562.2909086490936, 469.75545548434457, 442.9042584451895, 514.6838305514561, 525.1059530698354, 429.6246687184461, 385.0292500774912, 391.7117841837958, 382.04525653425867, 428.78005863933197, 563.2751495132989, 928.501298839145, 1243.5376552764872, 1431.4766516079546, 2105.7403944488256, 2610.9663967669276, 2858.745093579552, 3983.4328041534827], "classical_tts": [679.9422506797889, 723.6727622172255, 832.6900104201402, 963.7415889489396, 945.8692604101764, 983.8017556889055, 818.6508829738572, 1012.97419032841, 865.6113067140377, 801.0340561440252, 740.5291868227378, 715.0167273776722, 782.190794596452, 774.3220347702286, 743.0056283334105, 804.3523733144402, 783.8811469018726, 778.8198197004076, 758.9358093185033, 761.8156783887033, 789.8031943986251, 772.6058117626698, 732.9449233805005], "initialization_stats": {"phis_precision": [61.98043785075824], "psis_precision": [54.00100360849458], "phi_angles_psi4": [-1.4946228033161004], "psi_angles_psi4": [1.5243986496296744], "phis_initial_rotation": [-2.689042574723685], "psis_initial_rotation": [2.9694997409902424]}, "final_stats": {"q": {"step": 15, "value": 382.04525653425867}, "c": {"step": 2, "value": 679.9422506797889}}}