{"initial_step": 2, "final_step": 25, "quantum_tts": [603.3906750039024, 658.3726273818055, 678.5915329141739, 670.2677818372421, 645.8938972407539, 631.1895843913744, 582.8576582429802, 555.326031700285, 545.2789455827469, 550.2947983845864, 496.8894099194297, 486.32304764967733, 503.91224411436394, 430.720156683576, 397.8893609488751, 447.08787269003415, 594.3059963404845, 652.1633768729961, 640.7420149470538, 751.7778450439479, 1005.2689098771544, 1262.720259620225, 1437.125241155329], "classical_tts": [632.8905102068296, 902.4768347972408, 762.9139281193401, 974.0556412956028, 997.8407088738484, 823.8163839387412, 973.1969105767067, 942.3942235557774, 818.1934690744054, 872.1106753078494, 918.8079414675732, 819.3283010374862, 852.0951948949514, 673.3585122053227, 767.3809762432325, 771.0492313268355, 755.6031066019278, 786.2203536822501, 675.789721223591, 744.6154689188241, 791.447713259709, 749.1710607683881, 729.0342096671786], "initialization_stats": {"phis_precision": [58.219496721757146], "psis_precision": [71.69929954673198], "phi_angles_psi4": [2.5801230429979163], "psi_angles_psi4": [-2.6017795753816184], "phis_initial_rotation": [1.2675498213757956], "psis_initial_rotation": [2.7923130054436465]}, "final_stats": {"q": {"step": 16, "value": 397.8893609488751}, "c": {"step": 2, "value": 632.8905102068296}}}