{"initial_step": 2, "final_step": 50, "quantum_tts": [2475.1337319185714, 2197.51909201157, 695.9207919142948, 755.7398131551148, 1152.580432821323, 678.4300804544973, 1923.1271214575665, 199.4677570851558, 270.115579019428, 689.9401858685984, 2301.208517700464, 320.4208404031541, 1668.5354908645559, 2222.2077633071203, 235.05501625186957, 235.89418146804837, 1194.6130437954769, 1886.3296617401375, 1725.466904738476, 2182.238409901889, 786.7943752292861, 1572.520217668313, 274.5925331115851, 899.023142101711, 1021.4391836855056, 769.9736264054513, 1067.425382155805, 185.73868416633206, 1356.9721460347946, 910.9748193120186, 1775.798534262434, 1736.061734733431, 1311.2108628164403, 2027.8711961094698, 341.3267992848571, 1486.012608058387, 2166.4294186079806, 1634.0268312071512], "classical_tts": [165.14744773930914, 129.35683153602122, 128.34105821173907, 105.91524582960349, 94.69605533966494, 84.18377219492204, 77.10885176646816, 68.28707113306223, 67.6475124929574, 66.4972559862144, 65.42101279375578, 59.27338339615507, 60.85128870135237, 61.44389608584323, 63.73558940347712, 62.67500039134167, 64.46513026529004, 65.83173070252278, 66.199498722824, 70.11390732484111, 71.98618456606151, 71.74672954050757, 75.34549997673004, 77.49025719437765, 79.62800175965242, 81.53445379891389, 87.52975655496073, 86.23276776364314, 94.31568570917098, 93.877268582667, 98.41948782319582, 96.561801326263, 99.27989592184814, 106.96505350755679, 109.01876351535523, 110.71725955978488, 107.69093702832049, 114.5975391513083, 118.3604117959389, 122.08619897316987, 129.99961718169607, 128.7616898527117, 133.71473668404172, 131.033850914933, 133.47980344227173, 143.13366343505703, 136.7877373575859, 144.28361497447963], "initialization_stats": 2, "final_stats": {"q": {"step": 8, "value": 185.73868416633206}, "c": {"step": 13, "value": 59.27338339615507}}}