{"initial_step": 2, "final_step": 25, "quantum_tts": [520.411664585172, 575.6146965307239, 592.9968805795404, 593.5827587665591, 579.7841215372114, 570.4606448164046, 564.99335379511, 567.0817476194616, 572.6075625842162, 583.5770322197786, 600.3193030262951, 621.6692477331383, 650.1104607705644, 691.9625932725397, 712.9787378349262, 754.2934018299047, 844.0468703002169, 926.2358333641178, 1032.3648409124228, 1112.5554354205253, 1154.4308705627927, 1282.6563088781993, 1414.2032764639368], "classical_tts": [535.5242094952694, 769.436649950419, 770.9932711591517, 795.1288084843817, 863.3422030088072, 866.1177544085783, 900.4215025141423, 816.4580093328564, 893.630790491091, 918.8982388063607, 873.8553339753003, 931.47022877902, 846.2863708367261, 807.4140938451816, 816.3724805949141, 820.9478588862379, 828.2005748844628, 790.9155053483985, 824.6623051958032, 798.6305906743942, 791.447713259709, 795.0995795120202, 786.2190502449762], "initialization_stats": {"phis_precision": [97.94481093823089], "psis_precision": [96.0000754991755], "phi_angles_psi4": [-1.5018168587694598], "psi_angles_psi4": [2.581223687401196], "phis_initial_rotation": [-1.5663825273513794], "psis_initial_rotation": [2.4555623531341553]}, "final_stats": {"q": {"step": 2, "value": 520.411664585172}, "c": {"step": 2, "value": 535.5242094952694}}}