{"initial_step": 2, "final_step": 25, "quantum_tts": [53.21906754830122, 63.931752420466154, 70.81051992957742, 90.48785388002509, 164.8991303007785, 374.60633092991117, 1586.0192794388859, 1735.8803284571695, 551.4957966820512, 341.0389354068089, 510.11986033891424, 1164.433451650068, 1432.3787523157653, 1791.974972168527, 2306.9908165596676, 1060.850790504446, 667.5184036176032, 525.7140292763473, 955.4494724430378, 4432.535870200983, 6274.827401132469, 7287.193235672045, 2173.1606420784437], "classical_tts": [79.54489070808934, 81.25492410659166, 112.66126615143394, 115.01812811591614, 115.75941258913954, 123.6112237893048, 140.3498759469162, 147.28701635837854, 164.66214203275825, 172.58243130524065, 186.43152318656902, 206.81407174721392, 220.9574624592182, 220.47836809654385, 236.05788249931155, 244.39190575419133, 250.93332716805597, 245.0536099669655, 265.03306566447804, 293.279099910368, 294.0513088481733, 317.7979089589337, 319.1319432341302], "initialization_stats": {"phis_precision": [68.28270975278933], "psis_precision": [70.32322016229769], "phi_angles_psi4": [-2.5265337703537245], "psi_angles_psi4": [1.5241109530932357], "phis_initial_rotation": [-1.530105710029602], "psis_initial_rotation": [2.456434488296509]}, "final_stats": {"q": {"step": 2, "value": 53.21906754830122}, "c": {"step": 2, "value": 79.54489070808934}}}