{"initial_step": 2, "final_step": 25, "quantum_tts": [87.24045650324454, 116.07549886852496, 152.93754351304364, 179.8479781861888, 260.435266645997, 393.4348306417775, 352.2350819013173, 274.52018285692935, 229.3518280948746, 220.1585403017834, 251.46591578084661, 340.61193019472177, 567.5076772601993, 1239.677149009344, 2207.4221841416834, 2019.1741514927367, 2647.1078605388234, 2714.6521446771503, 2752.5812514942713, 4473.832874388356, 3597.526417274884, 3406.986697199365, 3363.8320069324577], "classical_tts": [93.61958375583818, 115.61095848747073, 140.96271356438191, 136.29738859456248, 153.63420063017156, 167.4857779349022, 162.57077435440078, 177.40281105204576, 196.17026158692596, 189.68150878314884, 196.58370777102027, 211.88095387690151, 211.69381535478948, 221.7193555300419, 232.35522000537625, 240.20555807207967, 245.230451327855, 262.7615273957619, 276.59108146922307, 282.8784682676152, 301.04386526850914, 300.9203119846487, 304.6889258979908], "initialization_stats": {"phis_precision": [99.48117327542893, 66.74839108120302], "psis_precision": [87.81224577229129, 95.50718603942168], "phi_angles_psi4": [-1.5706998662947471, -2.5417641924632437], "psi_angles_psi4": [2.0233704221250455, 2.6041066333872416], "phis_initial_rotation": [-1.5544004440307617, -1.4971340894699097], "psis_initial_rotation": [2.4062600135803223, 2.462960720062256]}, "final_stats": {"q": {"step": 2, "value": 87.24045650324454}, "c": {"step": 2, "value": 93.61958375583818}}}