{"initial_step": 2, "final_step": 25, "quantum_tts": [890.3265538562533, 945.824802113004, 911.4725139095391, 851.9327485345407, 770.184015486316, 711.7483351512479, 602.7847778394646, 553.4854370098074, 624.9623789704361, 524.0678214218642, 398.3419360630893, 362.51838975661633, 370.21653667390547, 337.3632356665501, 333.46588695173244, 431.4516408651181, 532.7900094743443, 527.9233899401308, 550.7036030995132, 724.6266109604844, 1029.7866534374632, 1303.4986406555151, 1526.1479806731447], "classical_tts": [896.2652354471629, 1059.2739498307874, 1244.2488597755366, 1582.226275517074, 1308.8430025413793, 1143.214561416638, 1043.3728866675322, 942.3942235557774, 810.7844006884021, 831.5526934064234, 817.1147820710546, 785.8373443483886, 846.2863708367261, 865.395969246117, 821.1307289807374, 833.548887018347, 737.8293028740703, 894.1589396545997, 837.5426236369229, 763.4175358555967, 849.7006364792807, 848.6077951212504, 896.97301078136], "initialization_stats": {"phis_precision": [32.37970527085845], "psis_precision": [58.71821685110648], "phi_angles_psi4": [2.5801230429979163], "psi_angles_psi4": [-2.6017795753816184], "phis_initial_rotation": [-1.5787080526351929], "psis_initial_rotation": [2.38450026512146]}, "final_stats": {"q": {"step": 16, "value": 333.46588695173244}, "c": {"step": 18, "value": 737.8293028740703}}}