{"initial_step": 2, "final_step": 25, "quantum_tts": [292.20966127228525, 257.7736834532608, 218.45953369509328, 260.1962934709244, 208.80557991895466, 222.24135985854113, 339.18868182763504, 351.771796450232, 624.0001368271164, 1271.3526538566628, 2357.869207328081, 2473.9461839284754, 1669.7736665620673, 3898.385648071082, 2333.0660732675487, 1796.317768361278, 1493.7425362691417, 821.6438932145905, 751.2858914525075, 1001.0757795491124, 1542.2570414940967, 2212.3281430053785, 2245.0253167175238], "classical_tts": [264.6571248399306, 300.17046994019825, 274.47029790741726, 243.1262254954405, 238.63467212426804, 230.6336927771931, 194.18749918419076, 190.6474424932863, 203.96934492485528, 211.72579008281505, 203.0108453418426, 192.88001095637043, 217.92971169791673, 212.52155980625952, 208.80521708525194, 220.73569201288987, 220.65189285908585, 239.4304119063413, 216.6378385163068, 232.5316675350555, 243.60460408434386, 234.05069603851734, 244.56558174471252], "initialization_stats": {"phis_precision": [29.34891928195058], "psis_precision": [57.62881505304564], "phi_angles_psi4": [2.5308350215445605], "psi_angles_psi4": [-2.601582346553618], "phis_initial_rotation": [-1.5327811241149902], "psis_initial_rotation": [2.350472927093506]}, "final_stats": {"q": {"step": 6, "value": 208.80557991895466}, "c": {"step": 9, "value": 190.6474424932863}}}