{"initial_step": 2, "final_step": 25, "quantum_tts": [152.60040369346913, 166.21955804644438, 167.95467182728152, 175.8970284087879, 184.55708356745924, 245.31986740602989, 327.71878522413357, 246.04736191433972, 411.8548296692378, 1793.8475516416047, 2549.6609302184056, 1736.4354805262453, 1569.6172584812148, 2313.4319896900415, 2811.3472168779813, 2183.1901175235976, 1505.405275447833, 780.214216900027, 1116.7161125075054, 1486.0487141460346, 1022.282029163463, 951.9172343659734, 1191.7278601948115], "classical_tts": [219.6252806587395, 183.22050855644497, 237.74247408308332, 215.59471922670207, 226.19510459387016, 220.46823370213326, 260.581238528135, 262.1764289964559, 270.8497470219722, 257.2980220258901, 270.805478956701, 280.40751731181496, 286.26670357885104, 290.77073777150366, 310.1554536229372, 334.2900085433322, 312.392322215737, 329.0393719507873, 354.72413555794054, 370.02530798681664, 376.94237322035053, 396.6067910920384, 428.4863057403368], "initialization_stats": {"phis_precision": [53.110673822599665], "psis_precision": [50.833874940994924], "phi_angles_psi4": [-2.564113370113935], "psi_angles_psi4": [1.5004190792674215], "phis_initial_rotation": [2.2460003105586868], "psis_initial_rotation": [3.0450184521758956]}, "final_stats": {"q": {"step": 2, "value": 152.60040369346913}, "c": {"step": 3, "value": 183.22050855644497}}}