{"initial_step": 2, "final_step": 50, "quantum_tts": [19420.78878323188, 14723.073281178667, 1086.0969268318074, 873.5535554653478, 1630.8584242793818, 678.47809057063, 19447.54148281131, 586.5469262369222, 651.9173843188653, 866.4029608315607, 24095.43489729259, 748.9183255919082, 5224.648764680044, 17532.44220115578, 597.6290726393144, 599.627709295858, 2686.038133731735, 97270.28490019291, 3683.565766152281, 21614.123945710602, 984.5932464326315, 8432.172643568165, 622.8928918797147, 914.9621791926195, 1448.3822739956565, 844.2706930423774, 2056.950502752923, 668.1597190588986, 28956.027787153464, 791.5966460422957, 9615.068445370376, 13846.800753276708, 59572.66744378125, 61655.318105249455, 589.6206754673078, 3709.636812372067, 18176.914616815055, 21594.700834542116], "classical_tts": [854.4711951679107, 624.5175078151051, 604.3312560723489, 536.0076579817069, 493.16897259917664, 438.0671911355156, 393.3556066510659, 359.5971691546162, 342.60198314899554, 324.8837253015912, 279.12392206929593, 258.73649151137704, 243.75836250849787, 229.00221879909625, 213.8554973441314, 198.92691845707, 190.52870872693026, 190.8308940949461, 194.45001229042234, 191.27663177607928, 186.59474994283516, 184.73204264729137, 181.5920552016069, 174.5863541633791, 182.3382771886803, 185.90093783132258, 182.95311485766484, 190.7368301035894, 185.88857489127741, 195.02554680414687, 197.12606984790372, 194.5158783858595, 196.9521915446943, 199.74485445551696, 211.6983271765622, 208.8291205960243, 204.57339515865073, 223.29731159915372, 219.75403621386533, 218.07777955306017, 225.50061495823414, 236.23558892990525, 235.3952757682706, 241.2837462260215, 252.25935270296299, 251.55729878156737, 255.87985015116877, 263.91029381489795], "initialization_stats": 2, "final_stats": {"q": {"step": 3, "value": 586.5469262369222}, "c": {"step": 25, "value": 174.5863541633791}}}