{"initial_step": 2, "final_step": 25, "quantum_tts": [142.78059629379496, 160.88330793266795, 169.3776402042852, 172.76250365083558, 173.8297742114246, 177.30973797236214, 176.39023752986304, 189.67542881157954, 219.89523001825228, 232.53763298269598, 215.1298042157698, 207.8435652683759, 219.53329458479575, 232.58345814276845, 272.4806096171882, 355.0098009158211, 480.29952637555635, 580.3582751528379, 789.4344403272906, 1029.808251542721, 1180.6922453303928, 1588.394422500854, 1842.243916848091], "classical_tts": [186.6180037714431, 210.7212142951846, 229.27740440731534, 292.27501407037914, 294.19372483000484, 309.46894252643125, 291.43844924008425, 334.9192828117023, 348.8434186489573, 342.6666035137659, 350.1678390038392, 354.94472521773787, 379.18964583076104, 416.9422288820834, 410.3151845641494, 415.6585323301533, 415.2113049582094, 427.6148935898525, 436.5114461752196, 461.3733522960915, 497.151148072875, 467.9691294975195, 503.22915504200023], "initialization_stats": {"phis_precision": [97.45229254839906], "psis_precision": [93.17376321075525], "phi_angles_psi4": [-1.4946345856773127], "psi_angles_psi4": [2.5811839587457355], "phis_initial_rotation": [-1.5746731758117676], "psis_initial_rotation": [2.3667314052581787]}, "final_stats": {"q": {"step": 2, "value": 142.78059629379496}, "c": {"step": 2, "value": 186.6180037714431}}}