{"initial_step": 2, "final_step": 25, "quantum_tts": [387.59525878107814, 426.16011329178036, 484.7098143906133, 730.0332308046675, 1972.9796985511316, 1498.274834350807, 717.3031272332807, 518.4625029358168, 537.9190921048333, 910.1759367162426, 863.2597287646485, 519.2925081150582, 495.77861881897076, 577.1629642802611, 704.1977190016805, 926.8393163760117, 1454.4296516936852, 3253.3803838550075, 6291.4317664003265, 7915.92536879906, 5992.356970644834, 4906.547968951469, 4060.459022479294], "classical_tts": [441.56523771806104, 464.8599601626842, 407.01278535947546, 445.706028377941, 396.42469370397407, 413.2766902949041, 340.74336679930417, 394.8927976341199, 351.6884902797205, 380.6467784342318, 355.033968235758, 353.2354528561757, 341.31134284963184, 334.87029528125953, 347.834916530902, 361.5018890031976, 368.05719031566565, 351.9964258617704, 392.3405231738519, 392.17345056941997, 385.5434414152356, 411.99525827266774, 398.4644207492696], "initialization_stats": {"phis_precision": [71.40048279006915, 68.6217201137446], "psis_precision": [10.437038269268516, 2.9329947269100876], "phi_angles_psi4": [1.5707569039948863, -1.5708759537949808], "psi_angles_psi4": [2.5812542080635814, -2.640232400643676], "phis_initial_rotation": [2.469237235624223, -2.556653689524424], "psis_initial_rotation": [-0.23244921800651674, 0.5935029998169004]}, "final_stats": {"q": {"step": 2, "value": 387.59525878107814}, "c": {"step": 15, "value": 334.87029528125953}}}