{"initial_step": 2, "final_step": 25, "quantum_tts": [1927.0242359570711, 2343.7224899091843, 2504.142695618113, 2971.170027536314, 3475.0795547961166, 3529.700728076805, 3545.36464183348, 3587.215052063542, 3658.169476303944, 3817.7872444880895, 3847.1414886017146, 4133.616314424615, 4462.135193342546, 4403.131010664442, 4073.0422795350114, 3938.6422625566597, 5045.452080097835, 5831.267087437889, 5413.004486408812, 4930.975498258017, 4380.979623402563, 4783.019329195511, 4670.844134320253], "classical_tts": [1794.8360150250892, 1696.9143092460613, 2014.0960590173618, 1974.9563039921886, 1630.4763333956548, 1699.8059006578287, 1457.093098666624, 1576.0857722993997, 1576.4487673502938, 1477.207593066022, 1346.433661129989, 1345.5961704536367, 1309.7259681785747, 1270.811879302843, 1219.851690637611, 1266.3706184187904, 1276.903388829608, 1075.1336265429923, 1153.861292328156, 1085.6413669607132, 1010.917779153044, 1080.952835249833, 1041.2813910466593], "initialization_stats": {"phis_precision": [13.452503784108561], "psis_precision": [2.2028941250576417], "phi_angles_psi4": [-2.5265337703537245], "psi_angles_psi4": [1.524110953093236], "phis_initial_rotation": [0.19243601263062526], "psis_initial_rotation": [-1.5482757404973853]}, "final_stats": {"q": {"step": 2, "value": 1927.0242359570711}, "c": {"step": 22, "value": 1010.917779153044}}}