{"initial_step": 2, "final_step": 25, "quantum_tts": [612.7167814286506, 668.4613196144005, 685.8000356137399, 648.1342145515076, 616.4547870324487, 580.7188288799357, 492.94748509725133, 468.67834772585246, 504.5957322489887, 456.8822177463285, 379.0307533052478, 378.0875908159701, 426.7188655638266, 402.2166471011574, 401.67083276383505, 496.76248031552194, 641.3299509872086, 672.2272337830923, 777.4665134618151, 1175.5387052253807, 1536.9977529273328, 1651.1765361933205, 2132.0928915807544], "classical_tts": [854.4711951679105, 1001.3065553443031, 928.0799087090312, 1175.0470053321092, 988.7886313785673, 976.2299605117518, 1342.7451691175775, 915.7787670588198, 1047.1046928397527, 900.0128159818458, 1019.0574260610772, 986.9192540994344, 928.438928447141, 932.1435929281064, 917.1096176292614, 852.5667669790853, 929.1864417242742, 829.4974835538908, 784.6735286846831, 879.4197548187691, 838.4996539657448, 880.483224037698, 879.8751173476742], "initialization_stats": {"phis_precision": [52.12812427784361], "psis_precision": [9.722846266257601], "phi_angles_psi4": [1.5708134759948975], "psi_angles_psi4": [-2.6404247826789864], "phis_initial_rotation": [3.0747528068177985], "psis_initial_rotation": [0.19571564689022836]}, "final_stats": {"q": {"step": 13, "value": 378.0875908159701}, "c": {"step": 20, "value": 784.6735286846831}}}