{"initial_step": 2, "final_step": 25, "quantum_tts": [145.0736550734174, 152.59808414153142, 149.91174930141636, 156.68783071505936, 138.2670020692655, 137.0094327480989, 140.06820643155552, 103.78455542329114, 132.46553521945395, 339.13187203037086, 759.4291972460742, 605.8706301881949, 454.4589637407731, 545.5314874132262, 1194.1065435933992, 2523.807287220611, 1592.7348334704914, 789.3472714752736, 814.5262549871204, 1020.5735991685821, 1024.1353204533202, 1043.177427876643, 1683.2474560848716], "classical_tts": [168.2487696935077, 183.22050855644497, 197.78415224475347, 213.48561874041056, 208.88345647864438, 218.06056587239647, 201.7748194930444, 246.12785196215427, 253.74065027371304, 276.6103781031966, 268.61797167258027, 271.8915399544485, 295.0492458259798, 322.7061288842623, 319.21921557167144, 318.9364018562631, 373.62254176932515, 378.15333374739714, 376.9550114198289, 428.33562434219607, 407.11114793248674, 429.52330300460284, 470.8086278086223], "initialization_stats": {"phis_precision": [92.25440155768267], "psis_precision": [80.29371069989394], "phi_angles_psi4": [-1.4946345856773127], "psi_angles_psi4": [2.5811839587457355], "phis_initial_rotation": [-1.7379697373177196], "psis_initial_rotation": [-3.0829100114865673]}, "final_stats": {"q": {"step": 9, "value": 103.78455542329114}, "c": {"step": 2, "value": 168.2487696935077}}}