{"initial_step": 2, "final_step": 50, "quantum_tts": [159.87211924396973, 193.81478899152904, 269.3650101813866, 331.40548972094746, 475.3787515186417, 682.2171661923966, 578.5503872807188, 526.3781702801181, 623.2488959863508, 606.7206400083497, 1030.1521907729443, 1299.5639191754458, 1321.6931811363677, 1452.3830955593846, 941.85104862271, 1528.356558009427, 1117.508368846531, 1286.9796708857848, 1776.9869077674616, 1355.6545578602595, 1929.7436003913092, 1270.022430345239, 1270.7856487435665, 988.9354002840021, 1162.3776099864585, 1775.87148878662, 1750.3004675658474, 1954.2939574708148, 2147.5947447770777, 2138.6478563993887, 2378.3356627385283, 1673.6771081892728, 2068.103810143773, 2072.8648165302698, 2756.8693894981557, 2933.52433093156, 2419.6326841890464, 2281.4904889770514, 2122.3159373835642, 1699.5179727832042, 2028.1693319992432, 1806.7591173890917, 2038.83149581498, 2080.107525892145, 2260.685464712385, 2428.1825650363744, 1971.4559287860363, 1873.0057460944686], "classical_tts": [97.25049019817621, 86.79776931409175, 93.30141919031527, 86.40371742252816, 86.89233621843107, 80.23226430980829, 77.00650259041474, 76.15016117970403, 75.28575716756608, 80.39413805607582, 73.6000971986388, 74.46703844685595, 73.83987902165025, 74.56129039682995, 76.23010065552457, 83.63990592739859, 78.74144238648525, 86.13502576256313, 86.1688693450042, 90.6943683683828, 93.28996349264877, 98.22962349681175, 99.70505293793951, 102.08759594440693, 105.67639360866991, 110.34056132674779, 117.24105656961694, 116.14657868853227, 119.4121493950937, 125.8030387875371, 130.87598854859272, 134.44115254662879, 133.0664527616066, 139.4216018201062, 139.60832665272204, 150.73704982500803, 151.95712627401898, 158.0226355006808, 150.71580519520208, 162.694605032022, 168.0823783726836, 165.48978925858876, 176.35863929684686, 172.92399547526597, 183.8061327379553, 180.06189249395405, 188.4348310774704, 196.55128736203923], "initialization_stats": {"phis_precision": [76.46781544730074], "psis_precision": [29.59286512084317], "phi_angles_psi4": [-2.5412670292063786], "psi_angles_psi4": [2.581330407918674], "phis_initial_rotation": [-1.8019816480695858], "psis_initial_rotation": [-1.4899495222942645]}, "final_stats": {"q": {"step": 2, "value": 159.87211924396973}, "c": {"step": 12, "value": 73.6000971986388}}}