{"initial_step": 2, "final_step": 25, "quantum_tts": [579.553859245875, 624.8199032132147, 636.0610880128187, 613.5559894578533, 578.9996874904498, 565.8384785296425, 499.4243798634835, 450.67100020243913, 456.6231827573164, 430.20156812667153, 372.2979876046456, 394.9685846283878, 425.3355566896872, 360.0898573854559, 334.23492172145177, 389.6994256430104, 534.5816609721528, 590.0153739623207, 598.9779936277243, 764.1685546301544, 1109.5869184343055, 1479.5351066687954, 1559.8342362962646], "classical_tts": [749.5595772860822, 743.3251273449439, 964.8970162896339, 915.2655062817956, 1026.0121111445615, 1031.7971087887322, 923.4517349717722, 810.3176018789329, 792.8278866434995, 912.5168687099003, 789.9154706776968, 757.4147764576468, 712.2618256175401, 781.1877855756125, 786.7112133021318, 767.0745703436673, 695.209611664866, 743.7598758971092, 734.786351519437, 743.0890301909375, 695.4583698641163, 778.6871702292643, 645.9023626000289], "initialization_stats": {"phis_precision": [38.114204190590684], "psis_precision": [72.92824286432602], "phi_angles_psi4": [-2.564113370113935], "psi_angles_psi4": [1.5004190792674215], "phis_initial_rotation": [1.7748723223016682], "psis_initial_rotation": [2.3509034126394264]}, "final_stats": {"q": {"step": 16, "value": 334.23492172145177}, "c": {"step": 24, "value": 645.9023626000289}}}