{"initial_step": 2, "final_step": 10, "quantum_tts": [41.97530901712728, 78.6963461689824, 95.28177324785042, 109.60887196987707, 177.37431119429831, 199.45816790698626, 216.1593820276245, 273.39901400250903], "classical_tts": [38.76943170286715, 44.552678098570425, 45.638619101804835, 46.03969307251287, 45.07137536948155, 45.830744973224945, 46.168723182047756, 44.20450854547134], "initialization_stats": {"phis_precision": [97.52187451767647, 98.99069171353682], "psis_precision": [97.2639046195319, 82.93252808560037], "phi_angles_psi4": [-1.515288113221693, -1.5018352317513564], "psi_angles_psi4": [2.568302552522683, 3.023572617354488], "phis_initial_rotation": [-1.593140721321106, -1.533543586730957], "psis_initial_rotation": [2.4823455810546875, 2.487382173538208]}, "final_stats": {"q": {"step": 2, "value": 41.97530901712728}, "c": {"step": 2, "value": 38.76943170286715}}}