{"initial_step": 2, "final_step": 25, "quantum_tts": [64.67928324236132, 74.79534729000929, 71.91926593504523, 78.74988253559314, 115.09366038843719, 220.90710886869178, 531.1554495967081, 687.7675977377185, 723.7806456140673, 384.35365605563203, 455.3344638543232, 952.6088955226546, 1107.7246819585748, 1122.4475672869303, 1091.26400656809, 790.232883242002, 545.9703114399787, 360.02511846526215, 511.4755217102888, 926.4162901174498, 924.5852055648818, 1382.3820243474202, 3448.039437945063], "classical_tts": [77.41779486008151, 107.9246881717785, 127.38723151794974, 142.72002899769285, 149.5355872735899, 174.45818515252154, 188.71167814479506, 195.1449941542825, 220.87142646598494, 220.5352280218122, 271.54217774531645, 287.8990135637047, 295.8041367350613, 306.7143252630547, 324.740291611941, 326.44358046907536, 366.236710041537, 385.62909628918, 388.6152531546443, 432.6235112330689, 461.29339212183356, 421.77522911514905, 417.42111306522895], "initialization_stats": {"phis_precision": [67.21732344679319], "psis_precision": [74.14279914831393], "phi_angles_psi4": [-2.564113370113935], "psi_angles_psi4": [1.5004190792674215], "phis_initial_rotation": [-1.5342152118682861], "psis_initial_rotation": [2.312747001647949]}, "final_stats": {"q": {"step": 2, "value": 64.67928324236132}, "c": {"step": 2, "value": 77.41779486008151}}}