{"initial_step": 2, "final_step": 25, "quantum_tts": [132.9604773022987, 151.26503226484763, 157.87487492410955, 159.71912753642988, 157.85417023513185, 155.95488369078836, 151.45766801840747, 151.97574510229785, 173.31264916166413, 179.92489843993613, 165.43854680507377, 163.1164700282773, 175.11420334785436, 193.13894245868698, 235.01942432791105, 302.6230038500493, 434.3798833088169, 550.1406599972386, 686.6806802589936, 979.8479013013028, 1250.0971430177167, 1577.3158555500243, 1894.7643535038078], "classical_tts": [159.98311491545977, 220.26103392571963, 245.98759918210217, 268.31964560099897, 293.3752165507061, 286.2597687126135, 324.86463149055777, 303.5093391790853, 326.3458423906401, 340.8045637938865, 325.01969642636664, 349.8637797416823, 374.39234375126495, 387.02753912621523, 361.56447132572725, 415.6585323301533, 414.06526121729814, 432.8844011063681, 435.9374194762526, 425.69620760341144, 468.428526787697, 475.0137099099482, 485.31315961646754], "initialization_stats": {"phis_precision": [97.94481852732996], "psis_precision": [96.0000754991755], "phi_angles_psi4": [-1.5018168587694598], "psi_angles_psi4": [2.581223687401196], "phis_initial_rotation": [-1.5663822889328003], "psis_initial_rotation": [2.4555623531341553]}, "final_stats": {"q": {"step": 2, "value": 132.9604773022987}, "c": {"step": 2, "value": 159.98311491545977}}}