{"initial_step": 2, "final_step": 50, "quantum_tts": [645.1279292105389, 802.4431525602201, 959.6800439110806, 1003.2692425998264, 1107.978412919171, 1101.650942361217, 1046.583689250737, 1229.4596315581666, 921.8996014133054, 988.5067065044914, 1111.2731409096436, 1043.2833838795211, 825.6420837830901, 934.0772615076553, 758.3527773680119, 794.3907824481829, 986.7334453818005, 1021.6381564199852, 1368.5877095920346, 1446.374716723055, 1765.413538403359, 1765.7185964240214, 1919.9456541303803, 2129.505783668467, 2147.4126210530003, 2109.312543612083, 1996.4638706528265, 2122.6889942436223, 2092.8976973073372, 2639.1419945666694, 3184.980310005521, 3131.3747824189136, 2661.6481156929144, 2420.356675410155, 2939.8591850442995, 2951.9780487929315, 2632.3706731702946, 3568.4470559233305, 3982.751475924004, 3191.6962049447043, 3812.259885974091, 4743.401720176846, 4914.5587955502015, 5074.769868956205, 4761.718617007661, 4299.117922732318, 4572.0686472979405, 4898.354260062892], "classical_tts": [476.1529433942283, 477.07728509062906, 371.30805145755846, 336.6025582726615, 272.84175957367665, 261.0537785712079, 214.95865703943954, 210.22198693573029, 186.53532180634926, 180.57132160192032, 167.43834832445714, 150.9522487592326, 144.5651359848829, 130.6041254966836, 121.60272666228128, 120.55720149374353, 112.96236314248782, 107.88196828390987, 103.68712863601978, 103.67332869148866, 99.77609539802084, 102.00323973072611, 100.45275663403905, 100.20377232775822, 101.52345728472717, 100.47876535061667, 102.27102044811328, 101.36682826010116, 103.90684635493997, 106.86179180909686, 105.88104670622053, 106.74785827581046, 108.38416417504678, 109.7230220211771, 113.42022487909756, 113.39672210566867, 118.03548142526232, 118.85416856805637, 125.08684349212281, 127.35407206409882, 128.26762843293997, 126.52779150508901, 134.5651785062259, 134.1379446871999, 139.2527784988858, 140.09963111774212, 143.23095853567588, 146.62555995755196], "initialization_stats": {"phis_precision": [28.14390400773653], "psis_precision": [82.71654701448476], "phi_angles_psi4": [2.5582163491776195], "psi_angles_psi4": [-3.13370422391806], "phis_initial_rotation": [-1.467543125152588], "psis_initial_rotation": [2.6065053939819336]}, "final_stats": {"q": {"step": 2, "value": 645.1279292105389}, "c": {"step": 22, "value": 99.77609539802084}}}