{"initial_step": 2, "final_step": 25, "quantum_tts": [1392.6331525558453, 2699.3595844978922, 3206.153190451092, 2678.7884420385053, 3498.5454154202243, 4529.572732596254, 6802.3258750931245, 10407.784299471652, 7298.838216118287, 6423.377549929045, 7100.803156554472, 10983.23841264562, 9891.92392390526, 6740.0424619930955, 12255.935843818897, 41440.74885381221, 16045.740148873003, 13228.22736320725, 23156.614020625715, 44587.85153447051, 27026.91518206596, 13266.11106894513, 21421.046072077537], "classical_tts": [854.4711951679107, 764.0692824279798, 514.2734992218392, 466.5450094286078, 368.9813987731533, 311.8337256535011, 261.57392996620626, 215.33885734487424, 209.67881460083345, 200.58617730802803, 189.95694072657517, 179.46586575225322, 172.44860215192924, 159.5713180019888, 168.39602561313123, 156.73613798098086, 157.50030365447824, 158.1804360607125, 159.15562896449882, 153.7303990764891, 150.1399604862647, 151.1208568810542, 154.7042865387605], "initialization_stats": {"phis_precision": [3.4593604254533394, 65.4070686945677], "psis_precision": [64.24299610651036, 59.786442803922924], "phi_angles_psi4": [1.5708750043949777, -2.564153317394988], "psi_angles_psi4": [-2.640328001158329, -2.6404028940591564], "phis_initial_rotation": [-1.4620386362075806, -1.477384328842163], "psis_initial_rotation": [2.5195178985595703, 2.3794362545013428]}, "final_stats": {"q": {"step": 2, "value": 1392.6331525558453}, "c": {"step": 22, "value": 150.1399604862647}}}