{"initial_step": 2, "final_step": 25, "quantum_tts": [2412.694050844606, 2670.380329309908, 2759.5446945696913, 2747.0362966164967, 2700.3261642568123, 2661.1140745605776, 2645.56163485725, 2643.9029699349508, 2650.9859539949634, 2671.697008223212, 2687.5022731770127, 2710.0628854824536, 2817.3152724501574, 2937.1741482185867, 2819.341533030034, 2826.5168204711854, 3040.599695183238, 3182.5837848973506, 3510.6283584160974, 3419.3642707492945, 3148.7277813745686, 3410.7463049084813, 3537.585701181197], "classical_tts": [2044.4388553484264, 3154.3758464326315, 3978.2429434336286, 3753.5631953717843, 3677.2240680501086, 3524.668103280383, 4201.224241926411, 3479.8623290491905, 3248.770951598616, 3421.6843643827256, 3335.3800950619448, 3480.9073617192507, 2965.2345545956045, 3087.3075262498446, 2697.9511462930645, 2715.329234959063, 2621.2321093722703, 2629.5264072898435, 2627.364545315522, 2416.3371457168387, 2147.5209230614673, 2282.2770303271845, 2042.9532526078315], "initialization_stats": {"phis_precision": [58.780804879475355], "psis_precision": [35.935739588051064], "phi_angles_psi4": [-2.5412670292063786], "psi_angles_psi4": [2.581330407918674], "phis_initial_rotation": [2.446979072197963], "psis_initial_rotation": [0.568692309240252]}, "final_stats": {"q": {"step": 2, "value": 2412.694050844606}, "c": {"step": 24, "value": 2042.9532526078315}}}