{"initial_step": 2, "final_step": 25, "quantum_tts": [409.4650963097604, 605.1810136552181, 538.8759337325059, 603.5448272283165, 1224.81649786338, 1609.4658829262848, 1831.3276274149223, 2971.797635915049, 2384.3934441211413, 2498.0960119371193, 3536.0376319608413, 6220.9397190931795, 6324.448814715882, 4541.095560254117, 3772.0400909393506, 2810.66986077108, 2776.1311832187225, 3978.1784160920083, 5109.0933636140835, 6635.168103627836, 11764.028000893037, 10238.564593614226, 11441.904979423096], "classical_tts": [393.8365994377683, 300.1704699401983, 263.3051568925656, 218.2888114615502, 192.5115873176086, 152.98041728747967, 151.65838709281226, 134.03650492634128, 119.78880623923473, 103.67617190299511, 99.66577186644227, 91.7993472102105, 87.60103493835081, 82.07248584440025, 80.84452530848579, 74.99864717653276, 73.33153775270975, 69.60539569440313, 69.043836293949, 66.16179784614025, 65.7396239063531, 64.59692733067052, 63.20217279245534], "initialization_stats": {"phis_precision": [72.13612623965936, 85.57861016395199], "psis_precision": [6.6838037961739705, 64.66286414623322], "phi_angles_psi4": [-1.570742789294871, 1.5707483436948781], "psi_angles_psi4": [2.0690073463376337, 2.6572763029666415], "phis_initial_rotation": [-0.6953733782344753, 1.1176870200600488], "psis_initial_rotation": [-0.8626074182112022, 1.547127438995659]}, "final_stats": {"q": {"step": 2, "value": 409.4650963097604}, "c": {"step": 24, "value": 63.20217279245534}}}