{"initial_step": 2, "final_step": 50, "quantum_tts": [525.5938389164573, 964.3582878505149, 701.3439314205743, 720.680561124, 1488.8953326501587, 1506.4853400521617, 1527.4839330032319, 2348.7500917445273, 2923.087974736432, 3237.9500705719947, 2936.37798183927, 3302.5580648669643, 3335.1663549806003, 2638.48744389235, 2899.159062170081, 4763.563551874321, 6168.0088137235, 5069.867225525778, 5351.684205550573, 5769.013416454374, 4254.69761987498, 3176.9619774617768, 3564.0468084797167, 3415.7890770944414, 3415.2063622813857, 4159.623879374318, 4216.035562695293, 4909.5174510380075, 6181.605643479877, 7831.2991528610755, 6351.260418209383, 4433.912003711318, 4500.240089381178, 5812.279967904982, 5067.828751993607, 4652.192581581053, 7245.229258941582, 7550.948952326555, 5946.5208849629735, 5965.737517213352, 8765.824246834854, 8696.004738422625, 5627.52470414801, 5995.101248750634, 6368.290856492576, 6420.984953598885, 7858.453597491143, 10927.421595882093], "classical_tts": [290.0830803827232, 306.9940811151964, 214.65571648079919, 192.25792455967027, 148.65298589626266, 131.175698487828, 119.25609028823847, 106.21711300060534, 91.02615059219586, 80.61318747511929, 76.50859881233836, 73.54173463025236, 65.46034175347913, 61.44389608584589, 57.985923888729864, 55.3668415758836, 51.277602430831045, 51.87300861732732, 47.2399189756639, 46.13791372837876, 43.91211986717398, 43.41178145313819, 41.70093043853218, 41.091160128598005, 40.94615494869486, 39.42658365618982, 39.36124605721454, 37.91904026611532, 36.12401328474441, 36.305208854836536, 35.72349431931557, 34.93815561928067, 35.17570413404491, 33.969001419200396, 33.143490256239616, 33.77283786506905, 32.74832033539377, 31.634169257096666, 32.00313699312643, 32.00934450445372, 31.407923706729957, 30.699750106055806, 30.76205573106343, 30.239565112015878, 31.72913478953135, 30.86260159950971, 30.872433277590027, 30.208563254507187], "initialization_stats": 3, "final_stats": {"q": {"step": 2, "value": 525.5938389164573}, "c": {"step": 49, "value": 30.208563254507187}}}