{"initial_step": 2, "final_step": 50, "quantum_tts": [2358.5200083835757, 2009.530673112044, 980.5062698723234, 946.1727946643587, 1203.4860558518646, 529.6487386188476, 2474.9711975511486, 171.12152246784382, 395.8279202738774, 425.2550134147271, 2144.4366285268256, 352.2072827346263, 1062.7722168372354, 1616.0795232276434, 122.89795257714755, 209.49850743070843, 1203.2660395079367, 1527.8974207287497, 1166.1462855710386, 2191.542312906614, 496.3195464962555, 1551.2950877652636, 261.6238644082709, 676.3741159791126, 916.238165570859, 784.9945273467903, 1266.898378902089, 359.25559335021734, 1589.297457416467, 741.7079205299208, 1603.1582527350952, 1705.7177508991224, 1383.2402384518432, 2244.6048811489622, 264.00437362218116, 1020.369291972556, 2326.680498124141, 2233.9888360605773], "classical_tts": [87.09790521131919, 88.91284600646425, 75.04385926029721, 66.14502157525604, 60.63634530218585, 58.591025549421786, 52.114462181575206, 47.97747190334179, 46.89363043174146, 42.23821766076876, 39.40649568043045, 38.60197135210791, 35.66470297149551, 33.60061821936662, 32.734208735820836, 31.732161682403945, 29.33980382960391, 28.89394059965465, 28.391632473353393, 27.970103963855827, 26.889723866785502, 26.52030038354795, 25.165146791000044, 24.80977253405712, 23.732264445744423, 24.857617692200524, 23.98305246587816, 23.522843806584863, 22.354884330080484, 22.13237798346847, 21.979049141579623, 21.566118676789287, 20.753572420703353, 20.600716852393372, 20.04588260483249, 20.28610268126182, 19.000000000033534, 19.50000000003442, 19.07568744101882, 19.424851030947174, 18.903176918484615, 18.508105593939984, 17.440394264892806, 18.322983214851135, 19.18313211915803, 17.047750687292577, 17.410468787022207, 16.333333333527857], "initialization_stats": 2, "final_stats": {"q": {"step": 2, "value": 122.89795257714755}, "c": {"step": 49, "value": 16.333333333527857}}}