{"initial_step": 2, "final_step": 50, "quantum_tts": [9182.150094243598, 8397.08051559776, 4575.989818112665, 3542.43771049165, 3705.370796282224, 3483.80706421972, 13391.562053626581, 825.6985897731217, 2307.1300649691057, 4470.013018668162, 9354.608674282266, 2825.1419810696434, 21363.271420760695, 12453.775769107182, 554.4840628337436, 978.4242798298199, 8729.306062599133, 10300.792353340026, 11664.399149803565, 10672.504866500505, 3339.560699803817, 47559.739968186695, 1809.2919098616082, 2484.59423480448, 3953.454754159814, 3147.86194308757, 6344.25160040289, 2272.6924191107673, 16020.872152730943, 2693.968896415071, 22579.268133236652, 18070.36533671922, 12301.952114597707, 8511.977331615793, 1339.154040174933, 13596.366365702903, 8196.203266256534, 15306.898142426802], "classical_tts": [421.1571437692848, 508.2238744481107, 461.7258674858861, 523.5523464198764, 438.71762125198154, 424.59051885482114, 401.20789034309894, 372.4201675336974, 387.0889743004076, 342.66660351376595, 330.30368247304966, 331.3619412768684, 317.2306146283952, 305.95401738728293, 297.434002522134, 271.5329642637743, 265.3167077604272, 276.6884855068773, 258.3836483730337, 249.97943250104282, 258.2334513013643, 241.55387197730883, 241.38054281098903, 244.69787379831973, 230.3428577954017, 231.79842699208, 232.9691617303754, 231.30931338373088, 221.66294256957082, 236.26488063337453, 226.44855507708522, 234.02280289961982, 236.56392512510627, 236.03493946675258, 233.69078762342252, 237.90720222196217, 231.60600200422346, 244.03145447112013, 245.6907873443422, 248.92859995257385, 254.75460213041708, 265.14582227672435, 259.96894294823363, 252.11994835135306, 272.5597947530568, 265.2694234598147, 272.16627314312785, 277.32370754506525], "initialization_stats": 2, "final_stats": {"q": {"step": 2, "value": 554.4840628337436}, "c": {"step": 30, "value": 221.66294256957082}}}