{"initial_step": 2, "final_step": 50, "quantum_tts": [423.68201022212736, 510.01747702461336, 608.3412772499925, 834.4657907707399, 546.400576654767, 691.6473344277304, 718.8378801725512, 1122.1753219413613, 1632.1192360305397, 1129.0174758902024, 1291.7267764834257, 1385.937170470965, 1789.784857660841, 1887.0013971021408, 3033.850324214404, 2770.524428161281, 2143.7956540447826, 2751.534285632169, 3066.60059047949, 3115.4846334196145, 2738.9793742508136, 2096.9998687920097, 2117.4835948493246, 1995.8017388232547, 2520.604840390661, 3369.018261788381, 3816.897465096662, 4055.7392538483873, 3605.118172114643, 3752.419722473489, 5338.996166627422, 4113.988045907376, 4255.040563628013, 6496.778457438635, 6663.936675593359, 6976.522416381687, 7011.719830124942, 4856.973085804459, 5469.667285809826, 4510.657403545756, 4643.7826835339365, 4349.963663154689, 3071.604979457471, 4602.793718744267, 6213.347878209311, 5067.946300645801, 4597.513916919304, 4153.617920121895], "classical_tts": [207.01479545440563, 145.87573529726433, 138.1396340760181, 111.62343176041985, 94.13587162104035, 84.71930442769005, 78.35599275365009, 71.20883959751117, 70.31589821037068, 63.422758375892265, 61.64306923985953, 59.56618624307274, 60.174011818230376, 59.112105838748995, 56.9646464962026, 59.465532378761765, 61.06291311269631, 64.97285313267041, 66.10418775755885, 67.63956721655698, 69.85671136597416, 71.13994862061026, 72.06898118489826, 74.02702923287217, 78.34932758370202, 82.05222478338924, 85.93490163291678, 85.15405972349757, 90.27616792460361, 88.09720302805509, 95.28678944247405, 99.30378471706398, 98.45305767760244, 100.4362659364517, 104.6810461902456, 110.17535029286061, 112.99466120753239, 113.95935064659798, 114.38621830888113, 118.06365109807768, 122.63987143287123, 128.58120754227886, 127.58742765648218, 134.09095881716107, 137.84172570161135, 136.47658599961102, 145.97334476973842, 148.5955535565069], "initialization_stats": {"phis_precision": [32.37970527085845], "psis_precision": [58.71821685110648], "phi_angles_psi4": [2.5801230429979163], "psi_angles_psi4": [-2.6017795753816184], "phis_initial_rotation": [-1.5787080526351929], "psis_initial_rotation": [2.38450026512146]}, "final_stats": {"q": {"step": 2, "value": 423.68201022212736}, "c": {"step": 16, "value": 56.9646464962026}}}