{"initial_step": 2, "final_step": 50, "quantum_tts": [26342.01030985451, 17460.100158461653, 1549.6166470410626, 1287.0570505134992, 2362.8100197249637, 1496.276547751868, 52004.14033896804, 1369.2241165823684, 1469.3919035127274, 1775.3490032596428, 32827.65375090293, 1363.3662423142482, 4994.293251798055, 42926.400022472684, 1412.992348100604, 1354.6859154075964, 4310.287769489441, 57559.87188589489, 4951.490467379637, 35911.70728923228, 1436.4261577524978, 8163.274801040224, 1378.4786546551168, 1396.113275111787, 1984.4211777623507, 1339.2333097666042, 3301.5129607276936, 1320.1721530577313, 16407.838754376877, 1394.0094265696043, 8530.879475602127, 10195.177767369054, 37370.45626737979, 94571.92624680816, 1348.729383610652, 4371.162722506955, 132802.46659436313, 53352.81535490933], "classical_tts": [1313.4589796589212, 1723.482634904079, 1311.152348509544, 1065.2029784837523, 954.1545701812581, 968.7728868962581, 852.5427259285558, 695.0597585721357, 619.2609600191378, 571.1830765716257, 504.9509131072223, 500.9808201123732, 469.36508482045144, 475.9328462457689, 388.37499836838157, 409.6795977148601, 389.27076126209505, 378.61255011683085, 385.4098416489376, 336.77186829712923, 361.14264320384063, 332.7805524641671, 353.0948944251623, 345.1266649081793, 340.17078746090726, 342.20945946378714, 352.844817546198, 349.86747711009383, 350.7761963834185, 352.89673260769416, 358.84268636422865, 363.7907959851369, 379.28462194520546, 381.89160227938055, 386.0133388336988, 381.7974928651157, 416.45213529695883, 396.593829120722, 409.31151137682235, 434.6028009242832, 420.10741263512364, 449.6844356367708, 435.9360567112535, 441.94113055381854, 454.8252163780558, 465.658969668839, 486.0953020537862, 477.6801041985305], "initialization_stats": 2, "final_stats": {"q": {"step": 16, "value": 1287.0570505134992}, "c": {"step": 23, "value": 332.7805524641671}}}