{"initial_step": 2, "final_step": 25, "quantum_tts": [475.2824075242365, 812.3956036389507, 899.8427893269823, 576.222287106334, 621.7118755903458, 797.1440604156375, 1019.3568684414123, 1446.7573796320185, 1523.0377259994502, 1543.4385277127603, 1645.54020745854, 1493.653972711542, 1052.110847242746, 582.4471457734135, 452.5610406683773, 519.075369620427, 690.1448028698138, 806.8992950486788, 957.9853177565049, 1524.6738421185541, 2631.0553545310972, 3600.338632852108, 4944.969148678121], "classical_tts": [373.62494485677064, 391.26483250032464, 349.6184707602045, 289.4085891420248, 316.21178317027795, 287.6105570689536, 261.0766739125121, 251.40144337231465, 251.84071289247922, 250.27479206669756, 253.22248744774134, 247.88462975296707, 251.8936021081167, 259.4892599625944, 258.9285879658752, 277.07509353133275, 281.2974501118869, 280.3187354679369, 299.838532457798, 301.61958158433373, 316.5618254966759, 327.0497964482746, 338.80782405910065], "initialization_stats": {"phis_precision": [97.03653592553502, 23.748233336254476], "psis_precision": [26.484468827666575, 67.84463690553966], "phi_angles_psi4": [1.5708750043949777, -2.564153317394988], "psi_angles_psi4": [-2.640328001158329, -2.6404028940591564], "phis_initial_rotation": [1.477775034739813, -0.16863341765432782], "psis_initial_rotation": [1.3332987794637159, -1.6302123693484671]}, "final_stats": {"q": {"step": 16, "value": 452.5610406683773}, "c": {"step": 13, "value": 247.88462975296707}}}