{"initial_step": 2, "final_step": 25, "quantum_tts": [364.7395432158976, 379.56317583031034, 288.4562822802066, 208.8138153023269, 208.72801505522705, 245.18770423365044, 309.6280060322339, 421.47373682786395, 402.87505193588413, 318.31445314413725, 340.649379363615, 488.7625496255219, 613.2536719300974, 611.8234429326952, 722.5401198054553, 721.7328984738754, 552.7458057102178, 532.3795752387583, 622.7812500530466, 890.9668703910205, 1571.3055429040573, 2877.331930835351, 3547.648482981389], "classical_tts": [407.04153407717314, 344.09458028137755, 418.8418771359011, 312.90513652536833, 300.05058228331507, 251.30101639956254, 222.00523359622974, 230.45130094525737, 213.47183977466074, 218.13692460453544, 216.389161164541, 213.18386917779299, 198.89325554901896, 212.32941474227746, 204.8169729544697, 212.30769289690707, 205.21823916160707, 210.38579443648737, 219.83059773301645, 224.52623595404302, 234.03793306958357, 230.84750735224844, 251.69879651351027], "initialization_stats": {"phis_precision": [26.3867834618964, 91.13455470552873], "psis_precision": [57.00005763994183, 5.029387709830924], "phi_angles_psi4": [-1.5178665728531433, -2.51274581566028], "psi_angles_psi4": [1.524092687483897, 2.576093076193505], "phis_initial_rotation": [0.794760829979066, -2.791261993739411], "psis_initial_rotation": [0.17320965725246396, -0.40749670258369175]}, "final_stats": {"q": {"step": 6, "value": 208.72801505522705}, "c": {"step": 14, "value": 198.89325554901896}}}