{"initial_step": 2, "final_step": 25, "quantum_tts": [444.5469459506712, 787.929384894458, 830.7682004283306, 665.2826373440214, 805.9410403291452, 926.3182760151689, 903.5119270628903, 1034.5552155786095, 1032.555702651777, 987.1349242364721, 1076.6807309855867, 1181.7890234036809, 1024.802178694302, 747.457484376982, 698.1238712874414, 779.4280372618696, 865.7272986958326, 1046.8667060684843, 1395.6723433428751, 2136.0196836506616, 4058.8930027096344, 5199.075303776954, 6181.955496238137], "classical_tts": [326.6327318333251, 348.5222431919245, 315.73210538426673, 260.3959285252041, 242.51669494079846, 218.06056587239652, 195.88968400877587, 175.9210648066773, 178.14305188061323, 160.0398661668523, 158.7480517806186, 142.6799020336373, 146.82429796621435, 144.00472554653768, 142.10385283930952, 145.1504444253157, 137.2628766354822, 137.1442417734281, 138.4992279383761, 136.25116214780772, 132.48506306375074, 134.10983174292397, 136.20897242971012], "initialization_stats": {"phis_precision": [44.37568941997249, 91.41010776430556], "psis_precision": [75.07446847082005, 20.79680014972404], "phi_angles_psi4": [1.570820563794899, -1.4946869265041298], "psi_angles_psi4": [1.4862136775877832, 3.1278197744944416], "phis_initial_rotation": [-0.17666869099721527, -1.7645463499319864], "psis_initial_rotation": [0.703155010198858, 0.6395778665901299]}, "final_stats": {"q": {"step": 2, "value": 444.5469459506712}, "c": {"step": 22, "value": 132.48506306375074}}}