{"initial_step": 2, "final_step": 25, "quantum_tts": [611.1858827505476, 664.8620192073779, 680.1289499588312, 644.3537638711838, 619.3390440027779, 593.100728356126, 502.410804684182, 468.75944623136934, 515.6027770682534, 470.5618454678235, 381.4471567369368, 390.5466239036935, 438.8821742705059, 409.8170332696505, 425.6415511757234, 509.777094928866, 623.8996895660882, 669.1029605410073, 761.6205476734583, 1109.4591070929814, 1441.6020417098568, 1460.715781141616, 1751.0557143901528], "classical_tts": [692.8148920856455, 833.8450237654861, 1018.7590432373064, 1029.1025087499481, 1324.695713154183, 983.8017556889055, 986.4734679191904, 994.3667810027157, 947.8509170811956, 1088.5230180942224, 951.3934639721995, 888.6052062150841, 834.8987469920651, 832.7965107260387, 797.8666257483778, 817.5755247710642, 900.1517468499452, 934.2195657962815, 875.3420526255501, 811.077880275677, 899.673558811071, 927.492741125577, 792.2636248675967], "initialization_stats": {"phis_precision": [52.1712891796125], "psis_precision": [53.28691062474282], "phi_angles_psi4": [-1.5708471341949184], "psi_angles_psi4": [2.535740409371408], "phis_initial_rotation": [-3.0734303996349186], "psis_initial_rotation": [-2.2799099137302647]}, "final_stats": {"q": {"step": 12, "value": 381.4471567369368}, "c": {"step": 2, "value": 692.8148920856455}}}