{"initial_step": 2, "final_step": 25, "quantum_tts": [131.41843782489227, 192.0097017427162, 246.68367528180073, 248.24760397776083, 288.1123637606, 502.83433792466195, 825.4192055799662, 844.9581876782462, 668.2859963943222, 726.7192814246259, 1231.100724471974, 1028.0331682713288, 1238.0066928094284, 3867.2935730786253, 5102.50491103857, 5186.9579367512115, 3456.972401936412, 1988.7882379011523, 1147.493872154324, 1229.3698338988956, 1458.1915951491078, 1573.462807051359, 2249.5942779664847], "classical_tts": [130.20672521319594, 154.41192040273467, 179.5622699214194, 172.67454259502261, 184.8883151468467, 191.4327737483422, 183.5223166448533, 194.6353806310475, 217.39682283181372, 220.5352280218122, 247.83323995301646, 236.7904188015775, 264.4799736004725, 268.98999322159915, 281.92404418043174, 283.41909126289596, 297.6153698381899, 313.5025761835426, 336.2276082260307, 362.1192440405568, 383.46252314094625, 358.02738350372033, 402.6302225137924], "initialization_stats": {"phis_precision": [43.26313797450544], "psis_precision": [43.372470698304646], "phi_angles_psi4": [-3.1295640233875726], "psi_angles_psi4": [3.0824347419034557], "phis_initial_rotation": [-1.3471229341172581], "psis_initial_rotation": [1.3034284414519872]}, "final_stats": {"q": {"step": 2, "value": 131.41843782489227}, "c": {"step": 2, "value": 130.20672521319594}}}