{"initial_step": 2, "final_step": 25, "quantum_tts": [1388.383447712137, 1497.8470053431697, 1527.0391432926083, 1488.9534841453979, 1404.047814331761, 1322.6162913615487, 1250.6614842104009, 1196.4527694521462, 1150.2297531297836, 1106.314813615396, 1056.2355166991522, 1055.2944050303508, 1059.2663030470412, 1016.7572940018517, 948.0559066802952, 923.4039671672105, 1010.9739192941613, 1086.2182539188052, 1040.4360862067138, 985.5233804410989, 971.9216392477628, 1045.298235535349, 1102.9636551442272], "classical_tts": [1635.0901779565968, 2006.0729485991646, 2372.253881342708, 2136.1779879197766, 2160.2237927947367, 2022.5564719420643, 2023.4025254879987, 2276.3278411739984, 1979.8897042483989, 2044.4414924411217, 1680.0023195575836, 1812.9984980932531, 1852.5998738795145, 1414.319449039541, 1512.5741103947444, 1471.5392214138642, 1408.3658394945826, 1493.1395490641123, 1361.8579701184242, 1364.672166631608, 1391.4933302712461, 1360.1754692598201, 1190.0513852624608], "initialization_stats": {"phis_precision": [67.61749373073518], "psis_precision": [61.53382143408952], "phi_angles_psi4": [-2.5641235943374006], "psi_angles_psi4": [-2.6001305374449513], "phis_initial_rotation": [-1.5467971563339233], "psis_initial_rotation": [2.4746041297912598]}, "final_stats": {"q": {"step": 17, "value": 923.4039671672105}, "c": {"step": 24, "value": 1190.0513852624608}}}