{"initial_step": 2, "final_step": 10, "quantum_tts": [13.01053538498342, 19.198192446098997, 28.72567828010647, 40.656202049235624, 47.15698278031978, 47.969571749482206, 51.086392086535604, 62.23691974801787], "classical_tts": [10.18474077587477, 13.51170322768048, 14.703055773974201, 15.652495640978323, 15.860237989593024, 16.955290039379026, 16.993718037582692, 17.272053934923704], "initialization_stats": {"phis_precision": [98.6692401138743, 68.27985177381312, 69.29288864001202], "psis_precision": [84.54068684115697, 89.83600894719206, 76.4923033104548], "phi_angles_psi4": [-1.5708764784949825, -2.5625475142359893, -2.5307221416786176], "psi_angles_psi4": [2.5812911860139165, 2.604221159834326, 3.023425797416132], "phis_initial_rotation": [-1.529069423675537, -1.566029667854309, -1.5660297870635986], "psis_initial_rotation": [2.0956225395202637, 2.284909963607788, 2.284909725189209]}, "final_stats": {"q": {"step": 2, "value": 13.01053538498342}, "c": {"step": 2, "value": 10.18474077587477}}}