{"initial_step": 2, "final_step": 50, "quantum_tts": [437.09402467507346, 482.76135189299015, 478.3082973157501, 417.3833476369222, 333.84737368432434, 297.020440856931, 353.14581012667645, 354.57461160936555, 552.8649780402685, 262.61582174113556, 452.27765037602734, 469.2538985707901, 162.8565242413558, 109.7150796784248, 438.7010961064803, 116.71304645595424, 304.0383097872555, 75.33680550006245, 448.6023869233745, 120.37770119080014, 154.2959455346564, 86.89276546034931, 294.2460042226079, 163.91952520039783, 297.5928749124477, 549.5484619205203, 190.9691329867511, 263.24900482964887, 191.3178364909875, 242.7006711926454, 342.5315987503386, 271.20794690094795, 540.6103229155796, 192.85422095801783, 250.18175749657357], "classical_tts": [23.0285577028505, 23.7090283344357, 23.23605067051989, 22.156682824277322, 22.709933840155173, 21.960180615484912, 21.49830817309078, 19.98295851162787, 19.673877549433982, 20.079218670494058, 19.403858357717628, 18.339480301683267, 19.76568544358955, 19.71866666107525, 19.76117869977918, 20.669610260582026, 19.91239771378796, 21.03887793429218, 21.3138027072894, 21.7713533490876, 22.689705813985622, 23.671510661382655, 24.260162719392582, 24.591794366704672, 25.63220284699775, 26.323008003900423, 27.481662392233055, 28.145744033072976, 27.686871231603536, 28.88710227100288, 30.81133250173862, 32.17256533810052, 33.03573996674732, 32.575409336439535, 34.662749064455944, 35.21763569167492, 35.494742913671324, 35.77401947015298, 37.89610927704675, 38.9796223161121, 40.02318389752803, 41.96890002748307, 41.39291320311206, 40.871907538502604, 45.09818828660133, 44.26735340838658, 45.4753311324561, 45.87869418351452], "initialization_stats": 2, "final_stats": {"q": {"step": 5, "value": 75.33680550006245}, "c": {"step": 13, "value": 18.339480301683267}}}