{"initial_step": 2, "final_step": 25, "quantum_tts": [209.48322131051233, 410.52784582605426, 510.05047469644575, 772.1785183198455, 1051.2209592160725, 663.4339406975844, 588.8430311490762, 613.428206087637, 698.8092796124156, 1198.7906092331614, 1391.2398842258453, 891.523636719855, 811.5087087324107, 1046.190282791713, 1492.8463060158674, 2009.2175275919576, 2609.975922447943, 2956.3180214634795, 3197.2643853251952, 3194.0330909113427, 3476.7646252084005, 6905.063158350565, 17913.508803475142], "classical_tts": [172.29076632080924, 180.73092843699038, 187.23916751167636, 191.8327503886228, 184.224053165455, 189.89879679104797, 197.0403549249834, 202.2806377862665, 202.46285856936197, 203.32423764282552, 204.95063427680523, 200.78857948905278, 217.0787171458574, 209.4850713645531, 220.88106554123473, 222.98579796632805, 220.65189285909304, 248.37597064996925, 244.38359024062652, 244.22130884542278, 269.2531705708856, 251.50914910451746, 272.79755281021426], "initialization_stats": {"phis_precision": [92.48860521439569, 60.62256059306663], "psis_precision": [77.09458313992022, 78.05271919527263], "phi_angles_psi4": [-1.5120086824887173, -2.5155601078301735], "psi_angles_psi4": [2.0708819006822323, 2.4912138269513813], "phis_initial_rotation": [-1.276031255722046, -1.278481364250183], "psis_initial_rotation": [1.3512870073318481, 1.8017196655273438]}, "final_stats": {"q": {"step": 2, "value": 209.48322131051233}, "c": {"step": 2, "value": 172.29076632080924}}}