{"initial_step": 2, "final_step": 50, "quantum_tts": [150.76566732106295, 143.03469566565718, 219.79285430664478, 380.0199777358566, 360.3827474066128, 416.9278731927442, 652.6191595441977, 689.7930607290758, 645.7858476972417, 513.4070475307341, 530.4324967336714, 556.595947509306, 618.2711642775009, 852.2752717751644, 980.2352436682335, 1158.4636020193095, 1420.9202278161129, 1654.8593857512046, 1925.0469341519233, 1818.305086717015, 1612.4934445440656, 1685.1673170649537, 1767.6467803507726, 2159.313351163748, 2179.4818727928414, 1917.5942043556367, 2563.92550998668, 2627.1521050265083, 2182.154741718474, 1699.7111269598608, 2154.7949666144937, 3528.4610633137872, 3550.884743434188, 3655.0287575982134, 3597.4620370147286, 3267.717040010804, 2606.304111921384, 2166.9405366051624, 3667.0681093228795, 3667.0174678259496, 3423.9485993147614, 3151.094956982533, 2564.891157365307, 2833.4297657646785, 2184.0527450877325, 2625.3096298445644, 2687.392898936752, 2996.4369384988327], "classical_tts": [83.75426236369229, 93.45452823102706, 96.53414245903961, 97.38507847450266, 90.7259208663371, 89.68202444734493, 87.41738130713124, 84.05635995594338, 74.29427028265258, 80.21961961180993, 71.50921554992243, 75.09428609276607, 71.60399724194752, 74.1791048675724, 72.89205202988308, 70.1828236581873, 73.33153775270661, 69.32070908041707, 72.9691674530706, 68.66476690029806, 75.8927833275964, 75.09638839973553, 80.42032623242373, 77.49025719437765, 79.34783507077171, 80.0611623826023, 84.55424838405885, 84.15031086578, 84.8425230264971, 87.30690231713557, 95.55425956261209, 95.29166629195676, 94.04976381500477, 100.29676222125865, 99.58210286294621, 101.29468517365984, 106.4303179902287, 104.3013938328581, 111.56795414759344, 109.72552670990754, 113.02139090121936, 114.68351482525482, 122.04813048680606, 116.93191372988986, 121.84561285664654, 130.45968217281802, 124.13145526409224, 130.23809655014637], "initialization_stats": {"phis_precision": [73.56395390870554], "psis_precision": [37.78296748680291], "phi_angles_psi4": [-1.4946228033161004], "psi_angles_psi4": [1.5243986496296744], "phis_initial_rotation": [-2.325135685219819], "psis_initial_rotation": [-2.804180934833739]}, "final_stats": {"q": {"step": 3, "value": 143.03469566565718}, "c": {"step": 21, "value": 68.66476690029806}}}