{"initial_step": 2, "final_step": 25, "quantum_tts": [2049.0319456733296, 2879.676714398655, 3012.564585157062, 3252.8491906769204, 3671.233695110206, 3977.442929114172, 4331.975631685363, 4828.589597795194, 4971.840195321802, 5504.008575365425, 5995.7340914462575, 6257.386573488918, 6372.701597404873, 6497.582762331856, 6765.835432933384, 5852.711948362397, 4991.3101873308715, 6788.462415215596, 8731.039486062793, 9006.979336602475, 10687.21591868809, 11472.654145621182, 13568.59939063952], "classical_tts": [1839.764528690661, 1621.8978539409304, 2100.6121209632056, 2136.1779879197766, 2002.6131106886062, 2006.6921199466015, 2037.5180864746128, 1873.5525234453155, 1937.7426591849487, 1854.8414130764818, 1798.0193417676212, 1739.3408150145358, 1720.4614051107137, 1579.836538330861, 1481.405726583372, 1573.9935844948327, 1584.863183020346, 1489.8669150212315, 1492.961186532305, 1443.7497445877882, 1298.8695980696984, 1346.6875860154387, 1334.570705464134], "initialization_stats": {"phis_precision": [20.361355035900687], "psis_precision": [45.94696000577518], "phi_angles_psi4": [2.5307920507564523], "psi_angles_psi4": [-1.5085147862884132], "phis_initial_rotation": [-1.250471436812532], "psis_initial_rotation": [3.0765441873906534]}, "final_stats": {"q": {"step": 2, "value": 2049.0319456733296}, "c": {"step": 22, "value": 1298.8695980696984}}}