{"initial_step": 2, "final_step": 25, "quantum_tts": [348.6134965115336, 413.7683588989544, 414.318086935554, 305.2256459821722, 276.91152403220826, 293.9106457032107, 331.7779665702593, 390.12625908277704, 454.741676712737, 637.8906969826099, 972.3509593555088, 1207.2462668073847, 1139.0254002469335, 1052.3621574268698, 1336.9511983351072, 1454.3096603124293, 1614.2204558158257, 2071.192776799385, 2333.60795207218, 2416.6548097749837, 2439.168062518959, 3076.4988639178714, 4511.709747434379], "classical_tts": [421.1571437692848, 321.60459478902413, 318.542475413498, 311.8060572816868, 263.2618650894133, 251.82427240081648, 230.2854938758157, 231.15430426472452, 213.19661340484623, 197.91640165637742, 206.92528230888962, 206.4019779777455, 193.95769831883285, 197.42219385532445, 195.97763744517934, 209.06475301140074, 189.44552881477264, 194.28779399166945, 198.1527530505698, 200.54316579692377, 204.40949827981825, 204.1467175958577, 209.22422229044324], "initialization_stats": {"phis_precision": [54.365798914368945, 5.443147392253634], "psis_precision": [92.7348353052386, 16.4548491609821], "phi_angles_psi4": [-1.385694098666425, -1.3856865179633286], "psi_angles_psi4": [2.5631574542466224, 2.630315795292456], "phis_initial_rotation": [-2.819334807497004, 1.5849046170273597], "psis_initial_rotation": [2.334915573924799, 0.0056674741033582166]}, "final_stats": {"q": {"step": 6, "value": 276.91152403220826}, "c": {"step": 18, "value": 189.44552881477264}}}