{"initial_step": 2, "final_step": 50, "quantum_tts": [3497.58441541317, 3146.397578728041, 1717.2280603775305, 1719.0872574175921, 1979.6011515952891, 1574.6113702265939, 2737.751285962746, 1358.8578372775792, 1499.981414883457, 1609.3659364017685, 3129.2086970642135, 1487.1542970428766, 2073.7984645181277, 2894.2244119539146, 1393.1038246671687, 1372.5924263293034, 2226.3253083532386, 2357.947402921686, 2131.453602872643, 2923.1645377017753, 1463.7568632129942, 2184.1629262867573, 1450.8336456806974, 1673.7828480368066, 1929.0707964343771, 1846.1126140242864, 2221.4823287637737, 1309.1586253346309, 2141.89079198533, 1612.4395738585765, 2246.614075292795, 2113.3618641276653, 2227.6201335546098, 2546.4258800703587, 1392.990641800557, 2159.1655681202315, 2746.9864971266597, 2849.726712864026], "classical_tts": [1839.764528690661, 1723.482634904079, 1111.7933650206483, 879.8406343392614, 805.7495962178302, 737.2570512210685, 612.5386276450488, 534.9205666869376, 428.0182391064325, 418.33030940087315, 333.0078503943446, 310.15777586574063, 290.22988017353896, 244.72739670387773, 258.9285879658752, 237.62884988833562, 209.6551885098617, 212.74473343695024, 200.4621385721211, 193.24266096797726, 191.55271739513591, 186.02724516739752, 180.78613145791044, 180.45294970187905, 178.363308915043, 188.15635424362569, 183.32297989289978, 183.89012702109179, 178.09423354882776, 187.31138117080184, 187.64431701644494, 185.73923749490717, 191.8970297368872, 193.7763454739699, 191.22746698057492, 201.53277068912982, 199.0974416563303, 206.1532703589127, 206.28673529764717, 208.24397771546919, 222.8012955770475, 220.21421155556308, 238.79784559454703, 237.8691581064377, 241.43881689941412, 244.845335380443, 239.72573407993352, 254.1449758115606], "initialization_stats": 2, "final_stats": {"q": {"step": 8, "value": 1309.1586253346309}, "c": {"step": 30, "value": 178.09423354882776}}}