{"initial_step": 2, "final_step": 25, "quantum_tts": [188.88225367569942, 240.22782587337502, 323.1068922295507, 367.31058932553077, 386.9715886992657, 503.42655832788716, 655.1279876291253, 801.3149530154994, 806.7308181248372, 820.0127652043016, 1419.1302846329752, 1433.7247841678843, 1138.3351355752516, 1421.2781717433568, 1468.0511467160256, 1110.4200808441792, 1294.2865415420015, 1608.102861824281, 1575.414712883668, 1771.7856127197322, 2403.8454611832585, 2342.346969976681, 2151.8738927267405], "classical_tts": [173.12226134280755, 223.01207175372326, 252.1010157038419, 248.62840467518114, 251.26278709107686, 277.13886822002587, 285.4214881169433, 266.73853801939276, 296.8923892724917, 291.39781953770444, 284.6747734669089, 326.9031741219596, 312.1262040508291, 326.5236158117386, 319.99707433024906, 323.7786221316808, 352.26262864963667, 342.6161718438566, 345.24480061961646, 355.26897934822523, 357.83834836710946, 355.2413329421703, 376.17241783368763], "initialization_stats": {"phis_precision": [98.70954021352543, 1.1091625576366226], "psis_precision": [85.41211072406287, 99.40071444660373], "phi_angles_psi4": [-1.570742789294871, 1.5707483436948781], "psi_angles_psi4": [2.0690073463376337, 2.6572763029666415], "phis_initial_rotation": [-1.611283779144287, -1.5359989404678345], "psis_initial_rotation": [2.527299404144287, 2.638449192047119]}, "final_stats": {"q": {"step": 2, "value": 188.88225367569942}, "c": {"step": 2, "value": 173.12226134280755}}}