{"initial_step": 2, "final_step": 25, "quantum_tts": [2344.325709677215, 2562.023640773339, 2626.550369261474, 2564.7345133298204, 2438.2423290878155, 2298.3847513719147, 2187.952373839172, 2096.239968596534, 2035.9650103187068, 1962.398650225508, 1898.954919963714, 1853.2784968848046, 1762.8910209779683, 1770.0285007453822, 1728.6277490638408, 1736.3487287352086, 1854.2817493451262, 1754.5464700619186, 1790.8792323670928, 1888.4187009797067, 1923.7435008747852, 2177.9320970065132, 2119.3555704686787], "classical_tts": [2538.4802695933276, 2759.646793035992, 3873.4310561245825, 3536.679018712446, 3342.3021665371925, 3624.1818858335105, 3265.5686883757444, 3890.479208163099, 3530.913166102625, 3480.897806137563, 3440.043634194174, 3878.8163802906474, 3445.461205651277, 3233.4082336098813, 3238.239328890723, 2853.333484374852, 2664.0185733179937, 2649.767035674755, 2675.908946176209, 2607.273946299384, 2614.6873450073494, 2465.635226715852, 2455.9526489215714], "initialization_stats": {"phis_precision": [99.16595644972213], "psis_precision": [28.01335624305008], "phi_angles_psi4": [1.5708134759948975], "psi_angles_psi4": [-2.6404247826789864], "phis_initial_rotation": [1.5446112250916286], "psis_initial_rotation": [1.3812334126664059]}, "final_stats": {"q": {"step": 16, "value": 1728.6277490638408}, "c": {"step": 24, "value": 2455.9526489215714}}}