{"initial_step": 2, "final_step": 50, "quantum_tts": [54.936397790684396, 79.11145201533552, 116.42951784834446, 164.24708066829527, 192.69520268297805, 196.57242272046676, 209.53179527285096, 255.13724082080327, 332.1640609600084, 382.733579143036, 365.9616274089533, 346.56247214147027, 374.24823507104463, 454.4164180749396, 532.411800361284, 527.4712609158961, 489.44811826836946, 502.4981710868343, 594.0225290446314, 721.7562354640968, 748.4566478805971, 672.8309934525125, 633.6443155766638, 688.905890314647, 818.6810536665259, 897.9301877085105, 839.9612956956555, 773.8124719217299, 809.0642989687561, 962.0917545948895, 1121.3726418542265, 1087.3114939443676, 955.8196061414887, 919.0230153239031, 1024.636434803985, 1203.5240284663766, 1245.958481071874, 1124.2192453532896, 1053.4021730326433, 1141.8514706464734, 1369.394539879362, 1515.7828440078295, 1390.8255517449202, 1228.85113879485, 1226.3417386158783, 1399.1172990112282, 1600.131452651256, 1570.1373327551157], "classical_tts": [23.348981035745368, 23.22748371133504, 22.534574621915137, 21.90783541197416, 21.018655900042152, 19.93437083256756, 20.00779225844275, 19.539297327133504, 18.420434015837934, 18.349786650940693, 17.274920689676883, 17.427779183862572, 16.8877087207907, 16.481797874645657, 16.173441812928388, 15.841314148614483, 15.731816650793933, 15.177998301589247, 15.32103543209419, 14.78647898305339, 15.013586365802507, 15.10297525085187, 14.775264659646442, 14.808267244525746, 15.004372000502118, 14.624752132699799, 13.845782937129524, 14.420719324587425, 15.16062147124564, 13.719015815485054, 14.74181398555793, 13.436854357557499, 14.015019875498137, 14.066864652263195, 13.596103298833658, 14.870685489535377, 12.666666666817521, 15.23040494414476, 14.820468525401385, 13.120257213466274, 13.440263486965453, 13.76026976046463, 13.32917303349217, 15.000000000178645, 12.770470262175788, 13.04808918091874, 14.540916036536913, 14.843851787298098], "initialization_stats": 4, "final_stats": {"q": {"step": 2, "value": 54.936397790684396}, "c": {"step": 38, "value": 12.666666666817521}}}