{"initial_step": 2, "final_step": 25, "quantum_tts": [2256.588494952479, 2442.7901461921674, 2502.6637268266863, 2464.9934843732804, 2374.0841211304723, 2282.0388720070555, 2211.6953185331863, 2161.5944447513334, 2127.6998731177696, 2095.93135631007, 2074.4587349083517, 2079.2484857280965, 2101.4383337849818, 2139.10532879162, 2034.0554464342472, 2095.435932251172, 2365.0047488686105, 2159.4348232596412, 2112.026524555752, 2368.464729708139, 2545.901488346118, 2587.3605969628065, 2306.9224319178384], "classical_tts": [3346.9115675867374, 4601.715444231139, 3679.529057381322, 3064.353390041757, 3342.3021665371925, 3524.668103280383, 2576.1373841136324, 3272.521029166894, 3636.134476852105, 2801.5873689025925, 2875.680913125285, 3199.3568338190425, 2786.997902124986, 2665.316723368055, 2447.90040990702, 2788.9165268255424, 2491.130280590378, 2505.086567176791, 2286.700091659522, 2257.944797980311, 2118.776861426731, 2091.786823398188, 2057.605381444781], "initialization_stats": {"phis_precision": [39.66241822726588], "psis_precision": [71.22944293177946], "phi_angles_psi4": [2.5582163491776195], "psi_angles_psi4": [-3.13370422391806], "phis_initial_rotation": [0.6626553128516699], "psis_initial_rotation": [-2.2298505166659846]}, "final_stats": {"q": {"step": 16, "value": 2034.0554464342472}, "c": {"step": 24, "value": 2057.605381444781}}}