{"initial_step": 2, "final_step": 25, "quantum_tts": [383.3907909302922, 477.65183077742904, 419.65863251355324, 297.93082731242845, 283.06905535042944, 296.0479521437858, 317.3128602912631, 406.42543562246954, 486.67327733975833, 545.3079034656545, 747.5516436280031, 1128.6773547982216, 1336.745773202707, 1231.1401189874366, 1636.4011897402015, 2507.444981187183, 2036.8922440230613, 1940.6768082763517, 1936.5017696613604, 1977.0353999054928, 2827.1219377482626, 4530.564765402809, 8611.17034017582], "classical_tts": [398.14255744642657, 402.8747981089151, 297.34942900496435, 271.6227639076903, 238.08993189773875, 224.1772980319431, 207.68658358249587, 190.6474424932863, 183.38053439789093, 175.52199251739674, 159.5659716170692, 155.72544811100516, 163.94895466227493, 157.0889250993247, 146.19980656456568, 163.09730572489707, 149.40976300604035, 154.3047754448339, 156.61950543042195, 154.65549546832594, 154.61308300175926, 157.3728306155148, 161.8525299200589], "initialization_stats": {"phis_precision": [58.79586542843253, 44.59739643075006], "psis_precision": [34.31528494257504, 45.69656871837202], "phi_angles_psi4": [-1.5124112700065735, -1.502009793914674], "psi_angles_psi4": [2.581346472417863, 2.5715472059688316], "phis_initial_rotation": [-2.80687733468219, 3.0406513896358796], "psis_initial_rotation": [-1.638292651986272, 0.8655545981780248]}, "final_stats": {"q": {"step": 6, "value": 283.06905535042944}, "c": {"step": 16, "value": 146.19980656456568}}}