{"initial_step": 2, "final_step": 50, "quantum_tts": [566.3154605463303, 716.4215938109758, 930.282406057387, 1466.0827070605897, 1575.4418807288175, 1804.725522074405, 1747.8879043787083, 2256.5967165417865, 2186.34567572388, 2189.19302674411, 2623.308699578229, 2503.4734373560887, 2486.2358865585925, 3612.9325946300664, 2865.0625256083003, 3148.2829947332048, 3689.682465449792, 3543.8531363605694, 4162.983369309228, 3793.041242411509, 3703.9757306308024, 4029.3498906217, 5491.887831702474, 5213.280028515134, 6670.4720727168815, 6876.779042245268, 7799.173952106795, 7641.666138150293, 7131.475527121334, 8466.770406934194, 9276.844047620274, 7892.469108761781, 7170.232401548783, 7559.065502057603, 8502.656504395156, 7739.166669919501, 6759.32555804362, 9062.724980412615, 9892.71480865298, 8556.88442447097, 8851.19161830612, 9335.859791767669, 9127.262055566696, 10758.518477266152, 13587.55214985159, 15953.988171456947, 18891.480388249707, 17739.475098022944], "classical_tts": [304.7029605887723, 317.82455428807884, 283.1930044061946, 286.5967555091442, 269.3434048821291, 245.6811164740174, 208.65037669893647, 198.78428381938645, 189.3529327430196, 171.90399729059757, 159.84032427297421, 156.3412912191463, 141.87569909941683, 131.90195280383813, 122.83591923684718, 116.44013716174072, 108.44883109154418, 107.33546572738865, 106.8069615543041, 99.67546042289051, 96.04638730615882, 92.18747054153755, 93.03674695957079, 89.50180140709135, 85.19687410946858, 84.3438829355945, 83.81542143693159, 83.47940014883444, 82.18745754801898, 83.82309676786502, 82.38728637439844, 80.45052765841785, 84.28298267410965, 84.51728725907643, 86.22537430105356, 85.28150784687581, 84.31513480391774, 85.04573638474965, 86.75268539451343, 87.09280494259752, 89.76605355440351, 89.67366698744486, 89.65001248372596, 93.10998506834811, 94.2397704209525, 95.01083768463714, 98.26986882640091, 100.0085851130814], "initialization_stats": {"phis_precision": [97.848351268009], "psis_precision": [52.48520412296962], "phi_angles_psi4": [-2.5265435207424933], "psi_angles_psi4": [1.5130992354923083], "phis_initial_rotation": [-2.458947482247206], "psis_initial_rotation": [3.005820572133281]}, "final_stats": {"q": {"step": 2, "value": 566.3154605463303}, "c": {"step": 33, "value": 80.45052765841785}}}