{"initial_step": 2, "final_step": 50, "quantum_tts": [149.80428513407793, 207.04205323225852, 353.2787529496158, 634.2544289508702, 709.1241248482038, 564.1525825094064, 539.427575510802, 717.4929618671422, 1219.7574295627992, 1565.4973390672446, 1147.720215736823, 903.759755175523, 993.0521663241965, 1478.9183217503753, 2119.83417922906, 1790.5541489256514, 1330.9201627149366, 1306.2389000005358, 1795.6159144468156, 2861.939905194704, 2889.5515035243257, 1983.470613639605, 1648.4910532707117, 1916.5061936942, 2862.5993986467174, 3550.937466971121, 2681.416896023773, 2050.039343705773, 2136.5884816269295, 3082.6181538635974, 4612.510482478626, 3907.082883789927, 2647.6057991876914, 2353.846970382273, 2957.949897856245, 4474.7901578120955, 4713.787634197578, 3306.1129476322376, 2705.5669928635834, 3116.484651909977, 4786.869195774645, 6261.506266363129, 4563.561211216756, 3272.170432745508, 3214.8485041906606, 4343.296529096657, 6230.216102673245, 5589.372561675143], "classical_tts": [81.02710144711098, 65.21904684954413, 53.4638743360315, 51.021913492314155, 41.74657502207516, 37.44924841767758, 31.024072589493787, 28.476248361234607, 27.35807976811256, 25.182247058145308, 23.478913008677683, 22.062962832399137, 20.84510844471574, 20.698544256228974, 20.309403722821884, 19.65619355045183, 18.389664092251813, 17.53501844668224, 18.052082829974644, 17.74010193113096, 17.492696752400843, 17.85447063399721, 16.342972721697716, 16.571235065319907, 16.22910511514042, 16.191306498145615, 16.427751423604054, 16.086807146143034, 15.080862570122873, 15.415251691800352, 15.358431832017821, 15.202495672606616, 14.487890445849981, 14.757900417822734, 15.790576970526438, 16.515408178380625, 13.456525506420245, 14.988124843466851, 15.372435736889079, 16.0114513515368, 14.467343481809177, 13.026237282730984, 13.32917303349217, 12.492851343432836, 14.720288580962162, 13.04808918091874, 16.534106836353345, 3.744978900934441], "initialization_stats": 4, "final_stats": {"q": {"step": 2, "value": 149.80428513407793}, "c": {"step": 49, "value": 3.744978900934441}}}