{"initial_step": 2, "final_step": 50, "quantum_tts": [13471.375008048213, 9535.281090843991, 1581.346876789408, 1485.3549203511, 2212.9057821697725, 1246.664258525834, 5521.821579743236, 1277.6126142180483, 1563.3023472393625, 1723.0076559484573, 8618.683008759115, 1592.673799647656, 21752.717094177628, 4772.414310900013, 1117.3322218086507, 1404.8825074936453, 4059.8719240866635, 7263.216704334402, 7562.729050247259, 5526.86530813889, 1759.3711923582075, 68170.13845609683, 1572.862588104641, 1416.615631343545, 2060.873769320087, 1338.7261083635253, 3088.2685059548767, 1498.1198804710696, 15971.253964169184, 1245.7618180315683, 61038.9499558761, 26124.430490913954, 9069.223295648431, 5877.756427419276, 1449.6166786298331, 11915.52311549919, 5803.194193522715, 5204.938998021748], "classical_tts": [1225.7413560167029, 917.5758259437175, 964.8970162896339, 879.8406343392614, 654.8888223280443, 700.397763193796, 534.5206928687294, 506.035331504601, 457.11003430357044, 416.50295934638706, 369.7766302936934, 374.8484349697993, 319.4044874923066, 297.10019717714374, 285.02888300898115, 273.72490630800263, 263.100149142235, 250.28110950740353, 242.05515550769405, 233.39496779915945, 241.45829574923232, 230.3737224777832, 218.74112318021605, 218.75042174233087, 230.19927245813682, 220.30626186181885, 227.3965111818605, 226.58110777360577, 215.61302660112275, 225.9507982151785, 227.7799948984674, 224.51023794692546, 229.6458574391229, 226.9712578837982, 242.03039088231145, 254.8862312617095, 243.72830057921365, 244.87217973533484, 245.57165019824427, 253.80008331606703, 251.47840865074772, 259.07220760757775, 265.6061953346288, 266.0032962504408, 276.35181359201823, 291.7945391660669, 287.54117907684304, 290.3354335412996], "initialization_stats": 2, "final_stats": {"q": {"step": 2, "value": 1117.3322218086507}, "c": {"step": 30, "value": 215.61302660112275}}}