{"initial_step": 2, "final_step": 10, "quantum_tts": [523.5753367716571, 1098.38738661867, 800.3326069524148, 689.3301685182097, 1602.3418861879532, 2200.699256283214, 1772.5251644522887, 2537.559061890973], "classical_tts": [342.0040370481872, 274.23032689081145, 225.62200794491244, 171.98511646586758, 136.32719286729176, 129.3881512272526, 103.35345934921347, 93.58991239955989], "initialization_stats": {"phis_precision": [34.179478757084716, 60.7126629653941], "psis_precision": [52.86578604725043, 84.87806198490237], "phi_angles_psi4": [-1.5706998662947471, -2.5417641924632437], "psi_angles_psi4": [2.0233704221250455, 2.6041066333872416], "phis_initial_rotation": [0.4971127936271884, 2.5071730206461016], "psis_initial_rotation": [0.54260541925817, 2.129036939624532]}, "final_stats": {"q": {"step": 2, "value": 523.5753367716571}, "c": {"step": 9, "value": 93.58991239955989}}}