{"initial_step": 2, "final_step": 25, "quantum_tts": [488.86286876113104, 547.8681799788757, 620.5979056610063, 697.1923168782223, 849.5851100801208, 998.9630692119276, 932.6764358424947, 910.0280450072058, 900.9050648433283, 852.2899144522988, 766.1346296757548, 868.4518590736388, 1028.0005973959037, 1030.083540435212, 983.6394177038786, 950.62939351622, 1310.2775944120194, 1929.9390203950572, 2178.662787992559, 2387.7682347384007, 2815.35945716886, 3717.480390807229, 4402.57616535208], "classical_tts": [539.4788667361989, 646.6816467219762, 630.5795069401175, 600.1685787076226, 551.2658387712299, 567.5490804818814, 502.4189558139062, 487.42118284884936, 470.609968239263, 441.5364319760795, 445.601321753402, 420.2534457260747, 394.96974334016414, 389.41234421717974, 400.5443323448348, 394.3259250397166, 368.97384845724434, 351.59599139623856, 363.4771501503374, 388.60609575373735, 371.7952789971551, 363.0015454687188, 347.2492721365221], "initialization_stats": {"phis_precision": [21.545035518252153], "psis_precision": [11.79796478793953], "phi_angles_psi4": [2.5307920507564523], "psi_angles_psi4": [-1.5085147862884132], "phis_initial_rotation": [0.06605665022138041], "psis_initial_rotation": [1.2624338722503614]}, "final_stats": {"q": {"step": 2, "value": 488.86286876113104}, "c": {"step": 24, "value": 347.2492721365221}}}