{"initial_step": 2, "final_step": 50, "quantum_tts": [552.1942930510762, 783.7534267550436, 992.2404927991599, 1178.6165687403034, 1338.8082944263203, 1487.1436735625118, 1477.508244904221, 1787.1092628626868, 1749.8748696075772, 1788.8722901043232, 1625.1885304746306, 1924.9562131075475, 1834.4541357911348, 2027.9631255977238, 1825.3563505951593, 1992.1412352851075, 2385.560024669754, 2320.68170067185, 2789.61698421826, 2298.3696547853588, 2439.1873669798347, 2494.6366875264753, 2556.8951707225783, 2552.199476562199, 2533.7351139830907, 2611.9421174045183, 2707.0198078879175, 2747.114037369096, 2850.340960238558, 3038.1859231506587, 3360.34058846027, 3335.3573666848943, 2870.536996222832, 2759.8976626865697, 3040.013075282517, 3026.4716876951566, 2815.2302577107994, 3176.7497277723055, 3356.8487684523525, 2880.900829292764, 3290.582479802761, 3995.447629778267, 3849.532884400639, 3779.8831793949294, 3719.860563985566, 3519.673453144148, 3614.9836278138055, 3741.685832219579], "classical_tts": [381.45696405967, 281.3878788283132, 318.542475413498, 270.78954602713856, 251.8677022006426, 211.88104624969677, 198.49693773352834, 193.6236773305574, 170.2501755543402, 157.55847907612358, 136.09020991905433, 135.09025838564054, 126.15047213898731, 122.46429397376708, 117.89718908573325, 104.8250925280073, 102.72592514855158, 97.26155847740225, 91.33960711937746, 88.0001125557184, 85.67501761347634, 84.32202985090157, 82.64119363036754, 81.50946584412763, 79.12458537908142, 78.64772088243379, 78.53094990044687, 77.34469604493485, 74.97808242076066, 78.19403433126674, 79.35219031154374, 77.94586630984543, 74.8520887417445, 80.26157595185562, 79.33606400235746, 82.93788896138472, 82.89327980509445, 84.09571250969451, 83.44585711460341, 83.22334982295921, 86.60606508484867, 85.73984108939331, 91.22775332611299, 92.34893972834894, 92.83006087503685, 96.25551555162369, 98.33715174360262, 95.93831785540839], "initialization_stats": {"phis_precision": [88.61280345380072], "psis_precision": [59.633042442423076], "phi_angles_psi4": [2.5582163491776195], "psi_angles_psi4": [-3.13370422391806], "phis_initial_rotation": [2.915955679322847], "psis_initial_rotation": [1.88131571015498]}, "final_stats": {"q": {"step": 2, "value": 552.1942930510762}, "c": {"step": 34, "value": 74.8520887417445}}}