{"initial_step": 2, "final_step": 50, "quantum_tts": [1394.6419449437808, 1412.60339998585, 620.6510798725801, 511.76969984331066, 638.544965474173, 314.2539331577202, 1146.763781828032, 178.71013723635164, 445.75947722617343, 285.4234608154668, 1220.3326017043973, 279.5124454144495, 678.8426418506222, 1045.864888826532, 129.18873982778604, 191.46922416262765, 609.9521230598192, 838.6998031517379, 652.9296992400065, 1281.4951442008664, 319.9528468685611, 695.5308206706821, 319.0733780887067, 431.26791132259734, 677.338211605788, 465.28354580160055, 563.8192108746833, 385.5625761266018, 664.2595925280789, 502.7174308302313, 669.5831349854088, 664.0119739897104, 827.7720943501248, 912.6616532005157, 288.28310776518094, 699.0775189400496, 1117.7305162108755, 980.7479012392174], "classical_tts": [102.34310588483788, 95.89682258871603, 79.61122815734677, 73.90645184334613, 68.98033116231778, 60.61244154300398, 56.431949782325084, 50.89002693646737, 51.82082257353749, 49.54291183482842, 47.00059132232942, 47.64250653805446, 48.224954763696644, 48.487044482251626, 47.34416471837556, 48.34489970103972, 48.6714755426338, 51.765921978806375, 53.96793859629807, 53.60678285987751, 54.49890149556845, 56.58932946156433, 56.533973940906094, 58.729658815353524, 62.76291738992752, 65.0439947195821, 68.75075856539353, 71.40037374699428, 72.96282779443106, 72.77529464342966, 74.86802194888054, 77.68139307215512, 81.29673956491506, 86.2903283270547, 85.37940360626885, 90.29425166780342, 92.4825024494045, 93.37906380928436, 97.54898453781718, 96.12044340607977, 97.73146132077147, 103.23687543386026, 99.70735224376696, 105.78526480326569, 105.164544982118, 106.72296095098544, 111.08750056062206, 114.87565187555875], "initialization_stats": 2, "final_stats": {"q": {"step": 2, "value": 129.18873982778604}, "c": {"step": 12, "value": 47.00059132232942}}}