{"initial_step": 2, "final_step": 25, "quantum_tts": [470.44575222647575, 757.4627898542487, 819.5751781352634, 831.2120934087108, 1109.1102338169974, 1243.2943302955205, 1202.129033954557, 1692.1681441327523, 2358.7937115465547, 1857.4159798417968, 1890.6318707274045, 2627.7933121714923, 3165.319882863462, 3218.8236813481985, 3556.83706786288, 5999.32879805931, 10801.02757717258, 11903.766575464595, 10711.380495285935, 8698.7295198955, 6495.958815851844, 6269.746063444101, 7249.419436892643], "classical_tts": [464.0399543545156, 412.04054877322244, 353.05792851352834, 334.07543304295586, 295.84419378092775, 241.74435963303168, 245.19152296830165, 225.97948921846654, 227.2119881121529, 203.55557396624337, 186.24933281129177, 196.76089653912538, 192.07976100114954, 180.53652526944913, 187.66063916454587, 184.27617799602362, 178.09573764781695, 185.47146992937977, 185.22805971565822, 180.28766543828448, 181.5315305679827, 183.98362537715295, 184.87757136779703], "initialization_stats": {"phis_precision": [95.527792466935, 45.244943878706025], "psis_precision": [37.566154641560445, 19.018461951617248], "phi_angles_psi4": [-1.5120086824887173, -2.5155601078301735], "psi_angles_psi4": [2.0708819006822323, 2.4912138269513813], "phis_initial_rotation": [-1.3715101391766586, -0.7953792872546335], "psis_initial_rotation": [-2.2508863073630048, -1.2478614301361894]}, "final_stats": {"q": {"step": 2, "value": 470.44575222647575}, "c": {"step": 18, "value": 178.09573764781695}}}