{"initial_step": 2, "final_step": 25, "quantum_tts": [1017.9822840402034, 782.8141150118423, 569.748062815281, 640.968180839663, 423.8363890255663, 330.10898509154777, 263.3569501074933, 156.7039655600434, 190.91212352653062, 409.8133207445651, 502.86128893808575, 379.15518001293117, 396.9594015447463, 658.2845325683677, 2221.3612585022483, 2308.5965297572875, 2364.7419519941654, 3227.189770095332, 9679.914721535819, 11208.307299224829, 37576.81534835122, 3248.7548071274737, 1825.6631377919257], "classical_tts": [1414.6716074849785, 743.3251273449439, 665.2271392492322, 600.1685787076226, 568.7105502487173, 529.1698958040876, 528.5662582719655, 412.47539981514586, 412.8197024585962, 493.7962422839033, 454.36686474151315, 463.80991819003293, 449.1937037410867, 488.58982224025306, 494.8192103670579, 557.9696318334334, 564.8400222052268, 544.1639739047671, 629.9092391489522, 546.0181149114477, 661.2210303410104, 645.6593602317719, 703.9550791192061], "initialization_stats": {"phis_precision": [0.5177184031747273], "psis_precision": [26.496205382366433], "phi_angles_psi4": [1.5708577495949352], "psi_angles_psi4": [-1.534278440995215], "phis_initial_rotation": [-1.5544703006744385], "psis_initial_rotation": [2.4397170543670654]}, "final_stats": {"q": {"step": 9, "value": 156.7039655600434}, "c": {"step": 9, "value": 412.47539981514586}}}