{"initial_step": 2, "final_step": 25, "quantum_tts": [700.5875316861868, 995.238585818574, 957.5249138053891, 1172.3071772328979, 1270.6514321966508, 1370.2482926106088, 1419.8712637653769, 1514.5136968045315, 1619.4804963845131, 1750.1204817550474, 1859.3724304032899, 1970.1204915309588, 2173.9265954613943, 2525.340170207088, 2507.6018399690292, 2168.7106909118093, 2230.7410612483973, 2740.9926505354188, 2905.8696763969783, 3139.028917254516, 3779.206790558821, 4218.88290929687, 4133.933436025462], "classical_tts": [587.1561887859837, 840.2366911114684, 783.4363196239523, 851.006406382524, 843.2586477333475, 722.4762288155689, 699.236941520409, 711.9677387501891, 669.4074225842603, 704.5253465010301, 672.5748929462161, 715.0167273776722, 672.3766951131172, 667.3653294553752, 628.4485101134062, 614.7726677382476, 626.6503694359353, 629.0215404953108, 602.7023840485408, 596.9170289449177, 595.869443448355, 579.6678120625211, 605.3244584791533], "initialization_stats": {"phis_precision": [68.98349987804396], "psis_precision": [96.16333051642177], "phi_angles_psi4": [-2.526347046736313], "psi_angles_psi4": [2.568298115398991], "phis_initial_rotation": [-1.5519349575042725], "psis_initial_rotation": [2.447765588760376]}, "final_stats": {"q": {"step": 2, "value": 700.5875316861868}, "c": {"step": 23, "value": 579.6678120625211}}}