{"initial_step": 2, "final_step": 25, "quantum_tts": [381.79542901547234, 443.77427935598564, 394.8251605115982, 311.7941233043233, 366.1841942196101, 465.939515404399, 535.6251627534208, 629.2084304917362, 440.9990323937775, 330.5666058806776, 386.04087012036985, 572.2471252269838, 716.3110931755629, 722.3318057928127, 867.8943479044582, 746.8195826437867, 600.8572418409851, 818.8978241923874, 1466.7995423844695, 3015.6100586768403, 3403.5977665090995, 2196.236499923818, 2101.4117892945605], "classical_tts": [385.49663557957587, 377.65312575132515, 318.542475413498, 284.7517628613339, 265.25909359408394, 242.22976809451114, 239.17978787848273, 198.5200772375407, 210.74946130427128, 198.3567310674959, 189.39211067933155, 188.09335574061618, 189.90291877133518, 190.90367171159326, 195.97763744517934, 199.23504358606218, 198.13905555304376, 200.54050679768596, 206.3770231703328, 200.94080049642426, 224.0297522633202, 213.01226867300696, 223.7147677660608], "initialization_stats": {"phis_precision": [34.179478757084716, 60.7126629653941], "psis_precision": [52.86578604725043, 84.87806198490237], "phi_angles_psi4": [-1.5706998662947471, -2.5417641924632437], "psi_angles_psi4": [2.0233704221250455, 2.6041066333872416], "phis_initial_rotation": [0.4971127936271884, 2.5071730206461016], "psis_initial_rotation": [0.54260541925817, 2.129036939624532]}, "final_stats": {"q": {"step": 5, "value": 311.7941233043233}, "c": {"step": 13, "value": 188.09335574061618}}}