{"initial_step": 2, "final_step": 50, "quantum_tts": [13395.06595962358, 12236.82187307513, 8279.108163984942, 13090.860962752668, 7492.056124291771, 13117.247618788428, 12735.642078135152, 2523.942891074713, 7264.106035400939, 4905.0625787329745, 8657.534158570636, 1037.8858311229947, 4416.621737279479, 10734.864995615999, 673.5110278779011, 5717.019072186048, 6444.26313430059, 4852.617214613332, 1239.651576314938, 6195.173961289896, 7309.013674877626, 1001.196548671085, 4962.330520633533, 9403.269899094405, 4700.373588286876, 5555.890812608492, 9724.610845253537, 9102.959032174242], "classical_tts": [482.44850814481697, 369.92755046969637, 253.90285838087328, 238.50333749998444, 184.55560881827415, 163.50598983890131, 138.99055107011586, 110.77051258312562, 104.72595006621647, 97.14966680083569, 86.19887392822972, 79.34851997643074, 75.33537388908304, 67.64121696299026, 64.6038132752411, 61.041615301595776, 60.27164011699888, 57.74045447719983, 53.69039200093387, 51.96854067707527, 52.052299144551625, 49.30857000900354, 46.844673723189885, 47.25225788945725, 45.4974761920443, 44.29813492404432, 42.676467605994326, 43.34315179143094, 41.331300434345, 39.515885947211885, 39.19770514162407, 38.4193413922728, 38.8062131823412, 37.76679510788526, 37.535145724091514, 37.120457920626805, 36.52573166511377, 36.51569537052282, 35.76305456692548, 35.26192262640863, 35.30600170957751, 34.90494486560108, 34.95805120188393, 35.01831367549294, 33.2547270333122, 33.09354820011617, 32.93342585990466, 33.00132883741165], "initialization_stats": 3, "final_stats": {"q": {"step": 4, "value": 673.5110278779011}, "c": {"step": 48, "value": 32.93342585990466}}}