{"initial_step": 2, "final_step": 10, "quantum_tts": [171.93158072340742, 344.6043157542969, 297.34714652043976, 260.366693589978, 569.6163700910572, 928.1011795750201, 843.641802594271, 1173.1037175443198], "classical_tts": [122.56896757584389, 112.8520303721821, 102.57879614103734, 95.11801442849895, 74.8710846786586, 72.28256799244144, 66.16813361630057, 57.927163366503265], "initialization_stats": {"phis_precision": [89.90148662358723, 76.94781002732414], "psis_precision": [66.04625013601935, 70.1634567693003], "phi_angles_psi4": [-1.5707040711947657, -1.9921571567494418], "psi_angles_psi4": [-2.640311092556928, 3.119238383100443], "phis_initial_rotation": [-1.2534499168395996, -1.267951250076294], "psis_initial_rotation": [2.576185703277588, 2.1818957328796387]}, "final_stats": {"q": {"step": 2, "value": 171.93158072340742}, "c": {"step": 9, "value": 57.927163366503265}}}