{"initial_step": 2, "final_step": 50, "quantum_tts": [194.66016200720196, 216.61431056281236, 270.69017074244675, 368.6399828661994, 257.1476506889933, 323.6756758808907, 407.2928806520832, 655.2217165062997, 864.7612966302233, 531.2943713329751, 443.152503811575, 475.31786956813454, 572.2489708167045, 587.5864297463362, 979.2026462111936, 911.4973034373701, 849.9854935418998, 1286.9171101844136, 1138.1768528231464, 1161.2117790922196, 1097.5432948370417, 905.8672221013854, 939.8406127003917, 879.3362038263364, 1026.017890713196, 881.1711533514472, 978.9372712239476, 1596.6821294502572, 1903.4960952562058, 2266.698220278242, 2642.7351217813666, 2598.4730008848737, 2457.357114189274, 2407.683586795424, 2655.934694426167, 2500.8927173044362, 2799.3067931184114, 2642.190017503493, 2560.958788299409, 2874.3167987032293, 2366.2828517440803, 2282.407283339707, 2286.3802433108362, 3171.8212410521423, 3871.170024256398, 3920.0284597812847, 3924.4874796953072, 4120.460566843274], "classical_tts": [128.32676917788237, 105.72203517328643, 109.7445884876765, 90.86928753758436, 72.15751902421889, 65.97574575644792, 59.566383495530204, 53.68301775393446, 49.15800526953544, 44.15789456794689, 42.37852633419207, 38.764541333278366, 36.478554445155474, 33.4638328384017, 32.846414282255466, 30.4707350122275, 29.254580748804045, 27.648904222655453, 25.85983649945955, 26.273440308380287, 24.267070632439307, 24.486263300688112, 22.041757551554813, 22.2520202341482, 22.783791096259883, 20.89088281675217, 20.33774146962942, 21.06408937925904, 20.023276787336812, 19.244690404844004, 19.64477172428847, 17.948126672524488, 19.144303802624897, 17.500000000030887, 17.055966758880444, 17.412266698634056, 16.961770561580103, 16.263959840155724, 17.545085522807153, 13.666666666829432, 15.561491951671453, 16.52536841715576, 13.32917303349217, 15.000000000178645, 15.845185718171955, 3.5921226192636477, 16.000000000190553, 16.333333333527857], "initialization_stats": 2, "final_stats": {"q": {"step": 2, "value": 194.66016200720196}, "c": {"step": 47, "value": 3.5921226192636477}}}