{"initial_step": 2, "final_step": 25, "quantum_tts": [1443.2180992561532, 1841.1801925004256, 2138.831128346642, 2567.0704123997866, 2943.176860998098, 3270.1956908576776, 3258.6926219173038, 3246.715841230128, 3350.1071619832937, 3488.1320305204645, 3779.4704951929816, 4580.336661237469, 4850.653239026394, 5187.824088108746, 5031.159399650971, 5606.466740236455, 6279.51683728587, 6358.474409042639, 8098.844717428825, 9211.180464714147, 8443.420453739584, 10281.83932450497, 10068.236489064078], "classical_tts": [1186.126940671354, 1172.3308630598503, 1223.4344345916234, 1368.9131358377174, 1132.5017511866702, 1066.4603620607031, 1115.691383442002, 1052.3359407102112, 1008.9796149465108, 940.8200799149007, 879.2360440615246, 907.7596119444001, 887.0751094949165, 802.5183481485178, 800.1348860888402, 733.9281186380668, 708.606638398601, 691.4379689638822, 665.9765552932971, 669.4049862757432, 660.6391428253121, 611.6848001424726, 577.1249859505491], "initialization_stats": {"phis_precision": [65.41866338483099], "psis_precision": [67.41841761542439], "phi_angles_psi4": [-2.526485730943371], "psi_angles_psi4": [-2.6403019589286636], "phis_initial_rotation": [-1.440081000328064], "psis_initial_rotation": [2.619302749633789]}, "final_stats": {"q": {"step": 2, "value": 1443.2180992561532}, "c": {"step": 24, "value": 577.1249859505491}}}