{"initial_step": 2, "final_step": 25, "quantum_tts": [372.0367646192923, 423.8386480081948, 370.4674340740751, 270.47621353286337, 268.1724923987823, 305.81464346830876, 360.66215549510144, 457.73721957082927, 404.21906318950596, 348.9592263782647, 439.9255611727675, 628.648279759678, 704.3578129415721, 698.2030316358009, 915.5657552713443, 907.4012211577458, 683.7780991733251, 850.4482262189697, 1427.8860982910771, 2678.2079492168236, 4083.847057270637, 3746.005587194577, 4206.37719753973], "classical_tts": [389.62225651824116, 367.42148938752985, 330.2948954786183, 281.1307397247783, 259.9974588479, 254.47251195186558, 222.00523359622974, 222.32310186765187, 203.21346794300098, 197.04121047823241, 192.82859852558965, 196.01061229866693, 196.9270663457294, 190.43057868624427, 188.83042311218728, 192.9399783745549, 194.54946379758886, 195.23752971927766, 203.24073017733025, 204.30915355869578, 212.3314620687985, 216.91914171722522, 218.88053656151936], "initialization_stats": {"phis_precision": [62.81525111734037, 53.197380240504145], "psis_precision": [55.294956055877854, 7.652554879016094], "phi_angles_psi4": [1.5708534688949276, -1.4656292156051838], "psi_angles_psi4": [-2.6402479591396975, -2.640173861951892], "phis_initial_rotation": [2.739046808048376, 0.004718448446702883], "psis_initial_rotation": [2.2384869717072586, 0.7418308935289981]}, "final_stats": {"q": {"step": 6, "value": 268.1724923987823}, "c": {"step": 16, "value": 188.83042311218728}}}