{"initial_step": 2, "final_step": 25, "quantum_tts": [159.6696237551564, 167.0950946057237, 148.6925975700258, 156.31553084378237, 183.00067509884968, 241.55338601330538, 307.61262285554665, 239.49142899646642, 333.7532247612919, 784.3396424037662, 1515.738693953399, 2060.44008825771, 1846.8548248004327, 1627.0178444867825, 2023.7464206383172, 3873.606448635794, 2384.3652856172635, 685.0005934456065, 533.3179640964082, 713.2885066831556, 695.7274372429252, 808.1036452012312, 944.7126624195266], "classical_tts": [181.89450638245114, 238.9068565601235, 225.62200794491244, 235.3049841196315, 303.5007505157822, 306.3697184189425, 324.1084057884439, 351.5150053474367, 348.139094131074, 373.8864859335605, 386.46945922808334, 393.4933716065797, 391.7139099877379, 425.301721737861, 462.9214363418227, 520.099048558706, 482.8895230331278, 509.71671875719045, 594.8207132421751, 509.7421853585007, 563.3254023106291, 615.0731361627924, 579.2048547542377], "initialization_stats": {"phis_precision": [80.29186537993999], "psis_precision": [12.524701960918216], "phi_angles_psi4": [1.5708134759948975], "psi_angles_psi4": [-2.6404247826789864], "phis_initial_rotation": [0.9516641666115051], "psis_initial_rotation": [0.8946429875990303]}, "final_stats": {"q": {"step": 4, "value": 148.6925975700258}, "c": {"step": 2, "value": 181.89450638245114}}}