{"initial_step": 2, "final_step": 50, "quantum_tts": [5049.402625825709, 4523.171975993677, 3530.8394154710645, 6064.719201299857, 3195.2176512289802, 5047.466165838151, 4042.498199534923, 1310.3920351877584, 4420.607701555828, 1555.9274237089521, 3388.5357312431624, 706.5619379326035, 1590.387510302923, 3745.1865674507767, 818.9232769456984, 1860.7583392150984, 1731.689806140997, 1771.1263863055688, 992.56435404214, 1973.3159024365837, 1966.209183959261, 489.94955046855245, 1648.289218780051, 3590.758369746961, 1335.7620292327085, 1777.13547379021, 3684.400088758689, 3443.099722680734], "classical_tts": [342.0040370481872, 301.84809933615395, 235.37366627313008, 188.08671728697016, 180.65120935587487, 150.7921866001916, 130.9217923185594, 119.57183826298075, 110.15839052921032, 98.8060785649682, 93.43824879130213, 82.8431659255248, 77.7228630993014, 78.41794085728952, 73.16175091071062, 69.55498276603201, 67.6435179381138, 62.88952378668522, 63.77811527811496, 63.50490474370956, 63.417364546421304, 60.361562696846725, 60.00291759378068, 61.4264205247062, 58.459235658849025, 59.70475407209204, 58.872522494680666, 59.473050046750764, 57.89279595996058, 59.5132076921481, 59.565051719730384, 59.96415285505806, 60.15233849160485, 61.09490421736611, 63.623299480419675, 61.522188195902366, 62.98013725796369, 62.924665022478045, 63.78690102417585, 65.88630936866493, 65.26846001231084, 66.97139659286893, 67.41538761179673, 69.28303022736554, 70.76984035417735, 72.06574130556744, 73.59905495036675, 74.68381831049007], "initialization_stats": 3, "final_stats": {"q": {"step": 2, "value": 489.94955046855245}, "c": {"step": 30, "value": 57.89279595996058}}}