{"initial_step": 2, "final_step": 25, "quantum_tts": [533.6139282794902, 773.206197793422, 808.2808045655706, 842.4922125429919, 913.0292754670504, 986.5839792641425, 973.8033557126348, 997.9244158876008, 1146.1279869739874, 1148.936097250036, 989.7058560727999, 1093.94831670978, 1579.2620390077693, 1803.094909737694, 1957.7149369425492, 2042.7285264393395, 2406.408274732445, 3127.0004939803102, 3279.767584770548, 5187.890549127395, 6397.4049636479995, 5687.9978253678255, 6496.154068042639], "classical_tts": [416.3450052100701, 522.8436811180296, 541.1797152768297, 573.4909671356293, 624.6329777998083, 608.8659947202856, 577.8540568037238, 579.5628347284489, 694.1966387939907, 599.4142342433, 662.076680629739, 685.1255302022689, 602.1782247433068, 653.2342890848939, 595.4120583319152, 683.9527457547159, 655.7365107901895, 662.8024954330189, 625.3070647262261, 682.7299862972626, 629.0246558476131, 670.0064296576096, 675.9675969086036], "initialization_stats": {"phis_precision": [65.41866717938053], "psis_precision": [67.41842520452346], "phi_angles_psi4": [-2.526485730943371], "psi_angles_psi4": [-2.6403019589286636], "phis_initial_rotation": [-1.4400811195373535], "psis_initial_rotation": [2.619302988052368]}, "final_stats": {"q": {"step": 2, "value": 533.6139282794902}, "c": {"step": 2, "value": 416.3450052100701}}}