{"initial_step": 2, "final_step": 10, "quantum_tts": [149.80428513407793, 207.04205323225784, 353.2787523158542, 634.2544263904515, 709.1241340425063, 564.1526001645025, 539.4275908319347, 717.4929621659433], "classical_tts": [80.2793512683781, 65.73632247014062, 58.35826870581843, 52.623758004101155, 40.46313248001243, 36.692039012173865, 31.818711862185463, 28.355056219773935], "initialization_stats": {"phis_precision": [27.64567021814527, 97.61356875635958, 6.470237090275077], "psis_precision": [13.947812178680053, 90.64249534351785, 92.58839820608958], "phi_angles_psi4": [-1.5706602347944765, -1.5320728039943232, -2.5640227432287306], "psi_angles_psi4": [1.5130337035222294, 2.6041909876899587, 2.550627163966238], "phis_initial_rotation": [2.43944676340423, -1.6070447526275018, 0.3743014172631387], "psis_initial_rotation": [-1.1903755073256486, 2.8981656665373254, 2.3177848264954193]}, "final_stats": {"q": {"step": 2, "value": 149.80428513407793}, "c": {"step": 9, "value": 28.355056219773935}}}