{"initial_step": 2, "final_step": 25, "quantum_tts": [169.25869210875678, 349.2753425914012, 337.3600172870777, 250.09316072159606, 428.1494793854651, 773.2973028972986, 791.270060360229, 907.3989780934762, 797.7847000948732, 671.0118649817952, 513.5363064185485, 477.24339828052604, 435.37553765833167, 329.0998122340828, 319.85229299468347, 384.431547897699, 543.578442989061, 679.8551008074528, 752.6138646440227, 1141.3027843931688, 3145.3072153663193, 3572.0711103090143, 2312.217449583664], "classical_tts": [138.83932775879813, 131.3013078938325, 124.15384528080568, 114.8595806691236, 96.99996646820264, 91.19810437029143, 83.19103324405324, 76.61174379160005, 74.29427028265711, 70.94161122835557, 71.7824115201598, 67.16068304624403, 64.2538275800013, 65.59149836222726, 66.8894396127346, 66.60966402679706, 64.58447617416948, 66.60794900767803, 67.1139756971752, 68.83758227647878, 70.00611504102446, 69.77347420630143, 72.39871340591489], "initialization_stats": {"phis_precision": [89.90148662358723, 76.94781002732414], "psis_precision": [66.04625013601935, 70.1634567693003], "phi_angles_psi4": [-1.5707040711947657, -1.9921571567494418], "psi_angles_psi4": [-2.640311092556928, 3.119238383100443], "phis_initial_rotation": [-1.2534499168395996, -1.267951250076294], "psis_initial_rotation": [2.576185703277588, 2.1818957328796387]}, "final_stats": {"q": {"step": 2, "value": 169.25869210875678}, "c": {"step": 14, "value": 64.2538275800013}}}