{"initial_step": 2, "final_step": 25, "quantum_tts": [77.75808319538544, 112.37749112903813, 125.36619848916168, 99.01697553699648, 98.97418615777005, 118.10540101551979, 145.71514240066654, 209.82764770729506, 292.2106808735272, 387.59020529701894, 626.8558449957256, 964.5254364892144, 1127.4792355124832, 912.4687800508149, 1160.4757040802383, 2275.490660817405, 3996.463072672849, 8187.198275449387, 3025.8834389905733, 1796.0869554780174, 1997.4911242991095, 3234.9285216753897, 6758.695046341339], "classical_tts": [87.09790521131919, 99.79981842741199, 108.51359816631313, 99.75600486614732, 104.92051309742855, 106.25305418308773, 108.80071183750609, 111.76007836239128, 108.63486578542143, 109.57849544971049, 110.99370141795421, 111.47076127882954, 118.88571613119751, 119.57363933964362, 121.73870785573293, 122.6418855098034, 129.09017149906464, 133.52948077424662, 132.2119999477163, 135.43398507231518, 140.68478301160516, 142.37565649437906, 147.20019439728554], "initialization_stats": {"phis_precision": [99.9736427869361, 97.93878440301674], "psis_precision": [66.52160848914554, 99.71745729171018], "phi_angles_psi4": [-1.511393197974324, -1.5018626103009003], "psi_angles_psi4": [-2.6204803873824294, 2.492508155721956], "phis_initial_rotation": [-1.510565161705017, -1.5666176080703735], "psis_initial_rotation": [2.610950231552124, 2.5013844966888428]}, "final_stats": {"q": {"step": 2, "value": 77.75808319538544}, "c": {"step": 2, "value": 87.09790521131919}}}