{"initial_step": 2, "final_step": 25, "quantum_tts": [2217.629776688752, 2392.1436518248283, 2450.0299803271246, 2405.409625991382, 2299.656513635496, 2191.7084060438574, 2107.8915473159723, 2046.6667381489933, 2003.8978371184246, 1958.8017796978127, 1913.233578240995, 1946.2860029842052, 1945.02434926923, 1883.0347191855042, 1825.2168098912382, 1922.7793051308302, 2133.1732646217524, 1943.6481937933088, 1850.6496858683304, 2066.990712725923, 2297.2256907556116, 2323.2090183808846, 2024.451181225694], "classical_tts": [2538.4802695933276, 3345.7596145827615, 3198.98927111432, 3536.679018712446, 4244.014822454936, 3624.1818858335105, 3769.3833361758343, 2950.092784146474, 3110.6221494388415, 4039.872312375728, 2894.691048868902, 2573.8566155229187, 2881.4870244998547, 2846.013932481488, 2775.1963060807298, 2645.499528209481, 2642.4535117069095, 2186.209798505711, 2182.962741093481, 2089.578221343957, 2257.7034750478374, 2045.1695955189737, 1941.4866210738548], "initialization_stats": {"phis_precision": [32.36048625513666], "psis_precision": [57.81787181139162], "phi_angles_psi4": [2.5801230429979163], "psi_angles_psi4": [-2.6017795753816184], "phis_initial_rotation": [0.4551650482654317], "psis_initial_rotation": [2.356215091496818]}, "final_stats": {"q": {"step": 16, "value": 1825.2168098912382}, "c": {"step": 24, "value": 1941.4866210738548}}}