{"initial_step": 2, "final_step": 25, "quantum_tts": [397.3987594119849, 455.9912562766312, 446.158679769791, 527.6993182737781, 1017.698989552292, 1399.1176117840198, 1078.782280816201, 864.4412702975551, 686.0795666390895, 839.7072727170356, 1475.584376832403, 2023.4550301340148, 2478.049697550651, 3701.0126393272126, 4034.799265681007, 4023.663353574819, 8247.66046828224, 10556.13002081978, 4061.3242552343713, 3143.4601700102266, 2907.458789452684, 2498.832771050833, 3064.4864808410503], "classical_tts": [476.1529433942283, 408.9396989038166, 402.46413244820525, 358.25778029962305, 399.3909664651572, 385.0090070495158, 355.47607225969494, 354.70515823137816, 319.06101110105817, 326.58162819974086, 316.3992292376279, 314.1887690100988, 318.5315535394333, 314.9182665149261, 310.5234169942491, 326.44358046907536, 339.259510277846, 330.4583811766396, 338.7078079791162, 364.06600962761956, 351.0439850347935, 375.63177252504323, 371.0477128295488], "initialization_stats": {"phis_precision": [37.63614984696143, 18.899488785747486], "psis_precision": [20.048783481490993, 4.859268696853891], "phi_angles_psi4": [-1.5089041861744306, 1.5707790854948958], "psi_angles_psi4": [2.0690155554647496, 2.4956133910884564], "phis_initial_rotation": [2.815062986101549, -2.1645585193539674], "psis_initial_rotation": [-0.4427259891363984, -0.7986376908998869]}, "final_stats": {"q": {"step": 2, "value": 397.3987594119849}, "c": {"step": 16, "value": 310.5234169942491}}}