{"initial_step": 2, "final_step": 50, "quantum_tts": [], "classical_tts": [85.39424749616423, 73.03190741769912, 70.32766330174313, 64.48779209656988, 58.3740438739101, 55.768812706669046, 54.229932584919204, 48.88903760220941, 46.54449242878706, 49.8676464941155, 45.66082214554925, 46.661608755279936, 46.40649230932476, 44.91686855327152, 45.945647962515714, 47.51485160539718, 50.379493353116686, 50.2585431779836, 53.304560094803776, 54.49359473822721, 55.929837545162606, 56.66646376052542, 59.982465936613664, 59.98062970697862, 65.29193204902025, 64.12168330366664, 65.59862868735898, 68.96515356046807, 70.81172546477188, 71.25811093825365, 73.0089433303192, 77.99887153428406, 78.2603518178787, 81.66458598573601, 83.08945596825357, 86.44856104624871, 88.36363027329715, 94.85167613276039, 93.90360599152214, 97.83451081606066, 94.85230655236802, 101.77317264715495, 105.78153511599935, 103.72075278675345, 109.31864971246641, 114.93258056793013, 112.53125081687388, 113.63325725186215], "initialization_stats": 2, "final_stats": {"q": {"step": 0, "value": -1}, "c": {"step": 15, "value": 44.91686855327152}}}