{"initial_step": 2, "final_step": 50, "quantum_tts": [149.80428513407793, 207.04205323225784, 353.27875294961575, 634.2544289508702, 709.1241248482038, 564.1525825094063, 539.427575510802, 717.4929618671422, 1219.757429562792, 1565.4973390672442, 1147.7202157368229, 903.7597551755227, 993.0521663241931, 1478.918321750375, 2119.8341792290603, 1790.5541489256514, 1330.9201627149364, 1306.2389000005358, 1795.6159144468156, 2861.9399051947034, 2889.551503524325, 1983.4706136395966, 1648.4910532707117, 1916.5061936941925, 2862.5993986467174, 3550.937466971121, 2681.416896023773, 2050.039343705773, 2136.5884816269217, 3082.6181538635974, 4612.510482478592, 3907.082883789927, 2647.6057991876914, 2353.8469703822734, 2957.949897856245, 4474.7901578120955, 4713.787634197578, 3306.112947632252, 2705.5669928635834, 3116.484651909977, 4786.869195774671, 6261.506266363129, 4563.561211216756, 3272.170432745508, 3214.8485041906606, 4343.296529096657, 6230.216102673245, 5589.372561675143], "classical_tts": [69.34773273797782, 64.37385019316383, 58.904161288644566, 47.06403359896693, 40.33839848038295, 34.9750381735404, 30.463593052643983, 28.214491376873724, 26.725585056628542, 25.216497000791826, 24.00146573033886, 22.65220475021902, 21.46639102719731, 20.321276279114898, 19.385508287695938, 19.204216403035886, 18.234074917006012, 18.294228672907305, 17.340734672768825, 17.715247879451645, 17.520010403955354, 17.1691901812419, 17.2346318432156, 17.244094994338514, 16.743493880767552, 16.337199955382243, 15.936600094894382, 16.208844729565143, 15.906203048957215, 15.906837429361032, 15.05925768530513, 15.4229967637037, 14.91332269438608, 15.879353336253397, 15.645167628387696, 15.251639276277384, 15.472741381429847, 14.146005889455543, 16.287096190978787, 12.420365781208613, 14.467343481809177, 15.22712096779133, 14.66666666684134, 13.632108784253356, 15.333333333515947, 15.040294854461338, 13.325708099661693, 14.843851787298098], "initialization_stats": 4, "final_stats": {"q": {"step": 2, "value": 149.80428513407793}, "c": {"step": 41, "value": 12.420365781208613}}}