{"initial_step": 2, "final_step": 50, "quantum_tts": [502.5554160500393, 1047.717961076468, 759.3478172273768, 634.751134460702, 1396.1671673121898, 2100.168233686838, 1796.7924122009483, 2506.100186559215, 2740.298990789276, 2128.2506222554216, 1570.157984026291, 2067.2041249583203, 2432.1021180444527, 1769.7531533828756, 2121.933213614117, 4186.497164146499, 4723.819971937563, 4757.061753721707, 5899.031519921011, 4602.904044464605, 4694.785891666191, 4081.979617294996, 4277.781827017221, 4284.932483064057, 3881.995504854958, 4980.063598452662, 5765.709392870567, 5789.658357628591, 5784.906548739742, 5483.841956049117, 4745.48886121619, 4332.919562076471, 4086.6358006542478, 4043.0689062263536, 4462.000367346896, 4884.410667118603, 6945.752720163086, 8115.555221904933, 8926.74637327645, 9586.05124368745, 10659.119134094002, 9950.970512613429, 6520.379829135762, 7116.190165779637, 9148.949929903873, 7817.294940168009, 7474.699642346406, 9290.258361191385], "classical_tts": [323.721703289077, 255.97679589768427, 232.28633632240422, 179.50072599968752, 159.94762431009946, 130.12737610343362, 110.0506349033326, 99.65642894359928, 89.3168266342545, 80.1325995315426, 71.10255515297132, 66.37374819754248, 62.92628116938311, 56.1157252842254, 54.65427701059281, 49.67458874338801, 47.71143679813661, 45.03072700719729, 45.0757555194378, 42.46620576292943, 41.68306762950121, 39.202302286414415, 39.347584034826966, 38.14684727256871, 36.49234516214364, 36.44588514523618, 36.26410808789888, 35.15169254673643, 34.46409151624717, 33.797978135918974, 32.65819428077323, 32.17256533807648, 31.587725426465877, 31.232783964482632, 30.835353170384757, 30.572370945155637, 30.096422204115868, 29.926176383446965, 30.0177018790585, 28.868839919250277, 29.213181851589276, 28.66725022069603, 28.40576123142112, 27.625460237218686, 28.35905938178226, 27.260393557568932, 26.928228693427748, 27.938202701754015], "initialization_stats": 3, "final_stats": {"q": {"step": 2, "value": 502.5554160500393}, "c": {"step": 48, "value": 26.928228693427748}}}