{"initial_step": 2, "final_step": 50, "quantum_tts": [567.2663783516003, 616.493752788647, 656.4258438359982, 745.8345947470709, 807.1481472428295, 901.4433094500209, 898.6728541049586, 1182.7176110345526, 1885.9100652110271, 1294.6453306284363, 1100.5300722378056, 1292.6959234952726, 1402.5852328121264, 1510.4328196234974, 1718.5456838418618, 1562.3877073700942, 1505.1843688268111, 1612.0315558045118, 2491.0810782825074, 3580.8233610163315, 2718.920725346294, 3423.0352591872856, 6068.175265225996, 4699.67646262469, 5076.935465710314, 8494.068303762948, 9110.181593598514, 7417.611591849322, 5664.886839100494, 4618.193160008469, 6109.5554367430095, 6163.495095150685, 5385.907631233078, 8874.318351560409, 8900.621839252311, 6580.910887770072, 9173.793860336156, 8288.602355415504, 9193.563101996348, 10476.48160980469, 6951.365112305936, 10808.35240998896, 7657.448621545701, 6387.212556378939, 11298.607115371451, 7411.20377781256, 5928.964213968961, 7951.860683593993], "classical_tts": [509.3795216186532, 723.6727622172255, 697.1249081573728, 743.0368321407929, 765.967174880192, 759.4408096696807, 676.1685198442253, 753.582244686725, 792.8278866434995, 726.7786051239525, 713.2274222492501, 791.2312524024546, 789.6770278071936, 868.2257674260745, 788.917850082474, 795.7664619246245, 880.1256496521183, 835.7604266000144, 933.7033584855069, 959.931072037498, 960.4707704308208, 1014.261973565371, 945.8804219503418, 1019.9606740568546, 1020.075587290088, 1035.8968520985632, 1048.7313559937472, 1076.8698609040548, 1048.6515125555009, 1227.329273545829, 1132.3261412433333, 1172.5182650714146, 1259.8347884588204, 1230.9097159790217, 1322.6154327349864, 1370.996681558128, 1322.928557698081, 1253.6712819794009, 1381.396340760181, 1436.0675047537327, 1436.071543320753, 1527.8268302445704, 1449.6974974566424, 1494.1054425827274, 1473.165101352769, 1629.6717193424788, 1654.3599650925948, 1804.057150597391], "initialization_stats": {"phis_precision": [66.88060632687916], "psis_precision": [52.576521428732036], "phi_angles_psi4": [-2.5641235943374006], "psi_angles_psi4": [-2.6001305374449513], "phis_initial_rotation": [1.638108835745692], "psis_initial_rotation": [0.7033497319912669]}, "final_stats": {"q": {"step": 2, "value": 567.2663783516003}, "c": {"step": 2, "value": 509.3795216186532}}}