{"initial_step": 2, "final_step": 10, "quantum_tts": [523.9363872954478, 1100.660776704605, 812.5310069894384, 706.8981292119726, 1617.3255953015068, 2171.0596722292003, 1732.9473969864898, 2478.6947103280963], "classical_tts": [292.42226317989287, 263.49741918748373, 219.32224305130268, 179.50072599968752, 145.2197637399952, 139.65840681260624, 118.58383487767219, 100.6235398766055], "initialization_stats": {"phis_precision": [62.81525111734037, 53.197380240504145], "psis_precision": [55.294956055877854, 7.652554879016094], "phi_angles_psi4": [1.5708534688949276, -1.4656292156051838], "psi_angles_psi4": [-2.6402479591396975, -2.640173861951892], "phis_initial_rotation": [2.739046808048376, 0.004718448446702883], "psis_initial_rotation": [2.2384869717072586, 0.7418308935289981]}, "final_stats": {"q": {"step": 2, "value": 523.9363872954478}, "c": {"step": 9, "value": 100.6235398766055}}}