{"initial_step": 2, "final_step": 25, "quantum_tts": [425.1807925909403, 451.3475794304974, 382.9760494529691, 404.1358237941554, 266.69281408506924, 290.8577909985765, 472.74911055903993, 483.0427254637611, 1167.6624522393738, 1298.3563652999119, 2462.514599717993, 2427.2201187044166, 1689.5769887954832, 2969.5853760909667, 1431.0156116168596, 1606.30324199412, 1454.2393748353043, 824.977559880266, 987.5659132434935, 1227.3429595208088, 1426.9145817750668, 1782.7501387117654, 2621.0427304225536], "classical_tts": [276.7922533989308, 296.86991402569697, 327.27738762976213, 432.80565335701885, 405.4563165982561, 368.91374703199097, 359.1245398428388, 310.81417667104074, 401.39675634189047, 378.3672562249087, 396.89440333370123, 431.6304611905657, 439.3200172707319, 563.0376986035768, 472.5581458932236, 480.4043934967053, 539.0994884613973, 544.1639739047671, 520.0172522966169, 561.5885156268974, 572.0189775262786, 611.2036661993437, 618.2971088692277], "initialization_stats": {"phis_precision": [32.37970527085845], "psis_precision": [58.71821685110648], "phi_angles_psi4": [2.5801230429979163], "psi_angles_psi4": [-2.6017795753816184], "phis_initial_rotation": [-1.5787080526351929], "psis_initial_rotation": [2.38450026512146]}, "final_stats": {"q": {"step": 6, "value": 266.69281408506924}, "c": {"step": 2, "value": 276.7922533989308}}}