{"initial_step": 2, "final_step": 50, "quantum_tts": [4108.562865613252, 2250.620127383381, 170.142279805441, 169.19566080238462, 191.43466893841423, 215.59885037225638, 602.7312778144541, 369.13465991297153, 258.0927642585663, 203.5599485929533, 1634.2728395250458, 227.8019307648773, 185.4540870612503, 1061.8671053829858, 405.75494203569747, 326.61467125021716, 210.0466171728827, 300.7307600712584, 209.77197133498896, 1284.168763301907, 191.09442777245874, 179.57322486454922, 273.828295687693, 187.56666568277947, 181.30364268631237, 180.07202927237824, 199.93421693482819, 235.47743524256913, 215.92161667441744, 187.3402810466481, 179.5107297518903, 191.2369382806037, 251.04935002325206, 369.3589172900193, 298.13992359031647, 195.25488870517148, 474.5033920730161, 800.6728053549131], "classical_tts": [446.97835722665747, 508.2238744481107, 421.2897435548963, 398.17809426687245, 328.98336457695405, 312.62982828366046, 266.1328491397653, 242.59945728854072, 238.5829045121082, 202.17491328894346, 189.95694072657517, 178.99029299823044, 156.99367528435005, 149.83348756301442, 148.27803241487447, 144.18685222855444, 137.95752957753578, 127.54152263471978, 123.08413832154596, 116.37181639231716, 118.01371454031941, 114.18037350642047, 108.22594714078441, 107.23970206226075, 104.94050663084322, 103.9121932553973, 104.70999606737809, 105.29489724507846, 101.99353582976285, 101.76353363678747, 102.22702984119488, 106.90079050121255, 102.74520893144384, 106.81439336450057, 106.63622174950743, 109.40682402231111, 109.42484735919133, 111.44912939156478, 111.45231735702023, 117.32734575857995, 114.19377914272792, 114.3690401936773, 121.50159019350009, 118.66665783966745, 122.4743081880984, 124.62260373049602, 128.59159322101686, 133.45562386129598], "initialization_stats": 2, "final_stats": {"q": {"step": 16, "value": 169.19566080238462}, "c": {"step": 31, "value": 101.76353363678747}}}