{"initial_step": 2, "final_step": 10, "quantum_tts": [86.44990666663206, 166.9565608204509, 155.5852664108606, 136.1168842710362, 271.6995963516451, 433.0831569567243, 422.9741327993881, 499.6460939723903], "classical_tts": [71.06171303463118, 69.97606439273645, 65.52790259034009, 61.588786482831864, 56.92218766932945, 54.94214914970977, 52.009660195863326, 49.243491506640154], "initialization_stats": {"phis_precision": [99.4747686069209, 68.63598514956007], "psis_precision": [74.03576484478505, 94.71659448884351], "phi_angles_psi4": [-1.5178665728531433, -2.51274581566028], "psi_angles_psi4": [1.524092687483897, 2.576093076193505], "phis_initial_rotation": [-1.5343672037124634, -1.5274162292480469], "psis_initial_rotation": [2.339783191680908, 2.4101099967956543]}, "final_stats": {"q": {"step": 2, "value": 86.44990666663206}, "c": {"step": 9, "value": 49.243491506640154}}}