{"initial_step": 2, "final_step": 25, "quantum_tts": [135.32792160499125, 175.87045111343303, 289.0812896264951, 406.03348243720905, 579.770713637903, 1499.3552573484324, 7484.461806239851, 3163.7111918358273, 2134.7149427648537, 913.3647475928055, 814.7739070599532, 1429.39551450323, 1239.7646133609294, 1455.4008994652147, 2322.054399615516, 1980.516206108823, 3100.0784222944867, 5281.651468352077, 4841.851109508753, 5531.836394708464, 6159.735960404871, 11502.915204015957, 17031.17512952737], "classical_tts": [126.49939366102237, 184.49069938657664, 178.64561616209167, 215.59471922670207, 203.93808323648756, 227.14631616077975, 208.00690091864675, 242.9867084977631, 214.0243141637897, 246.89812114195178, 234.8417524330911, 238.9339884323877, 221.83689746950068, 240.55133449794775, 233.43307482327373, 240.42260043899668, 255.02587176751143, 279.7947661210617, 254.9603418141765, 260.35092285231644, 290.5413704627661, 291.7524770236913, 300.95479348567216], "initialization_stats": {"phis_precision": [73.56395390870554], "psis_precision": [37.78296748680291], "phi_angles_psi4": [-1.4946228033161004], "psi_angles_psi4": [1.5243986496296744], "phis_initial_rotation": [-2.325135685219819], "psis_initial_rotation": [-2.804180934833739]}, "final_stats": {"q": {"step": 2, "value": 135.32792160499125}, "c": {"step": 2, "value": 126.49939366102237}}}