{"initial_step": 2, "final_step": 25, "quantum_tts": [2299.3653622091215, 2511.1003037343344, 2577.5757371287773, 2538.0027629577, 2444.1514304701896, 2353.6986376726545, 2288.631937473293, 2237.7517839993166, 2205.2205179546168, 2163.402212819375, 2139.0018558514503, 2166.7961542340736, 2156.7892247935483, 2136.9463067949196, 2127.6486745562456, 2177.9990068010648, 2299.363197678854, 2284.140411639165, 2447.5796674325534, 2477.404574205078, 2345.7929198545057, 2395.614028258233, 2353.9739857642257], "classical_tts": [3346.9115675867374, 2759.646793035992, 2942.7013465650793, 3753.5631953717843, 3106.441616428723, 3676.07121168561, 3721.552845100465, 3936.918007620872, 3431.5920953960904, 3128.8301401963568, 2732.1011890345444, 3288.029103917998, 2897.858014466753, 2427.912774668078, 2397.3591223568283, 2455.8825376075415, 2417.2487886534905, 2523.465393035802, 2500.284389364698, 2218.2526759617353, 2323.883755769437, 2209.169921128468, 2128.816936164457], "initialization_stats": {"phis_precision": [10.451074680909645], "psis_precision": [23.782908687805858], "phi_angles_psi4": [-1.5018168587694598], "psi_angles_psi4": [2.581223687401196], "phis_initial_rotation": [1.9681059892169737], "psis_initial_rotation": [0.18679314595748053]}, "final_stats": {"q": {"step": 16, "value": 2127.6486745562456}, "c": {"step": 24, "value": 2128.816936164457}}}