{"initial_step": 2, "final_step": 25, "quantum_tts": [138.22603813973475, 156.18526384587466, 161.61675546164867, 158.5691789983414, 154.8775086557416, 150.83351564806466, 139.7047130291758, 141.04909052907274, 159.07789089989586, 159.60328236477952, 149.4947204175774, 155.65525562958587, 179.79781822877374, 202.64472909735022, 222.71165921007153, 255.8611939623835, 370.7240008035968, 481.6033708830012, 543.6229647781498, 801.0281567179999, 1115.3436573953811, 1348.6710246250418, 1789.8933456343825], "classical_tts": [174.80923538010228, 220.26103392571963, 266.2606443101048, 283.83796813084746, 311.5544054027049, 325.0649623958671, 342.414591285146, 357.13489784660806, 376.99184098978355, 367.3544072157527, 390.8718577922025, 387.3090833699829, 417.83212882652447, 433.9888465704588, 428.55501812274935, 480.4043934967053, 453.99334385934986, 458.53717668043817, 499.1926711370781, 501.0240994754273, 541.8609760437043, 564.0064284656318, 561.377502601942], "initialization_stats": {"phis_precision": [98.7075542794633], "psis_precision": [96.59165104651176], "phi_angles_psi4": [-1.5708471341949184], "psi_angles_psi4": [2.535740409371408], "phis_initial_rotation": [-1.5302437543869019], "psis_initial_rotation": [2.428663969039917]}, "final_stats": {"q": {"step": 2, "value": 138.22603813973475}, "c": {"step": 2, "value": 174.80923538010228}}}