{"initial_step": 2, "final_step": 50, "quantum_tts": [149.80428513407793, 207.04008677701881, 353.2672018022642, 634.2376500091275, 709.1472159347676, 564.1577598742465, 539.3928629230762, 717.4018788227346, 1219.6391690242783, 1565.5366269582707, 1147.6490934497606, 903.5983405593516, 992.8642528926973, 1478.8073066175332, 2119.834952465734, 1790.289236080462, 1330.6988499226968, 1306.1705335176414, 1795.7620298629183, 2862.1523815494056, 2889.3838273048077, 1983.5058354281568, 1648.659972333502, 1916.6636227544202, 2862.5587564890297, 3551.029578530619, 2681.709837755993, 2050.076067770471, 2136.3289502928465, 3082.064873919236, 4612.392971996292, 3907.1007722297204, 2647.1873941785934, 2353.3355934394913, 2957.547639682006, 4474.81382443709, 4713.471756293303, 3305.5990246571305, 2705.300836314587, 3116.4924817642545, 4787.188712596064, 6261.492263067701, 4563.375363290566, 3272.168045533166, 3214.9120181898925, 4343.337604666458, 6230.239070197633, 5589.473195016903], "classical_tts": [74.10792873287178, 67.15449291814507, 61.303503753900394, 49.91041202179457, 43.332065657785044, 35.035278971536314, 33.18288935763846, 29.00911591495262, 26.14546791132881, 24.573536427891675, 23.706347676787793, 23.333936926932054, 22.14564933070299, 20.747917849031296, 20.808599294334513, 19.963558368445785, 18.661160013503657, 17.810843514440734, 18.681443638774383, 17.69036836318853, 17.520010403955354, 16.548281854074514, 16.898833123489588, 16.724085786157904, 16.446632939272682, 16.191306498145615, 15.290453247609996, 15.443734806622473, 15.6914934283449, 15.74729924268762, 16.00000000002824, 16.50000000002912, 14.91332269438608, 15.21057963871026, 15.790576970526438, 16.229204108596615, 15.6638457432038, 15.23040494414476, 15.10678144314851, 16.694273595753256, 13.440263486965453, 15.22712096779133, 13.32917303349217, 14.400282307462984, 13.93504453501454, 15.66666666685325, 14.540916036536913, 3.744978900934441], "initialization_stats": 4, "final_stats": {"q": {"step": 2, "value": 149.80428513407793}, "c": {"step": 49, "value": 3.744978900934441}}}