{"initial_step": 2, "final_step": 25, "quantum_tts": [131.41843782489227, 192.0097017427168, 228.2763692607634, 248.8943355674636, 339.0198589784967, 775.5987814169797, 1304.9099896019832, 1067.0058879188775, 1017.8632918444146, 896.1736220714323, 566.6578008675388, 400.84637045752424, 495.84985498971156, 625.6126671993443, 828.5846527960601, 1345.1260490515294, 1294.116537727688, 2690.7333376839374, 7270.260706997238, 8901.506380878665, 11881.36927535459, 6271.241052277372, 6008.742539699024], "classical_tts": [128.32676917788237, 161.97679002586028, 183.3223999178426, 183.69658787985924, 183.5643700795433, 199.13894538333633, 178.59749081667175, 203.10410921752577, 215.13741925617484, 231.23413431745504, 238.83368447204032, 255.02134006300375, 254.4340051052362, 276.3179697817275, 281.3106532069725, 291.894671248312, 293.37362844493896, 295.18324504540095, 342.67488474577317, 347.9357664316517, 317.4346096750706, 365.17273026831566, 387.99986587280773], "initialization_stats": {"phis_precision": [41.12489301387859], "psis_precision": [38.837797790203176], "phi_angles_psi4": [-2.5265337703537245], "psi_angles_psi4": [1.5241109530932357], "phis_initial_rotation": [1.9070355009567406], "psis_initial_rotation": [-0.3973562983034755]}, "final_stats": {"q": {"step": 2, "value": 131.41843782489227}, "c": {"step": 2, "value": 128.32676917788237}}}