{"initial_step": 2, "final_step": 25, "quantum_tts": [1198.6609986429182, 1299.9815843775891, 1335.837265108133, 1328.3132491684225, 1293.8616227962339, 1262.2538980590048, 1235.6312811909074, 1225.1013992283492, 1215.9729795309293, 1218.5030430888569, 1218.4436297108714, 1246.5601630306069, 1250.6404139239858, 1288.3879668093095, 1339.0687979047063, 1317.4930302870666, 1384.3075495923197, 1518.104419436373, 1554.3891251026912, 1574.9083453986766, 1598.3648586726065, 1642.3149271750597, 1829.8286241018168], "classical_tts": [1442.455463740654, 1431.9210656843802, 2070.961077619149, 2187.176670900484, 2039.8267520393667, 1758.2952861408876, 1777.0215769102006, 1655.8089817433151, 1839.7877574925724, 1576.5370732982774, 1747.4880729148467, 1491.076514552636, 1334.0239558778735, 1517.7218411564515, 1300.1987796830256, 1285.126889809927, 1287.1428507292546, 1306.2497689127608, 1238.5219200382755, 1280.3394659716519, 1236.9752547890248, 1213.9592456735018, 1171.870511954929], "initialization_stats": {"phis_precision": [66.92036621765199], "psis_precision": [71.6091186292389], "phi_angles_psi4": [-2.5639700672519443], "psi_angles_psi4": [1.5129570644342083], "phis_initial_rotation": [-1.5247427225112915], "psis_initial_rotation": [2.4048829078674316]}, "final_stats": {"q": {"step": 2, "value": 1198.6609986429182}, "c": {"step": 24, "value": 1171.870511954929}}}