{"initial_step": 2, "final_step": 25, "quantum_tts": [477.4412018052038, 881.0241494868993, 674.527831358316, 526.0736554092667, 871.8981680546956, 1148.004735992473, 1026.3284656680944, 1255.4307576076098, 1334.9093631806973, 1128.7322770514645, 950.8438228410041, 1086.0239983756069, 1153.6617874885617, 932.7232933203145, 1014.8560640734935, 1390.2329950056592, 1530.8517312627032, 1643.9888373869983, 1826.803480867911, 1759.9743017062249, 2120.6805031075596, 2170.957892937275, 1960.1619951992811], "classical_tts": [315.28975347005877, 325.47463271557746, 245.13793515168777, 184.87407125224198, 163.55686631347498, 134.2601446698322, 118.02894124965763, 104.58578336948253, 92.3163367659079, 86.73384631951222, 80.01774136812892, 76.19458022114335, 70.01027724411405, 64.72995125795927, 62.883863772454156, 57.88041063134485, 57.54372991561173, 55.07538749512867, 53.57983050875703, 52.69983562257747, 51.38438267808819, 49.89977725121041, 48.98379679008069], "initialization_stats": {"phis_precision": [58.79586542843253, 44.59739643075006], "psis_precision": [34.31528494257504, 45.69656871837202], "phi_angles_psi4": [-1.5124112700065735, -1.502009793914674], "psi_angles_psi4": [2.581346472417863, 2.5715472059688316], "phis_initial_rotation": [-2.80687733468219, 3.0406513896358796], "psis_initial_rotation": [-1.638292651986272, 0.8655545981780248]}, "final_stats": {"q": {"step": 2, "value": 477.4412018052038}, "c": {"step": 24, "value": 48.98379679008069}}}