{"initial_step": 2, "final_step": 25, "quantum_tts": [41.5983592706864, 74.33208138910297, 82.74605877904142, 84.72707264782076, 141.09326331512094, 178.59639754553848, 191.86682025483438, 224.26380560735964, 235.6082775978116, 218.58786873441602, 181.83574223710906, 204.97458627310644, 244.66510752029288, 226.3712671529541, 244.26135831631697, 323.37342501059646, 361.71054778420125, 390.0664626133217, 415.27322464900806, 399.9047306856021, 387.1500820292783, 349.0515210700382, 390.4062456723294], "classical_tts": [38.95403138980107, 44.59465728726032, 46.127536653561634, 43.16219848000422, 41.79052113846876, 41.1247149822148, 41.14925882973051, 38.42240361634837, 37.00579497800178, 36.21365151031972, 35.53297403177823, 34.910748749764736, 33.566315480361126, 33.384290572784224, 32.377393086072296, 31.74320340162849, 31.353470177937613, 30.633234874857838, 30.16408288845303, 29.393540258394836, 27.996279857617882, 28.652601145785553, 28.503066566752743], "initialization_stats": {"phis_precision": [98.62187378934233, 98.27844464714623], "psis_precision": [95.22597982169867, 97.45180264603367], "phi_angles_psi4": [-1.5124112700065735, -1.502009793914674], "psi_angles_psi4": [2.581346472417863, 2.5715472059688316], "phis_initial_rotation": [-1.5557063817977905, -1.5560940504074097], "psis_initial_rotation": [2.431366205215454, 2.4914932250976562]}, "final_stats": {"q": {"step": 2, "value": 41.5983592706864}, "c": {"step": 22, "value": 27.996279857617882}}}