{"initial_step": 2, "final_step": 50, "quantum_tts": [1597.1264130435459, 1646.9580481797407, 1679.33898291943, 1748.0350812887518, 1850.9314136077055, 1954.5315496813225, 2023.6639948897505, 2032.3827951272106, 2006.8524661360111, 2000.7637678682204, 2046.7322248581218, 2151.6810674122657, 2277.1214404655466, 2482.10672753044, 2498.6659210005814, 2618.135608702599, 2696.037613455356, 2677.474707111021, 2754.264820569278, 2857.1132387163148, 3003.1797369038163, 3000.6708068327516, 3131.058127432118], "classical_tts": [1711.248079264382, 1490.1121627907987, 1530.4469394382875, 1479.7748425555578, 1383.320802691033, 1256.088081414367, 1107.1690135957235, 1003.5851336410495, 1000.5682331339943, 887.8421826423317, 909.071367957796, 871.8692222862196, 797.3049360117349, 758.7518762894556, 733.2895996713705, 712.7671911262229, 664.8365147114183, 664.1459579518197, 606.4496227724763, 615.4306831557204, 590.6669499678127, 571.5233234780582, 506.1216459707523, 498.1744080484868, 484.71416243629983, 492.62452821190504, 462.24181515452347, 453.64737440378013, 430.2942854781269, 452.2765824701241, 422.06522441077345, 402.26618755835153, 413.62934435456555, 397.52936215923256, 387.971813532136, 368.4566710891145, 366.02382446188926, 368.5418492460899, 351.30267067095593, 352.41968176366686, 356.01127418770994, 343.3726915625901, 343.97411642384486, 339.350706186811, 327.95900307605905, 335.53688307068876, 333.0089601471074, 332.4160163221113], "initialization_stats": {"phis_precision": [44.5369514350213], "psis_precision": [42.79880885949737], "phi_angles_psi4": [1.9959093756563866], "psi_angles_psi4": [-2.640326184228101], "phis_initial_rotation": [-2.5448528723488897], "psis_initial_rotation": [-0.8432977655922147]}, "final_stats": {"q": {"step": 2, "value": 1597.1264130435459}, "c": {"step": 46, "value": 327.95900307605905}}}