{"initial_step": 2, "final_step": 50, "quantum_tts": [4384.665267166069, 4143.081125653809, 2749.8894183346565, 2669.1439886202643, 2978.6241325186134, 2187.3170995442597, 7461.416460782678, 1234.976359635708, 1307.6323409339634, 1766.8303563569025, 4094.4592925722577, 1398.2570265983427, 7793.912464925726, 5349.052899985788, 976.201366900319, 1344.1275577817296, 4221.548605356922, 8606.931840213827, 4721.415007057244, 5481.4249827121075, 1506.6120743002364, 9685.934057644745, 1293.4202154511997, 2004.9842941013692, 3580.142719094512, 3095.2513481729125, 2848.662175132818, 1191.6531745133238, 14634.54595705354, 2903.3795147003448, 11478.601987145998, 12630.476593850206, 11233.813476357009, 7300.973861592221, 1335.2963288284254, 5418.10015066789, 6980.789396525294, 5328.820336312423], "classical_tts": [993.4081085271991, 860.0109085485435, 1792.5304708943258, 1732.0372302141138, 1571.9976189313197, 1491.2841698772531, 1610.1726032883166, 1614.9703903899003, 1363.1323296793885, 1158.5467947759648, 1214.1774729251613, 1345.5961704536367, 1211.8558293996527, 1250.1291253977472, 1141.8381060237218, 1106.7571643121657, 1028.4168250665189, 1045.0244477058286, 961.8535585541931, 1080.8834428191426, 1021.6327389584395, 1040.4887417466764, 972.3252173653316, 996.5909921306528, 995.3288619556588, 1054.5450160423102, 992.8206252250989, 1056.4643784953055, 1007.7467109947866, 1027.2879025187572, 982.5282835490933, 978.0413060711069, 1030.964358713192, 1007.4990357066937, 1002.304302790346, 983.24068040764, 1152.2542832676852, 1046.2606332384435, 1048.1137823235185, 1027.9263015379768, 1018.009328310076, 1049.8403738988636, 1109.7615072117442, 1124.8548467175435, 1185.0694586660197, 1187.2078700437614, 1141.9397189528113, 1127.1776555359781], "initialization_stats": 2, "final_stats": {"q": {"step": 2, "value": 976.201366900319}, "c": {"step": 3, "value": 860.0109085485435}}}