{"initial_step": 2, "final_step": 50, "quantum_tts": [23.58615248760681, 31.741504886537566, 61.80183784523443, 143.10836362398487, 149.879889838404, 93.68486432471725, 82.21855503629159, 117.51503182538356, 254.1200296957175, 368.23097742196944, 205.34967107986864, 139.80733715515515, 156.22665188852034, 278.35428283031695, 503.5214654993481, 353.8154537083269, 213.92286561489192, 201.05855089218892, 311.668784824416, 659.0821201432964, 646.7576784136879, 338.26906332239713, 254.0148870773432, 314.6534018424208, 592.9345836930103, 859.7165678838373, 501.00838944885857, 323.9387011368965, 338.43125075858313, 582.2184477417181, 1164.29756625482, 823.7519696304925, 438.27273948586515, 368.6817524074023, 519.0020236450994, 1039.800342554536, 1121.5921815516497, 591.7504008355234, 427.981034055784, 517.8515688591851, 1014.319171583346, 1676.683971164628, 908.4335877013862, 534.2161689670894, 519.8668137308869, 835.8173197829308, 1634.3149514038157, 1277.733594165917], "classical_tts": [23.42127923746699, 21.901854265192313, 23.17084606408048, 22.85365960208745, 21.82568358988052, 19.177073427871967, 19.777318363022, 18.756091312027824, 17.785700329312995, 17.851792129649972, 17.65085599276784, 17.13169977743433, 17.141524519104433, 16.145714701481886, 16.017368935228898, 15.822341677699203, 15.417676585207388, 15.596210814054121, 15.165776006075077, 15.31046260860409, 15.046017853117407, 15.524952018866987, 14.940008426705408, 15.171583184910611, 15.004372000502118, 13.198045283779955, 14.29587226998985, 13.457688813026094, 14.664494759755506, 14.783657766789586, 14.955633225409649, 14.06177602097204, 13.84403176233197, 13.873040892528367, 14.468775070899285, 13.97377283491237, 14.603813950044625, 13.433961804537093, 13.778422363627786, 13.120257213466274, 14.467343481809177, 13.026237282730984, 13.32917303349217, 14.400282307462984, 13.93504453501454, 15.66666666685325, 13.325708099661693, 3.744978900934441], "initialization_stats": 4, "final_stats": {"q": {"step": 2, "value": 23.58615248760681}, "c": {"step": 49, "value": 3.744978900934441}}}