{"initial_step": 10, "final_step": 51, "quantum_tts": [164.19407664883698, 184.597430492171, 188.9990720904894, 195.66201035928444, 229.97523571499653, 323.4990795687216, 370.4215368086871, 347.9958413019634, 449.96031844591676, 728.608475729476, 912.5319022761951, 1043.7455119619494, 1354.7497033311747, 2275.2496754247227, 5990.056281451591, 10806.32302498405, 11053.182617855111, 23593.050750650214, 24873.657058394227, 16077.371612780615, 10453.667443998831, 5345.611685773808, 2711.392266779843, 1673.5805604962902, 1605.1055696311405, 1623.931353831821, 1039.6086542282026, 778.840462516281, 818.8946370583085, 826.2483247964943, 718.6908407170314, 614.6549154397636, 564.2666848520969, 636.6688924849518, 705.484423848893, 587.3683737471712, 557.899672453823, 695.8381392597358, 795.1497545706401, 777.2690761754506, 794.3067801435611], "classical_tts": [0.6267788858278043, 1, 1, 0.8304820237218407, 0.9045406867412163, 0.9401683287417063, 1, 1, 1, 1.2375810549580368, 1, 1, 1.4214210791647686, 1.4981244349492027, 1.5632602799469941, 1, 1.6935319699425768, 1.7790735266881785, 1.8090813734824327, 1.8889395049359512, 1.8803366574834126, 2.042639975086427, 1, 2.1744231992855516, 1, 1, 1, 2.458226790216648, 2.5149753994772857, 1, 1, 1, 1, 1, 2.8841830535446666, 1, 3.0152822832512425, 1, 1, 1, 1]}