{"initial_step": 2, "final_step": 50, "quantum_tts": [124.96644815765936, 146.92803431600709, 146.77245891454973, 160.7619550503518, 195.1505308845368, 332.0433573806431, 508.92706975514653, 406.01355267583114, 345.6526976385928, 289.4451775952271, 278.6920746233515, 264.54797580855035, 246.32129831370239, 226.18198041789228, 200.55587730789506, 203.14610550001748, 235.47587308621692, 261.13226542046556, 278.8639721793797, 302.97744320878945, 273.1243658320032, 286.40039059298465, 295.91623929066577, 311.2284753855139, 315.7424705356915, 316.91278231607845, 323.459257182908, 316.31262145323484, 301.08900345127535, 335.81310679142103, 337.8479497218113, 346.24707690920445, 364.70077399275584, 361.58638586449746, 349.5280527000314, 406.1681873467232, 411.8936922291428, 430.2158748768886, 444.3864584921591, 437.23527881631867, 439.22951300133366, 479.2471336940081, 491.70174713661436, 472.7566354745095, 453.6405209705563, 518.2413546162226, 545.0545800282074, 565.8808482553352], "classical_tts": [115.01122571004397, 124.43556237230032, 99.39536060487629, 105.91524582960349, 96.2205337991791, 95.0343811234722, 86.52924903892391, 79.58511986866044, 78.04250790350503, 77.26563120833728, 76.3189867918924, 72.43544340410344, 70.61670244856083, 67.06545563679428, 66.26175824516793, 63.90960301861918, 67.36418495047904, 62.7989783696809, 63.41575883798588, 64.3149244981808, 64.73514914213949, 63.09732364203705, 65.70466065318476, 64.78461502757969, 64.58358498972811, 64.91139654845415, 70.21854201278306, 70.81936130570217, 71.00453905615463, 73.821690806209, 75.53250716242334, 81.24870116037279, 80.91069202979112, 81.38755419908948, 84.97407055772626, 89.55986005011673, 89.32977916720213, 90.75064265500208, 93.71232669622712, 98.36823271944493, 98.59878629109824, 99.5158859188906, 104.35260440766191, 104.14453177558318, 103.95649420309402, 108.03649077735231, 114.30455350638815, 113.09398173456736], "initialization_stats": 2, "final_stats": {"q": {"step": 2, "value": 124.96644815765936}, "c": {"step": 19, "value": 62.7989783696809}}}