{"initial_step": 2, "final_step": 50, "quantum_tts": [83.037529917696, 150.09432761355532, 166.52183758060636, 172.25775207577766, 288.7304769564357, 381.6064149296002, 435.6788793240503, 597.5440949580228, 655.5861366238515, 621.0470249422234, 522.6755456229606, 571.0220004706485, 717.4168119492546, 668.5501446856562, 724.2420247162148, 908.2228249511697, 1000.1644098449406, 984.3914617121801, 975.7645708011245, 1034.1260724240212, 980.6357065006774, 790.8831711443017, 924.940623731238, 1072.9116611631407, 1042.5516825824454, 1258.5519247042462, 1549.7729473203844, 1662.8586687591037, 1681.7683439636455, 1792.544467621134, 1821.5882896468413, 1477.2759042733167, 1282.304757399303, 1508.35955604798, 1702.0384862900994, 1643.896610944113, 1833.0634945436625, 2106.7209999034803, 2148.5500781691, 1940.7224535313615, 2191.0083547955446, 1993.3523151709937, 1477.5864514742557, 1675.3465208357193, 1963.410505667096, 2078.1287711284294, 2233.6083804290633, 2285.764523556574], "classical_tts": [68.38435920575014, 71.57487135363247, 72.2100306265456, 68.78164681458287, 62.74666543768895, 61.47796736741519, 57.189144966063985, 54.48533456303102, 54.37013766997005, 50.25741118348447, 49.97014852883375, 48.633628579662016, 45.41685073530108, 45.520451626224116, 43.607370104338216, 43.79818006258149, 43.02481849411825, 42.41635094421012, 41.0580178528122, 40.94671739094901, 42.36679227100289, 41.152685200880455, 40.57151548146091, 41.195411772177806, 40.56945271638405, 41.38399941968616, 40.16789547787474, 41.36080331280244, 41.265546757083364, 42.13257981994556, 41.962703488732224, 42.98894094017774, 43.44958770952817, 43.93898524610972, 44.17427792598718, 44.00130358073087, 45.493973065861766, 46.35899542342165, 46.526358965296836, 47.47151278369617, 48.473036361029266, 49.947242210415915, 50.24320111779897, 52.34215383595894, 51.37700371773417, 51.4676254415754, 53.63633074737599, 55.04054811817655], "initialization_stats": 3, "final_stats": {"q": {"step": 2, "value": 83.037529917696}, "c": {"step": 28, "value": 40.16789547787474}}}