{"initial_step": 2, "final_step": 25, "quantum_tts": [894.1149622812696, 1308.389295056791, 1644.3207241573457, 1093.519579740841, 985.8066252694393, 1429.5871860809973, 1843.294874335663, 2032.1748439992584, 3370.4135547473716, 6968.540287866398, 4997.893201841293, 4597.92228497476, 4987.576892150413, 4319.081407315764, 5175.945670712793, 7009.327461995882, 5422.27679374241, 4585.871693230173, 7124.645430047822, 7083.1073992797365, 5242.6513723108965, 7751.192501984127, 16375.131935459547], "classical_tts": [874.8706683601937, 949.3357653102444, 1265.7810204136592, 1238.875212241573, 1194.4276723392798, 1624.1398402408047, 1558.4890260729646, 1456.7476648008467, 1618.6085164453852, 1455.6141866196185, 2032.8954977924427, 2142.3753679868955, 2014.4651403538835, 2324.299800813421, 2500.6015396037633, 2526.3252292786956, 2549.5481323838803, 2755.7892636358706, 2855.1436167903507, 2820.1235867624055, 3351.732566476496, 3417.9694278476472, 3596.0386835352424], "initialization_stats": {"phis_precision": [3.6454896325488706, 98.89006128160601], "psis_precision": [70.45643258440369, 68.03087713348464], "phi_angles_psi4": [1.5709780337958965, -1.5708685744949595], "psi_angles_psi4": [-2.6403339054427915, -2.6403960229037677], "phis_initial_rotation": [-1.4560881853103638, -1.535998821258545], "psis_initial_rotation": [2.7147128582000732, 2.6384496688842773]}, "final_stats": {"q": {"step": 2, "value": 894.1149622812696}, "c": {"step": 2, "value": 874.8706683601937}}}