{"initial_step": 2, "final_step": 50, "quantum_tts": [522.5334305597625, 933.5779332836294, 685.9421490346676, 696.3990964884335, 1394.4269118934735, 1418.7937392785352, 1440.7788617658337, 2196.8789895505934, 2726.709741424456, 3060.4720466688395, 2872.031509235366, 3167.753654673182, 3140.3368488835426, 2545.5363191437586, 2733.5943548668256, 4251.897728132332, 5604.55440118622, 4539.557503221202, 4781.424635300945, 5248.098677909313, 4017.4109703883487, 3014.3637289097437, 3331.6962473299113, 3352.7676801056245, 3362.1462404235267, 3823.258872815538, 4128.6097837106, 4931.91387528436, 6154.9745460804315, 7875.859515346696, 6300.258618916184, 4479.36203164286, 4594.1005636194, 5687.172670172326, 4819.893913165643, 4409.797817731922, 6903.369036901179, 7253.824445078379, 5488.754777695172, 5676.420505081746, 8425.763458233345, 8281.611586462348, 5540.445118620001, 5850.032770606434, 5975.890359670491, 6118.520484169829, 7512.07947220541, 10389.163101969818], "classical_tts": [373.6249448567706, 310.52219318160843, 211.4397637456422, 199.7762050858979, 152.24439016422784, 140.51213026241786, 111.92547514319779, 101.07559482336033, 88.31787890985062, 83.22969196740316, 76.73715436996643, 68.29304704773458, 62.97756803996741, 59.614145110596326, 57.6213956646175, 54.037870874151224, 51.49167862316329, 50.13806302037029, 48.64188519628264, 46.54769926796135, 45.365081711111216, 43.7593794268752, 42.91172858122904, 40.73492083583376, 39.53907661004061, 38.65827298757553, 38.16224311870615, 37.418680128080474, 36.13999583300602, 35.43158543895213, 36.11507242037136, 34.44266266173657, 34.93771331006239, 34.44761157186799, 32.67717929540167, 33.01751447673878, 32.437012691649564, 32.50545525852964, 31.978417229244506, 31.72319242539971, 30.81979527872372, 31.232960114029297, 30.285491443604577, 30.37490612381798, 29.770473403855494, 29.65249823387618, 29.25689503037747, 30.123663488373328], "initialization_stats": 3, "final_stats": {"q": {"step": 2, "value": 522.5334305597625}, "c": {"step": 48, "value": 29.25689503037747}}}