{"initial_step": 2, "final_step": 25, "quantum_tts": [174.441374441185, 291.78383639392143, 331.71102505177225, 241.77274988296375, 317.8056847238052, 559.3783213768203, 724.2678037145745, 901.3605370227499, 592.0782190781377, 475.6675061535796, 759.19559981201, 1466.2381745368273, 1495.4872609374129, 1218.6126328601158, 1542.6496980492664, 1257.2484112288694, 996.8379029502721, 1120.766379174252, 1244.1955624509276, 1446.751318989565, 2264.819803917632, 3700.197804272322, 3365.347848096467], "classical_tts": [182.82021792720764, 196.02779529729378, 173.33163923193337, 186.4669846937199, 185.22217815481233, 195.5344559562447, 197.62053499346834, 212.0012982428074, 208.09198860884777, 222.16188676858283, 228.2832346283975, 226.10310291033235, 229.11313655747895, 255.10532188032104, 259.19109214624893, 269.37337549868175, 295.1776650154057, 306.23664671730086, 319.7707915960847, 327.53629426642317, 342.7968128300896, 332.7805524641671, 374.6948952928416], "initialization_stats": {"phis_precision": [89.90148662358723, 76.94781002732414], "psis_precision": [66.04625013601935, 70.1634567693003], "phi_angles_psi4": [-1.5707040711947657, -1.9921571567494418], "psi_angles_psi4": [-2.640311092556928, 3.119238383100443], "phis_initial_rotation": [-1.2534499168395996, -1.267951250076294], "psis_initial_rotation": [2.576185703277588, 2.1818957328796387]}, "final_stats": {"q": {"step": 2, "value": 174.441374441185}, "c": {"step": 4, "value": 173.33163923193337}}}