{"initial_step": 2, "final_step": 50, "quantum_tts": [115.5490587324202, 176.88583807039123, 205.90972202355417, 252.15268219921228, 279.685914714554, 318.00262375708076, 295.6766419006604, 364.9724555459956, 401.35935699993513, 386.3049806608708, 375.46205327027474, 429.7204944118984, 502.129561432226, 516.4510140614382, 495.88918236321734, 536.4080062393562, 580.7448918054728, 589.269928475615, 619.9850950455852, 609.464417419793, 628.8070303982533, 655.1357848711896, 654.634887406924, 608.4419026714081, 652.761895022108, 692.1504730550738, 717.2577065042908, 713.8751729056811, 696.6200109306981, 759.9574282850341, 869.5191309381828, 970.8666959875449, 1030.3425933935048, 1055.3270367364405, 1196.8379852649389, 1280.6723201146965, 1299.1593107698925, 1305.6631873911538, 1326.1865850608363, 1273.7969831725015, 1172.3249716649655, 1213.2871520189815, 1125.2770789361614, 1178.491416258764, 1134.848050815252, 1094.786457816425, 1062.9309081774386, 1028.1240638713032], "classical_tts": [79.54489070808934, 79.09980730940697, 69.94700873161904, 69.2706065424403, 65.27607454830746, 58.555990182024026, 57.651682090538564, 54.172474364364106, 53.2370925629819, 50.63088094472474, 47.91243161611073, 46.85209671849409, 46.073527709398896, 44.916868553271236, 44.151913040239094, 42.98313612066214, 42.53038052901388, 41.277718219368126, 42.10923534749259, 40.52495717197241, 41.30858868958697, 40.50488596777399, 41.878802715263504, 42.61119813740697, 41.70522776514265, 41.63185075405242, 41.99130509913021, 41.89318954223748, 42.58744871001407, 43.57852242048752, 43.96400417955028, 44.850810776071086, 44.493530012963745, 45.91562136557753, 46.27640997251238, 48.0201338194706, 48.66341395583361, 49.5878964171444, 52.9511206539883, 50.72564855008294, 52.88427969672795, 53.93612597877123, 54.64895451670037, 55.842858285229575, 57.32980926493983, 57.596713567636044, 59.69404209786103, 59.89074861235646], "initialization_stats": {"phis_precision": [98.7075542794633], "psis_precision": [96.59165104651176], "phi_angles_psi4": [-1.5708471341949184], "psi_angles_psi4": [2.535740409371408], "phis_initial_rotation": [-1.5302437543869019], "psis_initial_rotation": [2.428663969039917]}, "final_stats": {"q": {"step": 2, "value": 115.5490587324202}, "c": {"step": 23, "value": 40.50488596777399}}}