{"initial_step": 2, "final_step": 10, "quantum_tts": [149.8052326344811, 207.04748967351154, 353.3086495060246, 634.4111690087109, 709.4210379865777, 564.4139843990034, 539.725702165307, 718.0874219818072], "classical_tts": [81.02710144711097, 82.57592061826242, 68.38943369901722, 69.57945455790026, 57.6018902186121, 54.75434853536418, 52.27231853075845, 46.434830213324695], "initialization_stats": {"phis_precision": [80.42531154842905, 22.659489772435993, 19.84978251768953], "psis_precision": [22.705133379345188, 34.028636147955325, 62.326024853796156], "phi_angles_psi4": [-1.4774586970296562, -1.3856666511228106, 1.570666056794528], "psi_angles_psi4": [-2.6204384244557595, 2.5407428079868097, 2.6372760096411523], "phis_initial_rotation": [-2.0924156713872986, 2.4677948684987623, -2.19452590612455], "psis_initial_rotation": [-0.19214857309923872, 0.46819128773798147, 1.4537131741327673]}, "final_stats": {"q": {"step": 2, "value": 149.8052326344811}, "c": {"step": 9, "value": 46.434830213324695}}}