{"initial_step": 2, "final_step": 50, "quantum_tts": [119.56514041962323, 139.60283500730077, 134.06232973078036, 153.66325690089877, 142.58711583335395, 162.52669498117245, 167.83653308471844, 173.41236375547822, 210.24036876323012, 181.1214629525956, 187.7737609802334, 236.3006615101493, 274.8937157294415, 313.7413667972062, 338.531631268948, 339.90828634599234, 327.09678062315754, 353.9494316514067, 405.0890609300248, 424.4438751963104, 404.109968348842, 352.00085858324127, 421.66284845026195, 444.4046991855373, 425.51372834354413, 473.56759968229744, 420.8067801269584, 454.5479136810058, 533.0063408616123, 619.7588820712923, 697.7075468147397, 655.6303428709708, 581.6987112272229, 666.3921467831456, 791.9855819310625, 804.8656265837064, 806.8657712329729, 762.9612681207174, 799.2853976364693, 720.6584720520752, 700.1935297090544, 724.8629821419395, 646.2788460026654, 749.1452141312113, 766.1336628569435, 790.6043478900895, 692.7836435268205, 740.8203682969134], "classical_tts": [109.32173870449535, 83.38844577641667, 78.46810463477038, 66.37186583574407, 64.33555647228032, 61.061361625831665, 52.53716953544031, 48.88903760220941, 48.08647349260568, 48.8236613619788, 46.07805562992955, 45.009845095186705, 47.458907597513246, 48.38310823725066, 47.44365178228285, 47.54772872195488, 49.928780653693394, 51.340116954822975, 53.304560094803776, 55.89299782428544, 56.274699307189195, 56.05250051193814, 60.14629016569658, 59.37192898487652, 62.67758072880106, 65.08825691067803, 67.63683368950694, 68.68439905156953, 72.07473312923312, 73.37135702469311, 75.02083387791592, 79.06680838549696, 80.96572540035827, 79.90781844393685, 85.4955777382222, 89.07375060825423, 90.98472883981553, 93.31558073422819, 94.22328990151016, 95.46938170891741, 97.73146132077147, 100.39898833682524, 100.59217346115635, 104.85470440786824, 108.57797904598355, 110.56195777580682, 114.8499455190501, 114.02003820756673], "initialization_stats": 2, "final_stats": {"q": {"step": 2, "value": 119.56514041962323}, "c": {"step": 13, "value": 45.009845095186705}}}