{"initial_step": 2, "final_step": 25, "quantum_tts": [489.6371271759801, 807.2628420716811, 611.8139562755426, 571.7820897212562, 912.6460316453497, 923.7672062520938, 905.1379959971397, 1236.2600621939835, 1514.0324180143884, 1665.5660323960567, 1657.4305443693752, 1659.701263670604, 1558.5201362706894, 1356.2346966659472, 1360.9773005517568, 1628.2841559214457, 1815.450625932903, 1703.9764912661337, 1726.8340264747544, 1842.453374914801, 1808.7923988568284, 1567.0198973644983, 1544.1832973142323], "classical_tts": [323.721703289077, 306.9940811151964, 225.62200794491244, 194.8478624100062, 174.48563597923976, 136.99102225263647, 117.69829814172077, 103.31291691713442, 101.33978507101203, 85.40899945874447, 78.48766864359976, 74.91920510209476, 71.20034911325087, 65.4861731632901, 63.883242154814305, 60.52493690221771, 57.44123596444009, 57.03459109816969, 52.795004741819625, 52.82579671883571, 51.64698329533133, 51.3985001813099, 48.69941883853044], "initialization_stats": {"phis_precision": [94.20688416606606, 7.0660871532594705], "psis_precision": [16.384285993927094, 5.329594450895126], "phi_angles_psi4": [-1.5303269645197095, -2.5640913320220897], "psi_angles_psi4": [2.580510591179819, 2.580680158780095], "phis_initial_rotation": [-1.7123230659725253, 0.799488996470755], "psis_initial_rotation": [-1.0758095875383291, -0.7283466425451488]}, "final_stats": {"q": {"step": 2, "value": 489.6371271759801}, "c": {"step": 24, "value": 48.69941883853044}}}