{"initial_step": 2, "final_step": 25, "quantum_tts": [536.7941209100569, 707.7844413536595, 814.0922180871416, 1000.3669630068954, 1148.4688066770427, 1216.63255782019, 1104.4165844265083, 1199.5349090266948, 1609.7283757243026, 2406.6250887573287, 3630.9442950166263, 3693.9603400716323, 5251.702123398391, 6674.969513224243, 12150.616262461032, 8776.153786993991, 7078.602828101737, 13029.31162344214, 33949.369663824065, 47593.68476922248, 56350.8234614186, 96983.16154511982, 90145.41801710802], "classical_tts": [470.01880213284363, 494.39431568928364, 537.1663974785534, 545.7406852733702, 540.2117345859554, 583.393591852282, 534.5206928687294, 647.4645493876587, 527.01963861713, 527.5744211672223, 552.8595915202872, 500.9808201123732, 535.9463102838162, 509.84520809121886, 493.0355070582579, 448.2322414199728, 479.08695075962873, 427.0369019932293, 451.95558915715907, 462.5985828971941, 450.96803700329866, 461.11911313651643, 453.39424045795283], "initialization_stats": {"phis_precision": [80.81897971227896], "psis_precision": [89.80172362192232], "phi_angles_psi4": [-2.526485730943371], "psi_angles_psi4": [-2.6403019589286636], "phis_initial_rotation": [-1.9238962067007583], "psis_initial_rotation": [-2.319913657442192]}, "final_stats": {"q": {"step": 2, "value": 536.7941209100569}, "c": {"step": 19, "value": 427.0369019932293}}}