{"initial_step": 2, "final_step": 25, "quantum_tts": [2228.941317609353, 3355.0283571745344, 3539.485023579927, 3926.4471832605927, 4334.161600612564, 4909.181560948267, 5435.951616419219, 5819.460184422905, 6250.661564848744, 6968.555286903422, 7654.854434091621, 8233.086804304214, 8619.454293015182, 9231.627072209943, 8833.176037685742, 8906.79256500339, 8908.215858302, 8900.706271630119, 9332.594410596988, 12169.959103622765, 16577.79583423169, 18367.515987064166, 14337.706108867915], "classical_tts": [1532.7529905469282, 2252.1379172230704, 2262.5524123280816, 2355.8645851098963, 2369.9475647906265, 2234.4489190392665, 1995.7475448912005, 2501.5350712964587, 1897.3426216543253, 2428.608807449336, 1942.3302197344622, 1980.56924382702, 1787.2567413871147, 1901.4992428083951, 1690.097276923227, 1691.5633220403463, 1641.20581959961, 1587.1878670291685, 1582.1505305559758, 1472.1481281609215, 1467.1776621108775, 1491.91435568704, 1340.898505022489], "initialization_stats": {"phis_precision": [15.064542273692172], "psis_precision": [89.97162373541516], "phi_angles_psi4": [-2.5265435207424933], "psi_angles_psi4": [1.5130992354923083], "phis_initial_rotation": [1.0883156862145418], "psis_initial_rotation": [1.8281499674948485]}, "final_stats": {"q": {"step": 2, "value": 2228.941317609353}, "c": {"step": 24, "value": 1340.898505022489}}}