{"initial_step": 10, "final_step": 51, "quantum_tts": [326.20097942355517, 367.4364001753195, 419.58050831066623, 446.7723489356768, 462.2460714220364, 500.16441457913385, 558.7896073243455, 596.1061616916666, 600.5213618945324, 635.3305627921625, 711.6096120757757, 745.3172407961187, 743.4164838536327, 787.8938051824231, 860.7756874505014, 900.5538591114866, 912.3674496431826, 936.0533418256477, 1012.8203688263645, 1087.9829692667727, 1075.5442978685653, 1091.856031039002, 1203.5841752677054, 1260.6275208665165, 1245.5438264293336, 1292.326739986706, 1373.2496569303867, 1439.5744639208674, 1472.8719785842716, 1469.6029525640224, 1546.3734918531095, 1683.7581634532626, 1666.5707043830153, 1654.700278162871, 1795.8197087335366, 1875.5736473824072, 1862.3281371379412, 1922.7934545425583, 1985.8291204886943, 2066.3635222447, 2156.4756240722263], "classical_tts": [9999, 9999, 9999, 9999, 9999, 9999, 9999, 9999, 9999, 9999, 9999, 9999, 9999, 9999, 9999, 9999, 9999, 9999, 9999, 9999, 9999, 9999, 9999, 9999, 9999, 9999, 9999, 9999, 9999, 9999, 9999, 9999, 9999, 9999, 9999, 9999, 9999, 9999, 9999, 9999, 9999]}