{"initial_step": 2, "final_step": 50, "quantum_tts": [687.9566569845183, 1435.6397283768329, 1933.185654467086, 1352.3485243807368, 1656.4005839851927, 2779.0460027121444, 5435.381575063812, 5252.188985383769, 3697.5149551018126, 4047.134647484307, 4728.3567557029, 5495.2958829284225, 3822.5532166782614, 3151.137422199235, 5156.801106356268, 10391.603167898746, 6746.2737832360945, 5823.880021949763, 8547.019752247616, 10366.758119333508, 6843.3046768362165, 5446.076174705493, 8981.88575366746, 10590.394532673981, 6969.418681978892, 8059.428663288796, 10987.177642478973, 13476.275432163287, 13404.17809181048, 13832.473781647104, 14685.730607247431, 11517.971118089463, 10429.588555657176, 12556.013610985785, 8853.620801633218, 7339.590835251318, 11436.6209619357, 16006.091661243347, 12556.33523948218, 9794.798827624032, 13872.467420725081, 16175.206110684507, 10751.235902088809, 12951.229541772498, 16690.91138241774, 12625.335107222445, 10610.399979475558, 13447.952415658136], "classical_tts": [509.3795216186532, 362.50894286808267, 353.05792851352834, 314.01184738369136, 274.2660205821423, 230.6336927771931, 231.8550227787567, 223.63956136097164, 210.21284937950458, 198.3567310674959, 195.7819173631022, 194.89504609756872, 200.7122473302137, 205.43774379645922, 195.97763744517934, 194.25854324853185, 205.52954488582859, 199.97028041559332, 209.45190013243294, 213.9948840266336, 219.15699089942098, 222.87188335057704, 217.76955743186164, 235.47382758942183, 239.5601622264755, 253.98001907376536, 246.3697799531805, 253.75048922110383, 262.17640317116604, 268.09764511546075, 288.3439363176853, 287.50609617989977, 286.8133038312996, 297.9345591895557, 307.1909337353928, 314.95939114324466, 329.6452966593679, 321.61544221258447, 329.6668545665181, 342.7658040310771, 350.91616646078614, 366.70000027750456, 370.2787219425575, 384.4551070905354, 368.82131007051316, 396.7158867642086, 389.8225905974752, 408.4257413540883], "initialization_stats": 3, "final_stats": {"q": {"step": 2, "value": 687.9566569845183}, "c": {"step": 17, "value": 194.25854324853185}}}