{"initial_step": 2, "final_step": 25, "quantum_tts": [2378.516458872627, 2616.6444045509866, 2729.0344633960303, 2747.4428862640398, 2705.735439873377, 2653.654286713049, 2607.710922754849, 2571.0914513379053, 2543.1997620904513, 2507.822760376655, 2481.461899061889, 2505.6811968434195, 2490.798622131652, 2520.8725736321294, 2409.803399953478, 2443.712521084475, 2546.6789596630006, 2619.5537458007843, 2623.968834492391, 2598.9655557346628, 2749.771717930975, 2766.6338747313985, 2722.595398601587], "classical_tts": [3067.810296154093, 3154.3758464326315, 3422.496158528764, 2517.620073771702, 3940.3769389767635, 4290.09474605846, 3818.4561751583474, 3633.279653251189, 3307.51529182259, 3080.8678674087178, 3166.7135915623044, 3156.7823869359677, 3187.4513872069683, 2937.886198589821, 3035.7481946469206, 2623.008652189706, 2653.1925654567403, 2460.2800034686893, 2279.481711836988, 2306.0654469167653, 2310.342558167741, 1986.1135532242608, 2004.8688846684233], "initialization_stats": {"phis_precision": [44.5369514350213], "psis_precision": [42.79880885949737], "phi_angles_psi4": [1.9959093756563866], "psi_angles_psi4": [-2.640326184228101], "phis_initial_rotation": [-2.5448528723488897], "psis_initial_rotation": [-0.8432977655922147]}, "final_stats": {"q": {"step": 2, "value": 2378.516458872627}, "c": {"step": 23, "value": 1986.1135532242608}}}