{"initial_step": 2, "final_step": 25, "quantum_tts": [41.822770760672356, 75.29683210389108, 100.0059596485764, 114.9133894008081, 155.9660765292227, 176.35133618800518, 224.47963729972778, 272.4766441620489, 254.34512461811224, 253.80376995481737, 260.89089826110205, 309.87663297461285, 335.1923899630193, 309.542179949803, 365.7492435586816, 513.7952598670124, 529.262250245947, 497.9410181993837, 516.115124050928, 589.4357826680732, 630.2117817067398, 527.2214419693065, 563.8021640694884], "classical_tts": [38.723538707483854, 46.47148484404129, 51.50400102339751, 49.70677020516796, 50.73617819645217, 51.21558737744807, 52.19329206142566, 51.84295429152697, 50.81325865050705, 50.9242420339241, 50.584314851433135, 52.75611303993719, 51.73063073541142, 53.38465347067805, 53.03599121065894, 54.99132092996297, 55.40006307613227, 56.08374686682241, 56.444213500920874, 56.84201852585375, 57.14715581889459, 60.40293614247455, 58.70895796992258], "initialization_stats": {"phis_precision": [98.89230799390411, 99.89121789206543], "psis_precision": [99.57178840115078, 97.79224713176714], "phi_angles_psi4": [-1.385694098666425, -1.3856865179633286], "psi_angles_psi4": [2.5631574542466224, 2.630315795292456], "phis_initial_rotation": [-1.3508949279785156, -1.3891040086746216], "psis_initial_rotation": [2.5497047901153564, 2.560957193374634]}, "final_stats": {"q": {"step": 2, "value": 41.822770760672356}, "c": {"step": 2, "value": 38.723538707483854}}}