{"initial_step": 2, "final_step": 25, "quantum_tts": [145.30659583886904, 158.41733636352086, 165.62280150499444, 169.85954449982418, 148.7332680773911, 145.44412994797776, 141.50596050283778, 103.93854401993326, 115.95708205756242, 235.30539156564217, 487.46057949642085, 483.1573344989716, 670.8661371124916, 1378.4149946479824, 1949.684210901375, 1132.6553558958294, 693.5520092432192, 668.7181582771435, 840.4023114267135, 1677.3622932973421, 3298.301652971877, 2101.376666225109, 3211.443649701938], "classical_tts": [156.48509327717585, 168.14372323655402, 225.62200794491244, 200.69837817094523, 201.54934219895733, 209.64980106832115, 209.94881107471528, 208.76078384455585, 204.47621684203648, 223.25895048320945, 230.97358918125278, 249.04785720580588, 258.48250132145864, 282.06395535600035, 284.4028120759204, 339.1704165449009, 297.6153698381899, 339.21832537776663, 353.9479454200441, 350.1059362659303, 369.07770397097636, 403.5058933473841, 445.1339578261777], "initialization_stats": {"phis_precision": [93.16212288929803], "psis_precision": [23.060522109790515], "phi_angles_psi4": [1.9959093756563866], "psi_angles_psi4": [-2.640326184228101], "phis_initial_rotation": [2.210727620627698], "psis_initial_rotation": [1.2257341378423208]}, "final_stats": {"q": {"step": 9, "value": 103.93854401993326}, "c": {"step": 2, "value": 156.48509327717585}}}