{"initial_step": 2, "final_step": 25, "quantum_tts": [736.5156814186178, 870.4900206812354, 937.205235994651, 988.0462498042416, 1026.1199098393017, 1083.382804327199, 1035.7734136054466, 922.9178342896485, 918.143420945376, 884.8118357116111, 1008.620010551854, 1225.6530082326829, 1158.1702647061359, 1137.232477725137, 1214.1949114965298, 1548.924218045524, 1656.9790291366855, 1636.017467688711, 2134.6507296498835, 2473.6381425544155, 2972.5834128379283, 3733.3783031674234, 4692.931057657142], "classical_tts": [896.2652354471629, 860.0109085485435, 1311.152348509544, 1582.226275517074, 1507.1102452636178, 1424.6453692701057, 1610.1726032883166, 1647.4779113072323, 1510.8281401808722, 1621.395456668008, 2071.513860574494, 1964.0765822351339, 1952.4599210235035, 2060.2027438661125, 1846.9034699435445, 1949.8692882611394, 2417.2487886534905, 2207.307540215521, 2571.367496109196, 2680.885112080672, 2808.5463078940375, 2604.9563692902593, 2513.0512628154065], "initialization_stats": {"phis_precision": [9.091878278156551], "psis_precision": [15.328994196911893], "phi_angles_psi4": [-1.8615956323184706], "psi_angles_psi4": [2.7170430047414986], "phis_initial_rotation": [1.5656268013312147], "psis_initial_rotation": [0.05702490671109528]}, "final_stats": {"q": {"step": 2, "value": 736.5156814186178}, "c": {"step": 3, "value": 860.0109085485435}}}