{"initial_step": 2, "final_step": 10, "quantum_tts": [54.93639779068441, 79.11145201533542, 116.42951784834409, 164.24708066829442, 192.69520268297674, 196.57242272046534, 209.53179527284894, 255.13724082080023], "classical_tts": [24.39927067592349, 23.95623429506214, 23.85911900174865, 23.72232250258306, 21.972457563528305, 19.96206402008577, 20.158464308090288, 19.05285710632955], "initialization_stats": {"phis_precision": [97.58588802462407, 94.69568782106178, 0.5926950432031952], "psis_precision": [65.54855693268476, 99.90818159615456, 96.8354343529995], "phi_angles_psi4": [-1.4774586970296562, -1.3856666511228106, 1.570666056794528], "psi_angles_psi4": [-2.6204384244557595, 2.5407428079868097, 2.6372760096411523], "phis_initial_rotation": [-1.5533002614974976, -1.5523065328598022, -1.5523065328598022], "psis_initial_rotation": [2.580422878265381, 2.537858247756958, 2.537858247756958]}, "final_stats": {"q": {"step": 2, "value": 54.93639779068441}, "c": {"step": 9, "value": 19.05285710632955}}}