{"initial_step": 2, "final_step": 50, "quantum_tts": [160.96787653361346, 301.843213825917, 476.960273204533, 548.1447457809046, 461.8288286622159, 570.1006217436714, 483.33189583551916, 601.5861907029337, 637.2446845392004, 709.133756336714, 769.3733719821671, 1003.3467077522265, 1254.9104983800653, 1098.6660007026696, 1529.6461230408345, 1396.494770154925, 1292.1857641363258, 1055.5784910011673, 1178.8025754183664, 1415.2986677720553, 1970.0266123058411, 1220.7205535946391, 1623.8691512226833, 1854.9852287429997, 1811.3291589869116, 1933.9010906900087, 1984.6550560826847, 2802.8323802848167, 2787.1158941604385, 3151.8207889057057, 3276.040830142836, 3788.3836577516213, 3746.7648456004304, 3482.1118131269195, 4537.370646652012, 3730.6486560587873, 4107.5694497893055, 4169.821648234769, 4497.260002478605, 4195.350113506084, 3616.529939581325, 4447.135615613729, 3955.9127052843523, 3760.229929405021, 3421.0173315439215, 3051.174231118566, 3057.5179539289097, 2770.3476116369366], "classical_tts": [120.48728562466026, 138.2148978800718, 188.2439872957052, 209.38565590923074, 212.311151483125, 283.5948550648884, 311.0584249765817, 326.49243359515856, 338.55963923011495, 420.1732728926145, 406.2715670761379, 448.9538107470588, 493.3694974753367, 488.58982224025306, 573.2111110527487, 596.6541400083279, 602.295192088753, 766.1896557124333, 734.786351519437, 708.1884580845324, 844.0641017099404, 817.2096998982586, 859.8166665791231, 820.5435762256374, 975.9320109128665, 1064.1154746941343, 955.4837991234385, 1021.9796733417688, 1074.7708332239038, 1124.5850490499906, 1050.2957775688158, 1415.931821914648, 1281.772259365264, 1385.6943411001293, 1322.6154327349864, 1293.3368654851179, 1367.046050175861, 1572.7050827781525, 1427.1074405847166, 1433.1570671591846, 1468.1121175777014, 1467.3501200824235, 1673.3212376034921, 1711.3512657308443, 1804.749115974771, 1656.3118843814875, 1801.7206355314459, 1652.4397355305755], "initialization_stats": {"phis_precision": [90.16853416879196], "psis_precision": [13.668828788395937], "phi_angles_psi4": [-1.5018168587694598], "psi_angles_psi4": [2.581223687401196], "phis_initial_rotation": [-1.8106814670628821], "psis_initial_rotation": [-0.9897878872366106]}, "final_stats": {"q": {"step": 2, "value": 160.96787653361346}, "c": {"step": 2, "value": 120.48728562466026}}}