{"initial_step": 2, "final_step": 25, "quantum_tts": [5300.988719881427, 5779.470040314957, 5855.616112908274, 5717.02928199758, 5463.808423579588, 5229.752534284207, 5037.227626838628, 4859.353115628174, 4731.220648675034, 4553.223849705848, 4423.5819803856775, 4372.575186977606, 4441.414409847536, 4170.876276928514, 3770.2987654784015, 3850.483316138516, 4652.384262880545, 3553.2332805338165, 3405.1187278353204, 3841.1910240427846, 4327.286257731638, 4188.994607518038, 3140.454559380315], "classical_tts": [8184.666418512994, 4247.4715117020005, 7751.470020549237, 5750.704349010458, 7887.667689887927, 10307.520068436086, 8177.755421393706, 5515.836102075163, 6567.294898294605, 9197.670341536335, 5377.5914126829775, 6457.1527054267945, 7352.14242337122, 5400.559481986841, 5542.519136685164, 4835.464762121643, 4257.594768312925, 3701.411436923291, 4525.251328041584, 3824.8693839998878, 3890.123611366281, 3548.7764117860725, 3566.5767942758057], "initialization_stats": {"phis_precision": [8.149850358258492], "psis_precision": [66.71384268416692], "phi_angles_psi4": [1.9959093756563866], "psi_angles_psi4": [-2.640326184228101], "phis_initial_rotation": [-1.4017183780670166], "psis_initial_rotation": [2.5971436500549316]}, "final_stats": {"q": {"step": 24, "value": 3140.454559380315}, "c": {"step": 23, "value": 3548.7764117860725}}}