{"initial_step": 2, "final_step": 25, "quantum_tts": [2258.9465618122435, 2441.631690926418, 2494.0537778245252, 2409.486334389567, 2256.0929588581002, 2101.4726858480553, 1978.280710401906, 1878.313191440647, 1815.053438921811, 1760.38032932419, 1700.61309045996, 1641.0323894697656, 1573.9745984811352, 1544.1952459227637, 1454.512012368714, 1475.4088745328202, 1578.7844525520204, 1482.9637312179364, 1492.835990251858, 1641.2333313048298, 1763.1454844433774, 1924.6553589753055, 1785.7196059960065], "classical_tts": [2374.5587021203905, 4417.508600758323, 2884.910927481308, 3998.7365888929003, 3342.3021665371925, 3784.428325862171, 3302.3641521351133, 3479.8623290491905, 3337.688517814344, 3573.6480467584774, 3035.103788231998, 3156.7823869359677, 2897.858014466753, 3019.0736311655937, 2685.490338235155, 2763.9513641010644, 2435.3087187457336, 2561.0368465910924, 2330.9789379152967, 2463.4241196443877, 2130.1827540767044, 2465.635226715852, 2330.106896492544], "initialization_stats": {"phis_precision": [30.921628869218786], "psis_precision": [49.62983674592814], "phi_angles_psi4": [-1.5708471341949184], "psi_angles_psi4": [2.535740409371408], "phis_initial_rotation": [0.5993138984691964], "psis_initial_rotation": [-2.165019549417071]}, "final_stats": {"q": {"step": 16, "value": 1454.512012368714}, "c": {"step": 22, "value": 2130.1827540767044}}}