{"initial_step": 2, "final_step": 25, "quantum_tts": [142.78059629379496, 160.88330793266795, 169.3776402042852, 172.76250365083558, 173.82977421142488, 177.30973797236237, 176.39023752986367, 189.67542881157996, 219.89523001825305, 232.53763298269706, 215.1298042157705, 207.843565268377, 219.5332945847971, 232.58345814276987, 272.4806096171897, 355.00980091582346, 480.299526375559, 580.3582751528417, 789.434440327297, 1029.8082515427263, 1180.6922453304023, 1588.3944225008647, 1842.2439168481055], "classical_tts": [185.6540257287792, 187.08363436901203, 246.84306227424594, 281.1307397247783, 300.05058228331507, 298.8798662365748, 295.16792873782623, 334.2009913150515, 326.3458423906401, 331.7792357081694, 337.9837984543018, 371.6963875463168, 386.61032944902877, 403.04748194894916, 400.5443323448348, 389.44867585065924, 410.66291249010845, 437.6729491372868, 461.3458943980104, 439.7667914640592, 464.24122698752575, 473.8257503981231, 452.34601370379465], "initialization_stats": {"phis_precision": [97.45229254839906], "psis_precision": [93.17376321075525], "phi_angles_psi4": [-1.4946345856773127], "psi_angles_psi4": [2.5811839587457355], "phis_initial_rotation": [-1.5746731758117676], "psis_initial_rotation": [2.3667314052581787]}, "final_stats": {"q": {"step": 2, "value": 142.78059629379496}, "c": {"step": 2, "value": 185.6540257287792}}}