{"initial_step": 2, "final_step": 25, "quantum_tts": [401.32842482646544, 484.6287026298029, 443.9331849663236, 384.7114427299676, 470.425552259047, 566.8138201874034, 641.8343760883765, 737.0544315168287, 559.7189255131427, 459.8197825570687, 523.5212320792618, 767.3101140548566, 1106.0922967271815, 1367.2342785365279, 1976.256540375664, 1914.778469800417, 1558.8722957617297, 1805.023853265943, 2404.94689770825, 4215.410498616294, 7150.117593078291, 5682.112608767173, 5561.6855746362], "classical_tts": [421.1571437692848, 391.26483250032464, 367.51055918081994, 288.465323082039, 247.69182147515775, 258.271937645598, 245.63207088727333, 212.60078266967042, 218.83190297040844, 208.77286745848988, 206.92528230888962, 199.62234945400152, 190.7347954772206, 193.14000383774066, 193.95234655327775, 201.25902766333817, 197.5567874311901, 211.01024391968036, 200.59946741974727, 216.2415166977006, 213.60922465469238, 220.0780195913218, 215.57689868720337], "initialization_stats": {"phis_precision": [54.16643280483886, 69.48319299309821], "psis_precision": [29.89316090297408, 95.8070049162999], "phi_angles_psi4": [-1.5090061529896548, 1.5706674987945404], "psi_angles_psi4": [-3.1305107197857307, 2.4956793155219437], "phis_initial_rotation": [-2.9489101328709793, 0.611953731755539], "psis_initial_rotation": [0.9502032806576723, 2.6274061410368468]}, "final_stats": {"q": {"step": 5, "value": 384.7114427299676}, "c": {"step": 14, "value": 190.7347954772206}}}