{"initial_step": 2, "final_step": 50, "quantum_tts": [13.679560524137049, 19.59003608525472, 29.23986289537691, 41.87633216157095, 49.0320127302315, 49.21433139709319, 51.98087146804831, 64.08184446219843, 85.1849611764967, 98.76750945671442, 93.09660379655985, 86.66159061996245, 93.78681089118282, 116.12022689725347, 137.9042063730556, 135.63700963375285, 123.75038718055465, 126.7743259338967, 152.85934453974977, 189.8047962379177, 196.96097814616957, 173.79545975455557, 161.5250853161441, 177.46932656118025, 216.02955662510527, 239.4879976310224, 221.07544531704417, 200.27623021220356, 210.49453344525477, 257.2390633979343, 306.64522554895353, 295.31191652225186, 253.5464109654053, 241.79206408693403, 275.15304338360994, 332.8029249762029, 346.3158054978407, 305.9041936343715, 282.4459581974799, 310.9992435291203, 386.70456260748244, 436.6429157550586, 393.57384270201777, 338.8099066498446, 338.36862368558366, 398.3981955065326, 470.33314228718973, 459.4290035424158], "classical_tts": [10.364164514707499, 12.611169638028201, 13.708412652948196, 14.82614118196339, 14.40514540937585, 14.399831054600572, 14.674721768423618, 14.606011742440884, 14.731533143306514, 14.222910074702753, 14.385688392556792, 13.714766311772605, 14.197199963999093, 14.211040978892532, 14.222996754691055, 13.517083854127923, 14.379156285716128, 13.826494943327646, 13.256988052255927, 13.557295133204585, 13.695007724479956, 14.039181343416974, 13.513626213617574, 13.371370557359302, 13.661991906717185, 13.4261869573745, 13.766937672486236, 12.720187004035186, 13.158814142105365, 13.472227680000517, 13.6356615960941, 13.60281340857172, 13.277788925664662, 12.695133490537026, 13.596103298833658, 12.333333333480219, 12.160238392968742, 12.48024466646792, 12.117430030447427, 12.420365781208613, 13.440263486965453, 13.026237282730984, 3.3628381967574574, 3.439266337592854, 12.770470262175788, 15.66666666685325, 3.6685507600990443, 3.744978900934441], "initialization_stats": 4, "final_stats": {"q": {"step": 2, "value": 13.679560524137049}, "c": {"step": 44, "value": 3.3628381967574574}}}