{"initial_step": 2, "final_step": 25, "quantum_tts": [101.01272387558112, 108.89816285860087, 120.60610382477613, 172.5948815983077, 244.45418926786215, 353.6046694425647, 678.1897279050314, 1905.1517960961469, 727.4070428052987, 763.8431126052944, 1977.4139267032026, 2194.9751630685832, 2573.778706526978, 2483.1886437014714, 1605.3507901378005, 688.6524155394777, 451.92619971270216, 548.8684033602735, 593.1938322458429, 479.8387725464203, 427.2637680243376, 371.98507233562947, 420.5519310117571], "classical_tts": [98.33890166276647, 122.68275801969149, 124.60603764136941, 150.27750689568418, 141.13517361443758, 152.5780968166884, 153.26021981895747, 168.84868333566868, 182.55609558055312, 193.82278037404683, 195.58241896329264, 208.05956168458854, 213.32418109712856, 210.6143667497101, 222.65425458528088, 244.39190575419133, 257.82296576092466, 274.65271208013087, 257.09015254182873, 265.94345892558715, 295.5793801274648, 300.15749956004964, 350.8001988563076], "initialization_stats": {"phis_precision": [65.41866717938053], "psis_precision": [67.41842520452346], "phi_angles_psi4": [-2.526485730943371], "psi_angles_psi4": [-2.6403019589286636], "phis_initial_rotation": [-1.4400811195373535], "psis_initial_rotation": [2.619302988052368]}, "final_stats": {"q": {"step": 2, "value": 101.01272387558112}, "c": {"step": 2, "value": 98.33890166276647}}}