{"initial_step": 2, "final_step": 25, "quantum_tts": [1178.463764258258, 1335.5130587297172, 1504.4434215902793, 1704.4129772544843, 2086.691504998915, 2219.7548982689887, 2073.603247672159, 2200.064448567953, 1595.4994781143782, 1778.9329537381207, 1785.4926027330841, 1803.9241930267915, 1760.2070483501684, 1500.541925876334, 1448.7286083954843, 1609.5787619893395, 2420.676707670861, 3395.153569090461, 4412.362598366581, 4909.551470472582, 7371.961594556327, 10852.813607690674, 22298.399894244933], "classical_tts": [1225.7413560167026, 1252.4984528384, 1884.6916680879172, 1411.2111520681003, 1278.2435741805027, 983.8017556889055, 935.4097250757432, 976.4238981467321, 789.3302634606669, 791.3455603626941, 672.5748929462161, 669.1183217451835, 696.1595330905072, 658.1546627235332, 590.3358574756525, 588.2722939438128, 573.2425418307738, 556.3394955064831, 581.6187865974658, 519.5186012753668, 554.0495683634542, 557.4812988364702, 549.054815598492], "initialization_stats": {"phis_precision": [29.34891928195058], "psis_precision": [57.62881505304564], "phi_angles_psi4": [2.5308350215445605], "psi_angles_psi4": [-2.601582346553618], "phis_initial_rotation": [-1.5327811241149902], "psis_initial_rotation": [2.350472927093506]}, "final_stats": {"q": {"step": 2, "value": 1178.463764258258}, "c": {"step": 21, "value": 519.5186012753668}}}