{"initial_step": 2, "final_step": 50, "quantum_tts": [], "classical_tts": [148.67471450248217, 142.3283228864944, 150.4693738295761, 138.52651168700203, 128.91487030393216, 126.79094577696529, 124.40936257522914, 129.0293018551374, 127.58593806388824, 126.65706736568254, 125.84939825675517, 129.325581733525, 137.03080932705905, 137.237461840668, 140.43403498444778, 140.0255641555514, 141.52233107447046, 147.44102659138, 154.06464280649755, 157.4008497382613, 153.7981225568329, 169.3845902748332, 175.11968586418803, 170.87966116828719, 185.07124585500478, 188.45390443445064, 185.94694512768177, 195.37050359657587, 193.18706978435037, 209.70728872818, 206.78930316475865, 216.7158243337034, 223.73585309410703, 226.51614853813376, 231.36173224714815, 240.06157140328028, 241.55699640198677, 244.15126935223455, 264.96263948010596, 261.015358642551, 266.9840486548275, 283.39088106577964, 282.3524769410669, 292.5543386017312, 283.5064922280139, 290.0926306543328, 297.42171982604384, 309.9435332502158], "initialization_stats": 3, "final_stats": {"q": {"step": 0, "value": -1}, "c": {"step": 8, "value": 124.40936257522914}}}