{"initial_step": 2, "final_step": 25, "quantum_tts": [150.70280464717655, 161.22461512455416, 158.50159129886893, 177.15080084716178, 189.32303579138127, 240.27998451852713, 350.42956027350465, 305.4761280261618, 650.7450616113133, 2092.811815175114, 2083.5896914045043, 1584.775990716258, 1405.3788241507166, 1986.8356556423287, 1947.1209628461277, 1533.6612726302067, 1545.4333976211403, 933.6194080470533, 1324.9901577202845, 2133.3456886755594, 1508.3321639386595, 1567.9309865909693, 1849.6423775389019], "classical_tts": [169.84290434351286, 202.72815829912804, 213.35791962028924, 230.35816313345296, 223.2795218744682, 234.22590803451504, 209.29766872605802, 224.30338091038482, 259.20900963920496, 287.78429449832976, 273.7752749934057, 263.20171614017056, 273.98204450527294, 292.8521453005217, 314.62589039372443, 300.8557536070375, 340.8352789374353, 316.76251376441314, 337.64070375336956, 356.77027678350305, 390.1965491137346, 387.4726919617079, 376.5434864841614], "initialization_stats": {"phis_precision": [21.306500647769923], "psis_precision": [14.86838732662521], "phi_angles_psi4": [2.5801230429979163], "psi_angles_psi4": [-2.6017795753816184], "phis_initial_rotation": [0.10789384849552475], "psis_initial_rotation": [0.07270891424764114]}, "final_stats": {"q": {"step": 2, "value": 150.70280464717655}, "c": {"step": 2, "value": 169.84290434351286}}}