{"initial_step": 2, "final_step": 25, "quantum_tts": [607.5156123999084, 678.5123355528488, 717.5573130203684, 722.5380248438491, 708.8974093285664, 705.4908814074124, 648.3302888548408, 622.3432167265931, 622.3945030906802, 614.9152491670827, 560.6121364463904, 560.4483563542543, 586.5415616847164, 491.482482852837, 461.6375322488511, 601.4389555418823, 886.4491840260756, 923.8591842264574, 941.0515171459474, 1260.4471112045871, 1774.5287976679065, 2477.09450469574, 3417.3807827528103], "classical_tts": [798.594364676192, 1080.1118963973684, 796.2851148928531, 974.0556412956028, 1045.6873622360592, 940.0411955874686, 894.8405505435546, 982.3332334920665, 928.270128643896, 872.1106753078494, 849.5790132185837, 868.5961259116852, 777.2767433443029, 723.3712362338123, 793.3675901749739, 767.0745703436673, 741.3187059729537, 807.2950219400776, 739.4962850089679, 753.9030491986877, 741.9117179933196, 723.0654777017135, 722.6048374234995], "initialization_stats": {"phis_precision": [14.21790103485543], "psis_precision": [78.1750423459577], "phi_angles_psi4": [1.9959093756563866], "psi_angles_psi4": [-2.640326184228101], "phis_initial_rotation": [-1.5923518123390918], "psis_initial_rotation": [2.9572078566430093]}, "final_stats": {"q": {"step": 16, "value": 461.6375322488511}, "c": {"step": 24, "value": 722.6048374234995}}}