{"initial_step": 2, "final_step": 25, "quantum_tts": [453.9891728534759, 759.1441341560817, 609.4768037974504, 459.70319711014787, 670.234085054994, 861.1080421574819, 817.7999058950229, 951.403155326902, 1012.5389439324148, 911.069321387465, 785.0802704837645, 845.3674639578122, 815.345081079486, 602.1679152424152, 621.7597758983842, 879.9588811640692, 916.4285859765258, 921.993767320883, 1031.3239455060361, 1101.3755931945436, 1293.1404262607684, 1283.8399426240733, 1462.9829138426967], "classical_tts": [335.68629227939437, 267.4236170267646, 234.5943169278869, 183.3073161140988, 160.45386160768498, 139.31964927535685, 115.21900451910905, 108.57956186175326, 93.15413423330551, 85.21565896831821, 77.77965930854867, 71.32299567333295, 68.15145172785388, 64.62665200875601, 60.78906214579314, 58.537512154843675, 58.434937605162645, 55.056212009428734, 54.02364493503217, 52.735791270358106, 51.699667118072306, 51.59104530184589, 51.91004227883046], "initialization_stats": {"phis_precision": [41.15619752015473, 32.08371453458031], "psis_precision": [39.38973806640287, 84.52428186640707], "phi_angles_psi4": [1.570709090494786, -2.5489826969983502], "psi_angles_psi4": [-2.6203661852996016, -2.6204219107225417], "phis_initial_rotation": [-0.2779234853049215, -0.4153296622256524], "psis_initial_rotation": [1.7586915856525662, -3.10660593469776]}, "final_stats": {"q": {"step": 2, "value": 453.9891728534759}, "c": {"step": 23, "value": 51.59104530184589}}}