{"initial_step": 2, "final_step": 50, "quantum_tts": [2025.4502974247741, 2525.305064963665, 2838.4498825558726, 3333.9649830526787, 3762.9476494187293, 4288.461456887028, 4438.342533188645, 4590.067496919674, 5001.663498628466, 5039.12585943169, 4836.048678755312, 4926.987328679244, 5317.841458467919, 6138.821607611625, 6348.9769842342685, 7163.526706914985, 7740.165349588414, 7411.12957459717], "classical_tts": [907.3587137822183, 1080.1118963973684, 991.1001697932585, 1167.5258437055934, 979.8981954999754, 916.2525585396652, 830.4447604531176, 942.3942235557774, 765.673284556311, 774.1695942747468, 703.7829507836607, 698.6933946492939, 631.708469694785, 673.3585122053227, 578.0048857018735, 584.7493959839529, 570.5910002842231, 526.8312493874603, 521.6259417473568, 489.1487511968886, 494.7981932491978, 461.1191131365394, 451.30232856962505, 432.7142046545081, 421.3991107979128, 387.7966048941629, 385.1772221616828, 368.47020915740467, 360.64502042171, 357.898719336424, 341.5204458030392, 326.95204253345236, 327.8215251150894, 327.8426309130984, 324.0798638445036, 322.1568428918304, 318.0655672683198, 313.2412897062867, 312.52566589463527, 307.6467569747314, 313.06826361048735, 304.77644737507904, 307.5151260946015, 301.4525926722263, 300.0358056681604, 297.14592373826144, 308.3283750863105, 306.152734918282], "initialization_stats": {"phis_precision": [65.41866338483099], "psis_precision": [67.41841761542439], "phi_angles_psi4": [-2.526485730943371], "psi_angles_psi4": [-2.6403019589286636], "phis_initial_rotation": [-1.440081000328064], "psis_initial_rotation": [2.619302749633789]}, "final_stats": {"q": {"step": 2, "value": 2025.4502974247741}, "c": {"step": 47, "value": 297.14592373826144}}}