{"initial_step": 2, "final_step": 50, "quantum_tts": [37.229255890117464, 57.24507670081548, 62.64273661622553, 95.63577167680091, 117.76115040118978, 144.009342741067, 151.25256653619437, 163.8362029071896, 213.74825329252286, 187.79034673159686, 204.3559179874419, 257.488559134847, 277.4832462759994, 299.66404164333363, 325.6344003476771, 341.36985712950826, 335.1596511150267, 353.4673556948098, 362.25568711879873, 338.5613333524587, 375.4221165009896, 363.17840860070237, 415.6003769704819, 419.2348826014377, 382.4384605260759, 435.36511791133216, 494.25871371349143, 584.3900427573509, 591.5643488754781, 622.6679646983887, 644.1407006610569, 575.1569814233195, 567.2215590974165, 663.2427991207118, 687.2392037565689, 739.869850479944, 756.8852453247573, 723.9248973549177, 728.4196157479779, 557.8079358451641, 493.13479990055026, 653.0548072397323, 641.650355763357, 684.8028044094976, 743.6800311588164, 741.2316410646583, 746.5107349173137, 756.8496569206268], "classical_tts": [], "initialization_stats": 2, "final_stats": {"q": {"step": 2, "value": 37.229255890117464}, "c": {"step": 0, "value": -1}}}