{"0 0": -489.67481557054356, "0 1": -489.67746561905693, "0 2": -489.67312663051024, "0 3": -489.65936287761696, "1 0": -489.6733646478823, "1 1": -489.6765136442961, "1 2": -489.67260732380095, "1 3": -489.65916134823266, "2 0": -489.67327961201585, "2 1": -489.6768176071968, "2 2": -489.67331555225513, "2 3": -489.6583027446687, "3 0": -489.27045697424387, "3 1": -489.2765024143692, "3 2": -489.2765198071847, "3 3": -489.25911345704037}