{"0 0": -642.6059508533001, "0 1": -642.6095316492865, "0 2": -642.6054419192285, "0 3": -642.6059330818882, "0 4": -642.5935067518456, "0 5": -642.6006982494408, "0 6": -642.6075496423441, "0 7": -642.5937975044088, "1 0": -642.5792082040297, "1 1": -642.5825504070015, "1 2": -642.5782536247349, "1 3": -642.5782655791902, "1 4": -642.5667345092063, "1 5": -642.5736812193827, "1 6": -642.5805760828102, "1 7": -642.5675520350642, "2 0": -642.0741018825718, "2 1": -642.0785915860249, "2 2": -642.07161866065, "2 3": -642.0681780425462, "2 4": -642.0559215223446, "2 5": -642.0670496572739, "2 6": -642.0774314880439, "2 7": -642.0517018772747, "3 0": -642.5773529628786, "3 1": -642.580820420894, "3 2": -642.5753493664058, "3 3": -642.5760511481442, "3 4": -642.5653463047315, "3 5": -642.5717304655232, "3 6": -642.5784843747292, "3 7": -642.5651950515428, "4 0": -642.5922552036237, "4 1": -642.594909385106, "4 2": -642.5893963390866, "4 3": -642.5906409334575, "4 4": -642.5800771685733, "4 5": -642.5867991180729, "4 6": -642.59292303667, "4 7": -642.5796317329539, "5 0": -642.5842253583824, "5 1": -642.5849804955079, "5 2": -642.5809745576732, "5 3": -642.5823548438353, "5 4": -642.5716118423617, "5 5": -642.5783300225924, "5 6": -642.5833078293957, "5 7": -642.5714766825986, "6 0": -642.6039104947134, "6 1": -642.6061872667797, "6 2": -642.6024638354958, "6 3": -642.6034834214317, "6 4": -642.5927116750693, "6 5": -642.5981996315957, "6 6": -642.604592626749, "6 7": -642.5930198041485, "7 0": -642.6058648987563, "7 1": -642.6096267900914, "7 2": -642.6056157556335, "7 3": -642.6067520816046, "7 4": -642.5948028176638, "7 5": -642.600533358293, "7 6": -642.6080598368503, "7 7": -642.5953387564035}