{"0 0": -965.039644757387, "0 1": -965.0263334474989, "0 2": -964.971634344707, "0 3": -959.2428941712067, "0 4": -964.3598550849441, "0 5": -964.6642209495528, "0 6": -964.7758671094278, "0 7": -965.0939455484638, "1 0": -965.0351826594114, "1 1": -964.9647093874845, "1 2": -964.9593896861288, "1 3": -964.9336424464368, "1 4": -964.9392675608826, "1 5": -965.0164582365759, "1 6": -965.0091442562352, "1 7": -964.97578479029, "2 0": -964.6368644021263, "2 1": -964.6649338702944, "2 2": -964.7045055512035, "2 3": -964.7024237326302, "2 4": -964.6738012023827, "2 5": -964.6668981400196, "2 6": -964.6693403021859, "2 7": -964.5195610435856, "3 0": -965.0698560561664, "3 1": -964.9895707803785, "3 2": -964.9792303729798, "3 3": -964.9678212862198, "3 4": -964.9581515105936, "3 5": -964.9595720780846, "3 6": -964.982727068285, "3 7": -965.0379606496961, "4 0": -965.0895442582186, "4 1": -965.0184006334446, "4 2": -965.0022577717477, "4 3": -964.9864723331124, "4 4": -964.9759254783324, "4 5": -964.9738284789557, "4 6": -964.9908000900695, "4 7": -965.0222502096813, "5 0": -965.0905754092068, "5 1": -965.0058047147642, "5 2": -964.995414800212, "5 3": -964.9956059774527, "5 4": -964.9813663952942, "5 5": -964.9767367107911, "5 6": -964.9914362041973, "5 7": -965.0128848448389, "6 0": -965.0863326445448, "6 1": -965.0390913996226, "6 2": -963.9209248823745, "6 3": -965.038053922135, "6 4": -965.001959024922, "6 5": -964.987020318509, "6 6": -964.99832320325, "6 7": -965.0145442865381, "7 0": -965.0620661399339, "7 1": -965.0903282747954, "7 2": -962.5099460438391, "7 3": -964.562786287523, "7 4": -965.0290026816446, "7 5": -965.043117296675, "7 6": -965.0171959074818, "7 7": -965.0124149229343}