{"0 0": -642.5967338182186, "0 1": -642.5871604049522, "0 2": -642.5906099932682, "0 3": -642.5978740384462, "0 4": -642.5867887238586, "0 5": -642.5967181618436, "0 6": -642.5996098066443, "0 7": -642.5955063614911, "1 0": -642.6067161705332, "1 1": -642.5966489871773, "1 2": -642.5991862035212, "1 3": -642.6081390294021, "1 4": -642.5966522248355, "1 5": -642.6048130715166, "1 6": -642.6099541107006, "1 7": -642.6055499267395, "2 0": -642.6066102631422, "2 1": -642.595248531253, "2 2": -642.5992147413828, "2 3": -642.6081873149351, "2 4": -642.5952036159315, "2 5": -642.6046601990006, "2 6": -642.6100756876109, "2 7": -642.605571274038, "3 0": -642.6006342494978, "3 1": -642.589941837911, "3 2": -642.5943767653208, "3 3": -642.602837482892, "3 4": -642.5899185036855, "3 5": -642.6000049256646, "3 6": -642.6051459300429, "3 7": -642.6004584956287, "4 0": -642.2981920616359, "4 1": -642.2901934586287, "4 2": -642.2930148977725, "4 3": -642.3032940737971, "4 4": -642.2935606542742, "4 5": -642.2991346404672, "4 6": -642.304824826733, "4 7": -642.30005359003, "5 0": -642.4788712601265, "5 1": -642.4688237912956, "5 2": -642.4725039126043, "5 3": -642.4808012863712, "5 4": -642.4674586836261, "5 5": -642.4783834560136, "5 6": -642.4836649313357, "5 7": -642.4775739831937, "6 0": -642.5975582506096, "6 1": -642.5882032519971, "6 2": -642.5921215275271, "6 3": -642.6005366708678, "6 4": -642.587494719484, "6 5": -642.5975777255421, "6 6": -642.6026712984403, "6 7": -642.5966551701041, "7 0": -642.5819536480177, "7 1": -642.5724748520969, "7 2": -642.5766269670312, "7 3": -642.5835865690466, "7 4": -642.5716446555851, "7 5": -642.5825792590239, "7 6": -642.5856962013271, "7 7": -642.5803383024586}