{"0 0": -964.9948398543698, "0 1": -965.0063240113819, "0 2": -964.9950828021774, "0 3": -965.0507347072187, "0 4": -965.0676438082735, "0 5": -965.0460052254641, "0 6": -965.0190675303223, "0 7": -964.9873872491885, "1 0": -964.683875116235, "1 1": -964.7284184159251, "1 2": -964.714017558931, "1 3": -964.6311832666038, "1 4": -964.6803312520492, "1 5": -964.7506919764608, "1 6": -964.608424096453, "1 7": -964.641071162927, "2 0": -964.9143228080137, "2 1": -964.9028906346841, "2 2": -964.8957461217763, "2 3": -964.4949864186696, "2 4": -964.895588910516, "2 5": -964.9407446108883, "2 6": -964.972750038862, "2 7": -964.9641052472468, "3 0": -965.0033994441703, "3 1": -964.9903941595024, "3 2": -964.5525894601437, "3 3": -964.9657585411685, "3 4": -964.9708287115574, "3 5": -964.990988513989, "3 6": -965.0112443433457, "3 7": -965.0368386506663, "4 0": -965.0082107139785, "4 1": -964.9969246825915, "4 2": -964.5075613331525, "4 3": -964.5211938351231, "4 4": -964.5314333055101, "4 5": -964.9855506947524, "4 6": -964.9926388580113, "4 7": -965.0056465782982, "5 0": -965.0107415828943, "5 1": -965.0048755086617, "5 2": -964.571792827889, "5 3": -964.4939957366313, "5 4": -964.9723104032707, "5 5": -964.9837975779474, "5 6": -964.9865560421082, "5 7": -964.9989302716926, "6 0": -964.9971057728646, "6 1": -965.0102302679861, "6 2": -964.9770326875057, "6 3": -964.9663262952203, "6 4": -964.9673339643145, "6 5": -964.9745519238426, "6 6": -964.9726273171278, "6 7": -964.9825634236744, "7 0": -965.0073746571954, "7 1": -965.004508378531, "7 2": -965.0330208239544, "7 3": -965.0234531357015, "7 4": -965.0067079009052, "7 5": -965.0016605938331, "7 6": -964.9906252457448, "7 7": -964.9940522579969}