{"0 0": -925.9470738892753, "0 1": -925.9574537414458, "0 2": -925.965766596513, "0 3": -925.9571975664999, "0 4": -925.9331661261815, "0 5": -925.5262184944944, "0 6": -925.9324818671176, "0 7": -925.9382791801877, "1 0": -925.4262480003199, "1 1": -925.9117567921219, "1 2": -925.9262117313657, "1 3": -925.9372307415139, "1 4": -925.9043573124013, "1 5": -925.4330373006505, "1 6": -925.8928071079554, "1 7": -925.5137274118507, "2 0": -925.6164601688497, "2 1": -925.6054623175208, "2 2": -925.5925578192156, "2 3": -925.5847710368702, "2 4": -925.5950679277737, "2 5": -925.5993997847663, "2 6": -925.610620487934, "2 7": -925.6198739818756, "3 0": -925.9310860468898, "3 1": -925.9296694120906, "3 2": -925.9317798692789, "3 3": -925.9376086293897, "3 4": -925.933751315738, "3 5": -925.932308817173, "3 6": -925.9361313645197, "3 7": -925.9327011515738, "4 0": -925.951211860513, "4 1": -925.9481477312013, "4 2": -925.4531059793605, "4 3": -925.4755705254184, "4 4": -925.4209278952316, "4 5": -925.9384769171145, "4 6": -925.9511756769143, "4 7": -925.9532939556949, "5 0": -925.9402951042407, "5 1": -925.9376784362478, "5 2": -925.9328582097716, "5 3": -925.9284105390655, "5 4": -925.9169549963896, "5 5": -925.4230341553584, "5 6": -925.4752867469136, "5 7": -925.4348033537598, "6 0": -925.4987607699175, "6 1": -925.953722826162, "6 2": -925.9488749189293, "6 3": -925.4830205715407, "6 4": -925.4521838460779, "6 5": -925.487058769273, "6 6": -925.8241499288598, "6 7": -925.4813081386542, "7 0": -925.9506603740725, "7 1": -925.9574475389979, "7 2": -925.955979939942, "7 3": -925.9474826399758, "7 4": -925.521325773073, "7 5": -925.5434707430378, "7 6": -925.4955616281084, "7 7": -925.9417455314755}