{"0 0": -925.6212621968632, "0 1": -925.6557394465186, "0 2": -925.6534823129481, "0 3": -925.4006705347999, "0 4": -925.6562071941721, "0 5": -925.6101446568114, "0 6": -925.6073043965812, "0 7": -925.6876920260991, "1 0": -925.9673835596102, "1 1": -925.9677016796421, "1 2": -925.9563714581889, "1 3": -925.9547138878377, "1 4": -925.4670562907113, "1 5": -925.9482756553224, "1 6": -925.9520306119426, "1 7": -925.9619063155053, "2 0": -925.9738024267641, "2 1": -925.9917066663603, "2 2": -926.0092281771997, "2 3": -925.6870471285667, "2 4": -925.9674035295935, "2 5": -925.9535839358589, "2 6": -925.9647965790346, "2 7": -925.9678609273944, "3 0": -925.9489204958903, "3 1": -925.9647691482083, "3 2": -926.0266687886267, "3 3": -924.9837696389517, "3 4": -925.8172046064508, "3 5": -926.0540392267175, "3 6": -925.9924943108999, "3 7": -925.9574185875418, "4 0": -925.9546284374333, "4 1": -925.9455303047664, "4 2": -925.9748572282825, "4 3": -926.0068075199831, "4 4": -920.3317095978956, "4 5": -926.0778940764783, "4 6": -926.1417827801329, "4 7": -925.9952088438295, "5 0": -925.9550973345027, "5 1": -925.9378335570099, "5 2": -925.9464184557922, "5 3": -925.954576731559, "5 4": -925.9501888582321, "5 5": -925.6031815909078, "5 6": -926.1967908137975, "5 7": -926.0081946688313, "6 0": -925.9565083159299, "6 1": -925.935082002992, "6 2": -925.9384015821211, "6 3": -925.9415816745797, "6 4": -925.9521735349794, "6 5": -925.9680046411647, "6 6": -926.0209181394608, "6 7": -926.0403425926297, "7 0": -925.8591576032022, "7 1": -925.8277341964372, "7 2": -925.8299313072738, "7 3": -925.3820137323307, "7 4": -925.8346676638723, "7 5": -925.8436467024245, "7 6": -925.8593631024332, "7 7": -925.8953251275616}